"Points:0","Points:1","Points:2","U:0","U:1","U:2","blendedIndicatorU","k","nut","omega","p"
0.025,0.024,0.005,0.0013714,-0.0019643,0,0,8.3594e-07,3.9351e-07,2.1243,0.017929
0.075,0.024,0.005,0.0041364,-0.0025798,-1.6081e-24,0,3.1491e-06,1.4824e-06,2.1243,0.01792
0.025,0.072,0.005,0.0028139,-0.0049712,-1.1492e-24,0,3.0228e-06,1.544e-06,1.9578,0.017913
0.125,0.024,0.005,0.0086842,-0.0024811,-1.149e-38,0,4.7368e-06,2.2298e-06,2.1243,0.017886
0.075,0.072,0.005,0.0060509,-0.0057263,-1.5671e-23,0,1.1559e-05,1.0571e-05,1.0934,0.0179
0.025,0.12,0.005,0.0027388,-0.0094592,-9.6539e-25,0,6.1078e-06,3.1198e-06,1.9578,0.017879
0.175,0.024,0.005,0.01223,-0.002155,1.6043e-38,0,5.2911e-06,2.4907e-06,2.1243,0.017843
0.125,0.072,0.005,0.010154,-0.0051381,1.1036e-23,0,1.8329e-05,2.2156e-05,0.82726,0.017858
0.075,0.12,0.005,0.0059645,-0.0096323,3.9622e-24,0,2.1629e-05,2.1001e-05,1.0299,0.017862
0.025,0.168,0.005,0.0023417,-0.013371,-8.6219e-25,0,9.9826e-06,5.099e-06,1.9578,0.017827
0.225,0.024,0.005,0.014427,-0.0015715,-3.7786e-24,0,4.9242e-06,2.318e-06,2.1243,0.017802
0.175,0.072,0.005,0.013227,-0.0039602,4.109e-25,0,2.1744e-05,3.1226e-05,0.69632,0.017811
0.125,0.12,0.005,0.0097071,-0.0083429,4.8425e-24,0,3.2516e-05,4.5075e-05,0.72138,0.017816
0.075,0.168,0.005,0.0054673,-0.012937,3.3157e-24,0,3.364e-05,3.4988e-05,0.96148,0.017808
0.025,0.216,0.005,0.0018656,-0.016886,-6.6862e-24,0,1.4585e-05,7.4498e-06,1.9578,0.017772
0.275,0.024,0.005,0.015608,-0.00098501,7.3555e-24,0,3.9738e-06,1.8706e-06,2.1243,0.017765
0.225,0.072,0.005,0.015445,-0.0024908,4.2429e-24,0,2.2435e-05,3.6109e-05,0.62131,0.017768
0.175,0.12,0.005,0.01223,-0.006459,-1.4048e-23,0,3.7442e-05,6.507e-05,0.57541,0.017771
0.125,0.168,0.005,0.0085278,-0.010858,-9.3749e-24,0,4.7976e-05,7.3966e-05,0.64862,0.017763
0.075,0.216,0.005,0.0047055,-0.015719,-5.6369e-24,0,4.7293e-05,5.33e-05,0.88731,0.01775
0.025,0.264,0.005,0.0013528,-0.019797,3.9504e-24,0,1.9886e-05,1.0158e-05,1.9578,0.017722
0.325,0.024,0.005,0.015868,-0.00044025,7.8927e-25,0,2.889e-06,1.36e-06,2.1243,0.017741
0.275,0.072,0.005,0.01684,-0.00099425,1.0349e-24,0,2.1273e-05,3.6873e-05,0.57693,0.017734
0.225,0.12,0.005,0.013922,-0.0043079,-5.6372e-24,0,3.8133e-05,7.7812e-05,0.49006,0.01773
0.175,0.168,0.005,0.010448,-0.0081447,1.3264e-24,0,5.3379e-05,0.00010642,0.50157,0.01772
0.125,0.216,0.005,0.0069554,-0.012778,3.0802e-24,0,6.46e-05,0.00011181,0.57778,0.017711
0.075,0.264,0.005,0.0038055,-0.017814,4.1006e-24,0,6.2232e-05,7.632e-05,0.81541,0.017699
0.025,0.312,0.005,0.00084915,-0.022064,2.5795e-24,0,2.5876e-05,1.3217e-05,1.9578,0.017687
0.375,0.024,0.005,0.015268,5.9946e-05,0,0,2.1167e-06,9.9644e-07,2.1243,0.017734
0.325,0.072,0.005,0.017516,0.00031492,-4.702e-24,0,1.8855e-05,3.3248e-05,0.56711,0.017715
0.275,0.12,0.005,0.014949,-0.002163,-8.1162e-24,0,3.6209e-05,8.3106e-05,0.43569,0.017701
0.225,0.168,0.005,0.01163,-0.0052801,2.5706e-24,0,5.3069e-05,0.0001266,0.41919,0.017685
0.175,0.216,0.005,0.0082659,-0.0093337,-1.8407e-38,0,6.9657e-05,0.00015842,0.4397,0.017673
0.125,0.264,0.005,0.0052494,-0.014063,5.9412e-39,0,8.1899e-05,0.00015844,0.51691,0.017666
0.075,0.312,0.005,0.0028583,-0.019239,2.8317e-24,0,7.811e-05,0.00010376,0.75276,0.017661
0.025,0.36,0.005,0.00033386,-0.023676,0,0,3.2563e-05,1.6633e-05,1.9578,0.017671
0.425,0.024,0.005,0.013912,0.00052907,0,0,1.5266e-06,7.1863e-07,2.1243,0.017741
0.375,0.072,0.005,0.017252,0.0014422,-6.4739e-24,0,1.6066e-05,2.642e-05,0.60812,0.017713
0.325,0.12,0.005,0.01535,-0.0002107,2.3711e-24,0,3.2853e-05,8.1674e-05,0.40225,0.017685
0.275,0.168,0.005,0.012242,-0.0025476,3.1032e-24,0,4.9567e-05,0.00013454,0.36842,0.01766
0.225,0.216,0.005,0.0089884,-0.0059247,3.2589e-24,0,6.7473e-05,0.00018511,0.36451,0.017643
0.175,0.264,0.005,0.0060458,-0.010061,-1.0956e-38,0,8.5905e-05,0.00021835,0.39343,0.017635
0.125,0.312,0.005,0.0035778,-0.014838,1.6089e-24,0,9.9534e-05,0.00021007,0.47382,0.017636
0.075,0.36,0.005,0.0019197,-0.020043,-6.4287e-25,0,9.4612e-05,0.0001347,0.70238,0.017643
0.025,0.408,0.005,-0.00015781,-0.024643,-8.7353e-25,0,3.9997e-05,2.043e-05,1.9578,0.017678
0.475,0.024,0.005,0.011957,0.00083389,3.2035e-24,0,1.0632e-06,5.0051e-07,2.1243,0.017759
0.425,0.072,0.005,0.016357,0.0024043,-2.4204e-24,0,1.3075e-05,1.922e-05,0.6803,0.017726
0.375,0.12,0.005,0.015215,0.0016009,-3.2435e-24,0,2.8779e-05,7.2894e-05,0.39481,0.017687
0.325,0.168,0.005,0.012349,-6.7421e-05,-6.1319e-39,0,4.4686e-05,0.00013248,0.33732,0.01765
0.275,0.216,0.005,0.0092466,-0.002726,3.0385e-24,0,6.1677e-05,0.00019305,0.31948,0.017624
0.225,0.264,0.005,0.0063989,-0.0062068,2.7939e-24,0,8.1275e-05,0.00024787,0.32789,0.01761
0.175,0.312,0.005,0.0039648,-0.010415,1.3013e-24,0,0.00010211,0.00027889,0.36612,0.017609
0.125,0.36,0.005,0.0020243,-0.015176,-1.0255e-24,0,0.00011736,0.00026197,0.44799,0.017623
0.075,0.408,0.005,0.0010178,-0.020305,-4.2169e-39,0,0.00011141,0.00016718,0.66641,0.017645
0.025,0.456,0.005,-0.000629,-0.025005,3.2354e-24,0,4.8324e-05,2.4683e-05,1.9578,0.017705
0.525,0.024,0.005,0.0096423,0.001002,7.551e-24,0,7.0246e-07,3.3068e-07,2.1243,0.01778
0.475,0.072,0.005,0.014856,0.0030973,1.0645e-24,0,1.0125e-05,1.3309e-05,0.76072,0.017749
0.425,0.12,0.005,0.014582,0.0031152,-2.2789e-24,0,2.4315e-05,5.8727e-05,0.41403,0.017703
0.375,0.168,0.005,0.012019,0.0021185,6.1781e-24,0,3.9271e-05,0.00012139,0.32351,0.017656
0.325,0.216,0.005,0.0090772,0.00016824,6.6785e-39,0,5.4797e-05,0.00018741,0.29239,0.017619
0.275,0.264,0.005,0.0063339,-0.0026005,-1.5097e-24,0,7.2784e-05,0.00025243,0.28833,0.017596
0.225,0.312,0.005,0.0039795,-0.0061816,-1.0887e-24,0,9.4992e-05,0.00030706,0.30936,0.017588
0.175,0.36,0.005,0.0020521,-0.010431,-1.5354e-24,0,0.00011859,0.00033394,0.35513,0.017598
0.125,0.408,0.005,0.00059918,-0.01512,4.2173e-39,0,0.00013537,0.00030959,0.43725,0.017627
0.075,0.456,0.005,0.00017134,-0.0201,-9.6506e-26,0,0.00012826,0.00019836,0.64661,0.017668
0.025,0.50502,0.005,-0.0010273,-0.024791,2.121e-25,0,5.7889e-05,2.9569e-05,1.9578,0.017754
0.575,0.024,0.005,0.0072487,0.001009,9.035e-26,0,4.33e-07,2.0383e-07,2.1243,0.017798
0.525,0.072,0.005,0.012948,0.0034169,-1.367e-38,0,7.4343e-06,8.964e-06,0.82935,0.017775
0.475,0.12,0.005,0.013505,0.0042496,-2.3925e-24,0,1.9711e-05,4.336e-05,0.45458,0.017731
0.425,0.168,0.005,0.011323,0.0039914,1.1508e-38,0,3.3602e-05,0.00010256,0.32765,0.017677
0.375,0.216,0.005,0.0085248,0.0027077,-1.4698e-38,0,4.7755e-05,0.00016959,0.28159,0.017629
0.325,0.264,0.005,0.0058821,0.00066654,-1.448e-24,0,6.3742e-05,0.00024013,0.26545,0.017595
0.275,0.312,0.005,0.0035851,-0.0022077,-2.7154e-24,0,8.3916e-05,0.00030552,0.27466,0.017577
0.225,0.36,0.005,0.0017232,-0.0058555,-9.6274e-25,0,0.00010946,0.0003571,0.30652,0.017579
0.175,0.408,0.005,0.0002682,-0.010102,-2.0192e-24,0,0.00013581,0.00037997,0.35742,0.017602
0.125,0.456,0.005,-0.00071255,-0.014675,1.7546e-24,0,0.00015361,0.00034961,0.43937,0.017649
0.075,0.50502,0.005,-0.00068194,-0.019447,1.462e-25,0,0.00014478,0.00022304,0.6491,0.017712
0.025,0.55506,0.005,-0.0014441,-0.023985,-6.6431e-24,0,6.821e-05,3.4841e-05,1.9578,0.017825
0.625,0.024,0.005,0.0051477,0.00080207,-3.5101e-25,0,2.4902e-07,1.1723e-07,2.1243,0.017809
0.575,0.072,0.005,0.010906,0.003283,-2.6848e-24,0,5.1908e-06,5.9842e-06,0.86741,0.017797
0.525,0.12,0.005,0.012055,0.0048559,0,0,1.5296e-05,3.0424e-05,0.50276,0.017764
0.475,0.168,0.005,0.010323,0.0054561,3.6863e-24,0,2.7904e-05,7.9949e-05,0.34902,0.017709
0.425,0.216,0.005,0.0076468,0.0048638,7.319e-25,0,4.1018e-05,0.00014368,0.28548,0.017654
0.375,0.264,0.005,0.0050695,0.0035159,6.35e-26,0,5.5363e-05,0.00021347,0.25935,0.017609
0.325,0.312,0.005,0.0028648,0.0014139,-2.2961e-24,0,7.3221e-05,0.00028436,0.2575,0.017578
0.275,0.36,0.005,0.00094486,-0.0015649,0,0,9.6617e-05,0.00034739,0.27812,0.017568
0.225,0.408,0.005,-0.00041673,-0.0051915,-9.3984e-25,0,0.0001256,0.00039573,0.31739,0.017583
0.175,0.456,0.005,-0.0014447,-0.0094101,-2.899e-24,0,0.0001542,0.00041577,0.37087,0.017622
0.125,0.50502,0.005,-0.0020023,-0.013799,6.8618e-24,0,0.00017264,0.00038142,0.45263,0.017688
0.075,0.55506,0.005,-0.0015411,-0.018268,-9.4217e-24,0,0.00016228,0.00024636,0.65872,0.017774
0.025,0.60511,0.005,-0.0018785,-0.022603,8.1192e-24,0,7.8676e-05,4.0187e-05,1.9578,0.017913
0.675,0.024,0.005,0.0035348,0.00024948,-1.8497e-24,0,1.5131e-07,7.1228e-08,2.1243,0.017813
0.625,0.072,0.005,0.0090477,0.0026297,3.1773e-24,0,3.5398e-06,4.1323e-06,0.85661,0.017812
0.575,0.12,0.005,0.010395,0.0047598,2.55e-24,0,1.1501e-05,2.1313e-05,0.53961,0.017796
0.525,0.168,0.005,0.009093,0.0063079,4.4875e-24,0,2.261e-05,5.9278e-05,0.38143,0.017749
0.475,0.216,0.005,0.0065136,0.0065573,0,0,3.4954e-05,0.00011484,0.30436,0.017691
0.425,0.264,0.005,0.0039493,0.0059291,-1.662e-24,0,4.8479e-05,0.00018012,0.26916,0.017636
0.375,0.312,0.005,0.0017538,0.0045767,-1.0642e-24,0,6.4798e-05,0.00024869,0.26056,0.017594
0.325,0.36,0.005,5.5809e-05,0.002425,1.2573e-25,0,8.5763e-05,0.00031471,0.27251,0.017571
0.275,0.408,0.005,-0.001495,-0.00042761,-5.9842e-25,0,0.00011283,0.00037596,0.30012,0.017572
0.225,0.456,0.005,-0.0025359,-0.0041826,-2.5638e-24,0,0.00014495,0.00042408,0.3418,0.017602
0.175,0.50502,0.005,-0.0031816,-0.0082798,-1.1069e-24,0,0.00017504,0.00044542,0.39298,0.017659
0.125,0.55506,0.005,-0.0033116,-0.012433,4.9935e-24,0,0.00019367,0.00041117,0.47102,0.017746
0.075,0.60511,0.005,-0.0023736,-0.016592,4.8731e-24,0,0.0001803,0.00026886,0.67062,0.017854
0.025,0.65515,0.005,-0.0023514,-0.020664,-2.0203e-24,0,8.9139e-05,4.5531e-05,1.9578,0.018014
0.725,0.024,0.005,0.0034123,-0.00014286,1.7513e-24,0,2.5703e-07,1.2099e-07,2.1243,0.017814
0.675,0.072,0.005,0.0078182,0.0015629,1.0873e-24,0,2.7645e-06,3.5753e-06,0.77321,0.01782
0.625,0.12,0.005,0.0087331,0.0038913,3.0566e-24,0,9.1079e-06,1.6704e-05,0.54525,0.01782
0.575,0.168,0.005,0.007642,0.0063622,-4.6653e-24,0,1.8913e-05,4.5587e-05,0.41487,0.01779
0.525,0.216,0.005,0.005192,0.0076131,0,0,3.0837e-05,9.1198e-05,0.33813,0.017735
0.475,0.264,0.005,0.0025661,0.0078413,-1.7033e-24,0,4.4524e-05,0.00014887,0.29908,0.017675
0.425,0.312,0.005,0.00031893,0.0072858,1.7931e-24,0,6.0615e-05,0.00021064,0.28777,0.017622
0.375,0.36,0.005,-0.0014987,0.0059659,2.6948e-25,0,8.0477e-05,0.0002718,0.29609,0.017587
0.325,0.408,0.005,-0.0028436,0.0039373,-1.0706e-24,0,0.00010493,0.00033669,0.31166,0.017573
0.275,0.456,0.005,-0.0040095,0.00091937,-3.4061e-24,0,0.00013543,0.00039995,0.33861,0.01759
0.225,0.50502,0.005,-0.0047221,-0.0026991,-1.0676e-25,0,0.00016848,0.00045006,0.37435,0.017637
0.175,0.55506,0.005,-0.0049538,-0.006653,-1.8139e-24,0,0.00019897,0.00047333,0.42036,0.017715
0.125,0.60511,0.005,-0.004586,-0.010596,-6.4353e-24,0,0.00021586,0.00043883,0.49189,0.01782
0.075,0.65515,0.005,-0.0031601,-0.014428,9.202e-24,0,0.00019837,0.00029016,0.68366,0.017946
0.025,0.70519,0.005,-0.0028242,-0.018191,-2.3256e-23,0,9.9437e-05,5.0791e-05,1.9578,0.018124
0.775,0.024,0.005,0.0041603,-0.0007662,-3.3014e-24,0,1.3183e-06,6.2058e-07,2.1243,0.017812
0.725,0.072,0.005,0.0071536,0.00013401,7.1812e-24,0,4.3843e-06,6.9116e-06,0.63434,0.017822
0.675,0.12,0.005,0.0072715,0.0023788,2.4253e-24,0,1.1427e-05,2.2263e-05,0.51325,0.017835
0.625,0.168,0.005,0.0059872,0.0054741,2.1535e-25,0,2.1193e-05,4.8041e-05,0.44114,0.017824
0.575,0.216,0.005,0.003634,0.0078521,3.2201e-24,0,3.3315e-05,8.5229e-05,0.39089,0.017781
0.525,0.264,0.005,0.00093135,0.0091173,-4.7083e-24,0,4.7564e-05,0.00013301,0.3576,0.01772
0.475,0.312,0.005,-0.0014502,0.0094801,-4.6728e-24,0,6.5017e-05,0.000187,0.34768,0.01766
0.425,0.36,0.005,-0.003363,0.0090365,4.4262e-25,0,8.4032e-05,0.00024304,0.34576,0.017613
0.375,0.408,0.005,-0.0048427,0.0078002,-9.0253e-25,0,0.00010604,0.00030145,0.35175,0.017588
0.325,0.456,0.005,-0.0059126,0.0057327,-1.6175e-24,0,0.00013196,0.00036556,0.361,0.017589
0.275,0.50502,0.005,-0.0066779,0.0028427,-9.7179e-26,0,0.00016357,0.00042744,0.38268,0.017623
0.225,0.55506,0.005,-0.0069632,-0.00068156,9.2181e-25,0,0.00019611,0.00047679,0.41131,0.01769
0.175,0.60511,0.005,-0.0066749,-0.004559,5.3339e-24,0,0.00022455,0.00049931,0.44972,0.017787
0.125,0.65515,0.005,-0.0057802,-0.0083179,3.7683e-24,0,0.00023837,0.00046398,0.51376,0.017907
0.075,0.70519,0.005,-0.0039338,-0.011835,-2.0215e-23,0,0.00021618,0.00031001,0.69734,0.018047
0.025,0.75523,0.005,-0.0032846,-0.015223,-2.826e-24,0,0.00010931,5.5837e-05,1.9578,0.018233
0.825,0.024,0.005,0.0051522,-0.00085151,-5.2914e-25,0,2.7661e-06,1.3021e-06,2.1243,0.017807
0.775,0.072,0.005,0.0066931,-0.00078637,4.713e-24,0,1.248e-05,2.2256e-05,0.56076,0.017819
0.725,0.12,0.005,0.0057124,0.00085703,-1.1639e-39,0,2.7993e-05,5.8366e-05,0.47961,0.017839
0.675,0.168,0.005,0.0042112,0.0040494,6.734e-25,0,4.1401e-05,8.6032e-05,0.48122,0.017844
0.625,0.216,0.005,0.001634,0.0071936,-3.5011e-24,0,5.3051e-05,0.00011267,0.47083,0.017818
0.575,0.264,0.005,-0.0010671,0.0096321,-3.7988e-24,0,6.8931e-05,0.00015127,0.45567,0.017765
0.525,0.312,0.005,-0.0036037,0.011079,-4.5231e-24,0,8.4022e-05,0.00019377,0.43361,0.017703
0.475,0.36,0.005,-0.0056656,0.011617,7.2826e-25,0,0.00010074,0.00023997,0.41982,0.017648
0.425,0.408,0.005,-0.0072406,0.011302,1.2769e-24,0,0.00011908,0.00028949,0.41134,0.017611
0.375,0.456,0.005,-0.0083739,0.010145,-9.8821e-40,0,0.00013998,0.0003431,0.40799,0.0176
0.325,0.50502,0.005,-0.0091268,0.0081535,-1.8522e-24,0,0.00016558,0.00040204,0.41184,0.017619
0.275,0.55506,0.005,-0.0094299,0.005329,3.3499e-24,0,0.00019506,0.00045779,0.4261,0.017672
0.225,0.60511,0.005,-0.0091516,0.001787,-2.6892e-24,0,0.00022564,0.00050278,0.44878,0.017758
0.175,0.65515,0.005,-0.0082988,-0.0020602,2.4822e-24,0,0.00025008,0.00052251,0.47861,0.01787
0.125,0.70519,0.005,-0.0068699,-0.0056333,6.9532e-24,0,0.00026068,0.00048628,0.53606,0.018002
0.075,0.75523,0.005,-0.0046781,-0.0088451,-8.4318e-24,0,0.00023329,0.00032809,0.71104,0.018152
0.025,0.80528,0.005,-0.0036609,-0.011831,1.9908e-23,0,0.0001183,6.0427e-05,1.9578,0.018335
0.875,0.024,0.005,0.005739,-0.00068829,3.2535e-24,0,4.0345e-06,1.8992e-06,2.1243,0.017799
0.825,0.072,0.005,0.0058866,-0.00057506,-3.3785e-24,0,2.4245e-05,4.4003e-05,0.55098,0.017812
0.775,0.12,0.005,0.0036166,0.00046054,4.0041e-24,0,5.8642e-05,0.00011658,0.503,0.017832
0.725,0.168,0.005,0.0014527,0.0032008,-6.1171e-26,0,8.1506e-05,0.00014467,0.56338,0.017848
0.675,0.216,0.005,-0.00095813,0.0063996,2.3385e-24,0,0.00010047,0.00017254,0.5823,0.01784
0.625,0.264,0.005,-0.0037251,0.0096592,1.355e-38,0,0.00011135,0.00019644,0.56682,0.017801
0.575,0.312,0.005,-0.0063314,0.012179,-1.6174e-24,0,0.00012239,0.00022622,0.54104,0.017743
0.525,0.36,0.005,-0.0085423,0.01376,-1.8594e-24,0,0.0001338,0.00026088,0.51288,0.017684
0.475,0.408,0.005,-0.010213,0.01443,2.9158e-25,0,0.00014666,0.00029979,0.48922,0.017639
0.425,0.456,0.005,-0.011381,0.014203,3.2908e-25,0,0.00016132,0.00034276,0.47063,0.017617
0.375,0.50502,0.005,-0.012153,0.013117,1.219e-24,0,0.0001795,0.00039049,0.45967,0.017623
0.325,0.55506,0.005,-0.012421,0.011168,1.5238e-39,0,0.00020125,0.00044002,0.45737,0.017661
0.275,0.60511,0.005,-0.01212,0.0083065,1.0047e-24,0,0.00022647,0.00046357,0.46524,0.017732
0.225,0.65515,0.005,-0.011265,0.0047403,-1.58e-24,0,0.00025316,0.0004828,0.48205,0.017835
0.175,0.70519,0.005,-0.0098582,0.00091697,2.0118e-24,0,0.00027545,0.00050496,0.50766,0.017961
0.125,0.75523,0.005,-0.0079113,-0.002561,-5.696e-38,0,0.00028189,0.00050403,0.55682,0.0181
0.075,0.80528,0.005,-0.0053305,-0.0055176,4.1012e-24,0,0.00024934,0.00034376,0.72534,0.018254
0.025,0.85532,0.005,-0.0037649,-0.0077593,-3.6207e-24,0,0.00012562,6.4168e-05,1.9578,0.018429
0.925,0.024,0.005,0.0059066,-0.00038299,-3.031e-24,0,4.8869e-06,2.3005e-06,2.1243,0.017788
0.875,0.072,0.005,0.0043859,-4.5625e-05,3.1259e-24,0,3.8294e-05,6.373e-05,0.60088,0.017802
0.825,0.12,0.005,0.0010413,0.0013189,-5.5512e-39,0,9.0029e-05,0.00014977,0.60111,0.017821
0.775,0.168,0.005,-0.002044,0.0035097,-9.5473e-25,0,0.00013007,0.00018948,0.68648,0.017841
0.725,0.216,0.005,-0.0046969,0.0065532,0,0,0.00015221,0.00020708,0.70117,0.017848
0.675,0.264,0.005,-0.0074913,0.010125,-1.7471e-25,0,0.00016617,0.00022708,0.6863,0.017824
0.625,0.312,0.005,-0.01005,0.013347,-1.4873e-24,0,0.0001739,0.000259,0.6523,0.017776
0.575,0.36,0.005,-0.012265,0.015825,-3.0326e-25,0,0.00018027,0.00029387,0.61342,0.017719
0.525,0.408,0.005,-0.013975,0.017413,-5.3382e-25,0,0.00018696,0.00032458,0.57599,0.017668
0.475,0.456,0.005,-0.015116,0.018075,-1.6571e-26,0,0.00019492,0.00035878,0.5433,0.017637
0.425,0.50502,0.005,-0.015822,0.017846,-2.7879e-26,0,0.00020558,0.00039663,0.51832,0.017632
0.375,0.55506,0.005,-0.016036,0.016767,-1.6734e-25,0,0.00021831,0.0004154,0.50153,0.017655
0.325,0.60511,0.005,-0.0157,0.014764,7.369e-25,0,0.00023487,0.00043137,0.49472,0.017711
0.275,0.65515,0.005,-0.01481,0.011885,1.3125e-24,0,0.00025568,0.00044412,0.49838,0.017801
0.225,0.70519,0.005,-0.013355,0.0082909,-1.7837e-24,0,0.0002788,0.00045983,0.51087,0.017919
0.175,0.75523,0.005,-0.011338,0.0043985,-4.2623e-24,0,0.00029821,0.00048286,0.53192,0.018055
0.125,0.80528,0.005,-0.0088612,0.00090045,5.9214e-25,0,0.00030199,0.00049065,0.57621,0.018197
0.075,0.85532,0.005,-0.0057705,-0.0018233,-1.4855e-24,0,0.00026367,0.00035698,0.73863,0.018351
0.025,0.90536,0.005,-0.0037702,-0.0040489,2.2651e-41,0,0.00013186,6.735e-05,1.9578,0.01851
0.975,0.024,0.005,0.0054579,9.9428e-05,-1.1228e-24,0,6.2415e-06,2.9381e-06,2.1243,0.017778
0.925,0.072,0.005,0.0022647,0.00076288,1.6598e-24,0,5.4881e-05,7.3478e-05,0.74691,0.017794
0.875,0.12,0.005,-0.0025742,0.0028313,-9.1388e-25,0,0.00011869,0.00014703,0.80726,0.017812
0.825,0.168,0.005,-0.0068591,0.0054521,-1.4314e-24,0,0.00016305,0.00018258,0.83405,0.017833
0.775,0.216,0.005,-0.0104,0.0086621,1.2445e-25,0,0.00019461,0.00019997,0.83242,0.017847
0.725,0.264,0.005,-0.013225,0.01216,-6.1138e-25,0,0.00021413,0.0002186,0.8031,0.017838
0.675,0.312,0.005,-0.015561,0.015673,8.2162e-25,0,0.00022465,0.00024774,0.75895,0.017802
0.625,0.36,0.005,-0.017463,0.018617,-1.0122e-24,0,0.00022945,0.00028324,0.70907,0.01775
0.575,0.408,0.005,-0.018926,0.020811,-1.5752e-38,0,0.00023227,0.00032405,0.66036,0.017697
0.525,0.456,0.005,-0.019862,0.022173,3.7313e-25,0,0.00023511,0.00036732,0.61605,0.017657
0.475,0.50502,0.005,-0.020374,0.022681,-5.4711e-27,0,0.00023951,0.00039697,0.57898,0.01764
0.425,0.55506,0.005,-0.020438,0.022332,-6.0769e-39,0,0.00024445,0.00039699,0.55024,0.017652
0.375,0.60511,0.005,-0.019959,0.021122,6.1561e-39,0,0.00025234,0.00040733,0.53081,0.017693
0.325,0.65515,0.005,-0.018974,0.019012,-4.4707e-39,0,0.00026451,0.00041926,0.52181,0.017769
0.275,0.70519,0.005,-0.017452,0.016048,1.5637e-24,0,0.00028132,0.00042959,0.52287,0.017877
0.225,0.75523,0.005,-0.015356,0.012362,-5.3784e-24,0,0.00030114,0.00044292,0.53249,0.018008
0.175,0.80528,0.005,-0.012704,0.0083327,4.318e-24,0,0.00031804,0.00046487,0.55042,0.018148
0.125,0.85532,0.005,-0.0095861,0.0047609,5.5617e-24,0,0.00031919,0.0004755,0.59151,0.018289
0.075,0.90536,0.005,-0.00607,0.0021846,-1.4807e-23,0,0.00027731,0.00036875,0.75203,0.018436
0.025,0.9554,0.005,-0.0038935,-8.6054e-05,-1.0789e-23,0,0.00013714,7.0051e-05,1.9578,0.018572
1.025,0.024,0.005,0.0044032,0.00081498,8.9383e-25,0,8.6019e-06,4.0493e-06,2.1243,0.01777
0.975,0.072,0.005,-0.0011304,0.0018944,3.7169e-24,0,7.3709e-05,6.8757e-05,1.072,0.017788
0.925,0.12,0.005,-0.0079107,0.0050677,1.3951e-24,0,0.00014133,0.00013429,1.0162,0.017806
0.875,0.168,0.005,-0.013678,0.0087438,-9.6488e-25,0,0.00018637,0.00016014,0.98548,0.017828
0.825,0.216,0.005,-0.018169,0.012641,2.9007e-25,0,0.00021926,0.00018169,0.93899,0.017842
0.775,0.264,0.005,-0.0214,0.016366,2.0997e-25,0,0.00024293,0.00020579,0.88794,0.01784
0.725,0.312,0.005,-0.023478,0.019989,-1.4725e-24,0,0.00025852,0.00023404,0.83432,0.017813
0.675,0.36,0.005,-0.024822,0.023044,3.2147e-24,0,0.00026696,0.00026939,0.77892,0.017771
0.625,0.408,0.005,-0.025644,0.025429,-3.9815e-25,0,0.00027048,0.00031011,0.7249,0.01772
0.575,0.456,0.005,-0.025998,0.027045,-8.0967e-25,0,0.00027159,0.00035475,0.6747,0.017674
0.525,0.50502,0.005,-0.026038,0.028004,9.4008e-26,0,0.00027299,0.00040278,0.62998,0.017647
0.475,0.55506,0.005,-0.025766,0.02819,1.3035e-25,0,0.00027335,0.00040421,0.5931,0.017645
0.425,0.60511,0.005,-0.025,0.027551,-1.3756e-24,0,0.00027482,0.00040421,0.56473,0.017674
0.375,0.65515,0.005,-0.023763,0.026074,1.3943e-24,0,0.00027943,0.00041301,0.54549,0.017737
0.325,0.70519,0.005,-0.022056,0.023742,6.1325e-24,0,0.00028841,0.00042142,0.53642,0.017833
0.275,0.75523,0.005,-0.019836,0.020608,-3.5883e-24,0,0.0003022,0.00042772,0.53686,0.017957
0.225,0.80528,0.005,-0.01709,0.016787,-4.1081e-24,0,0.00031955,0.00043667,0.54564,0.018096
0.175,0.85532,0.005,-0.013807,0.012601,1.014e-24,0,0.00033462,0.00045404,0.56276,0.018237
0.125,0.90536,0.005,-0.010065,0.0089408,3.111e-24,0,0.00033327,0.00046733,0.60214,0.018369
0.075,0.9554,0.005,-0.0062561,0.006443,-6.2734e-33,0,0.00028709,0.00037768,0.76014,0.0185
0.025,1.0054,0.005,-0.0038102,0.003864,-4.5012e-24,0,0.00014094,7.199e-05,1.9578,0.018619
1.075,0.024,0.005,0.0020779,0.0012444,-3.1631e-24,0,1.2249e-05,5.7662e-06,2.1243,0.01776
1.025,0.072,0.005,-0.0061471,0.0036511,2.4367e-24,0,9.7579e-05,7.2581e-05,1.3444,0.017785
0.975,0.12,0.005,-0.015269,0.0082281,9.4901e-26,0,0.00015963,0.00012043,1.1942,0.017803
0.925,0.168,0.005,-0.022461,0.013054,-3.4724e-25,0,0.00020106,0.00014918,1.0889,0.017821
0.875,0.216,0.005,-0.027611,0.017699,2.4211e-39,0,0.00023116,0.00017821,1.0007,0.017828
0.825,0.264,0.005,-0.030807,0.021846,-5.4717e-25,0,0.00025431,0.00021078,0.92548,0.017823
0.775,0.312,0.005,-0.032617,0.025422,7.5183e-25,0,0.00027212,0.00024574,0.86181,0.017802
0.725,0.36,0.005,-0.033386,0.028475,1.2691e-24,0,0.00028463,0.00028575,0.80536,0.017767
0.675,0.408,0.005,-0.033483,0.030864,-1.5967e-24,0,0.00029213,0.00032956,0.75341,0.017723
0.625,0.456,0.005,-0.033105,0.032533,1.1907e-24,0,0.00029563,0.00037613,0.70523,0.017679
0.575,0.50502,0.005,-0.032457,0.033633,8.0802e-25,0,0.00029717,0.00042514,0.66023,0.017646
0.525,0.55506,0.005,-0.031615,0.034121,4.2432e-25,0,0.00029711,0.00045461,0.6207,0.017632
0.475,0.60511,0.005,-0.030474,0.033858,-1.6895e-25,0,0.00029601,0.00044243,0.58821,0.017649
0.425,0.65515,0.005,-0.028906,0.032855,1.7629e-24,0,0.00029617,0.00044005,0.56315,0.017702
0.375,0.70519,0.005,-0.02694,0.031076,-4.8078e-26,0,0.00029928,0.0004412,0.5466,0.017787
0.325,0.75523,0.005,-0.024536,0.02852,-1.7185e-24,0,0.00030648,0.00044027,0.53949,0.0179
0.275,0.80528,0.005,-0.021674,0.025238,4.9407e-39,0,0.00031844,0.00043862,0.54116,0.018034
0.225,0.85532,0.005,-0.018352,0.021318,2.4431e-25,0,0.0003342,0.0004407,0.55099,0.018177
0.175,0.90536,0.005,-0.014538,0.017043,2.2809e-24,0,0.00034791,0.00045249,0.56899,0.018312
0.125,0.9554,0.005,-0.010324,0.01331,6.9607e-25,0,0.00034403,0.00046752,0.60768,0.018429
0.075,1.0054,0.005,-0.0062523,0.010804,-6.8299e-24,0,0.00029423,0.00038452,0.76518,0.01854
0.025,1.0555,0.005,-0.0041094,0.0079299,-1.1103e-24,0,0.00014297,7.303e-05,1.9578,0.018646
1.125,0.024,0.005,-0.0019331,0.0017614,-8.4514e-24,0,2.4049e-05,1.1321e-05,2.1243,0.017741
1.075,0.072,0.005,-0.013376,0.0061849,-2.0137e-25,0,0.00012166,8.0209e-05,1.5168,0.017781
1.025,0.12,0.005,-0.024212,0.011814,6.5616e-25,0,0.00017542,0.00011835,1.2997,0.017797
0.975,0.168,0.005,-0.031931,0.017344,3.6746e-24,0,0.00021141,0.00015467,1.1414,0.017799
0.925,0.216,0.005,-0.036788,0.022192,3.385e-24,0,0.00023811,0.00019524,1.0209,0.017794
0.875,0.264,0.005,-0.039484,0.026351,-4.2773e-39,0,0.0002594,0.00023978,0.92872,0.017784
0.825,0.312,0.005,-0.0407,0.029932,-2.1943e-38,0,0.00027671,0.00028673,0.85678,0.017763
0.775,0.36,0.005,-0.040941,0.032954,2.1216e-24,0,0.00029051,0.00033494,0.79914,0.017734
0.725,0.408,0.005,-0.040506,0.035426,2.0941e-25,0,0.00030065,0.00038528,0.75055,0.017699
0.675,0.456,0.005,-0.039628,0.037298,-4.846e-24,0,0.00030718,0.00043417,0.70752,0.017661
0.625,0.50502,0.005,-0.03853,0.038639,-6.1374e-25,0,0.00031068,0.00046581,0.66697,0.017629
0.575,0.55506,0.005,-0.037221,0.039405,8.2981e-25,0,0.00031186,0.00049485,0.63021,0.01761
0.525,0.60511,0.005,-0.035679,0.039492,1.2083e-24,0,0.00031172,0.0005213,0.59797,0.017617
0.475,0.65515,0.005,-0.033856,0.038919,3.2632e-39,0,0.00031075,0.00050658,0.57131,0.017658
0.425,0.70519,0.005,-0.031686,0.037664,6.5187e-25,0,0.00031096,0.00049534,0.55104,0.017732
0.375,0.75523,0.005,-0.029133,0.035702,3.4283e-24,0,0.00031366,0.00048272,0.53846,0.017835
0.325,0.80528,0.005,-0.026183,0.033038,-2.9207e-24,0,0.00032009,0.00046894,0.53436,0.017962
0.275,0.85532,0.005,-0.022821,0.029701,0,0,0.00033101,0.00045778,0.5383,0.018103
0.225,0.90536,0.005,-0.019054,0.025766,-2.3942e-24,0,0.0003457,0.00045298,0.55015,0.018245
0.175,0.9554,0.005,-0.014875,0.021504,1.5625e-24,0,0.00035814,0.00046027,0.56972,0.018369
0.125,1.0054,0.005,-0.010368,0.017723,-2.5843e-24,0,0.00035182,0.00047453,0.60882,0.018466
0.075,1.0555,0.005,-0.0061286,0.015081,2.0145e-25,0,0.00029799,0.00038919,0.76566,0.018554
0.025,1.1055,0.005,-0.0052148,0.011983,0,0,0.00014342,7.3259e-05,1.9578,0.018657
1.175,0.024,0.005,-0.0072409,0.0024988,7.1477e-24,0,4.1512e-05,1.9542e-05,2.1243,0.017707
1.125,0.072,0.005,-0.022018,0.008481,-4.1983e-24,0,0.00014169,8.801e-05,1.6046,0.017763
1.075,0.12,0.005,-0.033272,0.01485,-3.584e-24,0,0.00018971,0.00012744,1.3408,0.017775
1.025,0.168,0.005,-0.04052,0.020527,5.3396e-39,0,0.00022175,0.00017508,1.1528,0.017758
0.975,0.216,0.005,-0.04464,0.025309,-3.1607e-24,0,0.00024602,0.0002296,1.0153,0.017742
0.925,0.264,0.005,-0.046731,0.029449,-3.9069e-24,0,0.00026594,0.00028738,0.91366,0.017725
0.875,0.312,0.005,-0.047458,0.033059,-2.3469e-24,0,0.0002823,0.00033722,0.83714,0.017704
0.825,0.36,0.005,-0.047265,0.036179,2.3035e-24,0,0.00029556,0.00037989,0.77801,0.017677
0.775,0.408,0.005,-0.046453,0.038807,1.3093e-24,0,0.000306,0.00041862,0.73097,0.017646
0.725,0.456,0.005,-0.045235,0.040935,1.8965e-24,0,0.00031361,0.00045333,0.69178,0.017615
0.675,0.50502,0.005,-0.043819,0.042606,-6.8875e-26,0,0.00031882,0.00048612,0.65584,0.017586
0.625,0.55506,0.005,-0.042214,0.043741,-1.0988e-24,0,0.00032139,0.0005153,0.62369,0.017567
0.575,0.60511,0.005,-0.040366,0.044218,-8.1379e-25,0,0.0003221,0.0005415,0.59484,0.017569
0.525,0.65515,0.005,-0.038298,0.044024,-1.2962e-24,0,0.00032187,0.000565,0.56967,0.017601
0.475,0.70519,0.005,-0.035948,0.043243,1.6012e-24,0,0.00032151,0.00058232,0.54889,0.017665
0.425,0.75523,0.005,-0.033317,0.041858,1.7652e-24,0,0.00032196,0.00055695,0.53364,0.017759
0.375,0.80528,0.005,-0.030347,0.039849,-3.6644e-24,0,0.00032465,0.00053002,0.52516,0.017876
0.325,0.85532,0.005,-0.027006,0.037185,2.3501e-24,0,0.00033066,0.00050345,0.52422,0.018013
0.275,0.90536,0.005,-0.023288,0.03389,1.372e-24,0,0.00034088,0.00048302,0.5307,0.018157
0.225,0.9554,0.005,-0.019222,0.030023,8.5737e-39,0,0.00035464,0.0004727,0.54471,0.018293
0.175,1.0054,0.005,-0.014843,0.025832,-3.0215e-33,0,0.00036568,0.00047624,0.56598,0.018404
0.125,1.0555,0.005,-0.010242,0.022044,5.0048e-24,0,0.00035682,0.00048822,0.60605,0.018481
0.075,1.1055,0.005,-0.0059011,0.019238,-8.284e-24,0,0.00029715,0.00039144,0.75913,0.018544
0.025,1.1556,0.005,-0.0051383,0.015547,-7.4204e-25,0,0.00014301,7.3046e-05,1.9578,0.01865
1.225,0.024,0.005,-0.013644,0.003575,4.9657e-25,0,6.3109e-05,2.9708e-05,2.1243,0.017658
1.175,0.072,0.005,-0.030901,0.010204,4.1254e-24,0,0.00015869,9.402e-05,1.6305,0.017721
1.125,0.12,0.005,-0.041551,0.016776,5.4591e-25,0,0.00020366,0.00014462,1.3393,0.017726
1.075,0.168,0.005,-0.047867,0.022471,-3.2715e-39,0,0.00023397,0.00020584,1.1367,0.017702
1.025,0.216,0.005,-0.051323,0.027258,-5.4579e-24,0,0.0002573,0.00025926,0.99241,0.017676
0.975,0.264,0.005,-0.052852,0.031415,-6.3624e-24,0,0.00027671,0.00031179,0.88748,0.01765
0.925,0.312,0.005,-0.053116,0.035067,-1.8208e-24,0,0.00029279,0.00036175,0.80939,0.017624
0.875,0.36,0.005,-0.052556,0.038286,1.0473e-38,0,0.00030571,0.00040764,0.74995,0.017596
0.825,0.408,0.005,-0.051443,0.041083,-2.4411e-24,0,0.00031568,0.00044864,0.70364,0.017568
0.775,0.456,0.005,-0.049965,0.043451,0,0,0.00032303,0.00048464,0.66653,0.017541
0.725,0.50502,0.005,-0.048286,0.045438,-3.2445e-25,0,0.00032839,0.0005181,0.63384,0.017515
0.675,0.55506,0.005,-0.046443,0.046943,1.7446e-24,0,0.00033129,0.00054695,0.60569,0.017499
0.625,0.60511,0.005,-0.044405,0.047859,1.2098e-24,0,0.00033218,0.00057188,0.58086,0.017501
0.575,0.65515,0.005,-0.042153,0.048141,-7.7691e-25,0,0.00033181,0.00059364,0.55894,0.017527
0.525,0.70519,0.005,-0.039673,0.047795,-7.4976e-25,0,0.00033099,0.00061286,0.54008,0.017583
0.475,0.75523,0.005,-0.036955,0.046897,-1.8688e-24,0,0.00033052,0.00062981,0.5248,0.017667
0.425,0.80528,0.005,-0.033972,0.045482,0,0,0.00033115,0.00062238,0.51414,0.017777
0.375,0.85532,0.005,-0.03071,0.043502,-5.2022e-25,0,0.00033368,0.00058167,0.50938,0.017907
0.325,0.90536,0.005,-0.027102,0.040924,1.941e-24,0,0.00033924,0.00054309,0.51133,0.01805
0.275,0.9554,0.005,-0.023157,0.03775,2.0628e-24,0,0.00034877,0.0005142,0.52017,0.018193
0.225,1.0054,0.005,-0.018934,0.034015,2.1408e-24,0,0.00036151,0.00049905,0.53609,0.018321
0.175,1.0555,0.005,-0.014499,0.029937,2.1854e-24,0,0.00037087,0.00049982,0.55883,0.018417
0.125,1.1055,0.005,-0.010012,0.026148,4.8376e-24,0,0.0003592,0.0005072,0.59997,0.018475
0.075,1.1556,0.005,-0.0055687,0.023244,5.2529e-24,0,0.00029614,0.00039294,0.75365,0.01852
0.025,1.2056,0.005,-0.0042206,0.019668,-7.1284e-24,0,0.00014195,7.2504e-05,1.9578,0.018619
1.275,0.024,0.005,-0.022314,0.0042669,-1.0278e-23,0,8.651e-05,3.1664e-05,2.1243,0.017559
1.225,0.072,0.005,-0.039058,0.011023,1.3031e-24,0,0.00017563,0.00010439,1.6196,0.017646
1.175,0.12,0.005,-0.048762,0.017677,2.7627e-24,0,0.00021796,0.00016625,1.311,0.01765
1.125,0.168,0.005,-0.054268,0.023394,3.4311e-24,0,0.00024818,0.00022507,1.1027,0.017624
1.075,0.216,0.005,-0.057022,0.028228,2.1278e-24,0,0.00027286,0.00028502,0.95732,0.01759
1.025,0.264,0.005,-0.058024,0.03243,3.0727e-24,0,0.00029332,0.0003439,0.85292,0.017556
0.975,0.312,0.005,-0.057868,0.036143,-2.9458e-24,0,0.00030996,0.00039948,0.77593,0.017523
0.925,0.36,0.005,-0.05696,0.039443,8.1692e-25,0,0.00032295,0.00044995,0.71775,0.017493
0.875,0.408,0.005,-0.055563,0.042365,-2.4646e-40,0,0.00033252,0.00049421,0.67283,0.017465
0.825,0.456,0.005,-0.053849,0.044921,-4.8117e-24,0,0.0003391,0.00053205,0.63734,0.017442
0.775,0.50502,0.005,-0.051951,0.047155,-1.5153e-24,0,0.00034375,0.00056647,0.60683,0.017421
0.725,0.55506,0.005,-0.049909,0.048989,1.7682e-24,0,0.00034589,0.00059484,0.58148,0.017408
0.675,0.60511,0.005,-0.047715,0.05032,1.3384e-38,0,0.00034597,0.00061793,0.55989,0.01741
0.625,0.65515,0.005,-0.045365,0.051099,-1.1501e-24,0,0.00034461,0.00063683,0.54113,0.017435
0.575,0.70519,0.005,-0.042823,0.051293,-1.8625e-24,0,0.00034254,0.00065248,0.52498,0.017484
0.525,0.75523,0.005,-0.040059,0.050909,-4.3371e-25,0,0.00034051,0.00066577,0.51145,0.01756
0.475,0.80528,0.005,-0.037072,0.049987,0,0,0.00033924,0.00067718,0.50095,0.017663
0.425,0.85532,0.005,-0.03384,0.048584,-2.3671e-24,0,0.00033949,0.00068675,0.49435,0.017787
0.375,0.90536,0.005,-0.030366,0.046691,-2.3455e-24,0,0.00034152,0.00063618,0.4928,0.017926
0.325,0.9554,0.005,-0.026594,0.044268,-2.4734e-24,0,0.00034647,0.00058781,0.49715,0.018071
0.275,1.0054,0.005,-0.022541,0.041267,-1.1632e-38,0,0.00035516,0.00055159,0.50793,0.018211
0.225,1.0555,0.005,-0.01828,0.037699,4.1857e-26,0,0.00036667,0.00053208,0.52538,0.018328
0.175,1.1055,0.005,-0.01391,0.033738,4.3859e-24,0,0.00037401,0.0005309,0.54922,0.018409
0.125,1.1556,0.005,-0.009617,0.029954,4.8739e-24,0,0.00035974,0.0005299,0.59209,0.018456
0.075,1.2056,0.005,-0.0052408,0.026959,-6.4193e-24,0,0.00029558,0.00039366,0.75085,0.01849
0.025,1.2557,0.005,-0.0035673,0.023357,2.0518e-37,0,0.00013957,7.1292e-05,1.9578,0.018572
1.325,0.024,0.005,-0.030031,0.0040871,8.403e-25,0,0.00011121,3.422e-05,2.1243,0.017374
1.275,0.072,0.005,-0.046212,0.010901,-8.8829e-24,0,0.0001921,0.00012052,1.5898,0.017524
1.225,0.12,0.005,-0.055209,0.017761,-8.0845e-24,0,0.00023286,0.0001835,1.269,0.017541
1.175,0.168,0.005,-0.05986,0.023502,5.016e-24,0,0.00026506,0.00025059,1.0577,0.017518
1.125,0.216,0.005,-0.061928,0.028391,-4.8071e-24,0,0.00029238,0.00031983,0.9142,0.017481
1.075,0.264,0.005,-0.062385,0.03264,-3.4094e-39,0,0.00031514,0.00038767,0.8129,0.017442
1.025,0.312,0.005,-0.06182,0.036404,2.2323e-24,0,0.00033328,0.00045101,0.73896,0.017404
0.975,0.36,0.005,-0.060594,0.039773,-4.3171e-24,0,0.00034698,0.00050771,0.68342,0.017372
0.925,0.408,0.005,-0.058943,0.042798,-4.88e-24,0,0.00035657,0.00055654,0.6407,0.017344
0.875,0.456,0.005,-0.057017,0.045501,2.4891e-24,0,0.00036258,0.00059724,0.60709,0.017322
0.825,0.50502,0.005,-0.054923,0.04793,-3.5838e-25,0,0.00036637,0.00063337,0.57845,0.017304
0.775,0.55506,0.005,-0.052708,0.050029,2.0632e-24,0,0.00036733,0.00066175,0.55509,0.017294
0.725,0.60511,0.005,-0.050382,0.051711,1.7666e-24,0,0.00036596,0.00068308,0.53575,0.017298
0.675,0.65515,0.005,-0.047942,0.052928,-3.4282e-24,0,0.00036291,0.00069873,0.51938,0.017321
0.625,0.70519,0.005,-0.045366,0.053643,-2.2149e-24,0,0.00035887,0.00070985,0.50556,0.017367
0.575,0.75523,0.005,-0.042618,0.053826,4.0949e-39,0,0.00035458,0.00071768,0.49406,0.017438
0.525,0.80528,0.005,-0.039659,0.053466,9.8193e-25,0,0.00035077,0.0007234,0.48489,0.017533
0.475,0.85532,0.005,-0.036475,0.052589,2.4428e-24,0,0.00034812,0.00072769,0.47839,0.017651
0.425,0.90536,0.005,-0.033081,0.051247,-2.5212e-24,0,0.00034732,0.00073088,0.47521,0.017787
0.375,0.9554,0.005,-0.029455,0.049485,2.0345e-26,0,0.0003486,0.00069506,0.4763,0.017933
0.325,1.0054,0.005,-0.025608,0.047238,-5.7469e-24,0,0.00035266,0.00063893,0.48256,0.018078
0.275,1.0555,0.005,-0.02154,0.044432,-2.838e-24,0,0.00036028,0.00059598,0.49486,0.018211
0.225,1.1055,0.005,-0.017342,0.041038,-8.473e-25,0,0.00037034,0.00057174,0.51343,0.018317
0.175,1.1556,0.005,-0.013117,0.037181,-4.2824e-24,0,0.0003755,0.00056693,0.53825,0.018387
0.125,1.2056,0.005,-0.0090077,0.033425,9.8943e-25,0,0.00035886,0.00055712,0.58345,0.018426
0.075,1.2557,0.005,-0.0048255,0.030312,-1.578e-24,0,0.00029366,0.00039262,0.74796,0.018454
0.025,1.3057,0.005,-0.003051,0.026568,5.6652e-25,0,0.00013612,6.9531e-05,1.9578,0.018516
1.375,0.024,0.005,-0.037075,0.0037885,5.8503e-25,0,0.00013754,4.3894e-05,2.1243,0.017128
1.325,0.072,0.005,-0.053004,0.010308,-3.3469e-24,0,0.00020694,0.00013246,1.5624,0.017339
1.275,0.12,0.005,-0.061068,0.017233,-8.8641e-24,0,0.00024798,0.00020301,1.2215,0.017388
1.225,0.168,0.005,-0.064837,0.02299,0,0,0.00028365,0.00028151,1.0076,0.017381
1.175,0.216,0.005,-0.066192,0.027901,6.0607e-38,0,0.00031498,0.00036323,0.86714,0.017349
1.125,0.264,0.005,-0.066116,0.032198,-5.1819e-38,0,0.00034102,0.00044275,0.77024,0.017309
1.075,0.312,0.005,-0.065152,0.036012,0,0,0.00036151,0.00051609,0.70047,0.017269
1.025,0.36,0.005,-0.063625,0.039445,2.2698e-24,0,0.0003766,0.00058076,0.64846,0.017235
0.975,0.408,0.005,-0.061738,0.042558,7.0046e-25,0,0.00038677,0.00063553,0.60858,0.017207
0.925,0.456,0.005,-0.05962,0.045382,-2.6879e-24,0,0.00039264,0.00068021,0.57724,0.017186
0.875,0.50502,0.005,-0.057351,0.047964,2.3056e-24,0,0.00039582,0.00071897,0.55054,0.017169
0.825,0.55506,0.005,-0.054977,0.050268,3.2269e-26,0,0.00039568,0.00074817,0.52887,0.01716
0.775,0.60511,0.005,-0.052525,0.052226,-2.1318e-24,0,0.00039277,0.0007684,0.51115,0.017165
0.725,0.65515,0.005,-0.049998,0.053799,4.9486e-25,0,0.00038779,0.00078111,0.49646,0.017187
0.675,0.70519,0.005,-0.047376,0.054951,1.3422e-24,0,0.00038145,0.00078772,0.48425,0.017231
0.625,0.75523,0.005,-0.044632,0.055646,2.2634e-24,0,0.00037448,0.00078947,0.47434,0.017297
0.575,0.80528,0.005,-0.041729,0.055856,1.543e-24,0,0.00036762,0.00078799,0.46652,0.017388
0.525,0.85532,0.005,-0.038629,0.055564,5.543e-24,0,0.00036162,0.00078471,0.46083,0.017501
0.475,0.90536,0.005,-0.035316,0.054777,2.9909e-24,0,0.00035716,0.00078059,0.45755,0.017632
0.425,0.9554,0.005,-0.03181,0.053539,2.776e-24,0,0.00035484,0.00077618,0.45716,0.017777
0.375,1.0054,0.005,-0.028105,0.051911,7.844e-34,0,0.00035503,0.00076066,0.46038,0.017927
0.325,1.0555,0.005,-0.024246,0.049846,-2.6527e-24,0,0.00035793,0.00069632,0.46817,0.018071
0.275,1.1055,0.005,-0.020242,0.047245,-8.7146e-25,0,0.00036431,0.00064764,0.48156,0.018196
0.225,1.1556,0.005,-0.016186,0.044017,-4.9803e-24,0,0.00037274,0.00061715,0.50094,0.018293
0.175,1.2056,0.005,-0.012148,0.040259,1.1544e-24,0,0.00037563,0.00060548,0.52677,0.018353
0.125,1.2557,0.005,-0.0082332,0.036583,-1.1877e-24,0,0.0003566,0.00058851,0.57448,0.018387
0.075,1.3057,0.005,-0.0043372,0.033423,-9.6871e-24,0,0.00029003,0.00038976,0.74413,0.018407
0.025,1.3557,0.005,-0.0026179,0.029406,-1.242e-23,0,0.00013176,6.7303e-05,1.9578,0.018454
1.425,0.024,0.005,-0.043666,0.0035188,4.1069e-25,0,0.00016584,5.4704e-05,2.1243,0.016847
1.375,0.072,0.005,-0.059428,0.0096091,-2.9539e-24,0,0.00021909,0.00014189,1.544,0.017099
1.325,0.12,0.005,-0.066542,0.016319,-4.4509e-24,0,0.00026205,0.00022312,1.1745,0.017189
1.275,0.168,0.005,-0.069357,0.022013,4.353e-24,0,0.000303,0.00031668,0.9568,0.01721
1.225,0.216,0.005,-0.069989,0.026931,9.7409e-25,0,0.00033951,0.0004142,0.81967,0.017192
1.175,0.264,0.005,-0.069383,0.031262,1.6663e-24,0,0.00036975,0.00050823,0.72752,0.017156
1.125,0.312,0.005,-0.068033,0.035127,3.4424e-24,0,0.00039327,0.00059381,0.66228,0.017119
1.075,0.36,0.005,-0.066216,0.038622,2.3466e-24,0,0.00041037,0.00066819,0.61414,0.017084
1.025,0.408,0.005,-0.064103,0.041812,2.2572e-24,0,0.00042163,0.00073022,0.57741,0.017055
0.975,0.456,0.005,-0.0618,0.044733,3.1554e-24,0,0.00042784,0.00077993,0.54856,0.017035
0.925,0.50502,0.005,-0.059366,0.047434,2.467e-24,0,0.00043081,0.00082222,0.52396,0.017019
0.875,0.55506,0.005,-0.05684,0.049895,2.2259e-24,0,0.00042991,0.00085309,0.50394,0.017011
0.825,0.60511,0.005,-0.054261,0.052062,1.8128e-24,0,0.00042571,0.00087309,0.48759,0.017017
0.775,0.65515,0.005,-0.051634,0.053909,4.5535e-25,0,0.00041896,0.00088366,0.47411,0.017039
0.725,0.70519,0.005,-0.048948,0.055405,0,0,0.00041041,0.00088641,0.463,0.017081
0.675,0.75523,0.005,-0.046183,0.056517,1.0907e-24,0,0.00040077,0.00088254,0.45411,0.017144
0.625,0.80528,0.005,-0.043306,0.057217,-4.842e-25,0,0.00039075,0.00087366,0.44725,0.01723
0.575,0.85532,0.005,-0.040285,0.057478,-3.7335e-38,0,0.00038114,0.00086171,0.4423,0.017339
0.525,0.90536,0.005,-0.03709,0.057278,-5.5184e-25,0,0.0003727,0.00084835,0.43932,0.017467
0.475,0.9554,0.005,-0.033701,0.056608,-2.7869e-24,0,0.00036612,0.00083481,0.43856,0.017609
0.425,1.0054,0.005,-0.030135,0.0555,2.893e-24,0,0.00036196,0.00082189,0.4404,0.01776
0.375,1.0555,0.005,-0.026424,0.05401,2.9414e-24,0,0.00036064,0.00080982,0.44534,0.017911
0.325,1.1055,0.005,-0.022594,0.052126,-6.2627e-24,0,0.0003623,0.00076089,0.45433,0.018051
0.275,1.1556,0.005,-0.018722,0.049709,1.0155e-38,0,0.0003673,0.00070626,0.46848,0.018169
0.225,1.2056,0.005,-0.014858,0.046629,8.3462e-25,0,0.00037399,0.00066763,0.48845,0.018258
0.175,1.2557,0.005,-0.011032,0.043003,1.1674e-38,0,0.00037449,0.00064839,0.51525,0.018311
0.125,1.3057,0.005,-0.0074036,0.03941,3.8182e-24,0,0.0003528,0.00062416,0.56523,0.01834
0.075,1.3557,0.005,-0.0038125,0.036209,-5.8587e-24,0,0.0002846,0.00038457,0.74004,0.018355
0.025,1.4058,0.005,-0.0022349,0.03188,-5.7209e-24,0,0.00012661,6.4673e-05,1.9578,0.018389
1.475,0.024,0.005,-0.049732,0.0032938,2.6857e-25,0,0.00019663,6.6708e-05,2.6018,0.016543
1.425,0.072,0.005,-0.065446,0.0088829,7.5003e-38,0,0.00022905,0.00014896,1.5377,0.016823
1.375,0.12,0.005,-0.07165,0.01524,1.4901e-24,0,0.00027497,0.00024317,1.1308,0.016951
1.325,0.168,0.005,-0.073549,0.020755,8.5148e-24,0,0.00032239,0.00035478,0.90871,0.017004
1.275,0.216,0.005,-0.073458,0.025628,3.3942e-24,0,0.00036503,0.00047113,0.77478,0.017008
1.225,0.264,0.005,-0.072331,0.029978,1.6589e-38,0,0.00040012,0.00058228,0.68716,0.016985
1.175,0.312,0.005,-0.070599,0.033885,0,0,0.00042724,0.00068229,0.62619,0.016952
1.125,0.36,0.005,-0.068497,0.037436,0,0,0.00044684,0.00076815,0.5817,0.01692
1.075,0.408,0.005,-0.06616,0.040691,0,0,0.00045969,0.00083884,0.54801,0.016892
1.025,0.456,0.005,-0.063671,0.04369,-1.1191e-25,0,0.0004667,0.00089468,0.52164,0.016872
0.975,0.50502,0.005,-0.061069,0.046481,1.031e-25,0,0.00046987,0.00094133,0.49915,0.016857
0.925,0.55506,0.005,-0.058388,0.049058,2.2369e-24,0,0.00046862,0.00097468,0.48079,0.01685
0.875,0.60511,0.005,-0.055673,0.051379,4.227e-24,0,0.00046353,0.00099528,0.46573,0.016857
0.825,0.65515,0.005,-0.052937,0.053425,-1.7876e-24,0,0.00045539,0.0010047,0.45328,0.016879
0.775,0.70519,0.005,-0.050175,0.055175,-3.79e-24,0,0.00044496,0.0010045,0.44299,0.01692
0.725,0.75523,0.005,-0.047368,0.056608,-3.6166e-24,0,0.00043297,0.00099606,0.43468,0.016981
0.675,0.80528,0.005,-0.044489,0.057698,-2.3904e-24,0,0.00042009,0.00098065,0.42838,0.017064
0.625,0.85532,0.005,-0.041512,0.058421,-2.5068e-24,0,0.00040704,0.00096028,0.42388,0.017167
0.575,0.90536,0.005,-0.038409,0.058751,-4.0501e-24,0,0.00039463,0.00093707,0.42113,0.017291
0.525,0.9554,0.005,-0.035156,0.058661,-3.9151e-24,0,0.00038362,0.0009129,0.42022,0.01743
0.475,1.0054,0.005,-0.031735,0.058131,-2.8901e-24,0,0.00037473,0.00088926,0.4214,0.01758
0.425,1.0555,0.005,-0.028162,0.057175,3.9156e-24,0,0.00036852,0.0008672,0.42495,0.017734
0.375,1.1055,0.005,-0.024489,0.055831,2.9841e-24,0,0.00036542,0.00084727,0.43129,0.017885
0.325,1.1556,0.005,-0.020753,0.05409,2.8744e-24,0,0.00036572,0.00082884,0.44125,0.018021
0.275,1.2056,0.005,-0.017035,0.051827,1.5083e-24,0,0.00036927,0.00077045,0.45599,0.018134
0.225,1.2557,0.005,-0.013393,0.048901,2.2996e-24,0,0.00037413,0.00072407,0.47632,0.018216
0.175,1.3057,0.005,-0.0098252,0.045411,6.1173e-24,0,0.00037198,0.0007008,0.50386,0.018263
0.125,1.3557,0.005,-0.0065544,0.041892,5.0153e-24,0,0.00034715,0.00062462,0.55578,0.01829
0.075,1.4058,0.005,-0.0032708,0.03866,-6.3199e-38,0,0.00027772,0.00037739,0.7359,0.0183
0.025,1.4558,0.005,-0.0018816,0.033975,5.5148e-24,0,0.0001208,6.1703e-05,1.9578,0.018326
1.525,0.024,0.005,-0.055316,0.0030655,1.6247e-25,0,0.00021169,7.3637e-05,2.6995,0.016229
1.475,0.072,0.005,-0.071014,0.0081707,3.4657e-38,0,0.00023736,0.00015364,1.5449,0.016526
1.425,0.12,0.005,-0.076407,0.014121,2.1487e-24,0,0.00028726,0.00026335,1.0908,0.016683
1.375,0.168,0.005,-0.077469,0.019371,3.9986e-24,0,0.00034165,0.0003949,0.86515,0.016769
1.325,0.216,0.005,-0.076705,0.024136,7.5663e-24,0,0.00039085,0.00053209,0.73455,0.016799
1.275,0.264,0.005,-0.075069,0.028468,3.7051e-24,0,0.00043121,0.00066226,0.65112,0.016793
1.225,0.312,0.005,-0.072958,0.032398,2.6651e-24,0,0.00046228,0.00077844,0.59386,0.016771
1.175,0.36,0.005,-0.070565,0.035991,2.4314e-24,0,0.00048476,0.00087746,0.55246,0.016743
1.125,0.408,0.005,-0.067993,0.039298,0,0,0.00049961,0.00095837,0.52131,0.016718
1.075,0.456,0.005,-0.065305,0.042358,2.1759e-24,0,0.00050787,0.0010217,0.49708,0.0167
1.025,0.50502,0.005,-0.062528,0.045215,2.3836e-25,0,0.00051167,0.0010738,0.4765,0.016687
0.975,0.55506,0.005,-0.059689,0.047872,-2.1932e-24,0,0.0005105,0.0011105,0.45969,0.016682
0.925,0.60511,0.005,-0.056841,0.050299,1.8971e-25,0,0.00050494,0.0011326,0.44584,0.01669
0.875,0.65515,0.005,-0.053991,0.052491,-2.1637e-24,0,0.00049584,0.0011416,0.43432,0.016712
0.825,0.70519,0.005,-0.051139,0.054434,6.274e-33,0,0.00048396,0.0011395,0.42473,0.016751
0.775,0.75523,0.005,-0.048272,0.056108,3.6222e-24,0,0.00047006,0.0011277,0.41685,0.01681
0.725,0.80528,0.005,-0.045373,0.057495,4.6893e-24,0,0.0004548,0.0011072,0.41077,0.016888
0.675,0.85532,0.005,-0.042413,0.05858,-1.4692e-24,0,0.0004388,0.0010796,0.40644,0.016988
0.625,0.90536,0.005,-0.039364,0.059343,-8.2711e-25,0,0.00042282,0.0010473,0.40373,0.017107
0.575,0.9554,0.005,-0.036207,0.059753,-6.914e-25,0,0.00040762,0.0010124,0.40264,0.017242
0.525,1.0054,0.005,-0.032927,0.059783,-3.45e-24,0,0.00039402,0.00097699,0.4033,0.017391
0.475,1.0555,0.005,-0.029514,0.059401,-4.8062e-24,0,0.00038273,0.00094285,0.40593,0.017546
0.425,1.1055,0.005,-0.02598,0.058602,8.4848e-24,0,0.00037435,0.00091127,0.4108,0.017702
0.375,1.1556,0.005,-0.022378,0.0574,3.6129e-24,0,0.00036934,0.000883,0.41827,0.01785
0.325,1.2056,0.005,-0.018785,0.055778,-1.4112e-24,0,0.00036801,0.00085775,0.42905,0.017983
0.275,1.2557,0.005,-0.015249,0.05363,2.598e-24,0,0.00037018,0.00083327,0.44425,0.018091
0.225,1.3057,0.005,-0.011849,0.050824,9.9808e-25,0,0.00037308,0.00078761,0.46481,0.018169
0.175,1.3557,0.005,-0.0086034,0.04746,1.8972e-24,0,0.00036797,0.00074674,0.49277,0.018212
0.125,1.4058,0.005,-0.0056618,0.044029,4.8503e-24,0,0.00033998,0.00062197,0.54661,0.018239
0.075,1.4558,0.005,-0.0027212,0.040755,1.734e-24,0,0.00026974,0.00036854,0.73192,0.018247
0.025,1.5059,0.005,-0.0015484,0.035689,-2.6451e-24,0,0.00011444,5.8455e-05,1.9578,0.018269
1.575,0.024,0.005,-0.060451,0.0028381,1.1048e-23,0,0.00022543,8.0269e-05,2.7858,0.015912
1.525,0.072,0.005,-0.076146,0.0075041,-1.8326e-24,0,0.00024426,0.00016068,1.5202,0.016218
1.475,0.12,0.005,-0.080816,0.013028,-9.2878e-24,0,0.00029928,0.00028414,1.0533,0.016395
1.425,0.168,0.005,-0.081151,0.017964,0,0,0.0003608,0.00043649,0.8266,0.01651
1.375,0.216,0.005,-0.079787,0.022568,0,0,0.00041659,0.00059535,0.69975,0.016567
1.325,0.264,0.005,-0.077671,0.026834,-3.8675e-25,0,0.00046233,0.0007454,0.62025,0.016582
1.275,0.312,0.005,-0.07518,0.030758,1.2272e-38,0,0.00049758,0.00087873,0.56625,0.016574
1.225,0.36,0.005,-0.072483,0.034373,3.0297e-24,0,0.0005232,0.00099208,0.52738,0.016555
1.175,0.408,0.005,-0.069661,0.037715,2.2494e-24,0,0.00054036,0.0010846,0.4982,0.016536
1.125,0.456,0.005,-0.066772,0.040809,0,0,0.00055024,0.0011571,0.47556,0.016522
1.075,0.50502,0.005,-0.063821,0.043709,0,0,0.00055506,0.001216,0.45646,0.016513
1.025,0.55506,0.005,-0.060827,0.046425,2.1029e-24,0,0.00055437,0.0012574,0.4409,0.016509
0.975,0.60511,0.005,-0.057842,0.048934,1.9196e-24,0,0.00054876,0.0012819,0.42807,0.016517
0.925,0.65515,0.005,-0.054876,0.051236,-1.741e-24,0,0.00053911,0.0012917,0.41737,0.01654
0.875,0.70519,0.005,-0.051928,0.053323,-9.9464e-25,0,0.00052623,0.0012886,0.40838,0.016578
0.825,0.75523,0.005,-0.048989,0.055183,-3.5637e-24,0,0.00051085,0.0012743,0.40088,0.016634
0.775,0.80528,0.005,-0.046041,0.056801,-1.05e-24,0,0.0004937,0.0012503,0.39487,0.016708
0.725,0.85532,0.005,-0.043067,0.058161,-1.4145e-38,0,0.00047535,0.0012173,0.39051,0.016802
0.675,0.90536,0.005,-0.040047,0.059249,-4.3191e-24,0,0.00045642,0.0011773,0.38768,0.016916
0.625,0.9554,0.005,-0.036955,0.060053,-3.4283e-24,0,0.00043762,0.0011328,0.38631,0.017048
0.575,1.0054,0.005,-0.03377,0.06055,6.7658e-25,0,0.00041974,0.0010861,0.38647,0.017194
0.525,1.0555,0.005,-0.030492,0.060697,6.1202e-25,0,0.00040356,0.0010393,0.38829,0.017349
0.475,1.1055,0.005,-0.027117,0.06046,-7.1514e-24,0,0.00038986,0.00099455,0.392,0.017508
0.425,1.1556,0.005,-0.023659,0.059814,-3.0179e-24,0,0.00037928,0.00095329,0.39787,0.017664
0.375,1.2056,0.005,-0.02017,0.058748,2.9715e-24,0,0.00037232,0.00091653,0.40622,0.01781
0.325,1.2557,0.005,-0.01673,0.057225,-3.6016e-24,0,0.00036932,0.00088412,0.41772,0.017939
0.275,1.3057,0.005,-0.013417,0.055155,-2.5478e-24,0,0.00036984,0.0008535,0.43332,0.018043
0.225,1.3557,0.005,-0.010293,0.052434,-3.1699e-24,0,0.00037058,0.00081631,0.45397,0.018117
0.175,1.4058,0.005,-0.0073782,0.049173,-1.0607e-24,0,0.00036239,0.00075155,0.4822,0.01816
0.125,1.4558,0.005,-0.0047504,0.045828,1.7012e-24,0,0.00033166,0.00061658,0.5379,0.01819
0.075,1.5059,0.005,-0.0021732,0.042489,-5.6558e-24,0,0.00026096,0.00035832,0.72831,0.0182
0.025,1.5559,0.005,-0.0012288,0.037025,-4.6876e-24,0,0.00010765,5.4986e-05,1.9578,0.01822
1.625,0.024,0.005,-0.065174,0.0026197,-4.2619e-26,0,0.00023827,8.3193e-05,2.864,0.015595
1.575,0.072,0.005,-0.080862,0.0068922,-8.8521e-24,0,0.00025058,0.00016763,1.4948,0.015905
1.525,0.12,0.005,-0.084893,0.011991,-8.7699e-24,0,0.00031117,0.00030621,1.0162,0.016097
1.475,0.168,0.005,-0.084617,0.0166,0,0,0.00037979,0.00047897,0.79293,0.016236
1.425,0.216,0.005,-0.082736,0.021003,0,0,0.00044202,0.00065943,0.67031,0.016318
1.375,0.264,0.005,-0.080176,0.025161,-3.3141e-24,0,0.0004931,0.0008294,0.59453,0.016354
1.325,0.312,0.005,-0.077311,0.029041,-5.5281e-24,0,0.00053261,0.00098014,0.54341,0.016363
1.275,0.36,0.005,-0.074301,0.032649,4.7154e-38,0,0.00056155,0.0011083,0.50667,0.016357
1.225,0.408,0.005,-0.071226,0.035996,-4.2041e-25,0,0.00058125,0.0012134,0.47904,0.016347
1.175,0.456,0.005,-0.068131,0.03911,0,0,0.000593,0.0012961,0.45754,0.016339
1.125,0.50502,0.005,-0.065002,0.042046,2.1986e-24,0,0.00059914,0.0013633,0.43946,0.016333
1.075,0.55506,0.005,-0.061851,0.044807,4.1014e-24,0,0.00059928,0.001411,0.42472,0.016331
1.025,0.60511,0.005,-0.05873,0.047377,-1.7723e-38,0,0.000594,0.0014396,0.4126,0.01634
0.975,0.65515,0.005,-0.055646,0.04976,-1.6985e-24,0,0.00058419,0.0014514,0.4025,0.016363
0.925,0.70519,0.005,-0.052598,0.051953,-1.538e-24,0,0.00057069,0.0014485,0.39398,0.0164
0.875,0.75523,0.005,-0.049579,0.05395,-4.2014e-24,0,0.00055427,0.001433,0.38679,0.016454
0.825,0.80528,0.005,-0.046575,0.055741,-2.1671e-24,0,0.00053565,0.0014065,0.38085,0.016525
0.775,0.85532,0.005,-0.043569,0.057315,2.2599e-24,0,0.00051547,0.0013697,0.37633,0.016615
0.725,0.90536,0.005,-0.04054,0.058661,2.3805e-24,0,0.00049422,0.0013241,0.37324,0.016723
0.675,0.9554,0.005,-0.037473,0.059763,-8.1893e-25,0,0.00047254,0.0012719,0.37153,0.016848
0.625,1.0054,0.005,-0.03436,0.060607,-7.265e-25,0,0.0004511,0.0012154,0.37117,0.016991
0.575,1.0555,0.005,-0.031173,0.061183,6.5396e-25,0,0.00043064,0.0011569,0.37224,0.017145
0.525,1.1055,0.005,-0.027919,0.061443,-4.6206e-24,0,0.00041199,0.0010988,0.37493,0.017306
0.475,1.1556,0.005,-0.024607,0.06134,2.9898e-24,0,0.00039594,0.0010435,0.37945,0.017468
0.425,1.2056,0.005,-0.021255,0.060835,6.6254e-24,0,0.0003832,0.00099256,0.38608,0.017624
0.375,1.2557,0.005,-0.017911,0.059888,-6.9643e-25,0,0.00037433,0.00094736,0.39513,0.017768
0.325,1.3057,0.005,-0.014656,0.058452,-5.5054e-24,0,0.00036962,0.00090776,0.40719,0.017893
0.275,1.3557,0.005,-0.011582,0.056437,-8.7986e-25,0,0.0003684,0.00087073,0.42309,0.017993
0.225,1.4058,0.005,-0.008753,0.053766,-2.094e-24,0,0.00036682,0.00082667,0.44373,0.018066
0.175,1.4558,0.005,-0.0061467,0.050583,-9.3238e-25,0,0.00035568,0.00075319,0.47224,0.018114
0.125,1.5059,0.005,-0.003845,0.047292,-9.8516e-25,0,0.00032252,0.00060878,0.52979,0.018148
0.075,1.5559,0.005,-0.0016339,0.043868,-3.0216e-24,0,0.00025165,0.000347,0.72522,0.01816
0.025,1.606,0.005,-0.00093594,0.037993,-3.6904e-24,0,0.00010053,5.1352e-05,1.9578,0.018181
1.675,0.024,0.005,-0.069528,0.0024037,3.3986e-26,0,0.00025031,8.5269e-05,2.9355,0.015285
1.625,0.072,0.005,-0.085207,0.0063378,-2.5003e-24,0,0.00025635,0.00017439,1.47,0.015592
1.575,0.12,0.005,-0.088665,0.011025,-2.539e-24,0,0.00032294,0.00032832,0.98362,0.015797
1.525,0.168,0.005,-0.087886,0.015313,2.8775e-24,0,0.00039849,0.0005216,0.76398,0.015953
1.475,0.216,0.005,-0.085564,0.019494,0,0,0.00046693,0.000723,0.64582,0.016055
1.425,0.264,0.005,-0.0826,0.023511,0,0,0.00052325,0.00091239,0.5735,0.016114
1.375,0.312,0.005,-0.079374,0.027308,-2.7833e-38,0,0.00056708,0.0010803,0.52492,0.016141
1.325,0.36,0.005,-0.076059,0.030871,5.1261e-24,0,0.00059947,0.0012234,0.49001,0.016151
1.275,0.408,0.005,-0.072732,0.034203,-2.8623e-38,0,0.00062186,0.0013412,0.46365,0.016152
1.225,0.456,0.005,-0.069426,0.037328,-4.5408e-24,0,0.00063566,0.0014349,0.443,0.01615
1.175,0.50502,0.005,-0.066118,0.040286,-2.0749e-24,0,0.0006433,0.0015115,0.42561,0.016148
1.125,0.55506,0.005,-0.062809,0.043079,1.9474e-24,0,0.00064451,0.0015668,0.41135,0.016149
1.075,0.60511,0.005,-0.059551,0.045693,1.7925e-24,0,0.00063986,0.0016013,0.3996,0.01616
1.025,0.65515,0.005,-0.056346,0.048135,-1.6444e-24,0,0.00063024,0.0016168,0.3898,0.016182
0.975,0.70519,0.005,-0.053193,0.050405,-1.4991e-24,0,0.00061648,0.0016158,0.38154,0.016219
0.925,0.75523,0.005,-0.050086,0.052502,2.0153e-24,0,0.00059939,0.0016003,0.37455,0.016271
0.875,0.80528,0.005,-0.047013,0.054421,6.5756e-24,0,0.00057968,0.0015724,0.36866,0.016339
0.825,0.85532,0.005,-0.043961,0.056154,1.0778e-24,0,0.00055808,0.0015335,0.36394,0.016425
0.775,0.90536,0.005,-0.040913,0.057695,-1.8977e-24,0,0.00053507,0.0014841,0.36053,0.016529
0.725,0.9554,0.005,-0.037851,0.059033,8.3226e-25,0,0.00051114,0.0014262,0.3584,0.01665
0.675,1.0054,0.005,-0.034758,0.060156,3.9953e-24,0,0.0004869,0.0013619,0.35751,0.016786
0.625,1.0555,0.005,-0.031632,0.061046,6.6806e-25,0,0.00046298,0.0012936,0.35791,0.016937
0.575,1.1055,0.005,-0.028469,0.061688,-1.2413e-32,0,0.0004401,0.0012236,0.35967,0.017097
0.525,1.1556,0.005,-0.025262,0.062049,5.2413e-24,0,0.0004191,0.0011545,0.363,0.017263
0.475,1.2056,0.005,-0.022034,0.062064,-7.7076e-24,0,0.00040083,0.0010888,0.36814,0.017427
0.425,1.2557,0.005,-0.018808,0.06168,2.9553e-24,0,0.00038604,0.0010285,0.37534,0.017583
0.375,1.3057,0.005,-0.015636,0.060833,5.7179e-24,0,0.00037534,0.0009751,0.38493,0.017725
0.325,1.3557,0.005,-0.012598,0.05946,-2.6615e-24,0,0.00036898,0.00092845,0.39741,0.017848
0.275,1.4058,0.005,-0.0097843,0.057473,-5.1865e-39,0,0.00036598,0.00088502,0.41352,0.017947
0.225,1.4558,0.005,-0.0072395,0.054827,-7.8643e-25,0,0.00036207,0.000834,0.43414,0.018021
0.175,1.5059,0.005,-0.0049349,0.0517,-1.7574e-24,0,0.00034814,0.00075199,0.46296,0.018074
0.125,1.5559,0.005,-0.0029586,0.048435,2.992e-24,0,0.00031286,0.0005989,0.52239,0.018113
0.075,1.606,0.005,-0.0011067,0.044906,-7.7653e-25,0,0.00024199,0.0003348,0.72277,0.01813
0.025,1.656,0.005,-0.00067193,0.038603,-1.1122e-24,0,9.319e-05,4.76e-05,1.9578,0.018155
1.725,0.024,0.005,-0.073542,0.0022059,2.3851e-26,0,0.00026164,8.7179e-05,3.0012,0.014984
1.675,0.072,0.005,-0.089162,0.0058312,1.2185e-23,0,0.00026156,0.00018089,1.446,0.015282
1.625,0.12,0.005,-0.092163,0.010136,-2.7319e-38,0,0.00033457,0.00035014,0.95553,0.015497
1.575,0.168,0.005,-0.090971,0.01412,2.5244e-24,0,0.0004168,0.00056334,0.73988,0.015667
1.525,0.216,0.005,-0.088274,0.018075,0,0,0.00049118,0.00078491,0.62577,0.015786
1.475,0.264,0.005,-0.084947,0.021922,0,0,0.00055261,0.00099291,0.55656,0.015864
1.425,0.312,0.005,-0.081388,0.025599,2.744e-24,0,0.00060077,0.0011775,0.51021,0.015911
1.375,0.36,0.005,-0.077783,0.029089,5.013e-24,0,0.00063671,0.0013352,0.47686,0.015936
1.325,0.408,0.005,-0.074208,0.032391,2.1685e-24,0,0.00066194,0.0014659,0.45156,0.015949
1.275,0.456,0.005,-0.070694,0.035509,-1.9032e-25,0,0.00067793,0.0015708,0.43159,0.015956
1.225,0.50502,0.005,-0.067203,0.038476,1.9241e-24,0,0.00068721,0.0016571,0.4147,0.015959
1.175,0.55506,0.005,-0.063734,0.041288,1.8629e-24,0,0.00068964,0.0017211,0.40071,0.015963
1.125,0.60511,0.005,-0.060336,0.043932,-1.7195e-24,0,0.00068579,0.0017626,0.38908,0.015976
1.075,0.65515,0.005,-0.057007,0.046415,3.5205e-39,0,0.0006766,0.0017837,0.37933,0.015999
1.025,0.70519,0.005,-0.053746,0.04874,3.3482e-24,0,0.0006629,0.0017863,0.37111,0.016036
0.975,0.75523,0.005,-0.050544,0.050909,3.8533e-24,0,0.00064546,0.0017726,0.36414,0.016086
0.925,0.80528,0.005,-0.047394,0.05292,2.3843e-24,0,0.00062503,0.0017448,0.35822,0.016152
0.875,0.85532,0.005,-0.044283,0.05477,-1.8732e-38,0,0.00060232,0.0017049,0.3533,0.016235
0.825,0.90536,0.005,-0.041197,0.056456,-4.0375e-24,0,0.00057796,0.0016535,0.34954,0.016334
0.775,0.9554,0.005,-0.038121,0.05797,-3.9292e-24,0,0.00055232,0.0015919,0.34695,0.016451
0.725,1.0054,0.005,-0.035041,0.059306,-7.4261e-25,0,0.00052591,0.0015221,0.34552,0.016583
0.675,1.0555,0.005,-0.031944,0.060451,1.3223e-24,0,0.00049929,0.0014461,0.34526,0.016729
0.625,1.1055,0.005,-0.028825,0.061388,3.2654e-24,0,0.00047307,0.0013664,0.34622,0.016887
0.575,1.1556,0.005,-0.025697,0.06209,-2.2179e-24,0,0.00044796,0.0012853,0.34851,0.017052
0.525,1.2056,0.005,-0.022562,0.062531,-2.8933e-24,0,0.00042478,0.0012056,0.35233,0.017221
0.475,1.2557,0.005,-0.019433,0.062649,-5.726e-25,0,0.00040444,0.00113,0.35793,0.017386
0.425,1.3057,0.005,-0.016352,0.062358,6.4023e-24,0,0.00038776,0.0010607,0.36557,0.017542
0.375,1.3557,0.005,-0.013374,0.061585,4.0258e-24,0,0.00037537,0.00099947,0.37557,0.017684
0.325,1.4058,0.005,-0.010576,0.06025,2.5671e-24,0,0.00036745,0.00094612,0.38838,0.017807
0.275,1.4558,0.005,-0.0080268,0.058268,6.5059e-25,0,0.00036274,0.00089645,0.40464,0.017907
0.225,1.5059,0.005,-0.005761,0.05563,1.9496e-24,0,0.00035655,0.00083851,0.42522,0.017985
0.175,1.5559,0.005,-0.0037555,0.052537,1.6838e-24,0,0.00034,0.00074823,0.4544,0.018043
0.125,1.606,0.005,-0.0020998,0.049271,1.9023e-24,0,0.00030286,0.00058719,0.51579,0.018088
0.075,1.656,0.005,-0.00059384,0.045612,1.8706e-24,0,0.00023212,0.00032191,0.72107,0.018111
0.025,1.706,0.005,-0.00044036,0.03887,0,0,8.5711e-05,4.378e-05,1.9578,0.018141
1.775,0.024,0.005,-0.077244,0.0020287,-7.9181e-24,0,0.00027235,8.8944e-05,3.062,0.014694
1.725,0.072,0.005,-0.092789,0.0053685,-7.0061e-24,0,0.00026672,0.00018723,1.4245,0.014982
1.675,0.12,0.005,-0.095419,0.0093345,5.1529e-24,0,0.00034603,0.00037142,0.93164,0.015201
1.625,0.168,0.005,-0.093887,0.013026,6.5356e-24,0,0.00043463,0.00060364,0.72001,0.015381
1.575,0.216,0.005,-0.090866,0.01676,2.398e-24,0,0.00051466,0.00084428,0.60959,0.015514
1.525,0.264,0.005,-0.087218,0.020416,3.1274e-24,0,0.00058108,0.00107,0.54308,0.015609
1.475,0.312,0.005,-0.083361,0.023949,2.3964e-24,0,0.00063355,0.0012705,0.49866,0.015674
1.425,0.36,0.005,-0.079487,0.027349,2.3755e-24,0,0.00067312,0.0014425,0.46664,0.015715
1.375,0.408,0.005,-0.075675,0.030599,2.8906e-38,0,0.00070129,0.0015858,0.44222,0.01574
1.325,0.456,0.005,-0.071955,0.033693,-1.7225e-26,0,0.0007196,0.001702,0.42281,0.015756
1.275,0.50502,0.005,-0.068282,0.036652,3.8839e-24,0,0.00073066,0.0017983,0.4063,0.015766
1.225,0.55506,0.005,-0.06465,0.03947,5.4472e-24,0,0.00073442,0.0018712,0.39248,0.015774
1.175,0.60511,0.005,-0.061108,0.04213,1.6443e-24,0,0.00073151,0.0019206,0.38087,0.01579
1.125,0.65515,0.005,-0.057653,0.044639,1.5182e-24,0,0.0007229,0.0019484,0.37102,0.015814
1.075,0.70519,0.005,-0.054279,0.047002,2.2403e-24,0,0.00070945,0.0019563,0.36266,0.015851
1.025,0.75523,0.005,-0.050979,0.049222,-1.2771e-24,0,0.00069194,0.0019462,0.35553,0.0159
0.975,0.80528,0.005,-0.047744,0.0513,-7.2045e-25,0,0.00067107,0.0019203,0.34946,0.015964
0.925,0.85532,0.005,-0.044564,0.053234,-2.2273e-38,0,0.00064757,0.0018807,0.34433,0.016044
0.875,0.90536,0.005,-0.041427,0.055024,1.4822e-25,0,0.00062214,0.0018289,0.34018,0.01614
0.825,0.9554,0.005,-0.038319,0.056669,1.668e-24,0,0.0005952,0.0017655,0.33713,0.016252
0.775,1.0054,0.005,-0.035228,0.058163,2.978e-24,0,0.00056713,0.0016922,0.33515,0.01638
0.725,1.0555,0.005,-0.032144,0.0595,-2.3652e-24,0,0.00053843,0.0016109,0.33424,0.016523
0.675,1.1055,0.005,-0.02906,0.060667,-5.9134e-25,0,0.00050961,0.0015237,0.33445,0.016677
0.625,1.1556,0.005,-0.025971,0.061644,-3.1776e-24,0,0.00048127,0.001433,0.33584,0.016841
0.575,1.2056,0.005,-0.022892,0.062403,1.4363e-38,0,0.00045411,0.0013413,0.33855,0.01701
0.525,1.2557,0.005,-0.019843,0.062906,5.1357e-25,0,0.00042897,0.0012516,0.34275,0.017182
0.475,1.3057,0.005,-0.016832,0.063096,-5.768e-24,0,0.00040676,0.0011665,0.34871,0.017348
0.425,1.3557,0.005,-0.013914,0.062875,2.3147e-24,0,0.00038836,0.0010888,0.35669,0.017506
0.375,1.4058,0.005,-0.011151,0.06215,2.7049e-24,0,0.00037445,0.0010203,0.36699,0.017648
0.325,1.4558,0.005,-0.0085973,0.06083,-2.4815e-24,0,0.00036514,0.00096072,0.38007,0.017772
0.275,1.5059,0.005,-0.0063118,0.058832,2.1977e-24,0,0.00035881,0.00090507,0.39645,0.017876
0.225,1.5559,0.005,-0.004325,0.056188,4.3386e-25,0,0.00035042,0.00084036,0.41699,0.017958
0.175,1.606,0.005,-0.0026171,0.053106,-6.8216e-33,0,0.00033144,0.00074213,0.44661,0.018022
0.125,1.656,0.005,-0.0012746,0.049812,1.0746e-24,0,0.0002927,0.00057386,0.51005,0.018073
0.075,1.706,0.005,-0.0001015,0.045997,-1.2859e-24,0,0.00022213,0.00030839,0.7203,0.018104
0.025,1.7561,0.005,-0.00018482,0.038815,-5.6706e-25,0,7.8652e-05,4.0174e-05,1.9578,0.01814
1.825,0.024,0.005,-0.080665,0.0018713,-5.3177e-27,0,0.00028247,9.0583e-05,3.1184,0.014416
1.775,0.072,0.005,-0.096145,0.0049544,-6.4296e-24,0,0.0002721,0.00019347,1.4064,0.014693
1.725,0.12,0.005,-0.098458,0.0086193,-3.0532e-24,0,0.00035731,0.00039195,0.91163,0.014913
1.675,0.168,0.005,-0.096643,0.012033,3.7994e-24,0,0.00045189,0.00064213,0.70374,0.015099
1.625,0.216,0.005,-0.09334,0.015554,1.4377e-24,0,0.00053734,0.00090066,0.59661,0.015242
1.575,0.264,0.005,-0.089415,0.019005,-8.7026e-25,0,0.00060859,0.001143,0.53247,0.015353
1.525,0.312,0.005,-0.085296,0.022385,2.6348e-24,0,0.00066533,0.0013587,0.4897,0.015434
1.475,0.36,0.005,-0.081178,0.025677,2.1159e-24,0,0.00070858,0.0015444,0.45881,0.015489
1.425,0.408,0.005,-0.077143,0.028856,-2.039e-24,0,0.0007398,0.0017001,0.43515,0.015526
1.375,0.456,0.005,-0.073222,0.031906,-3.8805e-24,0,0.00076055,0.0018274,0.4162,0.015552
1.325,0.50502,0.005,-0.069367,0.034842,-2.0056e-24,0,0.0007735,0.0019338,0.4,0.015569
1.275,0.55506,0.005,-0.065571,0.037652,1.6865e-24,0,0.00077871,0.0020158,0.3863,0.015583
1.225,0.60511,0.005,-0.061883,0.040315,-1.5683e-24,0,0.00077683,0.0020735,0.37465,0.015602
1.175,0.65515,0.005,-0.058298,0.042837,3.4374e-38,0,0.00076891,0.0021086,0.36465,0.015628
1.125,0.70519,0.005,-0.054807,0.045224,-1.3405e-24,0,0.00075584,0.0021228,0.35606,0.015665
1.075,0.75523,0.005,-0.051404,0.047478,-5.975e-24,0,0.00073842,0.0021179,0.34866,0.015714
1.025,0.80528,0.005,-0.04808,0.049601,-1.7899e-24,0,0.00071736,0.0020956,0.34232,0.015777
0.975,0.85532,0.005,-0.044824,0.051596,7.6393e-39,0,0.00069333,0.002058,0.3369,0.015854
0.925,0.90536,0.005,-0.041626,0.053462,-9.1622e-25,0,0.00066704,0.0020069,0.33237,0.015946
0.875,0.9554,0.005,-0.038473,0.0552,1.1795e-24,0,0.00063908,0.0019435,0.32884,0.016055
0.825,1.0054,0.005,-0.035356,0.056809,-5.8256e-33,0,0.00060975,0.0018686,0.32631,0.016178
0.775,1.0555,0.005,-0.032263,0.058286,6.4771e-25,0,0.00057945,0.0017841,0.32478,0.016317
0.725,1.1055,0.005,-0.029189,0.059625,-1.1943e-24,0,0.00054864,0.0016919,0.32428,0.016468
0.675,1.1556,0.005,-0.026132,0.060812,2.4804e-24,0,0.0005178,0.001594,0.32485,0.01663
0.625,1.2056,0.005,-0.023092,0.061824,9.5115e-33,0,0.00048753,0.0014928,0.32659,0.0168
0.575,1.2557,0.005,-0.02008,0.062629,-2.7204e-24,0,0.00045853,0.0013911,0.32962,0.016973
0.525,1.3057,0.005,-0.01711,0.063178,-8.7193e-25,0,0.00043166,0.0012919,0.33414,0.017146
0.475,1.3557,0.005,-0.014249,0.063415,-8.8813e-24,0,0.00040783,0.0011981,0.34039,0.017316
0.425,1.4058,0.005,-0.011528,0.063236,-3.1924e-24,0,0.00038789,0.0011127,0.3486,0.017474
0.375,1.4558,0.005,-0.0089755,0.062537,-4.1532e-25,0,0.00037268,0.0010376,0.35917,0.017619
0.325,1.5059,0.005,-0.0066656,0.061202,-2.7866e-24,0,0.00036216,0.00097229,0.37248,0.017746
0.275,1.5559,0.005,-0.0046446,0.059172,-2.441e-24,0,0.0003543,0.00091096,0.38893,0.017853
0.225,1.606,0.005,-0.0029385,0.056507,-4.5326e-25,0,0.0003438,0.00083969,0.40944,0.017941
0.175,1.656,0.005,-0.0015253,0.053416,-2.974e-24,0,0.00032261,0.00073387,0.4396,0.018012
0.125,1.706,0.005,-0.00049025,0.050075,1.2815e-24,0,0.00028246,0.00055902,0.50527,0.01807
0.075,1.7561,0.005,0.00033784,0.046083,5.8681e-39,0,0.0002119,0.00029281,0.72367,0.018109
0.025,1.8061,0.005,6.4623e-05,0.038452,0,0,7.2138e-05,3.6847e-05,1.9578,0.01815
1.875,0.024,0.005,-0.083836,0.0017312,-6.7159e-24,0,0.00029208,9.211e-05,3.171,0.01415
1.825,0.072,0.005,-0.099254,0.0045865,-5.5805e-25,0,0.0002776,0.00019953,1.3912,0.014416
1.775,0.12,0.005,-0.1013,0.0079808,-4.5673e-24,0,0.00036836,0.00041159,0.89495,0.014634
1.725,0.168,0.005,-0.099247,0.011143,-3.9034e-24,0,0.00046857,0.00067861,0.69048,0.014824
1.675,0.216,0.005,-0.095701,0.014452,-1.8193e-24,0,0.00055919,0.00095382,0.58626,0.014974
1.625,0.264,0.005,-0.09154,0.017698,-2.9109e-24,0,0.00063512,0.0012117,0.52417,0.015098
1.575,0.312,0.005,-0.087193,0.020922,-1.934e-24,0,0.00069607,0.0014417,0.48282,0.015192
1.525,0.36,0.005,-0.082857,0.024093,-3.4767e-25,0,0.00074301,0.0016405,0.4529,0.01526
1.475,0.408,0.005,-0.078615,0.027183,1.7297e-25,0,0.00077735,0.0018083,0.42988,0.015308
1.425,0.456,0.005,-0.074501,0.030171,-7.4834e-26,0,0.00080066,0.0019465,0.41133,0.015345
1.375,0.50502,0.005,-0.070467,0.033069,-1.8961e-25,0,0.00081565,0.0020629,0.39539,0.01537
1.325,0.55506,0.005,-0.066506,0.035857,3.1916e-24,0,0.00082243,0.0021542,0.38178,0.015389
1.275,0.60511,0.005,-0.062671,0.03851,1.7249e-24,0,0.00082168,0.0022203,0.37008,0.015412
1.225,0.65515,0.005,-0.058952,0.041033,3.0316e-38,0,0.00081452,0.002263,0.35993,0.015441
1.175,0.70519,0.005,-0.055342,0.04343,-1.674e-24,0,0.00080192,0.0022841,0.35108,0.015479
1.125,0.75523,0.005,-0.051832,0.045703,4.9744e-25,0,0.0007847,0.0022852,0.34338,0.015528
1.075,0.80528,0.005,-0.048414,0.047857,4.4933e-24,0,0.00076358,0.0022679,0.33669,0.015589
1.025,0.85532,0.005,-0.045076,0.049893,9.8558e-25,0,0.00073923,0.0022339,0.33092,0.015664
0.975,0.90536,0.005,-0.041809,0.051812,-8.9045e-25,0,0.0007123,0.002185,0.326,0.015754
0.925,0.9554,0.005,-0.038603,0.053617,1.0852e-24,0,0.00068349,0.0021228,0.32197,0.015859
0.875,1.0054,0.005,-0.035446,0.055308,-3.9528e-24,0,0.00065317,0.0020481,0.31891,0.015978
0.825,1.0555,0.005,-0.03233,0.056887,-2.7152e-24,0,0.00062164,0.0019624,0.31678,0.016113
0.775,1.1055,0.005,-0.029249,0.058349,5.5956e-25,0,0.00058929,0.0018672,0.3156,0.01626
0.725,1.1556,0.005,-0.026198,0.059689,1.8328e-24,0,0.00055654,0.0017645,0.31542,0.01642
0.675,1.2056,0.005,-0.023181,0.060892,-8.9076e-33,0,0.00052387,0.0016564,0.31628,0.016589
0.625,1.2557,0.005,-0.020203,0.061931,-2.1723e-24,0,0.00049187,0.0015454,0.31829,0.016764
0.575,1.3057,0.005,-0.017277,0.06277,8.11e-39,0,0.00046125,0.0014343,0.32159,0.016942
0.525,1.3557,0.005,-0.014427,0.063367,3.459e-25,0,0.00043298,0.0013264,0.32643,0.017118
0.475,1.4058,0.005,-0.011721,0.06361,-8.8682e-39,0,0.00040762,0.0012246,0.33285,0.017289
0.425,1.4558,0.005,-0.0091943,0.063449,3.0133e-24,0,0.00038634,0.0011322,0.34123,0.01745
0.375,1.5059,0.005,-0.0068528,0.062745,5.1022e-24,0,0.00037013,0.0010513,0.35206,0.017597
0.325,1.5559,0.005,-0.0047836,0.061369,-2.3377e-24,0,0.00035858,0.00098087,0.36557,0.017728
0.275,1.606,0.005,-0.0030325,0.059291,-1.2214e-25,0,0.00034929,0.00091421,0.38206,0.017841
0.225,1.656,0.005,-0.0016075,0.056594,-1.7376e-24,0,0.00033682,0.00083664,0.40259,0.017935
0.175,1.706,0.005,-0.00048584,0.053479,1.5877e-25,0,0.0003136,0.00072357,0.43341,0.018013
0.125,1.7561,0.005,0.00025289,0.050073,1.1232e-24,0,0.00027217,0.00054202,0.50213,0.018079
0.075,1.8061,0.005,0.00077563,0.045893,-1.7558e-24,0,0.00020156,0.00027554,0.73151,0.018126
0.025,1.8562,0.005,0.00031325,0.037785,-1.6294e-24,0,6.6015e-05,3.372e-05,1.9578,0.018173
1.925,0.024,0.005,-0.086783,0.0016068,6.1382e-24,0,0.00030122,9.3539e-05,3.2202,0.013897
1.875,0.072,0.005,-0.10215,0.0042589,-4.4948e-25,0,0.00028315,0.0002054,1.3785,0.014152
1.825,0.12,0.005,-0.10396,0.0074102,-1.0682e-24,0,0.00037912,0.00043031,0.88105,0.014366
1.775,0.168,0.005,-0.1017,0.010349,1.3879e-24,0,0.00048465,0.00071304,0.6797,0.014557
1.725,0.216,0.005,-0.097953,0.013448,-3.1893e-24,0,0.00058018,0.0010037,0.57803,0.014713
1.675,0.264,0.005,-0.093591,0.016501,2.7869e-24,0,0.00066064,0.0012761,0.51772,0.014846
1.625,0.312,0.005,-0.089049,0.019565,1.7296e-24,0,0.00072574,0.0015196,0.4776,0.01495
1.575,0.36,0.005,-0.084519,0.022605,-1.7485e-24,0,0.00077635,0.0017309,0.44852,0.015029
1.525,0.408,0.005,-0.080087,0.025592,-2.0013e-24,0,0.00081389,0.0019103,0.42605,0.015089
1.475,0.456,0.005,-0.075792,0.028504,1.6109e-25,0,0.00083987,0.0020593,0.40785,0.015135
1.425,0.50502,0.005,-0.071583,0.031348,1.6514e-24,0,0.00085702,0.0021855,0.39213,0.015168
1.375,0.55506,0.005,-0.067459,0.0341,-2.3499e-25,0,0.00086549,0.0022861,0.37859,0.015195
1.325,0.60511,0.005,-0.063475,0.036732,1.5999e-38,0,0.00086599,0.0023606,0.36685,0.015222
1.275,0.65515,0.005,-0.059622,0.039245,3.081e-25,0,0.00085969,0.0024111,0.35655,0.015254
1.225,0.70519,0.005,-0.05589,0.04164,-2.8366e-24,0,0.00084762,0.0024394,0.34747,0.015293
1.175,0.75523,0.005,-0.052271,0.043921,-2.2683e-24,0,0.00083066,0.002447,0.33947,0.015342
1.125,0.80528,0.005,-0.048754,0.046091,4.1641e-33,0,0.00080957,0.0024354,0.33242,0.015403
1.075,0.85532,0.005,-0.04533,0.048152,-3.3232e-24,0,0.00078503,0.0024061,0.32626,0.015476
1.025,0.90536,0.005,-0.041989,0.050107,-2.5738e-24,0,0.00075766,0.0023608,0.32093,0.015563
0.975,0.9554,0.005,-0.03872,0.051959,0,0,0.00072811,0.0023011,0.31642,0.015664
0.925,1.0054,0.005,-0.035515,0.053709,2.5511e-24,0,0.00069697,0.002228,0.31282,0.015781
0.875,1.0555,0.005,-0.032364,0.055359,4.5238e-24,0,0.00066446,0.0021426,0.31011,0.015911
0.825,1.1055,0.005,-0.029261,0.056909,5.3969e-25,0,0.0006309,0.0020464,0.3083,0.016055
0.775,1.1556,0.005,-0.026202,0.058358,-2.1833e-24,0,0.00059667,0.001941,0.3074,0.016211
0.725,1.2056,0.005,-0.023188,0.059697,-2.308e-24,0,0.00056217,0.0018284,0.30747,0.016378
0.675,1.2557,0.005,-0.020224,0.060909,2.4315e-24,0,0.00052787,0.0017106,0.30858,0.016553
0.625,1.3057,0.005,-0.017319,0.061966,-3.2501e-25,0,0.00049434,0.0015904,0.31082,0.016734
0.575,1.3557,0.005,-0.014499,0.06283,2.2533e-38,0,0.00046232,0.0014707,0.31435,0.016916
0.525,1.4058,0.005,-0.011799,0.063427,3.2159e-24,0,0.00043272,0.0013548,0.31939,0.017096
0.475,1.4558,0.005,-0.0092376,0.063685,2.2136e-25,0,0.00040626,0.001246,0.32604,0.017269
0.425,1.5059,0.005,-0.0068938,0.063498,2.6332e-24,0,0.00038389,0.0011475,0.33454,0.017434
0.375,1.5559,0.005,-0.0047798,0.062766,2.4893e-24,0,0.00036695,0.0010616,0.34565,0.017585
0.325,1.606,0.005,-0.0029614,0.061333,0,0,0.0003545,0.00098657,0.35933,0.017721
0.275,1.656,0.005,-0.0014828,0.059196,1.9754e-24,0,0.00034388,0.00091498,0.37584,0.01784
0.225,1.706,0.005,-0.00033659,0.056455,-1.8998e-24,0,0.00032957,0.00083138,0.39641,0.017941
0.175,1.7561,0.005,0.00050384,0.053303,-1.0663e-38,0,0.00030448,0.0007111,0.42819,0.018026
0.125,1.8061,0.005,0.00097326,0.049813,1.7469e-24,0,0.00026178,0.0005221,0.50139,0.0181
0.075,1.8562,0.005,0.0011902,0.045429,-7.6576e-25,0,0.00019113,0.00025725,0.74297,0.018155
0.025,1.9062,0.005,0.00052307,0.036829,-2.5364e-24,0,6.0191e-05,3.0745e-05,1.9578,0.018207
1.975,0.024,0.005,-0.08953,0.001496,5.6889e-24,0,0.00030992,9.4882e-05,3.2664,0.013656
1.925,0.072,0.005,-0.10485,0.0039671,9.2568e-24,0,0.00028871,0.00021105,1.368,0.0139
1.875,0.12,0.005,-0.10645,0.0069003,4.0078e-38,0,0.00038959,0.00044807,0.86947,0.014109
1.825,0.168,0.005,-0.10403,0.0096365,2.3602e-24,0,0.00050013,0.00074543,0.67093,0.0143
1.775,0.216,0.005,-0.1001,0.012536,3.0131e-24,0,0.00060034,0.0010504,0.57152,0.014459
1.725,0.264,0.005,-0.09557,0.015409,-1.4554e-24,0,0.00068517,0.0013363,0.51275,0.014598
1.675,0.312,0.005,-0.09086,0.018314,-8.2601e-25,0,0.00075431,0.0015924,0.47369,0.014711
1.625,0.36,0.005,-0.086159,0.021218,2.1336e-24,0,0.0008086,0.0018157,0.44534,0.0148
1.575,0.408,0.005,-0.081555,0.024093,-1.9415e-24,0,0.00084937,0.0020063,0.42336,0.01487
1.525,0.456,0.005,-0.07709,0.026916,-1.5551e-24,0,0.00087811,0.0021657,0.40546,0.014925
1.475,0.50502,0.005,-0.072715,0.029693,0,0,0.00089754,0.0023017,0.38995,0.014966
1.425,0.55506,0.005,-0.068431,0.032396,-2.7679e-25,0,0.00090785,0.0024114,0.37648,0.014999
1.375,0.60511,0.005,-0.064299,0.034995,-2.9556e-24,0,0.00090971,0.0024944,0.3647,0.015031
1.325,0.65515,0.005,-0.06031,0.037486,-2.8279e-24,0,0.00090436,0.0025527,0.35427,0.015066
1.275,0.70519,0.005,-0.056455,0.03987,-1.1702e-24,0,0.0008929,0.0025882,0.34499,0.015107
1.225,0.75523,0.005,-0.052723,0.042147,-2.6287e-24,0,0.00087627,0.0026025,0.3367,0.015157
1.175,0.80528,0.005,-0.049105,0.044321,-1.5554e-24,0,0.00085527,0.0025971,0.32932,0.015217
1.125,0.85532,0.005,-0.045591,0.046395,-9.1517e-25,0,0.0008306,0.0025733,0.32278,0.015289
1.075,0.90536,0.005,-0.042171,0.048372,-8.3129e-25,0,0.0008029,0.0025325,0.31703,0.015374
1.025,0.9554,0.005,-0.038834,0.050254,-7.4907e-25,0,0.00077277,0.0024763,0.31206,0.015473
0.975,1.0054,0.005,-0.035573,0.052044,8.0153e-39,0,0.00074088,0.002406,0.30793,0.015585
0.925,1.0555,0.005,-0.032378,0.053743,3.0225e-24,0,0.00070755,0.0023224,0.30466,0.015712
0.875,1.1055,0.005,-0.029242,0.055356,2.4556e-24,0,0.00067302,0.0022268,0.30224,0.015853
0.825,1.1556,0.005,-0.026163,0.056881,-2.4969e-24,0,0.00063761,0.0021206,0.30068,0.016006
0.775,1.2056,0.005,-0.023139,0.058314,-3.8893e-25,0,0.00060168,0.0020055,0.30002,0.01617
0.725,1.2557,0.005,-0.020173,0.059648,3.3234e-25,0,0.00056561,0.0018834,0.30031,0.016344
0.675,1.3057,0.005,-0.017273,0.060863,2.8166e-25,0,0.00052986,0.0017567,0.30163,0.016525
0.625,1.3557,0.005,-0.014458,0.061929,-4.7222e-33,0,0.00049502,0.0016279,0.30408,0.01671
0.575,1.4058,0.005,-0.011752,0.062798,-2.7939e-24,0,0.00046182,0.0015003,0.30781,0.016896
0.525,1.4558,0.005,-0.0091962,0.063392,-2.9334e-24,0,0.00043114,0.0013773,0.31303,0.01708
0.475,1.5059,0.005,-0.0068086,0.063624,-7.9379e-24,0,0.00040381,0.0012624,0.31988,0.017259
0.425,1.5559,0.005,-0.0046366,0.063394,2.5097e-24,0,0.00038075,0.0011588,0.32859,0.017427
0.375,1.606,0.005,-0.0027646,0.062604,0,0,0.00036324,0.0010686,0.33992,0.017583
0.325,1.656,0.005,-0.0012091,0.061099,0,0,0.00035004,0.00098961,0.35372,0.017726
0.275,1.706,0.005,1.0536e-06,0.058892,1.9032e-24,0,0.0003382,0.00091363,0.37018,0.01785
0.225,1.7561,0.005,0.00087858,0.056098,-8.8482e-40,0,0.00032211,0.00082399,0.39092,0.017958
0.175,1.8061,0.005,0.0014501,0.052894,-6.9394e-25,0,0.0002952,0.00069568,0.42434,0.018051
0.125,1.8562,0.005,0.0016592,0.049313,-5.8946e-26,0,0.00025131,0.0004996,0.50303,0.018131
0.075,1.9062,0.005,0.0015804,0.044708,-6.4293e-25,0,0.00018066,0.00023857,0.75724,0.018194
0.025,1.9563,0.005,0.00072223,0.035606,-1.6489e-25,0,5.461e-05,2.7894e-05,1.9578,0.01825
2.025,0.024,0.005,-0.092099,0.0013973,-5.304e-24,0,0.00031825,9.6147e-05,3.31,0.013427
1.975,0.072,0.005,-0.10737,0.0037068,-4.5892e-24,0,0.00029422,0.00021646,1.3593,0.01366
1.925,0.12,0.005,-0.1088,0.0064442,2.9928e-24,0,0.00039973,0.00046488,0.85985,0.013863
1.875,0.168,0.005,-0.10622,0.0089985,1.0022e-24,0,0.00051502,0.00077582,0.66384,0.014053
1.825,0.216,0.005,-0.10215,0.011714,-2.9413e-38,0,0.00061969,0.0010941,0.56639,0.014213
1.775,0.264,0.005,-0.097477,0.014417,1.276e-24,0,0.00070873,0.0013925,0.50898,0.014357
1.725,0.312,0.005,-0.092623,0.017167,1.3732e-24,0,0.00078181,0.0016605,0.47083,0.014476
1.675,0.36,0.005,-0.087771,0.019933,2.0522e-24,0,0.00083974,0.0018951,0.44311,0.014573
1.625,0.408,0.005,-0.083012,0.022689,1.8765e-24,0,0.00088378,0.0020964,0.42157,0.014651
1.575,0.456,0.005,-0.07839,0.025414,-1.3721e-24,0,0.00091536,0.002266,0.40395,0.014714
1.525,0.50502,0.005,-0.073857,0.028112,-3.6122e-25,0,0.00093719,0.0024116,0.38862,0.014763
1.475,0.55506,0.005,-0.069419,0.030755,2.964e-24,0,0.00094945,0.0025303,0.37523,0.014802
1.425,0.60511,0.005,-0.065142,0.033309,1.2592e-24,0,0.0009528,0.0026218,0.36342,0.01484
1.375,0.65515,0.005,-0.061018,0.035768,1.5122e-39,0,0.00094852,0.002688,0.35288,0.014878
1.325,0.70519,0.005,-0.057039,0.03813,3.7953e-25,0,0.00093775,0.0027307,0.34341,0.014922
1.275,0.75523,0.005,-0.053193,0.040395,2.5186e-24,0,0.0009215,0.0027518,0.33487,0.014973
1.225,0.80528,0.005,-0.049472,0.042564,3.9351e-24,0,0.00090064,0.0027526,0.32719,0.015033
1.175,0.85532,0.005,-0.045864,0.044639,2.3887e-24,0,0.0008759,0.0027346,0.3203,0.015104
1.125,0.90536,0.005,-0.04236,0.046625,3.1455e-24,0,0.00084793,0.0026991,0.31416,0.015187
1.075,0.9554,0.005,-0.038951,0.048524,2.3163e-24,0,0.00081734,0.0026472,0.30875,0.015283
1.025,1.0054,0.005,-0.035627,0.050339,6.456e-25,0,0.00078474,0.0025805,0.3041,0.015393
0.975,1.0555,0.005,-0.032381,0.052071,-2.0515e-38,0,0.00075068,0.0024998,0.3003,0.015516
0.925,1.1055,0.005,-0.029205,0.053725,-4.988e-25,0,0.00071532,0.002406,0.2973,0.015653
0.875,1.1556,0.005,-0.026095,0.055302,-4.2993e-25,0,0.00067895,0.0023006,0.29512,0.015803
0.825,1.2056,0.005,-0.023049,0.056802,-1.663e-24,0,0.00064187,0.0021848,0.29379,0.015965
0.775,1.2557,0.005,-0.02007,0.058219,-7.026e-41,0,0.00060442,0.0020605,0.29333,0.016137
0.725,1.3057,0.005,-0.017163,0.059543,-2.753e-24,0,0.00056696,0.0019296,0.29382,0.016318
0.675,1.3557,0.005,-0.014342,0.060753,-1.9037e-25,0,0.00052996,0.0017944,0.29533,0.016505
0.625,1.4058,0.005,-0.011629,0.061813,-2.2077e-24,0,0.00049401,0.0016579,0.29798,0.016695
0.575,1.4558,0.005,-0.0090489,0.062668,-7.3961e-26,0,0.00045986,0.0015232,0.3019,0.016886
0.525,1.5059,0.005,-0.0066382,0.06324,-2.6137e-24,0,0.00042837,0.0013939,0.30731,0.017075
0.475,1.5559,0.005,-0.0044286,0.063435,-5.1647e-24,0,0.00040044,0.0012738,0.31436,0.017258
0.425,1.606,0.005,-0.0024596,0.063159,2.6634e-24,0,0.00037707,0.0011662,0.32333,0.017431
0.375,1.656,0.005,-0.00082679,0.062266,0,0,0.00035912,0.0010726,0.33482,0.017594
0.325,1.706,0.005,0.00047296,0.060674,0,0,0.00034534,0.00099059,0.34863,0.017741
0.275,1.7561,0.005,0.0014217,0.058386,-5.2707e-25,0,0.0003323,0.00091005,0.36515,0.017873
0.225,1.8061,0.005,0.0020368,0.05553,2.8807e-38,0,0.00031445,0.00081391,0.38634,0.017987
0.175,1.8562,0.005,0.0023473,0.05227,3.0887e-24,0,0.00028581,0.00067734,0.42196,0.018087
0.125,1.9062,0.005,0.0023057,0.048588,-8.8591e-25,0,0.00024079,0.00047493,0.50699,0.018173
0.075,1.9563,0.005,0.0019454,0.043744,-1.0699e-24,0,0.00017015,0.00021988,0.77381,0.018242
0.025,2.0063,0.005,0.00090423,0.034135,-9.3313e-26,0,4.9243e-05,2.5152e-05,1.9578,0.018301
2.075,0.024,0.005,-0.094508,0.0013092,-5.5386e-26,0,0.00032622,9.7344e-05,3.3512,0.01321
2.025,0.072,0.005,-0.10975,0.0034744,-4.2298e-24,0,0.00029967,0.00022163,1.3521,0.013433
1.975,0.12,0.005,-0.11101,0.0060358,-1.2332e-24,0,0.00040954,0.00048075,0.85188,0.013629
1.925,0.168,0.005,-0.10831,0.0084269,1.7004e-24,0,0.00052933,0.00080432,0.65812,0.013816
1.875,0.216,0.005,-0.1041,0.010973,-1.0245e-24,0,0.00063824,0.0011349,0.5624,0.013976
1.825,0.264,0.005,-0.099313,0.013517,-3.5111e-24,0,0.00073133,0.0014449,0.50615,0.014122
1.775,0.312,0.005,-0.094334,0.016117,2.1593e-24,0,0.00080826,0.0017241,0.46881,0.014246
1.725,0.36,0.005,-0.089351,0.018746,5.9215e-25,0,0.00086978,0.0019694,0.44164,0.014349
1.675,0.408,0.005,-0.084452,0.021381,5.0116e-25,0,0.00091711,0.0021811,0.42049,0.014434
1.625,0.456,0.005,-0.079686,0.024001,-1.2589e-24,0,0.00095159,0.0023605,0.40313,0.014505
1.575,0.50502,0.005,-0.075006,0.026611,-4.6243e-25,0,0.00097591,0.0025154,0.38797,0.014561
1.525,0.55506,0.005,-0.07042,0.029185,2.825e-24,0,0.00099025,0.0026432,0.37465,0.014607
1.475,0.60511,0.005,-0.066001,0.031684,1.1828e-24,0,0.00099521,0.002743,0.36282,0.014649
1.425,0.65515,0.005,-0.061745,0.0341,1.4702e-24,0,0.00099211,0.002817,0.35219,0.014691
1.375,0.70519,0.005,-0.057641,0.036431,-2.1111e-33,0,0.00098214,0.0028671,0.34256,0.014737
1.325,0.75523,0.005,-0.053681,0.038673,-1.2784e-38,0,0.00096635,0.0028949,0.33381,0.01479
1.275,0.80528,0.005,-0.049854,0.040828,2.3422e-24,0,0.00094568,0.0029021,0.32586,0.01485
1.225,0.85532,0.005,-0.046151,0.042897,8.4191e-25,0,0.0009209,0.00289,0.31865,0.01492
1.175,0.90536,0.005,-0.042561,0.044882,1.472e-24,0,0.00089271,0.0028599,0.31215,0.015002
1.125,0.9554,0.005,-0.039075,0.046786,8.1914e-25,0,0.00086172,0.002813,0.30634,0.015096
1.075,1.0054,0.005,-0.035684,0.048613,-2.7655e-39,0,0.00082851,0.0027504,0.30123,0.015203
1.025,1.0555,0.005,-0.03238,0.050365,5.4938e-25,0,0.00079372,0.0026733,0.2969,0.015323
0.975,1.1055,0.005,-0.029156,0.052046,-1.2344e-24,0,0.00075762,0.0025825,0.29337,0.015457
0.925,1.1556,0.005,-0.026007,0.053657,1.8028e-24,0,0.00072041,0.0024789,0.29061,0.015603
0.875,1.2056,0.005,-0.022932,0.0552,4.1486e-24,0,0.00068237,0.002364,0.28865,0.015762
0.825,1.2557,0.005,-0.019929,0.056673,2.2895e-24,0,0.00064379,0.0022392,0.28751,0.015932
0.775,1.3057,0.005,-0.017005,0.058071,4.3076e-25,0,0.00060499,0.0021061,0.28725,0.016112
0.725,1.3557,0.005,-0.014169,0.059379,2.241e-24,0,0.00056634,0.0019669,0.28793,0.016299
0.675,1.4058,0.005,-0.011438,0.060574,-9.6094e-39,0,0.00052829,0.0018241,0.28962,0.016492
0.625,1.4558,0.005,-0.0088359,0.061615,2.4245e-24,0,0.00049146,0.0016805,0.29245,0.016688
0.575,1.5059,0.005,-0.0063892,0.062441,1.1234e-38,0,0.00045659,0.0015396,0.29657,0.016885
0.525,1.5559,0.005,-0.0041333,0.062973,-2.6967e-24,0,0.00042456,0.001405,0.30217,0.017079
0.475,1.606,0.005,-0.002112,0.063114,2.2603e-25,0,0.00039632,0.0012808,0.30943,0.017268
0.425,1.656,0.005,-0.00036352,0.062751,0,0,0.00037287,0.0011701,0.31866,0.017447
0.375,1.706,0.005,0.0010386,0.061757,0,0,0.00035481,0.0010744,0.33024,0.017615
0.325,1.7561,0.005,0.0020853,0.06006,-5.859e-25,0,0.00034047,0.00098919,0.34418,0.017769
0.275,1.8061,0.005,0.0027753,0.057685,2.6818e-24,0,0.00032619,0.00090401,0.36082,0.017906
0.225,1.8562,0.005,0.0031336,0.054765,-9.1659e-25,0,0.0003066,0.00080108,0.38273,0.018027
0.175,1.9062,0.005,0.0031914,0.051446,1.1657e-24,0,0.00027631,0.00065613,0.42111,0.018132
0.125,1.9563,0.005,0.0029094,0.047653,1.559e-24,0,0.00023018,0.00044852,0.51321,0.018223
0.075,2.0063,0.005,0.002282,0.042556,1.4731e-24,0,0.00015961,0.00020149,0.79216,0.018297
0.025,2.0563,0.005,0.001066,0.032436,-4.0454e-24,0,4.4076e-05,2.2513e-05,1.9578,0.018359
2.125,0.024,0.005,-0.096774,0.0012307,0,0,0.00033388,9.848e-05,3.3903,0.013003
2.075,0.072,0.005,-0.11198,0.0032664,7.5314e-38,0,0.00030504,0.00022656,1.3464,0.013216
2.025,0.12,0.005,-0.1131,0.0056694,5.1078e-25,0,0.00041903,0.00049572,0.8453,0.013406
1.975,0.168,0.005,-0.11028,0.0079144,2.8518e-24,0,0.00054309,0.000831,0.65354,0.013589
1.925,0.216,0.005,-0.10597,0.010305,4.0819e-38,0,0.00065605,0.0011729,0.55933,0.013749
1.875,0.264,0.005,-0.10108,0.012702,2.5683e-38,0,0.00075303,0.0014938,0.5041,0.013895
1.825,0.312,0.005,-0.095992,0.015159,-9.6875e-25,0,0.0008337,0.0017835,0.46745,0.014022
1.775,0.36,0.005,-0.090893,0.017653,-4.6171e-39,0,0.00089877,0.002039,0.44079,0.01413
1.725,0.408,0.005,-0.08587,0.020166,-1.1845e-24,0,0.00094937,0.0022605,0.41998,0.014221
1.675,0.456,0.005,-0.080972,0.022677,-1.2017e-24,0,0.0009868,0.0024495,0.40286,0.014298
1.625,0.50502,0.005,-0.076155,0.025194,2.7457e-24,0,0.0010137,0.0026136,0.38786,0.01436
1.575,0.55506,0.005,-0.071429,0.027689,2.2971e-24,0,0.0010302,0.0027502,0.37461,0.014412
1.525,0.60511,0.005,-0.066875,0.030124,0,0,0.0010369,0.0028583,0.36278,0.014459
1.475,0.65515,0.005,-0.062488,0.03249,0,0,0.0010351,0.0029401,0.35207,0.014506
1.425,0.70519,0.005,-0.058261,0.03478,-9.9992e-25,0,0.001026,0.0029975,0.34231,0.014554
1.375,0.75523,0.005,-0.054187,0.036992,1.978e-39,0,0.0010108,0.0030321,0.33337,0.014608
1.325,0.80528,0.005,-0.050254,0.039124,1.7435e-33,0,0.00099038,0.0030457,0.32518,0.014669
1.275,0.85532,0.005,-0.046454,0.041178,-1.2188e-38,0,0.00096561,0.0030395,0.31769,0.014739
1.225,0.90536,0.005,-0.042775,0.043153,2.1409e-24,0,0.00093723,0.0030149,0.31086,0.014819
1.175,0.9554,0.005,-0.039209,0.045054,6.6699e-25,0,0.00090588,0.0029731,0.30469,0.014911
1.125,1.0054,0.005,-0.035747,0.046883,1.4877e-24,0,0.00087213,0.0029152,0.29917,0.015016
1.075,1.0555,0.005,-0.03238,0.048643,8.9735e-39,0,0.0008366,0.0028422,0.29435,0.015133
1.025,1.1055,0.005,-0.029103,0.050338,-9.1671e-33,0,0.0007998,0.002755,0.29031,0.015264
0.975,1.1556,0.005,-0.025909,0.051969,1.6975e-24,0,0.00076182,0.0026543,0.28702,0.015407
0.925,1.2056,0.005,-0.022795,0.053539,2.112e-24,0,0.00072294,0.0025413,0.28447,0.015563
0.875,1.2557,0.005,-0.019762,0.055048,2.5641e-25,0,0.0006834,0.0024173,0.28271,0.01573
0.825,1.3057,0.005,-0.016812,0.056494,-1.9045e-25,0,0.0006435,0.0022838,0.28177,0.015908
0.775,1.3557,0.005,-0.013953,0.057868,2.234e-24,0,0.00060354,0.0021425,0.28169,0.016095
0.725,1.4058,0.005,-0.011198,0.059153,2.3341e-24,0,0.00056388,0.0019957,0.28255,0.01629
0.675,1.4558,0.005,-0.0085667,0.060322,-1.7296e-26,0,0.000525,0.0018458,0.28443,0.016489
0.625,1.5059,0.005,-0.0060829,0.06133,2.6193e-24,0,0.0004875,0.0016959,0.28746,0.016691
0.575,1.5559,0.005,-0.0037766,0.062113,-1.8631e-25,0,0.00045216,0.0015497,0.29178,0.016894
0.525,1.606,0.005,-0.0016863,0.062589,-5.6817e-25,0,0.00041987,0.001411,0.29758,0.017094
0.475,1.656,0.005,0.00014331,0.062654,2.4969e-24,0,0.00039169,0.0012841,0.30502,0.017288
0.425,1.706,0.005,0.0016661,0.062186,2.3609e-24,0,0.00036845,0.0011715,0.31452,0.017474
0.375,1.7561,0.005,0.0028301,0.061074,0,0,0.00035032,0.0010736,0.32631,0.017648
0.325,1.8061,0.005,0.0036239,0.059263,-2.6804e-24,0,0.00033542,0.00098542,0.34038,0.017807
0.275,1.8562,0.005,0.0040572,0.056798,1.6206e-24,0,0.00031987,0.00089545,0.35722,0.01795
0.225,1.9062,0.005,0.0041643,0.053815,2.6674e-24,0,0.00029857,0.0007854,0.38016,0.018076
0.175,1.9563,0.005,0.003978,0.050434,-3.1364e-25,0,0.00026668,0.00063215,0.42186,0.018186
0.125,2.0063,0.005,0.0034651,0.046524,3.1369e-38,0,0.00021947,0.00042081,0.52154,0.01828
0.075,2.0563,0.005,0.0025852,0.041162,1.9438e-24,0,0.00014906,0.00018363,0.81175,0.018358
0.025,2.1064,0.005,0.0012049,0.030536,4.5125e-24,0,3.911e-05,1.9977e-05,1.9578,0.01842
2.175,0.024,0.005,-0.098911,0.0011605,0,0,0.00034125,9.9561e-05,3.4275,0.012807
2.125,0.072,0.005,-0.11409,0.0030801,-3.6101e-24,0,0.00031031,0.00023126,1.3418,0.013011
2.075,0.12,0.005,-0.11508,0.0053402,4.2164e-25,0,0.0004282,0.00050982,0.83991,0.013194
2.025,0.168,0.005,-0.11216,0.0074541,5.9581e-24,0,0.00055631,0.00085598,0.64991,0.013372
1.975,0.216,0.005,-0.10776,0.0097026,-2.3697e-24,0,0.00067314,0.0012084,0.55703,0.01353
1.925,0.264,0.005,-0.10277,0.011962,2.1366e-24,0,0.00077386,0.0015395,0.50268,0.013677
1.875,0.312,0.005,-0.097594,0.014284,2.9117e-24,0,0.00085816,0.001839,0.46665,0.013805
1.825,0.36,0.005,-0.092394,0.016649,1.0312e-24,0,0.00092672,0.0021042,0.44042,0.013916
1.775,0.408,0.005,-0.087259,0.01904,-7.563e-39,0,0.00098059,0.0023352,0.41992,0.014012
1.725,0.456,0.005,-0.082244,0.021442,-2.1501e-24,0,0.001021,0.0025334,0.40302,0.014094
1.675,0.50502,0.005,-0.077299,0.023861,2.9958e-38,0,0.0010506,0.0027064,0.38818,0.014162
1.625,0.55506,0.005,-0.072442,0.026272,6.4493e-25,0,0.0010694,0.0028516,0.375,0.014219
1.575,0.60511,0.005,-0.067757,0.028635,0,0,0.0010779,0.002968,0.36317,0.014271
1.525,0.65515,0.005,-0.063244,0.030942,-9.9316e-25,0,0.0010775,0.0030576,0.35241,0.014321
1.475,0.70519,0.005,-0.058897,0.033185,-2.2832e-24,0,0.0010694,0.0031222,0.34253,0.014373
1.425,0.75523,0.005,-0.054709,0.035358,-1.7781e-24,0,0.0010548,0.0031637,0.33343,0.014428
1.375,0.80528,0.005,-0.05067,0.03746,-3.4612e-24,0,0.0010347,0.0031836,0.32503,0.01449
1.325,0.85532,0.005,-0.046771,0.03949,-3.414e-24,0,0.00101,0.0031834,0.31728,0.01456
1.275,0.90536,0.005,-0.043003,0.041449,-2.0464e-24,0,0.0009815,0.0031644,0.31017,0.014639
1.225,0.9554,0.005,-0.039354,0.043339,-3.2898e-24,0,0.00094981,0.0031278,0.30367,0.014729
1.175,1.0054,0.005,-0.035818,0.045161,-1.4138e-24,0,0.00091558,0.0030746,0.29778,0.014832
1.125,1.0555,0.005,-0.032385,0.04692,2.4786e-24,0,0.00087936,0.003006,0.29253,0.014946
1.075,1.1055,0.005,-0.029049,0.048618,1.5287e-24,0,0.0008418,0.0029228,0.28801,0.015074
1.025,1.1556,0.005,-0.025804,0.050258,-1.6018e-24,0,0.0008031,0.0028256,0.28423,0.015214
0.975,1.2056,0.005,-0.022647,0.051842,-1.9901e-24,0,0.00076343,0.0027154,0.28115,0.015367
0.925,1.2557,0.005,-0.019576,0.053372,-1.7777e-24,0,0.00072304,0.0025933,0.27881,0.015532
0.875,1.3057,0.005,-0.016593,0.054847,1.5394e-24,0,0.0006822,0.0024606,0.27725,0.015708
0.825,1.3557,0.005,-0.013704,0.056262,-5.9588e-24,0,0.00064115,0.0023189,0.27649,0.015894
0.775,1.4058,0.005,-0.01092,0.057606,-2.8153e-26,0,0.0006002,0.0021699,0.2766,0.016088
0.725,1.4558,0.005,-0.0082551,0.058861,4.8967e-26,0,0.00055973,0.002016,0.27765,0.016289
0.675,1.5059,0.005,-0.005731,0.059994,6.4567e-38,0,0.00052023,0.0018598,0.27973,0.016495
0.625,1.5559,0.005,-0.003374,0.060957,2.1793e-24,0,0.0004823,0.0017045,0.28295,0.016704
0.575,1.606,0.005,-0.0012173,0.061682,-3.3079e-25,0,0.00044676,0.001554,0.28748,0.016913
0.525,1.656,0.005,0.00069928,0.062083,2.0351e-24,0,0.00041462,0.0014128,0.29347,0.017119
0.475,1.706,0.005,0.0023285,0.06205,1.8388e-24,0,0.0003867,0.0012838,0.30121,0.01732
0.425,1.7561,0.005,0.003622,0.061461,8.8225e-25,0,0.00036381,0.0011698,0.31099,0.017512
0.375,1.8061,0.005,0.0045439,0.060219,2.0616e-24,0,0.0003457,0.0010703,0.32299,0.017692
0.325,1.8562,0.005,0.0050828,0.05829,-8.4911e-25,0,0.00033021,0.00097925,0.33721,0.017856
0.275,1.9062,0.005,0.005262,0.055734,-3.1936e-39,0,0.00031336,0.00088425,0.35438,0.018004
0.225,1.9563,0.005,0.0051234,0.052691,2.5621e-24,0,0.00029037,0.00076678,0.37868,0.018134
0.175,2.0063,0.005,0.0047011,0.04925,-1.5738e-24,0,0.0002569,0.00060556,0.42423,0.018247
0.125,2.0563,0.005,0.0039652,0.045219,1.3714e-24,0,0.00020862,0.0003923,0.53178,0.018343
0.075,2.1064,0.005,0.0028476,0.039587,-3.6033e-24,0,0.00013852,0.00016651,0.83195,0.018422
0.025,2.1564,0.005,0.0013177,0.028467,4.7607e-24,0,3.4358e-05,1.755e-05,1.9578,0.018484
2.225,0.024,0.005,-0.10093,0.0010978,3.9696e-24,0,0.00034836,0.00010059,3.463,0.012621
2.175,0.072,0.005,-0.11609,0.0029127,0,0,0.00031548,0.00023573,1.3383,0.012815
2.125,0.12,0.005,-0.11697,0.0050438,-3.4653e-25,0,0.00043706,0.00052309,0.83554,0.012992
2.075,0.168,0.005,-0.11395,0.0070402,-4.5042e-24,0,0.00056903,0.00087936,0.64709,0.013166
2.025,0.216,0.005,-0.10946,0.009158,1.5628e-24,0,0.00068955,0.0012416,0.55536,0.013321
1.975,0.264,0.005,-0.1044,0.011292,0,0,0.00079388,0.0015821,0.50179,0.013466
1.925,0.312,0.005,-0.099142,0.013487,8.5636e-25,0,0.0008817,0.0018909,0.46629,0.013595
1.875,0.36,0.005,-0.093851,0.015728,1.5922e-38,0,0.00095367,0.0021653,0.44044,0.013709
1.825,0.408,0.005,-0.088618,0.018001,-2.5593e-24,0,0.0010108,0.0024053,0.42023,0.013808
1.775,0.456,0.005,-0.083494,0.020293,-1.9612e-24,0,0.0010542,0.0026124,0.40353,0.013894
1.725,0.50502,0.005,-0.078433,0.022611,-5.5482e-25,0,0.0010864,0.0027941,0.38884,0.013967
1.675,0.55506,0.005,-0.073453,0.024933,9.8631e-25,0,0.0011076,0.0029479,0.37573,0.014028
1.625,0.60511,0.005,-0.068645,0.02722,-1.9274e-24,0,0.0011181,0.0030724,0.36392,0.014085
1.575,0.65515,0.005,-0.064011,0.029461,-2.6485e-24,0,0.0011192,0.0031697,0.35311,0.014139
1.525,0.70519,0.005,-0.059547,0.031649,-8.8887e-25,0,0.0011123,0.0032416,0.34314,0.014193
1.475,0.75523,0.005,-0.055246,0.033776,-1.6816e-24,0,0.0010985,0.0032898,0.33389,0.01425
1.425,0.80528,0.005,-0.051102,0.035841,-1.7404e-24,0,0.0010788,0.0033161,0.32531,0.014313
1.375,0.85532,0.005,-0.047105,0.037841,1.2684e-24,0,0.0010542,0.0033219,0.31734,0.014383
1.325,0.90536,0.005,-0.043244,0.039776,6.7234e-25,0,0.0010255,0.0033084,0.30997,0.014462
1.275,0.9554,0.005,-0.039512,0.041647,-1.3096e-24,0,0.00099353,0.003277,0.30318,0.014551
1.225,1.0054,0.005,-0.035899,0.043457,6.5781e-33,0,0.00095883,0.0032288,0.29697,0.014651
1.175,1.0555,0.005,-0.032397,0.045207,0,0,0.00092199,0.0031647,0.29134,0.014763
1.125,1.1055,0.005,-0.028998,0.0469,1.0281e-24,0,0.00088362,0.0030856,0.28636,0.014888
1.075,1.1556,0.005,-0.025698,0.048539,-1.1598e-24,0,0.00084419,0.0029923,0.28212,0.015025
1.025,1.2056,0.005,-0.022492,0.050127,1.302e-24,0,0.00080376,0.0028854,0.27857,0.015175
0.975,1.2557,0.005,-0.019378,0.051666,-1.6757e-24,0,0.00076258,0.0027659,0.27571,0.015337
0.925,1.3057,0.005,-0.016357,0.053155,1.3066e-38,0,0.00072088,0.0026351,0.27357,0.01551
0.875,1.3557,0.005,-0.013433,0.054593,1.8712e-24,0,0.00067889,0.0024941,0.2722,0.015694
0.825,1.4058,0.005,-0.010613,0.055974,-1.9787e-24,0,0.00063688,0.0023446,0.27164,0.015888
0.775,1.4558,0.005,-0.007911,0.057283,-1.9432e-24,0,0.00059514,0.0021885,0.27194,0.01609
0.725,1.5059,0.005,-0.0053442,0.058498,-4.0786e-24,0,0.00055407,0.0020282,0.27318,0.016298
0.675,1.5559,0.005,-0.0029352,0.059584,7.4457e-38,0,0.00051416,0.0018666,0.27546,0.016512
0.625,1.606,0.005,-0.00071345,0.060489,-3.6493e-25,0,0.00047607,0.0017069,0.27891,0.016727
0.575,1.656,0.005,0.0012854,0.061141,-2.9001e-24,0,0.00044071,0.0015538,0.28364,0.016943
0.525,1.706,0.005,0.003019,0.061449,2.9918e-24,0,0.00040886,0.0014103,0.28992,0.017156
0.475,1.7561,0.005,0.0044392,0.061301,1.8786e-38,0,0.00038144,0.0012801,0.29798,0.017363
0.425,1.8061,0.005,0.005499,0.060576,1.3105e-24,0,0.00035901,0.0011654,0.30807,0.017561
0.375,1.8562,0.005,0.0061731,0.059196,-9.9547e-25,0,0.00034096,0.0010646,0.32028,0.017747
0.325,1.9062,0.005,0.0064562,0.057146,1.1351e-24,0,0.00032483,0.00097062,0.33466,0.017916
0.275,1.9563,0.005,0.0063837,0.054504,4.4779e-39,0,0.00030663,0.00087029,0.35233,0.018067
0.225,2.0063,0.005,0.0060042,0.051406,-3.0414e-25,0,0.00028194,0.00074516,0.37836,0.0182
0.175,2.0563,0.005,0.0053517,0.047908,1.8039e-24,0,0.0002469,0.00057662,0.42819,0.018314
0.125,2.1064,0.005,0.0043988,0.043759,-1.5817e-24,0,0.00019759,0.00036348,0.54361,0.018409
0.075,2.1564,0.005,0.0030587,0.037857,-3.014e-24,0,0.00012803,0.00015027,0.85198,0.018487
0.025,2.2065,0.005,0.0013993,0.02627,-9.8011e-24,0,2.984e-05,1.5242e-05,1.9578,0.018546
2.275,0.024,0.005,-0.10285,0.0010417,3.7849e-24,0,0.00035523,0.00010158,3.497,0.012444
2.225,0.072,0.005,-0.11798,0.0027619,-3.9093e-26,0,0.00032055,0.00023998,1.3357,0.01263
2.175,0.12,0.005,-0.11876,0.0047763,5.6633e-25,0,0.00044562,0.00053557,0.83205,0.0128
2.125,0.168,0.005,-0.11566,0.0066672,4.3221e-25,0,0.00058126,0.00090125,0.64495,0.012968
2.075,0.216,0.005,-0.11109,0.0086653,1.3829e-39,0,0.00070532,0.0012726,0.55422,0.013121
2.025,0.264,0.005,-0.10597,0.010682,3.8059e-24,0,0.00081312,0.0016219,0.50132,0.013264
1.975,0.312,0.005,-0.10063,0.012759,-1.7483e-24,0,0.00090436,0.0019395,0.46629,0.013393
1.925,0.36,0.005,-0.095264,0.014882,-8.4963e-40,0,0.00097967,0.0022225,0.44079,0.013508
1.875,0.408,0.005,-0.089942,0.017041,-8.7814e-25,0,0.00104,0.0024712,0.42084,0.013609
1.825,0.456,0.005,-0.084721,0.019225,-3.2182e-24,0,0.0010864,0.0026869,0.40433,0.013698
1.775,0.50502,0.005,-0.079552,0.021443,-3.8328e-26,0,0.0011214,0.002877,0.38977,0.013775
1.725,0.55506,0.005,-0.074458,0.023673,1.8223e-24,0,0.001145,0.0030391,0.37675,0.013841
1.675,0.60511,0.005,-0.069534,0.025879,8.9573e-25,0,0.0011575,0.0031717,0.36496,0.013901
1.625,0.65515,0.005,-0.064784,0.02805,3.3773e-38,0,0.0011603,0.0032766,0.35412,0.013958
1.575,0.70519,0.005,-0.060206,0.030176,4.0942e-25,0,0.0011546,0.0033558,0.34406,0.014015
1.525,0.75523,0.005,-0.055796,0.032252,0,0,0.0011416,0.0034109,0.33469,0.014075
1.475,0.80528,0.005,-0.051548,0.034273,1.9612e-24,0,0.0011224,0.0034435,0.32594,0.014138
1.425,0.85532,0.005,-0.047452,0.036236,2.4337e-24,0,0.001098,0.0034552,0.31778,0.014208
1.375,0.90536,0.005,-0.0435,0.038141,-5.8861e-25,0,0.0010693,0.0034474,0.31018,0.014287
1.325,0.9554,0.005,-0.039682,0.039987,-1.2511e-24,0,0.001037,0.0034212,0.30312,0.014375
1.275,1.0054,0.005,-0.035991,0.041777,2.5657e-24,0,0.0010019,0.0033778,0.29662,0.014473
1.225,1.0555,0.005,-0.032417,0.043511,6.6901e-26,0,0.00096447,0.0033182,0.29066,0.014583
1.175,1.1055,0.005,-0.028953,0.045193,0,0,0.00092533,0.0032435,0.28529,0.014705
1.125,1.1556,0.005,-0.025594,0.046824,1.4346e-24,0,0.00088509,0.0031542,0.28061,0.014839
1.075,1.2056,0.005,-0.022335,0.048408,1.7768e-24,0,0.00084392,0.0030509,0.27661,0.014986
1.025,1.2557,0.005,-0.019173,0.049946,1.5823e-24,0,0.00080195,0.0029346,0.27328,0.015145
0.975,1.3057,0.005,-0.016109,0.051439,-1.6696e-24,0,0.00075944,0.0028062,0.27063,0.015316
0.925,1.3557,0.005,-0.013144,0.052887,1.699e-24,0,0.00071659,0.0026669,0.2687,0.015498
0.875,1.4058,0.005,-0.010285,0.054286,-1.9681e-26,0,0.00067365,0.0025181,0.26752,0.01569
0.825,1.4558,0.005,-0.0075421,0.055626,1.5401e-39,0,0.00063085,0.0023613,0.26716,0.015892
0.775,1.5059,0.005,-0.0049301,0.056893,2.4468e-24,0,0.00058853,0.0021988,0.26767,0.016102
0.725,1.5559,0.005,-0.0024686,0.05806,-4.6712e-24,0,0.00054709,0.0020329,0.26912,0.016318
0.675,1.606,0.005,-0.00018282,0.059088,3.8872e-25,0,0.00050704,0.0018668,0.27162,0.016538
0.625,1.656,0.005,0.0018952,0.059922,-2.8427e-24,0,0.00046912,0.0017041,0.27529,0.016761
0.575,1.706,0.005,0.0037271,0.060486,6.2553e-25,0,0.00043405,0.0015484,0.28032,0.016984
0.525,1.7561,0.005,0.0052686,0.060684,-8.0096e-25,0,0.00040273,0.0014036,0.28692,0.017204
0.475,1.8061,0.005,0.0064712,0.060404,-5.7963e-24,0,0.000376,0.0012732,0.29533,0.017417
0.425,1.8562,0.005,0.0072912,0.059532,1.0265e-24,0,0.00035413,0.0011583,0.30573,0.017621
0.375,1.9062,0.005,0.007711,0.058007,7.1983e-25,0,0.00033612,0.0010565,0.31815,0.017811
0.325,1.9563,0.005,0.0077372,0.055839,-1.2988e-24,0,0.00031927,0.00095947,0.33276,0.017984
0.275,2.0063,0.005,0.0074146,0.053119,2.7244e-24,0,0.00029965,0.00085344,0.35111,0.018138
0.225,2.0563,0.005,0.0067969,0.049974,-3.2654e-24,0,0.00027324,0.00072054,0.37922,0.018272
0.175,2.1064,0.005,0.0059174,0.046427,1.598e-24,0,0.00023665,0.00054573,0.43364,0.018385
0.125,2.1564,0.005,0.004751,0.042165,4.8827e-25,0,0.00018637,0.00033489,0.55652,0.018478
0.075,2.2065,0.005,0.0032037,0.036008,3.0715e-24,0,0.00011764,0.00013509,0.87086,0.018552
0.025,2.2565,0.005,0.0014419,0.023998,6.8264e-25,0,2.559e-05,1.3071e-05,1.9578,0.018605
2.325,0.024,0.005,-0.10468,0.00099158,0,0,0.00036189,0.00010253,3.5297,0.012275
2.275,0.072,0.005,-0.11979,0.0026259,2.8505e-24,0,0.00032552,0.00024402,1.334,0.012453
2.225,0.12,0.005,-0.12047,0.0045347,-2.2855e-24,0,0.0004539,0.00054732,0.82932,0.012617
2.175,0.168,0.005,-0.11729,0.0063305,4.7883e-24,0,0.00059305,0.00092176,0.64339,0.01278
2.125,0.216,0.005,-0.11266,0.0082187,-1.133e-39,0,0.00072049,0.0013016,0.55353,0.012929
2.075,0.264,0.005,-0.10747,0.010129,-2.3829e-24,0,0.00083163,0.0016592,0.50122,0.01307
2.025,0.312,0.005,-0.10207,0.012095,0,0,0.00092618,0.0019849,0.4666,0.013198
1.975,0.36,0.005,-0.096632,0.014107,-1.5395e-24,0,0.0010048,0.0022762,0.44141,0.013313
1.925,0.408,0.005,-0.09123,0.016157,-7.9423e-25,0,0.0010682,0.0025332,0.42169,0.013416
1.875,0.456,0.005,-0.08592,0.018236,-3.4256e-26,0,0.0011176,0.0027571,0.40536,0.013508
1.825,0.50502,0.005,-0.080653,0.020354,1.35e-24,0,0.0011554,0.0029554,0.39094,0.013588
1.775,0.55506,0.005,-0.075453,0.022491,-4.8423e-25,0,0.0011815,0.0031257,0.37799,0.013657
1.725,0.60511,0.005,-0.070419,0.024613,-1.2712e-24,0,0.0011962,0.0032662,0.36622,0.013721
1.675,0.65515,0.005,-0.065559,0.026709,2.4583e-24,0,0.0012007,0.0033787,0.35536,0.013781
1.625,0.70519,0.005,-0.060872,0.028769,-3.1271e-33,0,0.0011963,0.0034651,0.34524,0.01384
1.575,0.75523,0.005,-0.056356,0.030788,-1.9245e-24,0,0.0011842,0.003527,0.33576,0.013902
1.525,0.80528,0.005,-0.052005,0.032759,1.1679e-24,0,0.0011656,0.0035661,0.32687,0.013966
1.475,0.85532,0.005,-0.047812,0.03468,-1.1678e-24,0,0.0011415,0.0035838,0.31853,0.014037
1.425,0.90536,0.005,-0.043768,0.036549,-2.3547e-24,0,0.0011128,0.0035815,0.31072,0.014115
1.375,0.9554,0.005,-0.039865,0.038365,-1.1112e-24,0,0.0010803,0.0035605,0.30343,0.014202
1.325,1.0054,0.005,-0.036093,0.040129,-2.4482e-24,0,0.0010448,0.0035219,0.29665,0.014298
1.275,1.0555,0.005,-0.032446,0.041842,8.8437e-34,0,0.0010068,0.0034669,0.2904,0.014406
1.225,1.1055,0.005,-0.028915,0.043506,0,0,0.00096694,0.0033964,0.28469,0.014526
1.175,1.1556,0.005,-0.025494,0.045123,1.3611e-24,0,0.00092582,0.0033112,0.2796,0.014657
1.125,1.2056,0.005,-0.022178,0.046695,-5.1618e-33,0,0.00088387,0.0032117,0.2752,0.014801
1.075,1.2557,0.005,-0.018965,0.048225,-1.928e-25,0,0.00084113,0.0030988,0.27144,0.014957
1.025,1.3057,0.005,-0.015853,0.049713,1.2465e-25,0,0.00079782,0.0029734,0.26832,0.015125
0.975,1.3557,0.005,-0.012843,0.051161,5.3245e-26,0,0.00075416,0.0028364,0.26588,0.015305
0.925,1.4058,0.005,-0.0099412,0.052566,1.764e-24,0,0.00071035,0.0026891,0.26416,0.015495
0.875,1.4558,0.005,-0.0071544,0.053921,1.9725e-24,0,0.00066663,0.0025328,0.2632,0.015696
0.825,1.5059,0.005,-0.0044952,0.055216,1.0508e-38,0,0.00062326,0.0023694,0.26304,0.015906
0.775,1.5559,0.005,-0.0019804,0.056433,1.502e-24,0,0.00058057,0.0022011,0.26376,0.016124
0.725,1.606,0.005,0.00036824,0.057543,-8.0602e-25,0,0.00053907,0.002031,0.26542,0.016348
0.675,1.656,0.005,0.0025225,0.058502,2.2455e-24,0,0.00049909,0.001861,0.26818,0.016576
0.625,1.706,0.005,0.0044478,0.059252,-2.2789e-24,0,0.00046144,0.0016955,0.27215,0.016806
0.575,1.7561,0.005,0.0061035,0.059712,1.5441e-24,0,0.00042691,0.0015383,0.27751,0.017036
0.525,1.8061,0.005,0.0074431,0.059784,-2.2425e-24,0,0.00039635,0.0013933,0.28447,0.017263
0.475,1.8562,0.005,0.0084184,0.059357,-1.103e-24,0,0.00037047,0.0012633,0.29325,0.017483
0.425,1.9062,0.005,0.0089903,0.058329,-8.1707e-25,0,0.00034921,0.0011489,0.30396,0.017691
0.375,1.9563,0.005,0.0091505,0.056658,1.3184e-24,0,0.00033118,0.001046,0.31661,0.017885
0.325,2.0063,0.005,0.0089174,0.054376,-1.5415e-24,0,0.0003135,0.00094568,0.33151,0.018061
0.275,2.0563,0.005,0.0083446,0.051589,-1.2666e-24,0,0.00029238,0.00083357,0.35076,0.018215
0.225,2.1064,0.005,0.0074886,0.04841,2.7466e-24,0,0.00026423,0.00069306,0.38125,0.018348
0.175,2.1564,0.005,0.0063809,0.044824,-3.6396e-38,0,0.00022609,0.00051343,0.44035,0.018458
0.125,2.2065,0.005,0.005001,0.040463,2.3939e-24,0,0.00017497,0.00030707,0.56982,0.018546
0.075,2.2565,0.005,0.0032627,0.034083,3.5833e-24,0,0.00010745,0.00012111,0.8872,0.018613
0.025,2.3066,0.005,0.0014353,0.021721,5.561e-24,0,2.1649e-05,1.1058e-05,1.9578,0.01866
2.375,0.024,0.005,-0.10641,0.00094669,-3.1731e-24,0,0.00036836,0.00010344,3.5611,0.012115
2.325,0.072,0.005,-0.12151,0.0025027,2.5728e-26,0,0.00033039,0.00024786,1.3329,0.012285
2.275,0.12,0.005,-0.1221,0.004316,1.84e-25,0,0.00046191,0.00055837,0.82725,0.012443
2.225,0.168,0.005,-0.11885,0.0060258,-2.0815e-24,0,0.00060441,0.00094098,0.64232,0.012601
2.175,0.216,0.005,-0.11416,0.0078134,-1.8582e-24,0,0.0007351,0.0013288,0.55321,0.012747
2.125,0.264,0.005,-0.10891,0.0096249,7.0656e-38,0,0.00084945,0.0016941,0.50142,0.012885
2.075,0.312,0.005,-0.10346,0.011488,2.6821e-39,0,0.00094721,0.0020276,0.46716,0.013011
2.025,0.36,0.005,-0.097954,0.013396,2.9211e-24,0,0.001029,0.0023267,0.44225,0.013126
1.975,0.408,0.005,-0.09248,0.015343,-1.3737e-24,0,0.0010956,0.0025915,0.42275,0.013229
1.925,0.456,0.005,-0.08709,0.017319,-1.7603e-25,0,0.0011479,0.0028233,0.40658,0.013323
1.875,0.50502,0.005,-0.081733,0.019339,7.963e-25,0,0.0011885,0.0030296,0.39228,0.013405
1.825,0.55506,0.005,-0.076434,0.021384,7.7402e-25,0,0.0012171,0.0032079,0.37941,0.013477
1.775,0.60511,0.005,-0.071298,0.023421,-1.2213e-24,0,0.001234,0.0033561,0.36768,0.013544
1.725,0.65515,0.005,-0.066333,0.025439,-1.1822e-24,0,0.0012403,0.0034762,0.35681,0.013607
1.675,0.70519,0.005,-0.061541,0.02743,0,0,0.0012374,0.0035697,0.34663,0.013668
1.625,0.75523,0.005,-0.056923,0.029387,1.1329e-24,0,0.0012264,0.0036385,0.33706,0.013731
1.575,0.80528,0.005,-0.052472,0.031304,1.7868e-24,0,0.0012085,0.003684,0.32804,0.013797
1.525,0.85532,0.005,-0.048183,0.033177,6.2284e-25,0,0.0011847,0.0037077,0.31953,0.013868
1.475,0.90536,0.005,-0.044048,0.035005,2.2566e-24,0,0.0011561,0.003711,0.31153,0.013946
1.425,0.9554,0.005,-0.040059,0.036785,1.6725e-24,0,0.0011234,0.0036952,0.30403,0.014032
1.375,1.0054,0.005,-0.036207,0.038518,4.761e-25,0,0.0010875,0.0036615,0.29702,0.014127
1.325,1.0555,0.005,-0.032485,0.040204,1.6237e-24,0,0.001049,0.003611,0.2905,0.014233
1.275,1.1055,0.005,-0.028884,0.041845,3.6487e-25,0,0.0010084,0.0035447,0.28449,0.01435
1.225,1.1556,0.005,-0.025399,0.043443,3.0584e-25,0,0.00096647,0.0034635,0.27904,0.014479
1.175,1.2056,0.005,-0.022025,0.044998,1.1068e-24,0,0.00092365,0.003368,0.27425,0.014619
1.125,1.2557,0.005,-0.018757,0.046513,-1.4179e-24,0,0.00088013,0.0032586,0.2701,0.014772
1.075,1.3057,0.005,-0.015594,0.04799,1.4931e-24,0,0.00083601,0.0031363,0.26656,0.014938
1.025,1.3557,0.005,-0.012536,0.04943,1.6194e-24,0,0.00079154,0.003002,0.26367,0.015115
0.975,1.4058,0.005,-0.0095868,0.05083,1.6357e-24,0,0.0007469,0.0028568,0.26144,0.015303
0.925,1.4558,0.005,-0.0067531,0.052189,-1.1413e-25,0,0.00070233,0.0027019,0.25994,0.015503
0.875,1.5059,0.005,-0.0040446,0.053496,2.2804e-24,0,0.00065802,0.0025388,0.25919,0.015712
0.825,1.5559,0.005,-0.0014756,0.05474,3.0244e-25,0,0.00061429,0.0023694,0.25926,0.01593
0.775,1.606,0.005,0.000935,0.0559,-2.0803e-24,0,0.00057155,0.0021966,0.2602,0.016156
0.725,1.656,0.005,0.0031627,0.056942,-2.668e-24,0,0.00053004,0.002022,0.26213,0.016388
0.675,1.706,0.005,0.0051769,0.057821,-6.4576e-25,0,0.00049034,0.001849,0.26519,0.016624
0.625,1.7561,0.005,0.0069404,0.058472,3.7826e-24,0,0.0004532,0.0016817,0.26949,0.016863
0.575,1.8061,0.005,0.0084096,0.058814,1.8355e-38,0,0.00041945,0.0015241,0.27521,0.0171
0.525,1.8562,0.005,0.0095362,0.058745,-1.0614e-24,0,0.00038987,0.0013797,0.28257,0.017333
0.475,1.9062,0.005,0.010274,0.058158,-2.079e-24,0,0.00036494,0.0012509,0.29173,0.017558
0.425,1.9563,0.005,0.010588,0.056968,-1.9211e-24,0,0.00034427,0.0011371,0.30276,0.017771
0.375,2.0063,0.005,0.010483,0.055153,1.4669e-24,0,0.00032613,0.0010332,0.31565,0.017968
0.325,2.0563,0.005,0.0099867,0.052768,1.4887e-25,0,0.00030748,0.00092912,0.33094,0.018144
0.275,2.1064,0.005,0.0091609,0.049927,5.7041e-25,0,0.00028477,0.00081064,0.3513,0.018298
0.225,2.1564,0.005,0.0080619,0.046727,1.0438e-24,0,0.00025485,0.00066301,0.38438,0.018428
0.175,2.2065,0.005,0.0067194,0.043117,5.0069e-25,0,0.0002152,0.00048041,0.44795,0.018533
0.125,2.2565,0.005,0.0051221,0.038684,-4.6134e-24,0,0.00016346,0.00028062,0.58249,0.018612
0.075,2.3066,0.005,0.0032089,0.032132,1.5493e-37,0,9.7601e-05,0.00010854,0.89919,0.01867
0.025,2.3566,0.005,0.0013651,0.019529,9.1969e-25,0,1.8073e-05,9.2313e-06,1.9578,0.018706
2.425,0.024,0.005,-0.10808,0.0009064,-3.0573e-24,0,0.00037466,0.00010432,3.5914,0.011962
2.375,0.072,0.005,-0.12316,0.0023908,-2.4716e-24,0,0.00033515,0.00025151,1.3326,0.012125
2.325,0.12,0.005,-0.12367,0.0041182,-8.9787e-38,0,0.00046968,0.00056878,0.82576,0.012277
2.275,0.168,0.005,-0.12035,0.0057494,4.0517e-38,0,0.00061538,0.000959,0.64168,0.01243
2.225,0.216,0.005,-0.1156,0.007445,-4.2452e-24,0,0.00074918,0.0013542,0.55322,0.012572
2.175,0.264,0.005,-0.1103,0.0091658,8.6132e-38,0,0.00086662,0.0017268,0.50187,0.012707
2.125,0.312,0.005,-0.1048,0.010934,2.0191e-24,0,0.00096749,0.0020675,0.46794,0.012831
2.075,0.36,0.005,-0.099232,0.012744,1.2037e-24,0,0.0010524,0.0023741,0.44327,0.012945
2.025,0.408,0.005,-0.093692,0.014592,2.6123e-24,0,0.001122,0.0026464,0.42397,0.013049
1.975,0.456,0.005,-0.088228,0.016472,0,0,0.0011773,0.0028858,0.40795,0.013143
1.925,0.50502,0.005,-0.082788,0.018396,-2.9444e-26,0,0.0012206,0.0030998,0.39377,0.013227
1.875,0.55506,0.005,-0.077398,0.020349,0,0,0.0012518,0.0032858,0.38098,0.013302
1.825,0.60511,0.005,-0.072165,0.0223,7.1168e-25,0,0.001271,0.0034417,0.36928,0.013371
1.775,0.65515,0.005,-0.067102,0.024239,1.7032e-38,0,0.0012792,0.0035692,0.35841,0.013436
1.725,0.70519,0.005,-0.062211,0.026158,-3.1568e-24,0,0.0012778,0.0036699,0.34819,0.0135
1.675,0.75523,0.005,-0.057493,0.028049,-2.403e-24,0,0.001268,0.0037454,0.33854,0.013564
1.625,0.80528,0.005,-0.052946,0.029908,-1.0782e-24,0,0.0012509,0.0037974,0.3294,0.013631
1.575,0.85532,0.005,-0.048564,0.03173,-1.0758e-24,0,0.0012276,0.0038271,0.32075,0.013703
1.525,0.90536,0.005,-0.044339,0.033511,1.0815e-24,0,0.0011991,0.0038361,0.31258,0.01378
1.475,0.9554,0.005,-0.040264,0.035251,-5.9461e-25,0,0.0011663,0.0038255,0.30488,0.013865
1.425,1.0054,0.005,-0.036332,0.036949,2.1268e-25,0,0.0011301,0.0037967,0.29765,0.013959
1.375,1.0555,0.005,-0.032534,0.038604,-1.492e-24,0,0.0010911,0.0037507,0.29089,0.014063
1.325,1.1055,0.005,-0.028862,0.040217,0,0,0.0010499,0.0036887,0.28462,0.014178
1.275,1.1556,0.005,-0.025311,0.04179,-1.23e-24,0,0.0010071,0.0036114,0.27885,0.014304
1.225,1.2056,0.005,-0.021875,0.043323,-2.3114e-25,0,0.00096328,0.0035197,0.27368,0.014442
1.175,1.2557,0.005,-0.01855,0.04482,1.6964e-41,0,0.00091894,0.0034139,0.26917,0.014592
1.125,1.3057,0.005,-0.015333,0.04628,1.4151e-24,0,0.00087401,0.0032949,0.26526,0.014754
1.075,1.3557,0.005,-0.012224,0.047704,-1.4932e-24,0,0.00082872,0.0031636,0.26196,0.014929
1.025,1.4058,0.005,-0.0092257,0.049094,-1.5796e-24,0,0.00078326,0.0030208,0.25929,0.015115
0.975,1.4558,0.005,-0.0063424,0.050445,1.2082e-25,0,0.00073786,0.0028678,0.25729,0.015312
0.925,1.5059,0.005,-0.0035827,0.051753,1.7759e-24,0,0.0006927,0.0027057,0.25601,0.01552
0.875,1.5559,0.005,-0.00095859,0.053008,1.5772e-24,0,0.00064803,0.0025364,0.2555,0.015738
0.825,1.606,0.005,0.0015137,0.054194,-1.5613e-24,0,0.00060422,0.0023621,0.2558,0.015965
0.775,1.656,0.005,0.0038126,0.055287,-4.0876e-24,0,0.00056145,0.0021845,0.25701,0.016199
0.725,1.706,0.005,0.0059114,0.056252,6.444e-25,0,0.00052016,0.0020064,0.25925,0.01644
0.675,1.7561,0.005,0.0077765,0.057038,7.759e-25,0,0.00048095,0.0018312,0.26264,0.016684
0.625,1.8061,0.005,0.0093679,0.057578,-3.3734e-39,0,0.00044457,0.0016632,0.2673,0.01693
0.575,1.8562,0.005,0.010639,0.057786,-1.0622e-24,0,0.00041182,0.0015061,0.27343,0.017174
0.525,1.9062,0.005,0.01154,0.057563,2.118e-24,0,0.00038338,0.0013633,0.28122,0.017414
0.475,1.9563,0.005,0.012028,0.056806,-1.35e-24,0,0.00035948,0.0012362,0.29079,0.017644
0.425,2.0063,0.005,0.012076,0.05545,3.5689e-25,0,0.00033935,0.0011232,0.30213,0.01786
0.375,2.0563,0.005,0.011697,0.053496,1.6123e-24,0,0.00032094,0.0010179,0.31528,0.018058
0.325,2.1064,0.005,0.010933,0.051021,-1.339e-24,0,0.00030117,0.0009097,0.33106,0.018234
0.275,2.1564,0.005,0.0098467,0.048143,1.8521e-24,0,0.00027678,0.00078472,0.35271,0.018386
0.225,2.2065,0.005,0.0084942,0.04494,0,0,0.00024507,0.00063091,0.38844,0.018511
0.175,2.2565,0.005,0.0069032,0.041327,2.7582e-25,0,0.00020402,0.00044753,0.45587,0.018607
0.125,2.3066,0.005,0.0050783,0.036863,-2.5946e-24,0,0.00015197,0.00025621,0.59314,0.018675
0.075,2.3566,0.005,0.0030049,0.030229,7.9407e-25,0,8.8284e-05,9.7629e-05,0.90428,0.018719
0.025,2.4066,0.005,0.0012136,0.017556,5.2137e-24,0,1.4927e-05,7.6244e-06,1.9578,0.018744
2.475,0.024,0.005,-0.10967,0.00087011,2.8762e-24,0,0.0003808,0.00010517,3.6207,0.011816
2.425,0.072,0.005,-0.12474,0.0022889,0,0,0.00033983,0.00025498,1.3328,0.011973
2.375,0.12,0.005,-0.12517,0.0039392,2.0938e-24,0,0.0004772,0.00057857,0.82479,0.012118
2.325,0.168,0.005,-0.12178,0.0054979,-1.6448e-24,0,0.00062597,0.00097592,0.64142,0.012267
2.275,0.216,0.005,-0.11698,0.0071096,1.6519e-24,0,0.00076276,0.001378,0.55351,0.012405
2.225,0.264,0.005,-0.11164,0.0087471,-1.108e-24,0,0.00088318,0.0017574,0.50254,0.012537
2.175,0.312,0.005,-0.10609,0.010427,2.5437e-38,0,0.00098705,0.0021051,0.46889,0.012659
2.125,0.36,0.005,-0.10047,0.012146,4.2085e-38,0,0.0010749,0.0024186,0.44445,0.012771
2.075,0.408,0.005,-0.094866,0.013902,-6.8187e-41,0,0.0011476,0.0026981,0.42532,0.012875
2.025,0.456,0.005,-0.089335,0.015688,1.7702e-24,0,0.0012057,0.0029448,0.40944,0.012969
1.975,0.50502,0.005,-0.083817,0.01752,-1.3409e-38,0,0.0012519,0.0031662,0.39538,0.013055
1.925,0.55506,0.005,-0.078342,0.019384,6.5491e-25,0,0.0012857,0.0033598,0.38267,0.013131
1.875,0.60511,0.005,-0.07302,0.021249,-6.5746e-25,0,0.0013071,0.0035231,0.37101,0.013202
1.825,0.65515,0.005,-0.067863,0.023108,-1.0899e-24,0,0.0013173,0.0036579,0.36014,0.013269
1.775,0.70519,0.005,-0.062878,0.024953,-1.0641e-24,0,0.0013176,0.0037657,0.34989,0.013335
1.725,0.75523,0.005,-0.058065,0.026776,-1.6605e-24,0,0.001309,0.0038481,0.34017,0.0134
1.675,0.80528,0.005,-0.053424,0.028574,-1.0353e-24,0,0.0012928,0.0039065,0.33093,0.013468
1.625,0.85532,0.005,-0.048951,0.03034,-5.5335e-25,0,0.00127,0.0039423,0.32215,0.01354
1.575,0.90536,0.005,-0.044638,0.032072,-1.0368e-24,0,0.0012418,0.003957,0.31382,0.013618
1.525,0.9554,0.005,-0.040479,0.033767,-4.7384e-25,0,0.001209,0.0039517,0.30594,0.013702
1.475,1.0054,0.005,-0.036466,0.035425,-8.5735e-25,0,0.0011725,0.0039278,0.29851,0.013795
1.425,1.0555,0.005,-0.032592,0.037044,-2.5704e-24,0,0.001133,0.0038863,0.29153,0.013897
1.375,1.1055,0.005,-0.02885,0.038626,-2.5878e-24,0,0.0010912,0.0038285,0.28501,0.014009
1.325,1.1556,0.005,-0.025231,0.04017,-2.3421e-24,0,0.0010476,0.0037551,0.27898,0.014133
1.275,1.2056,0.005,-0.021732,0.041677,-1.4387e-24,0,0.0010029,0.0036671,0.27348,0.014268
1.225,1.2557,0.005,-0.018347,0.04315,-1.5818e-25,0,0.00095758,0.0035649,0.26861,0.014415
1.175,1.3057,0.005,-0.015074,0.044588,9.4496e-26,0,0.00091183,0.0034492,0.26436,0.014574
1.125,1.3557,0.005,-0.011912,0.045994,-2.6647e-26,0,0.0008657,0.0033209,0.26068,0.014746
1.075,1.4058,0.005,-0.0088613,0.047366,-1.5436e-24,0,0.00081942,0.0031809,0.25761,0.014929
1.025,1.4558,0.005,-0.0059261,0.048704,1.7122e-24,0,0.00077319,0.00303,0.25518,0.015124
0.975,1.5059,0.005,-0.0031133,0.050003,-1.4723e-24,0,0.00072721,0.0028697,0.25341,0.015331
0.925,1.5559,0.005,-0.00043292,0.051257,1.7896e-24,0,0.00068168,0.0027011,0.25237,0.015548
0.875,1.606,0.005,0.0021009,0.052453,3.3311e-24,0,0.00063691,0.0025264,0.25211,0.015775
0.825,1.656,0.005,0.0044695,0.053574,3.8926e-25,0,0.00059305,0.002347,0.25269,0.01601
0.775,1.706,0.005,0.0066494,0.054592,1.3773e-24,0,0.00055045,0.0021653,0.25421,0.016253
0.725,1.7561,0.005,0.0086106,0.055469,-5.4205e-25,0,0.0005096,0.0019845,0.25678,0.016502
0.675,1.8061,0.005,0.010317,0.05615,9.0662e-25,0,0.00047111,0.0018082,0.26053,0.016754
0.625,1.8562,0.005,0.011724,0.056564,-1.0536e-24,0,0.00043572,0.0016405,0.26561,0.017008
0.575,1.9062,0.005,0.012784,0.056625,-1.2042e-24,0,0.00040418,0.0014849,0.27219,0.017259
0.525,1.9563,0.005,0.013447,0.056233,7.0904e-25,0,0.00037702,0.0013444,0.28044,0.017504
0.475,2.0063,0.005,0.013672,0.055299,-1.4918e-24,0,0.00035415,0.0012195,0.29042,0.017738
0.425,2.0563,0.005,0.013442,0.053776,1.757e-24,0,0.00033444,0.0011072,0.30207,0.017957
0.375,2.1064,0.005,0.012782,0.051693,-2.2704e-25,0,0.00031557,0.0010002,0.31551,0.018155
0.325,2.1564,0.005,0.011739,0.049143,-6.3474e-25,0,0.00029452,0.00088739,0.3319,0.01833
0.275,2.2065,0.005,0.01038,0.046247,-1.0887e-24,0,0.00026838,0.0007561,0.35495,0.018476
0.225,2.2565,0.005,0.0087564,0.043061,-2.0905e-24,0,0.00023492,0.00059755,0.39314,0.018594
0.175,2.3066,0.005,0.0068947,0.039473,-5.0062e-40,0,0.00019265,0.00041586,0.46327,0.018679
0.125,2.3566,0.005,0.0048227,0.035037,3.4284e-24,0,0.00014073,0.00023459,0.5999,0.018733
0.075,2.4066,0.005,0.0026014,0.028461,5.0193e-24,0,7.9774e-05,8.875e-05,0.89887,0.018761
0.025,2.4567,0.005,0.00094475,0.015938,4.8359e-24,0,1.2292e-05,6.2786e-06,1.9578,0.018772
2.525,0.024,0.005,-0.1112,0.00083737,2.7959e-24,0,0.00038679,0.000106,3.6491,0.011677
2.475,0.072,0.005,-0.12626,0.0021959,6.6945e-26,0,0.00034442,0.00025828,1.3335,0.011828
2.425,0.12,0.005,-0.12662,0.0037778,1.5835e-25,0,0.0004845,0.00058781,0.82426,0.011968
2.375,0.168,0.005,-0.12316,0.0052683,1.9009e-24,0,0.00063622,0.00099181,0.64147,0.012111
2.325,0.216,0.005,-0.11831,0.0068039,1.8331e-24,0,0.00077588,0.0014004,0.55404,0.012246
2.275,0.264,0.005,-0.11293,0.0083647,4.6392e-24,0,0.00089917,0.0017862,0.5034,0.012374
2.225,0.312,0.005,-0.10733,0.0099629,-1.3262e-24,0,0.001006,0.0021403,0.47,0.012494
2.175,0.36,0.005,-0.10166,0.011597,-1.2454e-24,0,0.0010968,0.0024605,0.44575,0.012604
2.125,0.408,0.005,-0.096003,0.013266,-1.7123e-24,0,0.0011723,0.0027468,0.42679,0.012707
2.075,0.456,0.005,-0.090409,0.014964,-2.2225e-24,0,0.0012333,0.0030005,0.41104,0.012802
2.025,0.50502,0.005,-0.08482,0.016707,5.6076e-25,0,0.0012822,0.003229,0.39709,0.012887
1.975,0.55506,0.005,-0.079265,0.018484,1.1131e-24,0,0.0013187,0.0034299,0.38446,0.012965
1.925,0.60511,0.005,-0.073859,0.020265,6.0683e-25,0,0.0013424,0.0036006,0.37284,0.013037
1.875,0.65515,0.005,-0.068614,0.022044,3.7055e-38,0,0.0013547,0.0037426,0.36197,0.013106
1.825,0.70519,0.005,-0.063539,0.023814,-5.9194e-25,0,0.0013566,0.0038574,0.3517,0.013173
1.775,0.75523,0.005,-0.058636,0.025568,1.4341e-24,0,0.0013494,0.0039465,0.34192,0.01324
1.725,0.80528,0.005,-0.053905,0.027301,1.6485e-24,0,0.0013342,0.0040114,0.33259,0.013309
1.675,0.85532,0.005,-0.049343,0.029009,2.5005e-24,0,0.0013121,0.0040534,0.3237,0.013381
1.625,0.90536,0.005,-0.044944,0.030688,4.8568e-25,0,0.0012842,0.0040738,0.31523,0.013458
1.575,0.9554,0.005,-0.040702,0.032335,-4.4737e-25,0,0.0012514,0.0040739,0.30718,0.013542
1.525,1.0054,0.005,-0.03661,0.033949,-1.0216e-24,0,0.0012147,0.0040549,0.29957,0.013634
1.475,1.0555,0.005,-0.03266,0.035529,6.8578e-25,0,0.0011748,0.004018,0.29238,0.013734
1.425,1.1055,0.005,-0.028845,0.037075,-1.531e-24,0,0.0011324,0.0039643,0.28564,0.013845
1.375,1.1556,0.005,-0.025159,0.038587,-6.7235e-39,0,0.0010881,0.0038949,0.27936,0.013966
1.325,1.2056,0.005,-0.021596,0.040065,-2.0586e-25,0,0.0010424,0.0038105,0.27357,0.014098
1.275,1.2557,0.005,-0.01815,0.04151,1.2147e-24,0,0.00099612,0.0037119,0.26836,0.014242
1.225,1.3057,0.005,-0.014819,0.042923,-5.6563e-39,0,0.00094949,0.0035995,0.26379,0.014398
1.175,1.3557,0.005,-0.011601,0.044305,-2.028e-26,0,0.00090251,0.0034742,0.25978,0.014567
1.125,1.4058,0.005,-0.008496,0.045656,0,0,0.00085538,0.0033368,0.25634,0.014747
1.075,1.4558,0.005,-0.0055071,0.046974,-1.6339e-24,0,0.00080831,0.0031884,0.25351,0.01494
1.025,1.5059,0.005,-0.0026395,0.048258,1.812e-24,0,0.00076151,0.0030301,0.25132,0.015144
0.975,1.5559,0.005,9.8123e-05,0.049501,-2.0048e-24,0,0.0007152,0.0028631,0.2498,0.01536
0.925,1.606,0.005,0.0026937,0.050696,2.1774e-24,0,0.0006695,0.0026884,0.24903,0.015586
0.875,1.656,0.005,0.0051309,0.051827,1.3383e-24,0,0.00062465,0.0025082,0.24905,0.015822
0.825,1.706,0.005,0.0073892,0.052875,-6.2665e-25,0,0.00058093,0.0023243,0.24994,0.016066
0.775,1.7561,0.005,0.0094418,0.053809,1.507e-24,0,0.00053872,0.0021395,0.2518,0.016318
0.725,1.8061,0.005,0.011256,0.054586,-2.0529e-24,0,0.00049852,0.001957,0.25474,0.016575
0.675,1.8562,0.005,0.012792,0.055149,-1.0374e-24,0,0.00046098,0.0017806,0.25889,0.016836
0.625,1.9062,0.005,0.014002,0.055424,-1.9009e-38,0,0.00042681,0.0016141,0.26442,0.017097
0.575,1.9563,0.005,0.014837,0.055323,-1.8781e-38,0,0.00039666,0.001461,0.2715,0.017354
0.525,2.0063,0.005,0.015246,0.054751,1.4895e-24,0,0.00037086,0.0013234,0.28023,0.017604
0.475,2.0563,0.005,0.015194,0.053634,-3.7409e-24,0,0.00034898,0.0012008,0.29062,0.017841
0.425,2.1064,0.005,0.014676,0.051949,3.425e-24,0,0.00032953,0.001089,0.30259,0.018061
0.375,2.1564,0.005,0.013723,0.049747,7.2471e-38,0,0.00031,0.00097988,0.31637,0.018258
0.325,2.2065,0.005,0.012387,0.047141,-1.9773e-24,0,0.00028752,0.00086228,0.33344,0.018429
0.275,2.2565,0.005,0.010735,0.044247,-1.3877e-24,0,0.00025958,0.00072531,0.35789,0.018569
0.225,2.3066,0.005,0.0088128,0.041102,2.0901e-25,0,0.0002245,0.000564,0.39804,0.018677
0.175,2.3566,0.005,0.0066474,0.037576,-3.9923e-38,0,0.00018134,0.00038663,0.46902,0.018749
0.125,2.4066,0.005,0.0042954,0.033246,1.0283e-24,0,0.0001301,0.00021671,0.60034,0.018786
0.075,2.4567,0.005,0.0019393,0.026947,7.0334e-26,0,7.2496e-05,8.2626e-05,0.87739,0.018794
0.025,2.5067,0.005,0.00041127,0.014967,-3.1548e-24,0,1.0297e-05,5.2595e-06,1.9578,0.018789
2.575,0.024,0.005,-0.11268,0.00080778,-2.6436e-24,0,0.00039266,0.0001068,3.6766,0.011545
2.525,0.072,0.005,-0.12772,0.0021111,4.4236e-24,0,0.00034893,0.00026143,1.3347,0.011689
2.475,0.12,0.005,-0.12801,0.0036316,-1.8132e-24,0,0.0004916,0.00059651,0.82413,0.011824
2.425,0.168,0.005,-0.1245,0.0050578,1.7684e-24,0,0.00064614,0.0010067,0.64181,0.011962
2.375,0.216,0.005,-0.1196,0.0065251,1.7077e-24,0,0.00078856,0.0014214,0.55478,0.012094
2.325,0.264,0.005,-0.11417,0.0080151,3.1329e-25,0,0.00091462,0.0018132,0.50442,0.012218
2.275,0.312,0.005,-0.10853,0.0095377,1.256e-24,0,0.0010242,0.0021735,0.47124,0.012335
2.225,0.36,0.005,-0.10281,0.011093,-1.1811e-24,0,0.0011179,0.0024999,0.44716,0.012444
2.175,0.408,0.005,-0.097103,0.01268,1.1975e-38,0,0.0011963,0.0027928,0.42835,0.012546
2.125,0.456,0.005,-0.091451,0.014294,-5.1956e-25,0,0.0012601,0.0030531,0.41273,0.01264
2.075,0.50502,0.005,-0.085795,0.015954,-1.1162e-24,0,0.0013117,0.0032885,0.39888,0.012726
2.025,0.55506,0.005,-0.080166,0.017646,1.106e-24,0,0.0013508,0.0034965,0.38632,0.012804
1.975,0.60511,0.005,-0.07468,0.019345,1.5887e-24,0,0.0013769,0.0036743,0.37475,0.012877
1.925,0.65515,0.005,-0.069353,0.021046,2.0019e-24,0,0.0013913,0.0038233,0.3639,0.012947
1.875,0.70519,0.005,-0.064192,0.02274,5.4997e-25,0,0.001395,0.0039451,0.3536,0.013016
1.825,0.75523,0.005,-0.059203,0.024424,-5.3487e-25,0,0.0013892,0.004041,0.34377,0.013084
1.775,0.80528,0.005,-0.054385,0.026091,-9.5323e-25,0,0.001375,0.0041124,0.33437,0.013153
1.725,0.85532,0.005,-0.049737,0.027738,-9.4968e-25,0,0.0013537,0.0041605,0.32537,0.013226
1.675,0.90536,0.005,-0.045255,0.029361,1.269e-38,0,0.0013262,0.0041867,0.31677,0.013303
1.625,0.9554,0.005,-0.040931,0.030957,1.3251e-38,0,0.0012936,0.0041922,0.30857,0.013386
1.575,1.0054,0.005,-0.036761,0.032524,-7.6518e-25,0,0.0012567,0.0041782,0.30078,0.013476
1.525,1.0555,0.005,-0.032736,0.034062,5.8075e-39,0,0.0012165,0.0041459,0.29341,0.013575
1.475,1.1055,0.005,-0.02885,0.035569,1.6176e-24,0,0.0011735,0.0040965,0.28646,0.013684
1.425,1.1556,0.005,-0.025095,0.037044,1.3097e-24,0,0.0011285,0.0040309,0.27995,0.013802
1.375,1.2056,0.005,-0.021466,0.038489,-1.1062e-24,0,0.001082,0.0039501,0.27391,0.013932
1.325,1.2557,0.005,-0.017959,0.039904,1.1558e-24,0,0.0010346,0.003855,0.26839,0.014073
1.275,1.3057,0.005,-0.014569,0.041288,7.8602e-26,0,0.00098702,0.0037458,0.2635,0.014226
1.225,1.3557,0.005,-0.011293,0.042643,-1.4705e-26,0,0.00093917,0.0036235,0.25919,0.014392
1.175,1.4058,0.005,-0.0081323,0.043969,-2.3915e-38,0,0.00089116,0.0034889,0.25543,0.014569
1.125,1.4558,0.005,-0.005088,0.045264,-1.5598e-24,0,0.00084323,0.003343,0.25224,0.014759
1.075,1.5059,0.005,-0.0021643,0.046527,1.9434e-24,0,0.00079559,0.0031867,0.24966,0.01496
1.025,1.5559,0.005,0.00063166,0.047754,0,0,0.00074848,0.0030215,0.24772,0.015174
0.975,1.606,0.005,0.0032893,0.048938,-2.0788e-24,0,0.00070192,0.0028478,0.24648,0.015399
0.925,1.656,0.005,0.0057945,0.050067,1.7574e-24,0,0.00065614,0.0026673,0.24599,0.015634
0.875,1.706,0.005,0.008129,0.051127,-1.834e-24,0,0.00061142,0.0024822,0.24632,0.015879
0.825,1.7561,0.005,0.010269,0.052093,1.4722e-24,0,0.00056804,0.0022947,0.24755,0.016133
0.775,1.8061,0.005,0.012186,0.052932,1.9783e-24,0,0.00052643,0.0021076,0.24978,0.016393
0.725,1.8562,0.005,0.013842,0.053598,-1.0151e-24,0,0.00048712,0.0019244,0.25312,0.016659
0.675,1.9062,0.005,0.015195,0.05403,-1.1675e-24,0,0.00045076,0.0017489,0.25774,0.016928
0.625,1.9563,0.005,0.016194,0.054152,-1.3235e-24,0,0.00041801,0.0015847,0.26378,0.017196
0.575,2.0063,0.005,0.016786,0.053876,0,0,0.00038941,0.0014349,0.27139,0.017459
0.525,2.0563,0.005,0.016926,0.053115,1.6216e-24,0,0.000365,0.0013007,0.28062,0.017712
0.475,2.1064,0.005,0.016585,0.051813,1.7101e-24,0,0.000344,0.0011804,0.29142,0.017952
0.425,2.1564,0.005,0.015766,0.049969,-5.049e-24,0,0.00032459,0.0010688,0.3037,0.018171
0.375,2.2065,0.005,0.014501,0.047661,1.2858e-24,0,0.00030419,0.00095699,0.31786,0.018366
0.325,2.2565,0.005,0.012849,0.04502,2.1002e-24,0,0.00028015,0.00083464,0.33565,0.018532
0.275,2.3066,0.005,0.010877,0.04215,-4.5615e-25,0,0.00025047,0.00069322,0.36132,0.018663
0.225,2.3566,0.005,0.0086215,0.03907,2.2613e-24,0,0.00021402,0.00053169,0.40252,0.018759
0.175,2.4066,0.005,0.0061063,0.035648,-9.4729e-25,0,0.00017045,0.00036133,0.47174,0.018815
0.125,2.4567,0.005,0.0034264,0.03153,-1.0515e-23,0,0.00012061,0.00020385,0.59165,0.018834
0.075,2.5067,0.005,0.00090542,0.025773,-4.8758e-24,0,6.7115e-05,8.0883e-05,0.82978,0.01882
0.025,2.5568,0.005,-0.00021252,0.015137,6.7761e-24,0,1.0641e-05,5.4353e-06,1.9578,0.018795
2.625,0.024,0.005,-0.1141,0.00078097,-4.2321e-38,0,0.0003984,0.00010758,3.7035,0.011418
2.575,0.072,0.005,-0.12913,0.0020336,1.8598e-25,0,0.00035337,0.00026443,1.3364,0.011556
2.525,0.12,0.005,-0.12935,0.0034982,2.5831e-26,0,0.00049851,0.00060473,0.82435,0.011687
2.475,0.168,0.005,-0.12578,0.0048649,-1.4565e-24,0,0.00065576,0.0010208,0.6424,0.011821
2.425,0.216,0.005,-0.12084,0.0062706,-5.956e-25,0,0.00080083,0.0014411,0.5557,0.011948
2.375,0.264,0.005,-0.11537,0.007695,-3.8362e-24,0,0.00092957,0.0018386,0.50558,0.012069
2.325,0.312,0.005,-0.10969,0.0091479,-6.8345e-25,0,0.0010419,0.0022046,0.47258,0.012183
2.275,0.36,0.005,-0.10393,0.01063,1.911e-24,0,0.0011383,0.0025371,0.44867,0.01229
2.225,0.408,0.005,-0.098168,0.01214,1.9403e-24,0,0.0012195,0.0028361,0.42999,0.01239
2.175,0.456,0.005,-0.09246,0.013676,1.1561e-24,0,0.001286,0.0031028,0.41448,0.012484
2.125,0.50502,0.005,-0.086742,0.015255,-6.8751e-26,0,0.0013404,0.0033448,0.40074,0.012569
2.075,0.55506,0.005,-0.081043,0.016867,3.4764e-38,0,0.001382,0.0035597,0.38825,0.012648
2.025,0.60511,0.005,-0.075482,0.018487,-5.1602e-25,0,0.0014106,0.0037444,0.37672,0.012722
1.975,0.65515,0.005,-0.070077,0.020109,-9.5815e-25,0,0.0014271,0.0039003,0.36589,0.012793
1.925,0.70519,0.005,-0.064835,0.021729,-5.1045e-25,0,0.0014326,0.0040289,0.35558,0.012862
1.875,0.75523,0.005,-0.059763,0.023342,0,0,0.0014283,0.0041315,0.34571,0.012931
1.825,0.80528,0.005,-0.054863,0.024942,1.8737e-24,0,0.0014153,0.0042094,0.33623,0.013001
1.775,0.85532,0.005,-0.050132,0.026527,1.367e-24,0,0.0013948,0.0042638,0.32713,0.013074
1.725,0.90536,0.005,-0.045568,0.028092,-1.9028e-39,0,0.0013679,0.0042958,0.31842,0.013151
1.675,0.9554,0.005,-0.041166,0.029634,1.3171e-24,0,0.0013354,0.0043068,0.31008,0.013233
1.625,1.0054,0.005,-0.036919,0.031152,1.5097e-24,0,0.0012985,0.0042979,0.30213,0.013323
1.575,1.0555,0.005,-0.032819,0.032644,-9.5527e-25,0,0.001258,0.0042703,0.29459,0.01342
1.525,1.1055,0.005,-0.028862,0.034109,2.778e-25,0,0.0012145,0.0042251,0.28745,0.013526
1.475,1.1556,0.005,-0.025039,0.035546,2.3154e-25,0,0.0011688,0.0041634,0.28073,0.013643
1.425,1.2056,0.005,-0.021345,0.036955,-1.0542e-24,0,0.0011215,0.0040862,0.27446,0.01377
1.375,1.2557,0.005,-0.017775,0.038336,1.1005e-24,0,0.0010732,0.0039943,0.26868,0.013908
1.325,1.3057,0.005,-0.014324,0.039689,7.1418e-26,0,0.0010245,0.0038885,0.26346,0.014058
1.275,1.3557,0.005,-0.01099,0.041014,1.2243e-24,0,0.0009757,0.0037691,0.25887,0.01422
1.225,1.4058,0.005,-0.0077721,0.042312,2.509e-24,0,0.0009268,0.0036372,0.25481,0.014394
1.175,1.4558,0.005,-0.004671,0.04358,1.3595e-24,0,0.00087798,0.0034937,0.2513,0.014581
1.125,1.5059,0.005,-0.0016899,0.044819,-1.6544e-24,0,0.00082946,0.0033396,0.24837,0.01478
1.075,1.5559,0.005,0.0011652,0.046024,1.2291e-24,0,0.00078151,0.0031762,0.24605,0.014991
1.025,1.606,0.005,0.0038852,0.04719,1.2083e-24,0,0.00073411,0.0030038,0.2444,0.015214
0.975,1.656,0.005,0.0064581,0.048309,1.6708e-24,0,0.00068746,0.0028238,0.24345,0.015448
0.925,1.706,0.005,0.0088673,0.049368,-5.9658e-25,0,0.00064179,0.0026381,0.24328,0.015692
0.875,1.7561,0.005,0.011092,0.050348,3.2582e-24,0,0.00059738,0.0024489,0.24394,0.015947
0.825,1.8061,0.005,0.013106,0.051224,8.468e-25,0,0.00055456,0.0022586,0.24553,0.01621
0.775,1.8562,0.005,0.014877,0.051957,-3.9468e-24,0,0.00051377,0.0020702,0.24817,0.016479
0.725,1.9062,0.005,0.016363,0.0525,-3.2374e-38,0,0.00047558,0.0018874,0.25198,0.016754
0.675,1.9563,0.005,0.017517,0.052787,1.2961e-24,0,0.00044062,0.0017138,0.2571,0.01703
0.625,2.0063,0.005,0.018288,0.052742,-6.0133e-25,0,0.0004095,0.0015529,0.2637,0.017304
0.575,2.0563,0.005,0.018621,0.052279,1.6045e-24,0,0.00038253,0.001407,0.27188,0.017572
0.525,2.1064,0.005,0.018476,0.051322,-7.1376e-24,0,0.00035948,0.0012764,0.28163,0.017828
0.475,2.1564,0.005,0.017831,0.049831,3.4696e-24,0,0.00033918,0.0011583,0.29282,0.018068
0.425,2.2065,0.005,0.016689,0.047835,-5.2897e-25,0,0.00031955,0.0010463,0.30542,0.018287
0.375,2.2565,0.005,0.015088,0.045441,-2.1295e-24,0,0.00029806,0.00093156,0.31996,0.018479
0.325,2.3066,0.005,0.013097,0.042785,7.5585e-38,0,0.00027246,0.00080502,0.33845,0.018637
0.275,2.3566,0.005,0.010771,0.03996,1.7295e-25,0,0.00024127,0.0006611,0.36495,0.018758
0.225,2.4066,0.005,0.008134,0.036967,1.7994e-24,0,0.00020388,0.00050237,0.40584,0.01884
0.175,2.4567,0.005,0.0052099,0.033701,1.6299e-37,0,0.00016061,0.00034176,0.46995,0.018879
0.125,2.5067,0.005,0.002132,0.029922,-2.1262e-24,0,0.000113,0.00019785,0.57112,0.018877
0.075,2.5568,0.005,-0.00067075,0.024996,9.1217e-24,0,6.3285e-05,8.2321e-05,0.76877,0.018841
0.025,2.6068,0.005,-0.0015128,0.016567,-2.9725e-25,0,1.4727e-05,7.5222e-06,1.9578,0.018783
2.675,0.024,0.005,-0.11547,0.00075658,2.2846e-24,0,0.00040405,0.00010834,3.7296,0.011297
2.625,0.072,0.005,-0.13049,0.0019626,-1.8058e-24,0,0.00035775,0.00026729,1.3384,0.01143
2.575,0.12,0.005,-0.13065,0.0033767,-1.0057e-37,0,0.00050524,0.00061248,0.8249,0.011555
2.525,0.168,0.005,-0.12702,0.0046889,1.5395e-24,0,0.00066509,0.001034,0.64321,0.011685
2.475,0.216,0.005,-0.12203,0.0060381,-1.6586e-24,0,0.00081273,0.0014597,0.55678,0.011809
2.425,0.264,0.005,-0.11653,0.0074018,-2.4236e-24,0,0.00094403,0.0018625,0.50686,0.011927
2.375,0.312,0.005,-0.11081,0.0087902,-2.2509e-38,0,0.001059,0.002234,0.47402,0.012038
2.325,0.36,0.005,-0.10501,0.010204,-3.5622e-25,0,0.0011581,0.0025721,0.45025,0.012143
2.275,0.408,0.005,-0.099199,0.011643,6.7363e-38,0,0.001242,0.002877,0.43169,0.012241
2.225,0.456,0.005,-0.093439,0.013105,-1.3687e-24,0,0.0013112,0.0031497,0.4163,0.012333
2.175,0.50502,0.005,-0.087661,0.014608,-1.4023e-24,0,0.0013682,0.0033981,0.40265,0.012419
2.125,0.55506,0.005,-0.081896,0.016142,-3.5512e-26,0,0.0014125,0.0036196,0.39023,0.012497
2.075,0.60511,0.005,-0.076265,0.017685,1.4546e-38,0,0.0014434,0.003811,0.37875,0.012572
2.025,0.65515,0.005,-0.070785,0.019233,-4.3903e-25,0,0.0014621,0.0039737,0.36793,0.012643
1.975,0.70519,0.005,-0.065466,0.020779,1.3231e-24,0,0.0014695,0.0041091,0.35761,0.012713
1.925,0.75523,0.005,-0.060316,0.022321,0,0,0.0014667,0.0042183,0.34771,0.012782
1.875,0.80528,0.005,-0.055336,0.023854,4.2869e-25,0,0.001455,0.0043027,0.33817,0.012853
1.825,0.85532,0.005,-0.050526,0.025375,-4.4599e-25,0,0.0014354,0.0043632,0.32899,0.012925
1.775,0.90536,0.005,-0.045884,0.026881,-4.0138e-25,0,0.0014091,0.0044012,0.32016,0.013002
1.725,0.9554,0.005,-0.041404,0.028367,-2.5074e-24,0,0.001377,0.0044177,0.3117,0.013084
1.675,1.0054,0.005,-0.037081,0.029834,-2.1279e-24,0,0.0013401,0.004414,0.3036,0.013172
1.625,1.0555,0.005,-0.032909,0.031278,9.1326e-25,0,0.0012993,0.0043911,0.29589,0.013268
1.575,1.1055,0.005,-0.028881,0.032698,2.6134e-25,0,0.0012554,0.0043503,0.28858,0.013373
1.525,1.1556,0.005,-0.024991,0.034093,-9.6831e-25,0,0.0012091,0.0042925,0.28167,0.013487
1.475,1.2056,0.005,-0.021231,0.035464,-1.7037e-25,0,0.001161,0.0042189,0.27519,0.013612
1.425,1.2557,0.005,-0.017598,0.036809,-1.195e-25,0,0.0011117,0.0041303,0.26917,0.013747
1.375,1.3057,0.005,-0.014086,0.038128,-2.1323e-24,0,0.0010619,0.0040276,0.26366,0.013894
1.325,1.3557,0.005,-0.010693,0.039421,-1.0524e-26,0,0.0010121,0.0039112,0.25877,0.014053
1.275,1.4058,0.005,-0.0074169,0.040688,-2.441e-24,0,0.0009623,0.0037819,0.25445,0.014224
1.225,1.4558,0.005,-0.004258,0.041927,2.5902e-33,0,0.00091257,0.0036408,0.25065,0.014407
1.175,1.5059,0.005,-0.0012186,0.043138,-1.374e-24,0,0.00086315,0.0034888,0.24741,0.014603
1.125,1.5559,0.005,0.0016963,0.044318,1.4476e-24,0,0.00081431,0.0033272,0.24475,0.014811
1.075,1.606,0.005,0.0044792,0.045462,1.516e-24,0,0.00076606,0.0031562,0.24271,0.015031
1.025,1.656,0.005,0.0071194,0.046563,-1.589e-24,0,0.00071855,0.0029772,0.24135,0.015263
0.975,1.706,0.005,0.0096023,0.047612,-1.087e-24,0,0.00067199,0.0027916,0.24072,0.015507
0.925,1.7561,0.005,0.011909,0.048593,6.9427e-25,0,0.00062661,0.0026013,0.24088,0.015761
0.875,1.8061,0.005,0.014017,0.049486,1.762e-38,0,0.00058271,0.0024087,0.24192,0.016025
0.825,1.8562,0.005,0.015895,0.050261,-9.5847e-25,0,0.00054066,0.0022166,0.24392,0.016297
0.775,1.9062,0.005,0.017508,0.050878,1.9678e-24,0,0.00050093,0.002028,0.24701,0.016575
0.725,1.9563,0.005,0.018809,0.051284,-3.2815e-24,0,0.00046409,0.0018466,0.25133,0.016858
0.675,2.0063,0.005,0.019749,0.051413,-6.8599e-38,0,0.00043076,0.0016759,0.25702,0.017141
0.625,2.0563,0.005,0.020273,0.051188,1.578e-24,0,0.0004014,0.0015191,0.26423,0.017421
0.575,2.1064,0.005,0.02033,0.050526,-1.7249e-24,0,0.00037612,0.0013777,0.273,0.017692
0.525,2.1564,0.005,0.019881,0.049364,5.558e-24,0,0.0003543,0.0012508,0.28326,0.017951
0.475,2.2065,0.005,0.018906,0.047693,-9.3993e-24,0,0.00033442,0.0011343,0.29483,0.018192
0.425,2.2565,0.005,0.017404,0.04556,3.5358e-24,0,0.00031426,0.0010212,0.30772,0.018409
0.375,2.3066,0.005,0.015447,0.043097,3.2427e-24,0,0.00029158,0.00090367,0.32266,0.018595
0.325,2.3566,0.005,0.013099,0.040445,-2.8287e-24,0,0.00026459,0.00077436,0.34169,0.018744
0.275,2.4066,0.005,0.01038,0.037673,2.256e-24,0,0.00023231,0.0006306,0.36839,0.018853
0.225,2.4567,0.005,0.0072994,0.034787,-1.3873e-24,0,0.00019471,0.00047814,0.40721,0.018919
0.175,2.5067,0.005,0.0038901,0.031732,2.4038e-24,0,0.0001527,0.00033012,0.46256,0.01894
0.125,2.5568,0.005,0.00032468,0.028428,-1.8656e-25,0,0.00010798,0.00019964,0.54088,0.018917
0.075,2.6068,0.005,-0.0030552,0.024751,1.1877e-23,0,6.3525e-05,9.0479e-05,0.7021,0.018853
0.025,2.6569,0.005,-0.003025,0.022086,-4.7676e-24,0,2.2267e-05,1.1374e-05,1.9578,0.018743
2.725,0.024,0.005,-0.1168,0.00073454,8.683e-26,0,0.0004096,0.00010908,3.7551,0.01118
2.675,0.072,0.005,-0.13181,0.0018975,2.2138e-25,0,0.00036206,0.00027003,1.3408,0.011308
2.625,0.12,0.005,-0.13191,0.0032661,-1.5895e-38,0,0.0005118,0.00061982,0.82573,0.01143
2.575,0.168,0.005,-0.12822,0.0045281,-1.3004e-24,0,0.00067417,0.0010465,0.64422,0.011556
2.525,0.216,0.005,-0.1232,0.0058253,9.6954e-25,0,0.00082426,0.0014772,0.55799,0.011675
2.475,0.264,0.005,-0.11765,0.007133,-2.4081e-38,0,0.00095804,0.001885,0.50824,0.01179
2.425,0.312,0.005,-0.11189,0.0084616,2.7243e-25,0,0.0010755,0.0022616,0.47554,0.011899
2.375,0.36,0.005,-0.10605,0.0098121,6.4238e-25,0,0.0011772,0.0026051,0.45189,0.012001
2.325,0.408,0.005,-0.1002,0.011185,-3.004e-39,0,0.0012637,0.0029155,0.43345,0.012098
2.275,0.456,0.005,-0.094387,0.012578,-1.6967e-24,0,0.0013356,0.0031941,0.41816,0.012189
2.225,0.50502,0.005,-0.088553,0.014009,9.1802e-25,0,0.0013953,0.0034486,0.4046,0.012273
2.175,0.55506,0.005,-0.082725,0.01547,4.2875e-25,0,0.0014421,0.0036764,0.39225,0.012352
2.125,0.60511,0.005,-0.077027,0.016939,-8.7664e-25,0,0.0014754,0.0038744,0.38082,0.012426
2.075,0.65515,0.005,-0.071476,0.018413,-8.7677e-25,0,0.0014962,0.0040437,0.37002,0.012498
2.025,0.70519,0.005,-0.066085,0.019888,-4.3872e-25,0,0.0015056,0.0041857,0.3597,0.012568
1.975,0.75523,0.005,-0.060859,0.02136,-1.2777e-24,0,0.0015045,0.0043015,0.34976,0.012638
1.925,0.80528,0.005,-0.055803,0.022826,-4.2273e-25,0,0.0014941,0.0043922,0.34017,0.012708
1.875,0.85532,0.005,-0.050917,0.024283,-8.3617e-25,0,0.0014755,0.004459,0.33091,0.012781
1.825,0.90536,0.005,-0.046198,0.025727,-7.5076e-25,0,0.0014499,0.0045029,0.32198,0.012857
1.775,0.9554,0.005,-0.041644,0.027157,-4.9594e-25,0,0.0014182,0.0045251,0.3134,0.012939
1.725,1.0054,0.005,-0.037248,0.02857,-3.176e-25,0,0.0013814,0.0045266,0.30517,0.013026
1.675,1.0555,0.005,-0.033004,0.029964,5.9004e-25,0,0.0013404,0.0045086,0.29731,0.013121
1.625,1.1055,0.005,-0.028907,0.031337,1.1412e-24,0,0.0012961,0.0044721,0.28983,0.013223
1.575,1.1556,0.005,-0.024949,0.032689,-7.2034e-25,0,0.0012492,0.0044184,0.28274,0.013335
1.525,1.2056,0.005,-0.021125,0.034019,-1.5919e-25,0,0.0012004,0.0043484,0.27606,0.013457
1.475,1.2557,0.005,-0.017429,0.035325,-1.11e-24,0,0.0011503,0.0042631,0.26983,0.01359
1.425,1.3057,0.005,-0.013856,0.036608,-2.1509e-24,0,0.0010994,0.0041634,0.26408,0.013733
1.375,1.3557,0.005,-0.010403,0.037867,-1.1015e-24,0,0.0010485,0.0040499,0.25889,0.013889
1.325,1.4058,0.005,-0.0070679,0.039101,-3.4241e-24,0,0.00099771,0.0039232,0.25431,0.014057
1.275,1.4558,0.005,-0.0038505,0.040309,-1.1019e-24,0,0.00094704,0.0037844,0.25025,0.014237
1.225,1.5059,0.005,-0.00075221,0.04149,1.1044e-24,0,0.00089669,0.0036345,0.24672,0.014429
1.175,1.5559,0.005,0.0022232,0.042642,1.092e-24,0,0.00084693,0.0034746,0.24375,0.014634
1.125,1.606,0.005,0.0050691,0.04376,-1.0735e-24,0,0.00079778,0.0033052,0.24137,0.014852
1.075,1.656,0.005,0.0077764,0.044839,-1.0526e-24,0,0.00074941,0.0031272,0.23964,0.015081
1.025,1.706,0.005,0.010332,0.045871,5.6026e-25,0,0.00070197,0.0029421,0.2386,0.015323
0.975,1.7561,0.005,0.01272,0.046843,-9.9596e-25,0,0.00065567,0.0027514,0.2383,0.015576
0.925,1.8061,0.005,0.014918,0.047739,2.5417e-24,0,0.00061077,0.0025573,0.23883,0.01584
0.875,1.8562,0.005,0.016899,0.048535,-2.3229e-26,0,0.00056759,0.0023623,0.24027,0.016113
0.825,1.9062,0.005,0.018631,0.049199,-1.0707e-24,0,0.00052653,0.0021692,0.24273,0.016395
0.775,1.9563,0.005,0.020072,0.049687,-2.4469e-32,0,0.0004881,0.0019815,0.24633,0.016682
0.725,2.0063,0.005,0.021172,0.049944,3.4019e-24,0,0.00045286,0.0018026,0.25122,0.016972
0.675,2.0563,0.005,0.021879,0.049901,-1.5435e-24,0,0.00042134,0.001636,0.25755,0.017261
0.625,2.1064,0.005,0.022137,0.049482,3.1618e-25,0,0.00039387,0.001484,0.2654,0.017546
0.575,2.1564,0.005,0.021895,0.048611,-5.7299e-24,0,0.00037021,0.0013473,0.27478,0.01782
0.525,2.2065,0.005,0.02111,0.047254,4.0488e-24,0,0.00034937,0.0012236,0.28552,0.01808
0.475,2.2565,0.005,0.019754,0.045409,-1.599e-24,0,0.00032946,0.0010796,0.29745,0.018321
0.425,2.3066,0.005,0.017877,0.043163,-2.2998e-24,0,0.00030858,0.00097141,0.31062,0.018534
0.375,2.3566,0.005,0.015548,0.040648,8.2795e-25,0,0.00028482,0.00087395,0.3259,0.018713
0.325,2.4066,0.005,0.012811,0.037998,7.3685e-24,0,0.00025681,0.00074387,0.34524,0.018852
0.275,2.4567,0.005,0.009656,0.03528,5.4794e-25,0,0.00022418,0.00060378,0.37129,0.018948
0.225,2.5067,0.005,0.0060638,0.032514,-4.2735e-24,0,0.00018743,0.00046142,0.4062,0.018998
0.175,2.5568,0.005,0.0020815,0.029723,0,0,0.00014797,0.00032849,0.45044,0.018999
0.125,2.6068,0.005,-0.0021285,0.027049,-5.4248e-38,0,0.00010679,0.00020835,0.51253,0.018953
0.075,2.6569,0.005,-0.0062531,0.02484,8.3643e-24,0,7.1733e-05,0.0001104,0.64973,0.018852
0.025,2.7069,0.005,-0.0059807,0.026931,1.9895e-23,0,3.9481e-05,1.6477e-05,1.9578,0.018535
2.775,0.024,0.005,-0.11809,0.00071489,-1.9671e-24,0,0.00041507,0.0001098,3.7801,0.011069
2.725,0.072,0.005,-0.13308,0.0018382,-1.4797e-24,0,0.00036633,0.00027265,1.3436,0.011193
2.675,0.12,0.005,-0.13313,0.0031656,-3.3653e-26,0,0.00051822,0.00062676,0.82681,0.011309
2.625,0.168,0.005,-0.12939,0.0043809,2.5535e-26,0,0.000683,0.0010583,0.64539,0.011432
2.575,0.216,0.005,-0.12432,0.0056305,-2.3374e-38,0,0.00083546,0.0014937,0.55933,0.011548
2.525,0.264,0.005,-0.11874,0.0068863,3.2744e-24,0,0.00097163,0.0019062,0.50971,0.011659
2.475,0.312,0.005,-0.11294,0.0081597,-7.7458e-25,0,0.0010915,0.0022877,0.47713,0.011765
2.425,0.36,0.005,-0.10706,0.0094515,-1.5398e-24,0,0.0011958,0.0026362,0.45359,0.011865
2.375,0.408,0.005,-0.10116,0.010762,-1.2424e-24,0,0.0012848,0.0029519,0.43525,0.01196
2.325,0.456,0.005,-0.095306,0.01209,-8.8161e-25,0,0.0013593,0.003236,0.42006,0.01205
2.275,0.50502,0.005,-0.089418,0.013454,8.9215e-25,0,0.0014215,0.0034963,0.40658,0.012133
2.225,0.55506,0.005,-0.08353,0.014845,2.5524e-24,0,0.0014709,0.0037303,0.3943,0.012211
2.175,0.60511,0.005,-0.077768,0.016244,4.0395e-25,0,0.0015066,0.0039346,0.38291,0.012286
2.125,0.65515,0.005,-0.07215,0.017647,-1.1038e-41,0,0.0015296,0.0041104,0.37214,0.012357
2.075,0.70519,0.005,-0.066689,0.019052,-1.2292e-24,0,0.0015409,0.0042588,0.36182,0.012428
2.025,0.75523,0.005,-0.061391,0.020456,-1.2109e-24,0,0.0015415,0.0043811,0.35186,0.012497
1.975,0.80528,0.005,-0.056262,0.021855,1.1917e-24,0,0.0015325,0.0044783,0.34222,0.012568
1.925,0.85532,0.005,-0.051302,0.023248,1.602e-24,0,0.0015151,0.0045513,0.33289,0.012641
1.875,0.90536,0.005,-0.046511,0.024631,-4.0081e-39,0,0.0014902,0.0046012,0.32387,0.012717
1.825,0.9554,0.005,-0.041884,0.026003,-2.368e-38,0,0.0014589,0.004629,0.31517,0.012797
1.775,1.0054,0.005,-0.037417,0.027361,2.2331e-24,0,0.0014223,0.0046358,0.30682,0.012883
1.725,1.0555,0.005,-0.033104,0.028703,1.3656e-24,0,0.0013813,0.0046227,0.29881,0.012977
1.675,1.1055,0.005,-0.028938,0.030028,2.2975e-25,0,0.0013367,0.0045908,0.29118,0.013078
1.625,1.1556,0.005,-0.024914,0.031335,8.8261e-25,0,0.0012893,0.0045411,0.28392,0.013187
1.575,1.2056,0.005,-0.021026,0.032622,1.4831e-25,0,0.0012398,0.0044748,0.27707,0.013307
1.525,1.2557,0.005,-0.017267,0.033888,9.5284e-25,0,0.0011889,0.0043928,0.27064,0.013436
1.475,1.3057,0.005,-0.013633,0.035133,9.9717e-25,0,0.001137,0.0042961,0.26466,0.013577
1.425,1.3557,0.005,-0.01012,0.036355,-1.0558e-24,0,0.0010849,0.0041854,0.25921,0.013729
1.375,1.4058,0.005,-0.0067263,0.037555,3.3807e-24,0,0.001033,0.0040613,0.25436,0.013893
1.325,1.4558,0.005,-0.00345,0.03873,-1.4265e-24,0,0.00098142,0.0039248,0.25006,0.01407
1.275,1.5059,0.005,-0.00029226,0.039879,1.2454e-24,0,0.00093012,0.0037769,0.24627,0.014259
1.225,1.5559,0.005,0.0027439,0.041,-2.745e-25,0,0.00087939,0.0036187,0.24302,0.014461
1.175,1.606,0.005,0.0056531,0.04209,3.5567e-25,0,0.00082932,0.0034507,0.24033,0.014675
1.125,1.656,0.005,0.0084272,0.043143,4.4413e-25,0,0.00078004,0.0032739,0.23826,0.014902
1.075,1.706,0.005,0.011055,0.044153,-5.4098e-25,0,0.00073171,0.0030894,0.23685,0.015141
1.025,1.7561,0.005,0.013522,0.045109,1.5924e-24,0,0.00068452,0.0028987,0.23614,0.015393
0.975,1.8061,0.005,0.015808,0.045998,0,0,0.00063867,0.0027037,0.23622,0.015656
0.925,1.8562,0.005,0.017889,0.046801,-1.7858e-24,0,0.00059445,0.0025067,0.23715,0.015929
0.875,1.9062,0.005,0.019734,0.047491,1.8411e-24,0,0.00055221,0.0023102,0.23904,0.016212
0.825,1.9563,0.005,0.021306,0.048033,-2.3641e-32,0,0.00051238,0.0021173,0.242,0.016502
0.775,2.0063,0.005,0.022559,0.048379,1.3411e-24,0,0.00047549,0.0019316,0.24617,0.016797
0.725,2.0563,0.005,0.02344,0.048472,-2.5398e-24,0,0.00044206,0.0017563,0.2517,0.017094
0.675,2.1064,0.005,0.023893,0.048244,-2.0276e-38,0,0.00041253,0.0015946,0.25871,0.017389
0.625,2.1564,0.005,0.023861,0.047618,-1.9957e-24,0,0.00038695,0.0014479,0.26725,0.017677
0.575,2.2065,0.005,0.023283,0.046543,2.02e-24,0,0.00036471,0.0013068,0.27723,0.017955
0.525,2.2565,0.005,0.022114,0.044988,-1.7795e-24,0,0.00034432,0.0011317,0.28845,0.018217
0.475,2.3066,0.005,0.020362,0.04298,-1.5314e-24,0,0.0003242,0.0010031,0.30072,0.018455
0.425,2.3566,0.005,0.018089,0.040639,2.3199e-24,0,0.00030257,0.00090649,0.31415,0.018662
0.375,2.4066,0.005,0.015364,0.038097,-5.0385e-32,0,0.00027799,0.00082342,0.32968,0.018832
0.325,2.4567,0.005,0.01219,0.035445,2.5983e-24,0,0.00024961,0.00071525,0.34899,0.01896
0.275,2.5067,0.005,0.0085341,0.032767,-1.6835e-24,0,0.00021771,0.00058265,0.37366,0.019042
0.225,2.5568,0.005,0.0043611,0.030129,-2.4151e-24,0,0.0001835,0.00045421,0.40398,0.019076
0.175,2.6068,0.005,-0.0002786,0.027651,-1.1466e-23,0,0.00014787,0.00033449,0.44209,0.019057
0.125,2.6569,0.005,-0.0054284,0.025368,-1.5097e-23,0,0.00011541,0.00022972,0.5024,0.018984
0.075,2.7069,0.005,-0.012725,0.026629,3.5376e-37,0,9.7578e-05,0.00014616,0.66761,0.018823
0.025,2.7569,0.005,-0.016674,0.047799,8.4793e-23,0,7.6825e-05,3.9242e-05,1.9578,0.017937
2.825,0.024,0.005,-0.11934,0.00069726,-1.7796e-25,0,0.00042046,0.00011051,3.8046,0.010962
2.775,0.072,0.005,-0.13433,0.0017853,3.5057e-24,0,0.00037055,0.00027517,1.3467,0.011082
2.725,0.12,0.005,-0.13431,0.0030738,-4.6743e-26,0,0.00052449,0.00063334,0.82813,0.011194
2.675,0.168,0.005,-0.13052,0.0042464,1.2636e-24,0,0.0006916,0.0010694,0.64673,0.011313
2.625,0.216,0.005,-0.12541,0.0054518,-1.1306e-24,0,0.00084635,0.0015092,0.56078,0.011426
2.575,0.264,0.005,-0.1198,0.0066598,8.7604e-25,0,0.00098482,0.0019262,0.51127,0.011534
2.525,0.312,0.005,-0.11396,0.007882,2.1661e-25,0,0.0011071,0.0023123,0.47878,0.011637
2.475,0.36,0.005,-0.10804,0.0091193,0,0,0.0012137,0.0026656,0.45534,0.011735
2.425,0.408,0.005,-0.1021,0.010372,-1.4446e-24,0,0.0013053,0.0029863,0.4371,0.011828
2.375,0.456,0.005,-0.096197,0.01164,-1.3008e-25,0,0.0013823,0.0032757,0.42199,0.011916
2.325,0.50502,0.005,-0.090257,0.01294,-8.6572e-25,0,0.001447,0.0035415,0.40859,0.011998
2.275,0.55506,0.005,-0.084311,0.014265,-4.7973e-25,0,0.0014989,0.0037814,0.39638,0.012076
2.225,0.60511,0.005,-0.078488,0.015597,7.4998e-26,0,0.001537,0.0039918,0.38504,0.01215
2.175,0.65515,0.005,-0.072806,0.016933,1.4137e-38,0,0.0015622,0.0041738,0.37429,0.012221
2.125,0.70519,0.005,-0.067277,0.01827,-3.763e-25,0,0.0015755,0.0043287,0.36397,0.012291
2.075,0.75523,0.005,-0.061911,0.019607,-7.7674e-25,0,0.0015778,0.0044573,0.35399,0.012361
2.025,0.80528,0.005,-0.056712,0.020941,1.1304e-24,0,0.0015703,0.0045608,0.3443,0.012431
1.975,0.85532,0.005,-0.051682,0.02227,-4.2151e-25,0,0.001554,0.00464,0.33491,0.012504
1.925,0.90536,0.005,-0.04682,0.023592,-1.4069e-39,0,0.0015299,0.0046959,0.3258,0.012579
1.875,0.9554,0.005,-0.042123,0.024905,4.6979e-25,0,0.0014993,0.0047294,0.31701,0.012659
1.825,1.0054,0.005,-0.037587,0.026207,-1.568e-24,0,0.001463,0.0047417,0.30853,0.012745
1.775,1.0555,0.005,-0.033206,0.027496,-2.4797e-25,0,0.001422,0.0047336,0.3004,0.012836
1.725,1.1055,0.005,-0.028974,0.028771,2.1467e-25,0,0.0013771,0.0047063,0.29262,0.012936
1.675,1.1556,0.005,-0.024885,0.030031,1.0209e-24,0,0.0013293,0.0046608,0.28521,0.013043
1.625,1.2056,0.005,-0.020933,0.031273,8.7306e-25,0,0.0012792,0.0045983,0.27818,0.01316
1.575,1.2557,0.005,-0.017113,0.032498,-9.3902e-26,0,0.0012274,0.0045196,0.27157,0.013287
1.525,1.3057,0.005,-0.013418,0.033703,4.6107e-26,0,0.0011746,0.0044258,0.26539,0.013425
1.475,1.3557,0.005,-0.0098456,0.034887,9.867e-25,0,0.0011214,0.0043178,0.25971,0.013574
1.425,1.4058,0.005,-0.0063926,0.036051,9.9069e-25,0,0.0010683,0.0041963,0.25458,0.013734
1.375,1.4558,0.005,-0.0030573,0.037191,9.9041e-25,0,0.0010157,0.0040619,0.25006,0.013907
1.325,1.5059,0.005,0.00015991,0.038307,-1.9454e-25,0,0.00096349,0.0039161,0.24603,0.014092
1.275,1.5559,0.005,0.003257,0.039397,-9.7492e-25,0,0.00091174,0.0037594,0.24252,0.014291
1.225,1.606,0.005,0.0062293,0.040456,-6.1476e-25,0,0.00086069,0.0035928,0.23956,0.014501
1.175,1.656,0.005,0.00907,0.041481,1.5926e-38,0,0.00081047,0.0034172,0.23718,0.014725
1.125,1.706,0.005,0.011769,0.042465,-5.2137e-25,0,0.00076124,0.0032335,0.23542,0.014962
1.075,1.7561,0.005,0.014313,0.043401,2.1441e-24,0,0.00071314,0.0030431,0.23435,0.015211
1.025,1.8061,0.005,0.016685,0.044276,0,0,0.00066637,0.0028476,0.23401,0.015472
0.975,1.8562,0.005,0.018862,0.045074,-8.5873e-25,0,0.00062117,0.0026491,0.23449,0.015745
0.925,1.9062,0.005,0.020817,0.045775,-9.9357e-25,0,0.00057784,0.0024499,0.23586,0.016028
0.875,1.9563,0.005,0.022514,0.046348,1.8589e-24,0,0.00053677,0.002253,0.23825,0.01632
0.825,2.0063,0.005,0.023912,0.046755,1.2946e-24,0,0.00049842,0.0020615,0.24178,0.016618
0.775,2.0563,0.005,0.024959,0.046946,1.4556e-24,0,0.00046331,0.0018789,0.24659,0.016921
0.725,2.1064,0.005,0.025599,0.046863,-5.2544e-24,0,0.00043191,0.0017083,0.25283,0.017225
0.675,2.1564,0.005,0.025774,0.046432,2.0276e-24,0,0.00040445,0.0015521,0.26057,0.017524
0.625,2.2065,0.005,0.025416,0.045599,1.8024e-38,0,0.00038061,0.0013943,0.26981,0.017817
0.575,2.2565,0.005,0.02446,0.044309,2.2481e-24,0,0.00035927,0.0011939,0.28042,0.018099
0.525,2.3066,0.005,0.022883,0.042547,-1.75e-24,0,0.00033918,0.0010412,0.29212,0.01836
0.475,2.3566,0.005,0.02072,0.040398,-2.9153e-24,0,0.00031876,0.00092883,0.30469,0.018592
0.425,2.4066,0.005,0.01803,0.037984,2.6412e-24,0,0.0002965,0.00084029,0.31837,0.018791
0.375,2.4567,0.005,0.014863,0.035421,1.3157e-24,0,0.00027152,0.00075802,0.33412,0.018951
0.325,2.5067,0.005,0.011191,0.032782,-5.5967e-24,0,0.0002438,0.00067077,0.35337,0.019068
0.275,2.5568,0.005,0.006947,0.030137,2.6892e-38,0,0.00021445,0.00056747,0.37791,0.019136
0.225,2.6068,0.005,0.0021304,0.027606,-3.3052e-24,0,0.00018555,0.00045267,0.40989,0.019152
0.175,2.6569,0.005,-0.0033234,0.025308,-2.9455e-24,0,0.00015862,0.00033528,0.4731,0.019112
0.125,2.7069,0.005,-0.0099094,0.024226,-3.448e-38,0,0.00015079,0.00023899,0.63094,0.019027
0.075,2.7569,0.005,-0.01906,0.018773,5.5609e-23,0,0.00016106,0.000156,1.0325,0.01863
0.025,2.807,0.005,0.094116,0.035748,0,0,0.00019046,9.9217e-06,2.4582,0.015525
2.875,0.024,0.005,-0.12057,0.00068133,8.9716e-26,0,0.00042579,0.00011121,3.8286,0.01086
2.825,0.072,0.005,-0.13554,0.0017375,1.2951e-25,0,0.00037472,0.00027757,1.35,0.010975
2.775,0.12,0.005,-0.13546,0.0029893,1.3635e-38,0,0.00053063,0.00063958,0.82965,0.011084
2.725,0.168,0.005,-0.13162,0.0041233,-2.4018e-24,0,0.00069999,0.0010799,0.6482,0.011199
2.675,0.216,0.005,-0.12647,0.0052878,1.1543e-24,0,0.00085695,0.0015239,0.56233,0.011308
2.625,0.264,0.005,-0.12082,0.0064517,3.4656e-38,0,0.00099764,0.0019451,0.51289,0.011414
2.575,0.312,0.005,-0.11495,0.0076265,-1.7634e-38,0,0.0011222,0.0023355,0.48049,0.011514
2.525,0.36,0.005,-0.10899,0.0088133,1.7399e-24,0,0.0012312,0.0026933,0.45713,0.01161
2.475,0.408,0.005,-0.10301,0.010012,8.297e-25,0,0.0013252,0.0030188,0.43897,0.0117
2.425,0.456,0.005,-0.097061,0.011224,3.1176e-25,0,0.0014046,0.0033132,0.42394,0.011787
2.375,0.50502,0.005,-0.091071,0.012464,3.0273e-25,0,0.0014718,0.0035843,0.41063,0.011868
2.325,0.55506,0.005,-0.08507,0.013727,1.3608e-38,0,0.0015261,0.0038299,0.39847,0.011945
2.275,0.60511,0.005,-0.079188,0.014995,-1.4697e-24,0,0.0015666,0.0040462,0.38718,0.012018
2.225,0.65515,0.005,-0.073444,0.016266,-4.1811e-25,0,0.001594,0.0042343,0.37646,0.012089
2.175,0.70519,0.005,-0.067851,0.017538,4.0485e-25,0,0.0016093,0.0043953,0.36614,0.012159
2.125,0.75523,0.005,-0.062418,0.01881,-4.2737e-38,0,0.0016134,0.0045302,0.35614,0.012229
2.075,0.80528,0.005,-0.057152,0.02008,3.3478e-25,0,0.0016074,0.00464,0.34642,0.012299
2.025,0.85532,0.005,-0.052054,0.021347,-1.0564e-24,0,0.0015923,0.0047253,0.33696,0.012371
1.975,0.90536,0.005,-0.047124,0.022608,-3.0447e-25,0,0.0015692,0.0047872,0.32778,0.012446
1.925,0.9554,0.005,-0.042359,0.023862,7.4104e-25,0,0.0015391,0.0048265,0.31889,0.012525
1.875,1.0054,0.005,-0.037756,0.025107,5.1839e-25,0,0.0015032,0.0048442,0.31031,0.012609
1.825,1.0555,0.005,-0.03331,0.026343,1.3538e-38,0,0.0014623,0.0048412,0.30205,0.0127
1.775,1.1055,0.005,-0.029013,0.027567,-3.9993e-33,0,0.0014173,0.0048186,0.29413,0.012797
1.725,1.1556,0.005,-0.024861,0.028778,1.6556e-25,0,0.0013691,0.0047775,0.28658,0.012903
1.675,1.2056,0.005,-0.020847,0.029975,8.3348e-25,0,0.0013184,0.0047188,0.27939,0.013017
1.625,1.2557,0.005,-0.016965,0.031156,-8.6165e-39,0,0.0012659,0.0046436,0.27261,0.013142
1.575,1.3057,0.005,-0.013211,0.03232,-4.0441e-26,0,0.0012122,0.0045528,0.26625,0.013276
1.525,1.3557,0.005,-0.0095792,0.033465,-1.8635e-26,0,0.0011579,0.0044474,0.26036,0.013422
1.475,1.4058,0.005,-0.0060674,0.034591,-6.3887e-26,0,0.0011036,0.0043283,0.25499,0.013579
1.425,1.4558,0.005,-0.0026734,0.035696,1.3113e-24,0,0.0010499,0.0041961,0.25022,0.013748
1.375,1.5059,0.005,0.00060324,0.036777,-1.3162e-24,0,0.00099674,0.0040521,0.24598,0.01393
1.325,1.5559,0.005,0.0037611,0.037834,2.5787e-25,0,0.00094399,0.003897,0.24223,0.014124
1.275,1.606,0.005,0.0067964,0.038861,-9.0754e-25,0,0.00089193,0.0037317,0.23901,0.014331
1.225,1.656,0.005,0.0097033,0.039856,3.6509e-39,0,0.00084074,0.0035572,0.23635,0.014552
1.175,1.706,0.005,0.012473,0.040813,1.3758e-24,0,0.00079056,0.0033743,0.23429,0.014785
1.125,1.7561,0.005,0.015093,0.041724,-2.0514e-24,0,0.00074154,0.0031843,0.23287,0.015031
1.075,1.8061,0.005,0.017549,0.04258,1.5343e-24,0,0.00069385,0.0029886,0.23216,0.01529
1.025,1.8562,0.005,0.01982,0.043366,1.6205e-24,0,0.0006477,0.0027891,0.23222,0.015561
0.975,1.9062,0.005,0.02188,0.044066,-3.4187e-24,0,0.00060335,0.0025879,0.23314,0.015843
0.925,1.9563,0.005,0.023697,0.044654,1.0946e-24,0,0.00056113,0.0023877,0.23501,0.016136
0.875,2.0063,0.005,0.025232,0.045099,1.2456e-24,0,0.00052148,0.0021915,0.23796,0.016437
0.825,2.0563,0.005,0.026438,0.045358,2.8092e-24,0,0.00048487,0.0020026,0.24212,0.016744
0.775,2.1064,0.005,0.027258,0.045381,-3.5753e-24,0,0.00045177,0.0018242,0.24765,0.017054
0.725,2.1564,0.005,0.027634,0.045101,-2.0393e-24,0,0.00042253,0.0016592,0.25466,0.017362
0.675,2.2065,0.005,0.027498,0.044468,6.1741e-38,0,0.00039707,0.0014917,0.26317,0.017667
0.625,2.2565,0.005,0.026772,0.043408,2.0148e-38,0,0.00037449,0.0012663,0.27317,0.017966
0.575,2.3066,0.005,0.025409,0.041883,0,0,0.0003539,0.0010903,0.28443,0.018249
0.525,2.3566,0.005,0.023408,0.039935,-1.7181e-24,0,0.00033399,0.00095843,0.29659,0.018505
0.475,2.4066,0.005,0.020816,0.037659,9.6231e-24,0,0.00031331,0.0008574,0.30949,0.018731
0.425,2.4567,0.005,0.017685,0.035181,-1.7663e-24,0,0.0002908,0.00077298,0.32356,0.018921
0.375,2.5067,0.005,0.01402,0.0326,1.9079e-25,0,0.00026633,0.00068972,0.34004,0.019072
0.325,2.5568,0.005,0.0097722,0.029959,7.8481e-25,0,0.00024102,0.00060219,0.36201,0.019176
0.275,2.6068,0.005,0.0049113,0.027314,2.2296e-24,0,0.00021808,0.00052717,0.40168,0.01923
0.225,2.6569,0.005,-0.00068741,0.024907,3.5729e-24,0,0.00020158,0.00042061,0.47926,0.019231
0.175,2.7069,0.005,-0.0068647,0.023244,3.0802e-24,0,0.00021094,0.00027426,0.76914,0.019187
0.125,2.7569,0.005,-0.0092318,0.01485,2.3893e-24,0,0.00027001,0.0001773,1.4401,0.019058
0.075,2.807,0.005,0.075969,0.013693,-5.576e-24,0,0.0003628,3.432e-05,4.3464,0.019238
0.025,2.86,0.005,0.45026,-0.0029428,-3.278e-25,0,0.00049688,0.00083734,0.065034,0.022136
2.925,0.024,0.005,-0.12176,0.00066701,-9.0409e-26,0,0.00043106,0.0001119,3.8523,0.010761
2.875,0.072,0.005,-0.13672,0.0016935,-1.2105e-24,0,0.00037884,0.00027988,1.3535,0.010872
2.825,0.12,0.005,-0.13658,0.0029114,1.3653e-25,0,0.00053666,0.00064552,0.83136,0.010978
2.775,0.168,0.005,-0.13269,0.0040104,-1.1869e-24,0,0.00070819,0.0010899,0.6498,0.01109
2.725,0.216,0.005,-0.1275,0.0051372,1.9254e-24,0,0.00086727,0.0015378,0.56396,0.011196
2.675,0.264,0.005,-0.12182,0.0062603,3.6167e-25,0,0.0010101,0.001963,0.51457,0.011298
2.625,0.312,0.005,-0.11591,0.0073912,8.7739e-25,0,0.0011369,0.0023575,0.48223,0.011396
2.575,0.36,0.005,-0.10991,0.0085311,4.2491e-25,0,0.0012481,0.0027195,0.45895,0.011489
2.525,0.408,0.005,-0.10389,0.0096805,1.582e-24,0,0.0013444,0.0030496,0.44087,0.011578
2.475,0.456,0.005,-0.0979,0.010839,-1.0259e-24,0,0.0014263,0.0033487,0.42592,0.011663
2.425,0.50502,0.005,-0.091861,0.012024,-3.0211e-25,0,0.0014959,0.0036249,0.41267,0.011743
2.375,0.55506,0.005,-0.085806,0.013229,6.1292e-25,0,0.0015526,0.0038759,0.40058,0.011819
2.325,0.60511,0.005,-0.079867,0.014436,-3.1658e-25,0,0.0015954,0.0040978,0.38934,0.011891
2.275,0.65515,0.005,-0.074063,0.015645,3.2184e-25,0,0.001625,0.0042918,0.37864,0.011962
2.225,0.70519,0.005,-0.068408,0.016855,1.4415e-24,0,0.0016423,0.0044588,0.36833,0.012032
2.175,0.75523,0.005,-0.062912,0.018064,7.1181e-25,0,0.0016482,0.0045999,0.35831,0.012101
2.125,0.80528,0.005,-0.057581,0.019272,3.1082e-25,0,0.0016437,0.0047158,0.34855,0.012171
2.075,0.85532,0.005,-0.052417,0.020476,-7.0372e-25,0,0.0016299,0.0048073,0.33904,0.012242
2.025,0.90536,0.005,-0.047422,0.021677,0,0,0.0016078,0.0048752,0.32979,0.012317
1.975,0.9554,0.005,-0.042592,0.022873,-7.0953e-25,0,0.0015785,0.0049203,0.32081,0.012395
1.925,1.0054,0.005,-0.037925,0.024062,4.7671e-25,0,0.001543,0.0049435,0.31213,0.012478
1.875,1.0555,0.005,-0.033414,0.025243,4.3086e-25,0,0.0015023,0.0049458,0.30375,0.012567
1.825,1.1055,0.005,-0.029055,0.026415,9.3398e-25,0,0.0014572,0.004928,0.29571,0.012663
1.775,1.1556,0.005,-0.024841,0.027577,-6.8384e-39,0,0.0014087,0.0048912,0.28801,0.012766
1.725,1.2056,0.005,-0.020766,0.028727,-1.0313e-24,0,0.0013575,0.0048364,0.28069,0.012878
1.675,1.2557,0.005,-0.016824,0.029863,-9.0579e-25,0,0.0013043,0.0047647,0.27374,0.013
1.625,1.3057,0.005,-0.013011,0.030985,8.2972e-25,0,0.0012498,0.0046771,0.26722,0.013132
1.575,1.3557,0.005,-0.009321,0.03209,-1.8281e-24,0,0.0011945,0.0045744,0.26113,0.013274
1.525,1.4058,0.005,-0.0057511,0.033178,-8.2843e-25,0,0.0011391,0.0044575,0.25555,0.013428
1.475,1.4558,0.005,-0.0022988,0.034245,-1.9059e-24,0,0.0010842,0.0043273,0.25054,0.013593
1.425,1.5059,0.005,0.0010369,0.035291,-7.0387e-25,0,0.0010299,0.004185,0.2461,0.013771
1.375,1.5559,0.005,0.0042551,0.036313,-2.2463e-24,0,0.00097616,0.0040314,0.24214,0.013961
1.325,1.606,0.005,0.0073531,0.037308,1.8208e-24,0,0.00092307,0.0038674,0.23868,0.014165
1.275,1.656,0.005,0.010326,0.038272,-2.8839e-24,0,0.00087087,0.0036939,0.23576,0.014381
1.225,1.706,0.005,0.013165,0.039199,8.3011e-25,0,0.00081971,0.0035119,0.23341,0.014611
1.175,1.7561,0.005,0.015861,0.040084,2.0868e-38,0,0.00076974,0.0033223,0.23169,0.014854
1.125,1.8061,0.005,0.018398,0.040917,1.4679e-24,0,0.00072111,0.0031267,0.23063,0.01511
1.075,1.8562,0.005,0.02076,0.041686,7.6417e-25,0,0.00067401,0.0029265,0.23032,0.015378
1.025,1.9062,0.005,0.022922,0.042377,-7.1248e-39,0,0.00062867,0.0027237,0.23081,0.015659
0.975,1.9563,0.005,0.024854,0.042968,-1.7367e-24,0,0.00058539,0.0025209,0.23222,0.015951
0.925,2.0063,0.005,0.026521,0.043433,0,0,0.00054454,0.0023207,0.23464,0.016253
0.875,2.0563,0.005,0.027878,0.043737,5.1777e-24,0,0.00050656,0.0021265,0.23822,0.016562
0.825,2.1064,0.005,0.028871,0.043835,-3.0169e-24,0,0.00047193,0.0019413,0.2431,0.016877
0.775,2.1564,0.005,0.029441,0.043667,1.7923e-38,0,0.00044104,0.0017683,0.24942,0.017192
0.725,2.2065,0.005,0.029525,0.043192,-1.6069e-25,0,0.00041399,0.0015982,0.25724,0.017508
0.675,2.2565,0.005,0.029037,0.04233,4.8865e-38,0,0.00039004,0.001349,0.26662,0.017821
0.625,2.3066,0.005,0.027912,0.041019,2.0895e-24,0,0.00036858,0.0011503,0.27743,0.018122
0.575,2.3566,0.005,0.026119,0.039271,8.3234e-39,0,0.00034863,0.00099786,0.28935,0.018401
0.525,2.4066,0.005,0.023678,0.037144,-1.6877e-24,0,0.00032888,0.00088176,0.30201,0.018652
0.475,2.4567,0.005,0.020639,0.03475,-1.2897e-24,0,0.00030822,0.00078974,0.3155,0.018871
0.425,2.5067,0.005,0.017033,0.032213,0,0,0.00028635,0.00070574,0.33097,0.019052
0.375,2.5568,0.005,0.012833,0.029573,-6.846e-26,0,0.00026444,0.0006216,0.35241,0.019191
0.325,2.6068,0.005,0.008012,0.026833,-3.5633e-24,0,0.00024638,0.00055698,0.39862,0.019283
0.275,2.6569,0.005,0.0024657,0.024313,-3.4159e-24,0,0.00024238,0.00045135,0.53702,0.019332
0.225,2.7069,0.005,-0.0031068,0.021881,5.3355e-38,0,0.0002828,0.00031014,0.91184,0.019321
0.175,2.7569,0.005,0.0032752,0.016758,-1.9491e-31,0,0.0004847,0.00023353,2.0755,0.01924
0.125,2.807,0.005,0.088595,0.0057223,2.9365e-23,0,0.00088429,0.00010163,5.6741,0.019712
0.075,2.86,0.005,0.44699,-0.0026516,0,0,0.0005004,0.00049604,0.097408,0.023366
0.025,2.916,0.005,0.45531,-0.0010536,3.6518e-38,0,0.000501,0.0033497,0.14956,0.022628
2.975,0.024,0.005,-0.12292,0.00065414,3.4826e-24,0,0.00043629,0.00011257,3.8755,0.010666
2.925,0.072,0.005,-0.13787,0.0016532,1.4086e-25,0,0.00038291,0.00028211,1.3573,0.010774
2.875,0.12,0.005,-0.13768,0.0028399,1.241e-38,0,0.00054258,0.00065118,0.83323,0.010876
2.825,0.168,0.005,-0.13374,0.0039068,-3.5936e-26,0,0.00071621,0.0010993,0.65151,0.010985
2.775,0.216,0.005,-0.12851,0.0049987,1.4781e-38,0,0.00087735,0.001551,0.56566,0.011088
2.725,0.264,0.005,-0.12279,0.0060841,-8.9679e-25,0,0.0010222,0.0019799,0.51631,0.011187
2.675,0.312,0.005,-0.11685,0.0071745,-1.5209e-25,0,0.0011511,0.0023783,0.48402,0.011283
2.625,0.36,0.005,-0.11081,0.0082708,-7.9083e-25,0,0.0012646,0.0027443,0.4608,0.011374
2.575,0.408,0.005,-0.10475,0.0093739,-5.4006e-40,0,0.0013632,0.0030786,0.44278,0.01146
2.525,0.456,0.005,-0.098715,0.010484,1.2179e-24,0,0.0014473,0.0033822,0.42791,0.011544
2.475,0.50502,0.005,-0.092629,0.011616,-4.9777e-25,0,0.0015193,0.0036632,0.41473,0.011622
2.425,0.55506,0.005,-0.086521,0.012766,-1.3595e-38,0,0.0015784,0.0039194,0.4027,0.011697
2.375,0.60511,0.005,-0.080527,0.013917,-5.842e-25,0,0.0016235,0.0041468,0.3915,0.011769
2.325,0.65515,0.005,-0.074665,0.015067,-6.2005e-39,0,0.0016553,0.0043465,0.38083,0.011839
2.275,0.70519,0.005,-0.06895,0.016217,-1.0811e-24,0,0.0016745,0.0045194,0.37052,0.011908
2.225,0.75523,0.005,-0.063392,0.017366,3.8605e-25,0,0.0016823,0.0046665,0.3605,0.011977
2.175,0.80528,0.005,-0.057998,0.018513,2.8848e-25,0,0.0016793,0.0047885,0.3507,0.012046
2.125,0.85532,0.005,-0.052772,0.019657,-5.5541e-25,0,0.0016669,0.0048861,0.34115,0.012117
2.075,0.90536,0.005,-0.047713,0.020799,-6.7507e-25,0,0.0016458,0.00496,0.33183,0.012191
2.025,0.9554,0.005,-0.04282,0.021936,-2.4559e-25,0,0.0016173,0.0050109,0.32276,0.012268
1.975,1.0054,0.005,-0.03809,0.023069,-6.8744e-25,0,0.0015824,0.0050397,0.31398,0.01235
1.925,1.0555,0.005,-0.033518,0.024196,-6.9925e-25,0,0.0015419,0.0050471,0.3055,0.012438
1.875,1.1055,0.005,-0.029098,0.025316,-1.7281e-25,0,0.0014969,0.0050343,0.29734,0.012532
1.825,1.1556,0.005,-0.024824,0.026428,-5.9317e-25,0,0.0014481,0.005002,0.28951,0.012634
1.775,1.2056,0.005,-0.02069,0.02753,2.1629e-33,0,0.0013965,0.0049513,0.28205,0.012743
1.725,1.2557,0.005,-0.01669,0.028621,-7.0863e-26,0,0.0013427,0.0048832,0.27496,0.012862
1.675,1.3057,0.005,-0.012818,0.029699,-2.9798e-26,0,0.0012873,0.0047987,0.26827,0.012991
1.625,1.3557,0.005,-0.0090711,0.030763,-1.5311e-26,0,0.0012312,0.0046987,0.26202,0.01313
1.575,1.4058,0.005,-0.0054438,0.031811,-9.7784e-25,0,0.0011747,0.0045842,0.25625,0.01328
1.525,1.4558,0.005,-0.0019338,0.032841,2.3927e-25,0,0.0011185,0.0044559,0.25101,0.013442
1.475,1.5059,0.005,0.0014603,0.033851,3.5734e-25,0,0.0010631,0.004315,0.24637,0.013616
1.425,1.5559,0.005,0.0047384,0.034838,-2.3792e-24,0,0.0010083,0.0041625,0.24222,0.013802
1.375,1.606,0.005,0.0078983,0.035799,1.4326e-24,0,0.00095412,0.0039997,0.23855,0.014001
1.325,1.656,0.005,0.010936,0.036731,-1.5669e-24,0,0.00090087,0.0038273,0.23538,0.014214
1.275,1.706,0.005,0.013844,0.037628,1.2517e-24,0,0.0008487,0.003646,0.23277,0.01444
1.225,1.7561,0.005,0.016614,0.038484,5.0481e-39,0,0.00079775,0.0034571,0.23076,0.014679
1.175,1.8061,0.005,0.019232,0.039291,1.8547e-38,0,0.00074817,0.0032615,0.22939,0.014931
1.125,1.8562,0.005,0.021682,0.04004,-1.4896e-24,0,0.00070012,0.0030609,0.22873,0.015197
1.075,1.9062,0.005,0.023942,0.040716,2.4543e-24,0,0.0006538,0.002857,0.22885,0.015475
1.025,1.9563,0.005,0.025986,0.041303,0,0,0.00060949,0.002652,0.22982,0.015766
0.975,2.0063,0.005,0.027779,0.041776,-1.771e-24,0,0.00056751,0.0024486,0.23177,0.016067
0.925,2.0563,0.005,0.02928,0.042106,1.8648e-24,0,0.00052828,0.0022497,0.23482,0.016378
0.875,2.1064,0.005,0.030438,0.042255,2.451e-24,0,0.00049224,0.0020586,0.23911,0.016696
0.825,2.1564,0.005,0.031196,0.04217,4.8665e-38,0,0.00045981,0.0018784,0.24479,0.017016
0.775,2.2065,0.005,0.03149,0.041815,-2.0781e-24,0,0.00043121,0.0017109,0.25195,0.01734
0.725,2.2565,0.005,0.031245,0.041116,-2.1707e-24,0,0.00040588,0.0014412,0.2607,0.017665
0.675,2.3066,0.005,0.030372,0.039992,2.1994e-38,0,0.00038335,0.0012205,0.27104,0.017982
0.625,2.3566,0.005,0.02882,0.038435,-2.6304e-24,0,0.00036294,0.0010478,0.28272,0.01828
0.575,2.4066,0.005,0.026579,0.036465,4.7995e-24,0,0.00034359,0.00091467,0.29536,0.018555
0.525,2.4567,0.005,0.023684,0.034167,3.2798e-25,0,0.0003242,0.00081227,0.30888,0.0188
0.475,2.5067,0.005,0.020182,0.031667,-9.4067e-24,0,0.00030441,0.00072522,0.32454,0.019011
0.425,2.5568,0.005,0.016085,0.029017,5.9044e-25,0,0.00028548,0.00064335,0.34787,0.019181
0.375,2.6068,0.005,0.011397,0.026209,-3.1274e-25,0,0.00027204,0.00058947,0.40108,0.019308
0.325,2.6569,0.005,0.0060666,0.023597,-2.1431e-24,0,0.00027865,0.00048316,0.57673,0.019402
0.275,2.7069,0.005,0.0014896,0.020331,-4.6147e-24,0,0.00036431,0.00033233,1.0962,0.019432
0.225,2.7569,0.005,0.013056,0.015576,-7.7001e-24,0,0.00072748,0.00028583,2.5452,0.019413
0.175,2.807,0.005,0.10785,0.0047658,-1.0017e-24,0,0.0019682,0.0002327,6.5446,0.019503
0.125,2.86,0.005,0.44516,-0.0036213,-3.8906e-24,0,0.00050977,0.00041954,0.14256,0.022605
0.075,2.916,0.005,0.45568,-0.00085231,-5.4353e-24,0,0.00050588,0.0021642,0.23374,0.022208
0.025,2.972,0.005,0.45404,5.3807e-05,0,0,0.00057643,0.00015096,3.8183,0.023728
3.025,0.024,0.005,-0.12406,0.00064264,1.8337e-25,0,0.00044147,0.00011324,3.8985,0.010574
2.975,0.072,0.005,-0.139,0.0016162,-1.0614e-24,0,0.00038695,0.00028425,1.3613,0.010679
2.925,0.12,0.005,-0.13875,0.0027742,8.6569e-26,0,0.00054841,0.00065657,0.83525,0.010778
2.875,0.168,0.005,-0.13476,0.0038115,-4.6948e-26,0,0.00072407,0.0011083,0.65332,0.010884
2.825,0.216,0.005,-0.12949,0.0048712,-8.9994e-25,0,0.00088719,0.0015635,0.56744,0.010984
2.775,0.264,0.005,-0.12373,0.0059217,1.6249e-24,0,0.0010341,0.0019959,0.51809,0.011081
2.725,0.312,0.005,-0.11775,0.0069746,-7.9893e-25,0,0.001165,0.0023979,0.48584,0.011174
2.675,0.36,0.005,-0.11168,0.0080306,-1.7254e-25,0,0.0012806,0.0027678,0.46267,0.011262
2.625,0.408,0.005,-0.10558,0.0090907,-7.2084e-25,0,0.0013813,0.0031061,0.44472,0.011347
2.575,0.456,0.005,-0.099506,0.010155,-4.3883e-25,0,0.0014677,0.003414,0.42991,0.011429
2.525,0.50502,0.005,-0.093374,0.011239,9.5344e-25,0,0.001542,0.0036996,0.4168,0.011506
2.475,0.55506,0.005,-0.087215,0.012337,1.2211e-24,0,0.0016034,0.0039607,0.40483,0.01158
2.425,0.60511,0.005,-0.081167,0.013434,-1.2702e-38,0,0.0016508,0.0041933,0.39367,0.011651
2.375,0.65515,0.005,-0.075248,0.01453,6.7103e-25,0,0.0016847,0.0043984,0.38302,0.01172
2.325,0.70519,0.005,-0.069475,0.015623,-3.8399e-25,0,0.001706,0.0045771,0.37273,0.011789
2.275,0.75523,0.005,-0.063858,0.016713,3.7882e-25,0,0.0017155,0.0047301,0.36269,0.011857
2.225,0.80528,0.005,-0.058403,0.017802,6.4786e-25,0,0.0017142,0.004858,0.35287,0.011926
2.175,0.85532,0.005,-0.053116,0.018888,-2.5786e-25,0,0.0017031,0.0049616,0.34326,0.011996
2.125,0.90536,0.005,-0.047996,0.019971,-4.0208e-25,0,0.0016832,0.0050415,0.33388,0.012069
2.075,0.9554,0.005,-0.043043,0.021051,0,0,0.0016556,0.0050982,0.32474,0.012145
2.025,1.0054,0.005,-0.038252,0.022128,8.3353e-34,0,0.0016212,0.0051326,0.31587,0.012226
1.975,1.0555,0.005,-0.03362,0.023201,0,0,0.0015811,0.0051454,0.30728,0.012312
1.925,1.1055,0.005,-0.029141,0.024268,-5.2398e-25,0,0.0015362,0.0051375,0.29901,0.012405
1.875,1.1556,0.005,-0.024809,0.02533,-3.315e-40,0,0.0014873,0.0051099,0.29106,0.012505
1.825,1.2056,0.005,-0.020617,0.026383,7.2628e-25,0,0.0014353,0.0050634,0.28347,0.012612
1.775,1.2557,0.005,-0.01656,0.027428,1.5086e-24,0,0.0013809,0.004999,0.27624,0.012728
1.725,1.3057,0.005,-0.012633,0.028463,4.9637e-26,0,0.0013249,0.0049178,0.2694,0.012854
1.675,1.3557,0.005,-0.008829,0.029485,1.634e-24,0,0.0012678,0.0048206,0.26299,0.01299
1.625,1.4058,0.005,-0.0051454,0.030493,8.0532e-25,0,0.0012103,0.0047084,0.25705,0.013137
1.575,1.4558,0.005,-0.0015788,0.031484,9.2183e-25,0,0.0011529,0.0045819,0.25163,0.013295
1.525,1.5059,0.005,0.001873,0.032457,-1.7342e-25,0,0.0010963,0.0044423,0.24679,0.013465
1.475,1.5559,0.005,0.0052101,0.033409,7.8522e-25,0,0.0010404,0.0042908,0.24246,0.013647
1.425,1.606,0.005,0.0084313,0.034336,-5.9414e-25,0,0.00098512,0.004129,0.23859,0.013842
1.375,1.656,0.005,0.011533,0.035234,2.2587e-24,0,0.0009308,0.0039575,0.2352,0.01405
1.325,1.706,0.005,0.014509,0.0361,-4.437e-25,0,0.00087758,0.003777,0.23235,0.014272
1.275,1.7561,0.005,0.017351,0.036927,-7.3752e-25,0,0.00082561,0.0035885,0.23007,0.014507
1.225,1.8061,0.005,0.020048,0.037707,-7.2265e-25,0,0.00077504,0.0033932,0.22841,0.014755
1.175,1.8562,0.005,0.022584,0.038433,-1.4273e-24,0,0.00072602,0.0031922,0.22743,0.015018
1.125,1.9062,0.005,0.02494,0.039091,8.3497e-25,0,0.00067873,0.0029874,0.2272,0.015293
1.075,1.9563,0.005,0.027091,0.039666,9.5851e-25,0,0.00063341,0.0027807,0.22779,0.015581
1.025,2.0063,0.005,0.029006,0.040138,-1.7126e-24,0,0.00059035,0.0025746,0.2293,0.015881
0.975,2.0563,0.005,0.030645,0.040482,-1.8125e-24,0,0.00054993,0.0023718,0.23186,0.016192
0.925,2.1064,0.005,0.031962,0.040665,1.9085e-24,0,0.00051258,0.0021755,0.23562,0.016511
0.875,2.1564,0.005,0.0329,0.04064,-2.8015e-40,0,0.00047871,0.0019888,0.2407,0.016835
0.825,2.2065,0.005,0.033395,0.040372,3.5454e-24,0,0.00044863,0.0018145,0.24725,0.017164
0.775,2.2565,0.005,0.033388,0.039802,-2.1957e-24,0,0.00042193,0.0015413,0.25538,0.017498
0.725,2.3066,0.005,0.032776,0.038839,-2.2854e-24,0,0.00039821,0.0013,0.26522,0.017828
0.675,2.3566,0.005,0.031486,0.037457,2.5823e-24,0,0.00037706,0.0011077,0.27661,0.018143
0.625,2.4066,0.005,0.029485,0.035647,-5.5943e-32,0,0.00035767,0.00095696,0.28927,0.018439
0.575,2.4567,0.005,0.026783,0.033458,-2.9959e-24,0,0.00033909,0.0008416,0.3031,0.018708
0.525,2.5067,0.005,0.023426,0.031006,3.1321e-24,0,0.00032092,0.00074819,0.31964,0.018946
0.475,2.5568,0.005,0.019467,0.028345,-2.3597e-24,0,0.00030464,0.00066904,0.3474,0.019146
0.425,2.6068,0.005,0.014955,0.025488,-3.68e-24,0,0.0002958,0.00062718,0.41145,0.019304
0.375,2.6569,0.005,0.0099579,0.022841,3.3319e-24,0,0.00031317,0.00050494,0.62022,0.019439
0.325,2.7069,0.005,0.0068445,0.019011,2.526e-24,0,0.00044383,0.00034888,1.2722,0.019507
0.275,2.7569,0.005,0.022295,0.013691,-4.508e-24,0,0.00099875,0.00033842,2.9513,0.019556
0.225,2.807,0.005,0.12392,0.003874,-8.2384e-38,0,0.0029863,0.00033563,6.8771,0.019693
0.175,2.86,0.005,0.4426,-0.005491,6.1319e-24,0,0.00053234,0.00033844,0.20811,0.022035
0.125,2.916,0.005,0.45619,-0.00057246,-1.9468e-24,0,0.00051177,0.0016739,0.30573,0.021679
0.075,2.972,0.005,0.4537,-0.00021603,9.0471e-25,0,0.00066831,0.00016255,4.1114,0.022855
3.075,0.024,0.005,-0.12518,0.00063238,-3.1055e-24,0,0.00044662,0.0001139,3.9211,0.010485
3.025,0.072,0.005,-0.1401,0.0015824,1.7465e-24,0,0.00039096,0.00028632,1.3654,0.010587
2.975,0.12,0.005,-0.13979,0.0027139,-3.4031e-38,0,0.00055415,0.00066173,0.83742,0.010683
2.925,0.168,0.005,-0.13575,0.0037239,-1.1376e-25,0,0.00073178,0.0011168,0.65522,0.010786
2.875,0.216,0.005,-0.13045,0.0047538,8.7126e-25,0,0.00089681,0.0015753,0.56927,0.010884
2.825,0.264,0.005,-0.12465,0.0057721,-8.1855e-25,0,0.0010456,0.0020111,0.51992,0.010978
2.775,0.312,0.005,-0.11864,0.0067901,0,0,0.0011785,0.0024165,0.48769,0.011069
2.725,0.36,0.005,-0.11253,0.0078088,1.9895e-38,0,0.0012961,0.00279,0.46456,0.011155
2.675,0.408,0.005,-0.1064,0.008829,6.8909e-25,0,0.001399,0.0031321,0.44667,0.011238
2.625,0.456,0.005,-0.10028,0.0098507,-6.6581e-25,0,0.0014875,0.003444,0.43192,0.011318
2.575,0.50502,0.005,-0.094099,0.010889,2.1987e-25,0,0.0015641,0.0037339,0.41888,0.011394
2.525,0.55506,0.005,-0.08789,0.01194,-1.9198e-25,0,0.0016277,0.0039998,0.40696,0.011467
2.475,0.60511,0.005,-0.081789,0.012986,1.5706e-25,0,0.0016773,0.0042374,0.39584,0.011537
2.425,0.65515,0.005,-0.075815,0.014029,2.3314e-38,0,0.0017134,0.0044478,0.38522,0.011605
2.375,0.70519,0.005,-0.069985,0.015068,-1.0237e-33,0,0.0017367,0.004632,0.37493,0.011673
2.325,0.75523,0.005,-0.06431,0.016104,-6.2548e-25,0,0.0017481,0.0047907,0.36488,0.01174
2.275,0.80528,0.005,-0.058796,0.017136,-8.6926e-25,0,0.0017484,0.0049246,0.35503,0.011809
2.225,0.85532,0.005,-0.05345,0.018165,-8.5831e-25,0,0.0017387,0.0050341,0.34538,0.011878
2.175,0.90536,0.005,-0.048271,0.019192,3.9263e-25,0,0.00172,0.0051198,0.33594,0.011951
2.125,0.9554,0.005,-0.043259,0.020216,-4.1172e-25,0,0.0016932,0.0051824,0.32673,0.012026
2.075,1.0054,0.005,-0.03841,0.021238,8.2395e-25,0,0.0016595,0.0052225,0.31777,0.012106
2.025,1.0555,0.005,-0.03372,0.022256,9.8514e-25,0,0.0016199,0.0052407,0.30909,0.012191
1.975,1.1055,0.005,-0.029184,0.023272,8.0254e-25,0,0.0015751,0.0052379,0.30071,0.012281
1.925,1.1556,0.005,-0.024795,0.024282,7.9305e-25,0,0.0015262,0.0052149,0.29266,0.012379
1.875,1.2056,0.005,-0.020548,0.025288,-9.0526e-26,0,0.0014739,0.0051726,0.28494,0.012484
1.825,1.2557,0.005,-0.016436,0.026286,-1.498e-24,0,0.001419,0.0051121,0.27758,0.012598
1.775,1.3057,0.005,-0.012453,0.027276,3.3307e-39,0,0.0013623,0.0050343,0.2706,0.012721
1.725,1.3557,0.005,-0.0085945,0.028255,7.6758e-25,0,0.0013044,0.00494,0.26405,0.012854
1.675,1.4058,0.005,-0.0048559,0.029222,-6.5624e-26,0,0.0012459,0.0048302,0.25795,0.012997
1.625,1.4558,0.005,-0.0012336,0.030175,1.1526e-25,0,0.0011875,0.0047057,0.25235,0.013151
1.575,1.5059,0.005,0.0022747,0.03111,3.3657e-25,0,0.0011297,0.0045674,0.24733,0.013317
1.525,1.5559,0.005,0.00567,0.032026,1.8242e-38,0,0.0010725,0.0044168,0.24282,0.013495
1.475,1.606,0.005,0.0089514,0.032919,-1.5919e-24,0,0.0010161,0.0042558,0.23876,0.013686
1.425,1.656,0.005,0.012116,0.033784,1.0766e-24,0,0.00096069,0.004085,0.23518,0.01389
1.375,1.706,0.005,0.015159,0.034618,-4.2526e-25,0,0.00090638,0.0039051,0.2321,0.014107
1.325,1.7561,0.005,0.018072,0.035415,7.0326e-25,0,0.00085336,0.0037171,0.22958,0.014338
1.275,1.8061,0.005,0.020846,0.036168,1.8773e-24,0,0.00080176,0.0035219,0.22765,0.014582
1.225,1.8562,0.005,0.023466,0.036868,-1.367e-24,0,0.00075174,0.0033207,0.22638,0.01484
1.175,1.9062,0.005,0.025915,0.037505,3.4127e-38,0,0.00070346,0.0031151,0.22583,0.015112
1.125,1.9563,0.005,0.02817,0.038065,-9.1432e-25,0,0.00065714,0.0029069,0.22606,0.015397
1.075,2.0063,0.005,0.030201,0.03853,3.3072e-24,0,0.00061302,0.0026984,0.22718,0.015695
1.025,2.0563,0.005,0.031973,0.038879,-1.182e-24,0,0.00057147,0.0024922,0.2293,0.016004
0.975,2.1064,0.005,0.033441,0.039081,-2.6574e-24,0,0.00053287,0.0022913,0.23256,0.016323
0.925,2.1564,0.005,0.034552,0.039098,3.917e-24,0,0.00049766,0.0020988,0.23711,0.01665
0.875,2.2065,0.005,0.035244,0.038895,4.111e-24,0,0.00046615,0.0019177,0.24308,0.016982
0.825,2.2565,0.005,0.035464,0.038422,-3.9681e-24,0,0.0004381,0.0016462,0.25062,0.017323
0.775,2.3066,0.005,0.035113,0.037595,4.5964e-24,0,0.00041316,0.0013879,0.25993,0.017663
0.725,2.3566,0.005,0.034097,0.036367,-4.8153e-24,0,0.00039108,0.0011768,0.27097,0.017993
0.675,2.4066,0.005,0.032364,0.034712,-2.4021e-24,0,0.00037132,0.0010087,0.2836,0.018305
0.625,2.4567,0.005,0.029898,0.032648,2.2951e-24,0,0.00035312,0.00087862,0.29785,0.018596
0.575,2.5067,0.005,0.026733,0.030258,6.1585e-32,0,0.0003362,0.00077531,0.31566,0.018859
0.525,2.5568,0.005,0.02294,0.02759,1.49e-24,0,0.00032229,0.00069787,0.34847,0.019085
0.475,2.6068,0.005,0.018623,0.024721,-4.7518e-24,0,0.00031816,0.00066555,0.42961,0.019274
0.425,2.6569,0.005,0.014029,0.022054,5.7946e-25,0,0.0003473,0.00051832,0.67005,0.019445
0.375,2.7069,0.005,0.012606,0.017829,1.8651e-39,0,0.0005241,0.00036665,1.4294,0.019544
0.325,2.7569,0.005,0.031683,0.012283,8.6833e-24,0,0.001283,0.00038778,3.3086,0.019639
0.275,2.807,0.005,0.1366,0.0019917,8.0799e-38,0,0.0037618,0.0003889,7.0155,0.019866
0.225,2.86,0.005,0.43936,-0.0051218,0,0,0.00057018,0.00029847,0.29113,0.022037
0.175,2.916,0.005,0.45625,-0.00052264,1.7342e-38,0,0.00051909,0.0013897,0.37353,0.021152
0.125,2.972,0.005,0.45298,-0.00049367,-7.2998e-25,0,0.00076129,0.00017349,4.388,0.022197
3.125,0.024,0.005,-0.12628,0.00062329,-2.639e-38,0,0.00045174,0.00011455,3.9436,0.0104
3.075,0.072,0.005,-0.14118,0.0015516,3.0881e-25,0,0.00039495,0.00028833,1.3698,0.010499
3.025,0.12,0.005,-0.14082,0.0026587,1.0144e-25,0,0.00055981,0.00066666,0.83972,0.010592
2.975,0.168,0.005,-0.13673,0.0036433,-1.0177e-24,0,0.00073935,0.001125,0.65721,0.010693
2.925,0.216,0.005,-0.13138,0.0046456,1.0125e-26,0,0.00090622,0.0015866,0.57117,0.010788
2.875,0.264,0.005,-0.12555,0.0056341,2.7386e-38,0,0.0010569,0.0020255,0.52178,0.01088
2.825,0.312,0.005,-0.11951,0.0066198,-1.046e-25,0,0.0011917,0.0024342,0.48956,0.010968
2.775,0.36,0.005,-0.11336,0.0076038,6.9064e-25,0,0.0013113,0.002811,0.46647,0.011052
2.725,0.408,0.005,-0.10719,0.0085869,1.3977e-38,0,0.0014162,0.0031567,0.44862,0.011134
2.675,0.456,0.005,-0.10103,0.0095692,1.0688e-38,0,0.0015068,0.0034724,0.43393,0.011212
2.625,0.50502,0.005,-0.094804,0.010565,-4.5205e-25,0,0.0015855,0.0037665,0.42095,0.011286
2.575,0.55506,0.005,-0.088546,0.011571,2.174e-38,0,0.0016514,0.0040368,0.40909,0.011358
2.525,0.60511,0.005,-0.082393,0.012571,-8.5801e-25,0,0.0017032,0.0042792,0.39801,0.011427
2.475,0.65515,0.005,-0.076365,0.013564,-2.6491e-38,0,0.0017414,0.0044947,0.38742,0.011494
2.425,0.70519,0.005,-0.070479,0.014552,-2.3742e-25,0,0.0017666,0.0046843,0.37714,0.011561
2.375,0.75523,0.005,-0.064747,0.015535,-5.9965e-25,0,0.0017798,0.0048486,0.36708,0.011628
2.325,0.80528,0.005,-0.059177,0.016513,9.0897e-39,0,0.0017818,0.0049881,0.3572,0.011695
2.275,0.85532,0.005,-0.053773,0.017488,3.7127e-25,0,0.0017735,0.0051035,0.34751,0.011764
2.225,0.90536,0.005,-0.048537,0.01846,8.0503e-25,0,0.001756,0.0051951,0.33801,0.011836
2.175,0.9554,0.005,-0.043468,0.019429,3.9305e-25,0,0.0017303,0.0052635,0.32873,0.01191
2.125,1.0054,0.005,-0.038563,0.020396,4.2473e-25,0,0.0016973,0.0053092,0.31969,0.011989
2.075,1.0555,0.005,-0.033817,0.021362,-4.5426e-25,0,0.0016581,0.0053329,0.31092,0.012072
2.025,1.1055,0.005,-0.029226,0.022325,6.2655e-25,0,0.0016136,0.0053352,0.30244,0.012162
1.975,1.1556,0.005,-0.024783,0.023285,-5.3221e-25,0,0.0015647,0.005317,0.29428,0.012257
1.925,1.2056,0.005,-0.020481,0.024242,0,0,0.0015122,0.0052792,0.28645,0.01236
1.875,1.2557,0.005,-0.016315,0.025193,-5.3299e-38,0,0.0014569,0.0052226,0.27897,0.012472
1.825,1.3057,0.005,-0.012279,0.026138,7.0231e-25,0,0.0013996,0.0051483,0.27186,0.012592
1.775,1.3557,0.005,-0.0083672,0.027074,-7.755e-25,0,0.001341,0.005057,0.26517,0.012721
1.725,1.4058,0.005,-0.0045749,0.028,0,0,0.0012816,0.0049497,0.25892,0.012861
1.675,1.4558,0.005,-0.00089834,0.028914,9.5182e-25,0,0.0012221,0.0048272,0.25317,0.013012
1.625,1.5059,0.005,0.0026653,0.029812,1.6326e-25,0,0.0011631,0.0046904,0.24798,0.013174
1.575,1.5559,0.005,0.0061176,0.030691,-1.1402e-24,0,0.0011047,0.0045408,0.24329,0.013348
1.525,1.606,0.005,0.009458,0.031549,-2.7501e-25,0,0.0010472,0.0043805,0.23905,0.013534
1.475,1.656,0.005,0.012684,0.032381,0,0,0.00099057,0.0042102,0.23528,0.013733
1.425,1.706,0.005,0.015793,0.033183,4.0736e-25,0,0.00093513,0.0040308,0.232,0.013946
1.375,1.7561,0.005,0.018776,0.03395,1.4471e-38,0,0.00088102,0.003843,0.22925,0.014172
1.325,1.8061,0.005,0.021625,0.034674,1.2278e-24,0,0.00082836,0.0036478,0.22708,0.014412
1.275,1.8562,0.005,0.024327,0.035349,1.3156e-32,0,0.00077731,0.0034464,0.22555,0.014666
1.225,1.9062,0.005,0.026866,0.035963,-1.3972e-24,0,0.00072802,0.0032401,0.22469,0.014933
1.175,1.9563,0.005,0.029221,0.036505,8.7118e-25,0,0.00068068,0.0030306,0.2246,0.015215
1.125,2.0063,0.005,0.031365,0.036959,1.724e-38,0,0.00063552,0.00282,0.22536,0.015509
1.075,2.0563,0.005,0.033264,0.037305,-1.1262e-24,0,0.00059287,0.0026108,0.22708,0.015816
1.025,2.1064,0.005,0.034878,0.037517,-1.2675e-24,0,0.00055308,0.0024058,0.22989,0.016134
0.975,2.1564,0.005,0.036155,0.037562,6.3699e-38,0,0.00051657,0.0022081,0.23394,0.016461
0.925,2.2065,0.005,0.037035,0.037405,2.0269e-24,0,0.0004837,0.0020206,0.23938,0.016796
0.875,2.2565,0.005,0.037473,0.037005,4.3702e-24,0,0.00045432,0.0017536,0.24636,0.01714
0.825,2.3066,0.005,0.037375,0.036288,-7.3142e-38,0,0.00042813,0.0014825,0.25512,0.017488
0.775,2.3566,0.005,0.036638,0.035195,-2.4783e-24,0,0.00040501,0.001254,0.26577,0.017829
0.725,2.4066,0.005,0.035188,0.033685,0,0,0.00038464,0.0010692,0.27828,0.018157
0.675,2.4567,0.005,0.032993,0.031752,-2.8557e-24,0,0.00036649,0.0009239,0.29293,0.018466
0.625,2.5067,0.005,0.030065,0.029444,2.9947e-24,0,0.00035049,0.00080875,0.31227,0.01875
0.575,2.5568,0.005,0.02647,0.02678,3.1144e-24,0,0.00033876,0.00073039,0.35063,0.019001
0.525,2.6068,0.005,0.02237,0.023929,-5.223e-24,0,0.00033953,0.00070371,0.44899,0.019219
0.475,2.6569,0.005,0.018209,0.021206,-2.3137e-24,0,0.00038232,0.00052672,0.72585,0.019422
0.425,2.7069,0.005,0.01859,0.016721,2.6992e-25,0,0.00061171,0.00038678,1.5816,0.019549
0.375,2.7569,0.005,0.040972,0.011201,-6.1733e-24,0,0.0015735,0.00043561,3.6121,0.019682
0.325,2.807,0.005,0.14831,0.00040521,6.952e-24,0,0.0043662,0.00043261,7.0534,0.019896
0.275,2.86,0.005,0.43633,-0.0052074,2.6774e-24,0,0.00062085,0.00028001,0.38605,0.021882
0.225,2.916,0.005,0.45591,-0.00034297,-6.2407e-25,0,0.00052789,0.0012036,0.43859,0.020979
0.175,2.972,0.005,0.4519,-0.0008818,0,0,0.00085448,0.0001838,4.6489,0.021793
3.175,0.024,0.005,-0.12736,0.00061526,1.3362e-24,0,0.00045683,0.0001152,3.9657,0.010317
3.125,0.072,0.005,-0.14224,0.0015234,1.3509e-24,0,0.00039892,0.00029028,1.3743,0.010414
3.075,0.12,0.005,-0.14182,0.002608,-2.0484e-38,0,0.0005654,0.00067139,0.84214,0.010504
3.025,0.168,0.005,-0.13768,0.0035692,7.649e-25,0,0.00074679,0.0011328,0.65927,0.010602
2.975,0.216,0.005,-0.1323,0.004546,-1.0825e-28,0,0.00091545,0.0015973,0.57311,0.010695
2.925,0.264,0.005,-0.12643,0.0055067,-4.9162e-26,0,0.0010679,0.0020392,0.52368,0.010784
2.875,0.312,0.005,-0.12035,0.0064625,-6.6162e-39,0,0.0012045,0.0024509,0.49145,0.010871
2.825,0.36,0.005,-0.11417,0.0074143,-6.6157e-25,0,0.001326,0.002831,0.46839,0.010953
2.775,0.408,0.005,-0.10796,0.0083629,0,0,0.0014329,0.00318,0.45059,0.011033
2.725,0.456,0.005,-0.10176,0.0093085,-1.7577e-25,0,0.0015255,0.0034993,0.43595,0.011109
2.675,0.50502,0.005,-0.095491,0.010265,-1.072e-24,0,0.0016064,0.0037973,0.42303,0.011182
2.625,0.55506,0.005,-0.089184,0.011229,8.2001e-25,0,0.0016744,0.0040719,0.41122,0.011252
2.575,0.60511,0.005,-0.08298,0.012185,2.1311e-25,0,0.0017283,0.0043188,0.40018,0.01132
2.525,0.65515,0.005,-0.0769,0.013132,2.1842e-25,0,0.0017686,0.0045393,0.38961,0.011387
2.475,0.70519,0.005,-0.070959,0.014072,1.3836e-24,0,0.0017958,0.004734,0.37934,0.011453
2.425,0.75523,0.005,-0.065171,0.015004,5.7526e-25,0,0.0018108,0.0049037,0.36927,0.011519
2.375,0.80528,0.005,-0.059545,0.015931,8.5524e-34,0,0.0018144,0.0050489,0.35937,0.011586
2.325,0.85532,0.005,-0.054085,0.016853,2.0278e-38,0,0.0018076,0.00517,0.34963,0.011654
2.275,0.90536,0.005,-0.048793,0.017772,3.913e-25,0,0.0017913,0.0052674,0.34008,0.011724
2.225,0.9554,0.005,-0.043669,0.018688,9.6412e-25,0,0.0017666,0.0053416,0.33073,0.011798
2.175,1.0054,0.005,-0.03871,0.019603,-2.4688e-25,0,0.0017345,0.005393,0.32162,0.011875
2.125,1.0555,0.005,-0.03391,0.020516,2.9436e-34,0,0.0016958,0.0054221,0.31276,0.011957
2.075,1.1055,0.005,-0.029265,0.021428,-7.2586e-25,0,0.0016516,0.0054296,0.30419,0.012045
2.025,1.1556,0.005,-0.024769,0.022338,-6.1554e-25,0,0.0016028,0.0054163,0.29593,0.012139
1.975,1.2056,0.005,-0.020416,0.023246,0,0,0.0015502,0.0053829,0.28799,0.01224
1.925,1.2557,0.005,-0.016198,0.02415,1.2716e-24,0,0.0014946,0.0053305,0.28039,0.012349
1.875,1.3057,0.005,-0.01211,0.02505,2.2623e-26,0,0.0014368,0.0052597,0.27317,0.012466
1.825,1.3557,0.005,-0.0081466,0.025943,-2.5389e-26,0,0.0013774,0.0051716,0.26634,0.012593
1.775,1.4058,0.005,-0.0043021,0.026827,1.3198e-25,0,0.0013172,0.005067,0.25996,0.012729
1.725,1.4558,0.005,-0.00057272,0.027701,-1.6007e-24,0,0.0012567,0.0049465,0.25406,0.012876
1.675,1.5059,0.005,0.0030449,0.028561,9.9682e-25,0,0.0011966,0.0048113,0.24871,0.013034
1.625,1.5559,0.005,0.0065527,0.029404,8.7965e-25,0,0.0011371,0.0046628,0.24386,0.013204
1.575,1.606,0.005,0.0099508,0.030227,-2.6443e-25,0,0.0010783,0.0045032,0.23945,0.013386
1.525,1.656,0.005,0.013238,0.031026,-9.7846e-25,0,0.0010205,0.0043333,0.2355,0.013581
1.475,1.706,0.005,0.01641,0.031796,-6.4683e-25,0,0.00096388,0.0041542,0.23203,0.013788
1.425,1.7561,0.005,0.019461,0.032532,-1.7806e-25,0,0.00090862,0.0039665,0.22907,0.01401
1.375,1.8061,0.005,0.022383,0.033228,-2.9798e-24,0,0.00085487,0.0037713,0.22668,0.014245
1.325,1.8562,0.005,0.025165,0.033876,1.8804e-24,0,0.00080276,0.0035695,0.2249,0.014494
1.275,1.9062,0.005,0.027792,0.034467,-6.5488e-39,0,0.00075243,0.0033624,0.22378,0.014757
1.225,1.9563,0.005,0.030244,0.03499,2.2474e-25,0,0.00070405,0.0031517,0.22339,0.015034
1.175,2.0063,0.005,0.032497,0.035429,-5.5521e-24,0,0.00065785,0.0029392,0.22382,0.015325
1.125,2.0563,0.005,0.034519,0.035767,2.7155e-24,0,0.0006141,0.0027273,0.22517,0.015629
1.075,2.1064,0.005,0.036272,0.035983,-2.4116e-32,0,0.00057316,0.0025187,0.22756,0.015944
1.025,2.1564,0.005,0.037707,0.036045,-3.741e-24,0,0.0005354,0.0023162,0.23116,0.01627
0.975,2.2065,0.005,0.03877,0.035921,3.0772e-24,0,0.00050121,0.0021229,0.2361,0.016605
0.925,2.2565,0.005,0.039414,0.035577,4.8035e-38,0,0.00047054,0.0018622,0.24255,0.016952
0.875,2.3066,0.005,0.03956,0.034945,2.0266e-38,0,0.0004431,0.0015816,0.25077,0.017305
0.825,2.3566,0.005,0.039099,0.033967,4.823e-24,0,0.00041887,0.0013384,0.26098,0.017654
0.775,2.4066,0.005,0.037941,0.032589,-2.5425e-24,0,0.00039771,0.0011376,0.27331,0.017994
0.725,2.4567,0.005,0.036036,0.030789,5.2667e-26,0,0.00037933,0.00097717,0.28829,0.018318
0.675,2.5067,0.005,0.033384,0.028577,-5.3497e-24,0,0.00036394,0.0008505,0.30923,0.018621
0.625,2.5568,0.005,0.030022,0.02595,5.5408e-24,0,0.00035419,0.00076753,0.35373,0.018893
0.575,2.6068,0.005,0.026154,0.023128,-3.4158e-24,0,0.00036013,0.00074684,0.4692,0.019138
0.525,2.6569,0.005,0.02246,0.020304,-5.7645e-24,0,0.00041932,0.00053018,0.79091,0.01937
0.475,2.7069,0.005,0.024657,0.015782,-7.3314e-38,0,0.0007118,0.00041008,1.7358,0.019529
0.425,2.7569,0.005,0.050155,0.010293,-4.7235e-24,0,0.0018825,0.00049113,3.8329,0.019696
0.375,2.807,0.005,0.15911,-0.00082507,4.3316e-24,0,0.0048376,0.0004705,7.0282,0.01991
0.325,2.86,0.005,0.4337,-0.005498,-4.2495e-24,0,0.00068315,0.0002751,0.49121,0.021517
0.275,2.916,0.005,0.45561,-6.2133e-05,-1.1926e-24,0,0.00053805,0.0010738,0.50109,0.020875
0.225,2.972,0.005,0.45065,-0.0012638,-2.1736e-24,0,0.00094714,0.00019351,4.8945,0.021541
3.225,0.024,0.005,-0.12842,0.00060823,0,0,0.00046191,0.00011583,3.9877,0.010236
3.175,0.072,0.005,-0.14328,0.0014977,1.47e-24,0,0.00040289,0.00029217,1.3789,0.010331
3.125,0.12,0.005,-0.14281,0.0025615,1.0025e-38,0,0.00057094,0.00067593,0.84467,0.010419
3.075,0.168,0.005,-0.13862,0.0035011,7.9537e-25,0,0.00075412,0.0011402,0.6614,0.010515
3.025,0.216,0.005,-0.1332,0.0044541,-2.7052e-26,0,0.00092451,0.0016076,0.57509,0.010605
2.975,0.264,0.005,-0.1273,0.0053891,7.2037e-25,0,0.0010787,0.0020523,0.5256,0.010693
2.925,0.312,0.005,-0.12118,0.0063171,-1.3504e-38,0,0.0012171,0.0024668,0.49337,0.010777
2.875,0.36,0.005,-0.11496,0.007239,6.3442e-25,0,0.0013404,0.0028499,0.47032,0.010857
2.825,0.408,0.005,-0.10871,0.0081556,0,0,0.0014491,0.0032021,0.45256,0.010935
2.775,0.456,0.005,-0.10247,0.0090671,4.3085e-25,0,0.0015437,0.0035248,0.43797,0.01101
2.725,0.50502,0.005,-0.09616,0.0099873,-2.548e-25,0,0.0016266,0.0038264,0.4251,0.011082
2.675,0.55506,0.005,-0.089806,0.010912,9.6377e-39,0,0.0016968,0.0041051,0.41334,0.01115
2.625,0.60511,0.005,-0.083552,0.011826,-3.948e-25,0,0.0017528,0.0043564,0.40235,0.011217
2.575,0.65515,0.005,-0.077419,0.012731,4.1109e-26,0,0.001795,0.0045815,0.3918,0.011283
2.525,0.70519,0.005,-0.071424,0.013625,-2.0445e-25,0,0.0018242,0.0047812,0.38154,0.011348
2.475,0.75523,0.005,-0.065582,0.01451,-1.0302e-38,0,0.001841,0.0049561,0.37146,0.011414
2.425,0.80528,0.005,-0.059901,0.015388,3.9753e-25,0,0.0018463,0.0051068,0.36153,0.011479
2.375,0.85532,0.005,-0.054386,0.01626,1.6351e-25,0,0.0018409,0.0052336,0.35175,0.011547
2.325,0.90536,0.005,-0.04904,0.017127,-5.4711e-25,0,0.0018259,0.0053367,0.34214,0.011616
2.275,0.9554,0.005,-0.043863,0.017992,-1.6896e-25,0,0.0018023,0.0054166,0.33273,0.011689
2.225,1.0054,0.005,-0.03885,0.018855,-1.2648e-24,0,0.001771,0.0054737,0.32355,0.011765
2.175,1.0555,0.005,-0.033998,0.019717,3.643e-38,0,0.001733,0.0055083,0.31461,0.011846
2.125,1.1055,0.005,-0.029302,0.020578,1.1572e-25,0,0.0016892,0.0055211,0.30595,0.011932
2.075,1.1556,0.005,-0.024756,0.021438,-1.9576e-39,0,0.0016405,0.0055127,0.29759,0.012024
2.025,1.2056,0.005,-0.020351,0.022298,-1.3436e-33,0,0.0015879,0.005484,0.28955,0.012123
1.975,1.2557,0.005,-0.016084,0.023156,-6.6817e-25,0,0.001532,0.0054357,0.28185,0.012229
1.925,1.3057,0.005,-0.011946,0.02401,-6.628e-25,0,0.0014738,0.0053687,0.27451,0.012344
1.875,1.3557,0.005,-0.0079321,0.02486,1.8428e-38,0,0.0014138,0.0052838,0.26757,0.012468
1.825,1.4058,0.005,-0.0040372,0.025703,-6.606e-26,0,0.0013528,0.0051819,0.26106,0.012601
1.775,1.4558,0.005,-0.00025649,0.026536,1.0873e-25,0,0.0012914,0.0050637,0.25502,0.012744
1.725,1.5059,0.005,0.0034136,0.027358,1.5356e-25,0,0.0012302,0.0049301,0.24953,0.012898
1.675,1.5559,0.005,0.0069754,0.028165,8.3823e-25,0,0.0011695,0.0047828,0.24452,0.013064
1.625,1.606,0.005,0.01043,0.028953,-1.3911e-24,0,0.0011095,0.0046239,0.23994,0.013242
1.575,1.656,0.005,0.013775,0.029719,1.2568e-38,0,0.0010505,0.0044545,0.23582,0.013432
1.525,1.706,0.005,0.01701,0.030457,3.732e-25,0,0.00099264,0.0042755,0.23217,0.013635
1.475,1.7561,0.005,0.020127,0.031163,8.8243e-25,0,0.00093621,0.0040878,0.22902,0.013851
1.425,1.8061,0.005,0.023121,0.031831,-2.2427e-24,0,0.00088132,0.0038924,0.22642,0.014081
1.375,1.8562,0.005,0.025981,0.032452,5.982e-25,0,0.00082811,0.0036901,0.22441,0.014325
1.325,1.9062,0.005,0.028693,0.033019,-6.8885e-25,0,0.0007767,0.0034823,0.22305,0.014583
1.275,1.9563,0.005,0.031239,0.033521,2.165e-24,0,0.00072727,0.0032704,0.22238,0.014855
1.225,2.0063,0.005,0.033596,0.033944,-4.1099e-38,0,0.00068002,0.0030561,0.22251,0.015142
1.175,2.0563,0.005,0.035736,0.034272,-2.0366e-24,0,0.00063518,0.0028417,0.22352,0.015442
1.125,2.1064,0.005,0.037623,0.034486,1.7013e-24,0,0.00059309,0.0026297,0.22554,0.015754
1.075,2.1564,0.005,0.03921,0.034557,-1.82e-24,0,0.00055412,0.0024228,0.22871,0.016078
1.025,2.2065,0.005,0.040447,0.034456,0,0,0.00051865,0.0022242,0.23318,0.016412
0.975,2.2565,0.005,0.041289,0.034153,-4.8356e-38,0,0.0004867,0.0019709,0.23914,0.016759
0.925,2.3066,0.005,0.041666,0.033589,2.323e-24,0,0.00045801,0.0016832,0.24684,0.017114
0.875,2.3566,0.005,0.041475,0.032706,5.0415e-24,0,0.00043263,0.0014284,0.25659,0.01747
0.825,2.4066,0.005,0.04061,0.031447,-4.8489e-24,0,0.00041057,0.001213,0.26868,0.017819
0.775,2.4567,0.005,0.039006,0.029775,1.9141e-25,0,0.00039176,0.0010374,0.28395,0.018156
0.725,2.5067,0.005,0.03665,0.027669,2.7506e-24,0,0.0003767,0.00090008,0.3065,0.018473
0.675,2.5568,0.005,0.03356,0.025122,-5.5114e-38,0,0.00036864,0.00081056,0.35712,0.018765
0.625,2.6068,0.005,0.029925,0.022336,-7.0641e-25,0,0.00037968,0.00077187,0.49189,0.019034
0.575,2.6569,0.005,0.026764,0.019438,-7.4016e-32,0,0.00045685,0.0005313,0.85986,0.019291
0.525,2.7069,0.005,0.030549,0.014937,-1.8885e-24,0,0.00082799,0.00043632,1.8976,0.019483
0.475,2.7569,0.005,0.059259,0.009587,2.5179e-24,0,0.0022142,0.00055365,3.9993,0.019682
0.425,2.807,0.005,0.1688,-0.0018816,4.636e-24,0,0.0052056,0.00050432,6.9619,0.019918
0.375,2.86,0.005,0.43104,-0.0057667,3.4364e-24,0,0.00075608,0.00027255,0.60661,0.021187
0.325,2.916,0.005,0.4554,0.00011606,5.229e-25,0,0.00054963,0.00097752,0.56227,0.020641
0.275,2.972,0.005,0.4494,-0.0015245,-1.3333e-24,0,0.0010386,0.00020264,5.1254,0.021337
3.275,0.024,0.005,-0.12947,0.00060213,0,0,0.00046698,0.00011647,4.0095,0.010159
3.225,0.072,0.005,-0.14431,0.0014743,-9.3865e-25,0,0.00040686,0.00029402,1.3838,0.010251
3.175,0.12,0.005,-0.14378,0.0025189,1.1978e-24,0,0.00057642,0.00068031,0.8473,0.010337
3.125,0.168,0.005,-0.13954,0.0034386,-1.0192e-24,0,0.00076135,0.0011473,0.6636,0.01043
3.075,0.216,0.005,-0.13408,0.0043694,-1.1241e-41,0,0.0009334,0.0016173,0.57712,0.010518
3.025,0.264,0.005,-0.12814,0.0052805,1.3551e-24,0,0.0010892,0.0020647,0.52755,0.010604
2.975,0.312,0.005,-0.12199,0.0061827,6.8997e-26,0,0.0012293,0.002482,0.49529,0.010686
2.925,0.36,0.005,-0.11573,0.0070767,6.0906e-25,0,0.0013544,0.0028678,0.47226,0.010765
2.875,0.408,0.005,-0.10945,0.0079635,-1.1385e-38,0,0.001465,0.003223,0.45453,0.010841
2.825,0.456,0.005,-0.10317,0.0088433,-5.6188e-25,0,0.0015615,0.0035489,0.43999,0.010914
2.775,0.50502,0.005,-0.096813,0.0097295,5.7421e-25,0,0.0016463,0.003854,0.42718,0.010985
2.725,0.55506,0.005,-0.090412,0.010618,-2.1817e-25,0,0.0017185,0.0041364,0.41546,0.011052
2.675,0.60511,0.005,-0.084108,0.011494,-3.6613e-25,0,0.0017766,0.0043919,0.4045,0.011118
2.625,0.65515,0.005,-0.077923,0.012358,1.8815e-25,0,0.0018208,0.0046215,0.39399,0.011183
2.575,0.70519,0.005,-0.071876,0.013209,-7.5939e-34,0,0.0018519,0.004826,0.38373,0.011247
2.525,0.75523,0.005,-0.06598,0.01405,-7.1948e-25,0,0.0018705,0.0050061,0.37364,0.011311
2.475,0.80528,0.005,-0.060245,0.014881,3.4211e-25,0,0.0018774,0.0051621,0.36369,0.011376
2.425,0.85532,0.005,-0.054677,0.015705,4.0288e-38,0,0.0018735,0.0052944,0.35387,0.011443
2.375,0.90536,0.005,-0.049278,0.016523,1.6856e-25,0,0.0018598,0.0054032,0.34421,0.011512
2.325,0.9554,0.005,-0.044048,0.017338,-5.2817e-25,0,0.0018373,0.0054888,0.33473,0.011583
2.275,1.0054,0.005,-0.038984,0.018151,5.3321e-25,0,0.0018068,0.0055514,0.32547,0.011658
2.225,1.0555,0.005,-0.034082,0.018963,1.255e-25,0,0.0017695,0.0055916,0.31646,0.011738
2.175,1.1055,0.005,-0.029336,0.019774,-1.063e-25,0,0.0017262,0.0056097,0.30772,0.011822
2.125,1.1556,0.005,-0.02474,0.020586,0,0,0.0016778,0.0056063,0.29927,0.011912
2.075,1.2056,0.005,-0.020287,0.021398,-6.4209e-25,0,0.0016252,0.0055823,0.29114,0.012009
2.025,1.2557,0.005,-0.015971,0.022209,-1.2045e-24,0,0.0015692,0.0055382,0.28333,0.012113
1.975,1.3057,0.005,-0.011785,0.023019,6.2325e-25,0,0.0015105,0.0054751,0.27589,0.012225
1.925,1.3557,0.005,-0.0077233,0.023825,-6.8532e-25,0,0.00145,0.0053936,0.26883,0.012346
1.875,1.4058,0.005,-0.0037795,0.024626,6.6045e-26,0,0.0013883,0.0052946,0.2622,0.012476
1.825,1.4558,0.005,5.0687e-05,0.02542,8.3554e-25,0,0.001326,0.0051788,0.25604,0.012616
1.775,1.5059,0.005,0.0037715,0.026203,-9.1052e-25,0,0.0012638,0.0050469,0.25041,0.012766
1.725,1.5559,0.005,0.0073857,0.026974,-1.947e-25,0,0.001202,0.0049008,0.24526,0.012928
1.675,1.606,0.005,0.010895,0.027727,1.4388e-24,0,0.0011408,0.0047428,0.24052,0.013101
1.625,1.656,0.005,0.014297,0.02846,8.8957e-25,0,0.0010805,0.0045739,0.23623,0.013286
1.575,1.706,0.005,0.017592,0.029166,7.1339e-33,0,0.0010215,0.004395,0.23241,0.013484
1.525,1.7561,0.005,0.020774,0.029842,0,0,0.00096381,0.0042072,0.22909,0.013696
1.475,1.8061,0.005,0.023837,0.030482,1.0713e-24,0,0.00090775,0.0040113,0.2263,0.01392
1.425,1.8562,0.005,0.026772,0.031077,-1.1394e-24,0,0.00085339,0.0038085,0.22408,0.014159
1.375,1.9062,0.005,0.029566,0.03162,-5.0851e-39,0,0.00080088,0.0035998,0.22248,0.014412
1.325,1.9563,0.005,0.032203,0.032101,2.0698e-24,0,0.00075037,0.0033866,0.22157,0.014679
1.275,2.0063,0.005,0.034662,0.032507,1.9869e-24,0,0.00070203,0.0031707,0.22141,0.014961
1.225,2.0563,0.005,0.036916,0.032823,-2.495e-24,0,0.0006561,0.0029539,0.22211,0.015256
1.175,2.1064,0.005,0.03893,0.03303,-5.5556e-25,0,0.00061288,0.0027387,0.22378,0.015565
1.125,2.1564,0.005,0.040664,0.033106,-1.2207e-24,0,0.00057271,0.0025278,0.22656,0.015885
1.075,2.2065,0.005,0.042068,0.033021,5.1576e-25,0,0.00053597,0.0023242,0.23061,0.016217
1.025,2.2565,0.005,0.043098,0.032749,2.0674e-24,0,0.00050277,0.0020784,0.2361,0.016562
0.975,2.3066,0.005,0.043695,0.032238,1.7266e-38,0,0.00047284,0.001786,0.24331,0.016918
0.925,2.3566,0.005,0.043762,0.031434,2.0763e-24,0,0.00044629,0.0015222,0.2526,0.017277
0.875,2.4066,0.005,0.043186,0.030278,0,0,0.00042325,0.001294,0.26442,0.017633
0.825,2.4567,0.005,0.041886,0.028726,-2.4762e-24,0,0.00040387,0.0011037,0.27996,0.01798
0.775,2.5067,0.005,0.039838,0.026728,8.606e-24,0,0.00038894,0.00095596,0.30418,0.01831
0.725,2.5568,0.005,0.037045,0.02429,-8.8501e-24,0,0.00038234,0.0008608,0.36083,0.018618
0.675,2.6068,0.005,0.033671,0.021562,7.3099e-40,0,0.00039816,0.00077287,0.51517,0.018909
0.625,2.6569,0.005,0.031084,0.018615,9.3933e-38,0,0.00049486,0.0005328,0.92879,0.019186
0.575,2.7069,0.005,0.036433,0.014148,-2.5884e-24,0,0.00094348,0.0004612,2.0457,0.019404
0.525,2.7569,0.005,0.068237,0.008775,1.7268e-24,0,0.002558,0.00061084,4.135,0.019627
0.475,2.807,0.005,0.17767,-0.0027733,8.2042e-24,0,0.005492,0.00053457,6.8686,0.019888
0.425,2.86,0.005,0.42833,-0.0057374,3.4161e-24,0,0.00083875,0.00027611,0.73104,0.020933
0.375,2.916,0.005,0.45511,0.00022199,6.6522e-25,0,0.0005627,0.00090306,0.62311,0.020387
0.325,2.972,0.005,0.44821,-0.0017581,2.1316e-24,0,0.0011283,0.00021121,5.3421,0.0211
3.325,0.024,0.005,-0.13051,0.00059701,-1.3721e-24,0,0.00047205,0.0001171,4.0312,0.010083
3.275,0.072,0.005,-0.14531,0.0014532,1.3987e-24,0,0.00041083,0.00029583,1.3887,0.010173
3.225,0.12,0.005,-0.14473,0.0024797,2.4564e-25,0,0.00058186,0.00068453,0.85002,0.010257
3.175,0.168,0.005,-0.14044,0.0033811,-1e-24,0,0.00076849,0.0011541,0.66586,0.010349
3.125,0.216,0.005,-0.13494,0.0042913,7.0231e-25,0,0.00094214,0.0016267,0.57918,0.010435
3.075,0.264,0.005,-0.12897,0.0051803,-6.6564e-25,0,0.0010996,0.0020765,0.52952,0.010518
3.025,0.312,0.005,-0.12278,0.0060584,-5.9096e-26,0,0.0012413,0.0024964,0.49723,0.010599
2.975,0.36,0.005,-0.11649,0.0069266,9.0144e-26,0,0.001368,0.0028849,0.4742,0.010676
2.925,0.408,0.005,-0.11017,0.0077856,5.5864e-25,0,0.0014804,0.0032429,0.45651,0.01075
2.875,0.456,0.005,-0.10385,0.0086358,5.3428e-25,0,0.0015787,0.0035717,0.44201,0.010822
2.825,0.50502,0.005,-0.097451,0.0094903,4.0913e-25,0,0.0016655,0.0038801,0.42925,0.010891
2.775,0.55506,0.005,-0.091003,0.010345,-9.2864e-25,0,0.0017397,0.0041661,0.41758,0.010957
2.725,0.60511,0.005,-0.08465,0.011185,-1.7e-25,0,0.0017997,0.0044255,0.40666,0.011022
2.675,0.65515,0.005,-0.078414,0.012011,5.2334e-25,0,0.0018459,0.0046594,0.39617,0.011086
2.625,0.70519,0.005,-0.072314,0.012823,-5.1584e-25,0,0.0018788,0.0048685,0.38591,0.011149
2.575,0.75523,0.005,-0.066365,0.013621,5.8746e-39,0,0.0018992,0.0050535,0.37581,0.011212
2.525,0.80528,0.005,-0.060577,0.014408,6.8712e-34,0,0.0019077,0.0052147,0.36583,0.011277
2.475,0.85532,0.005,-0.054956,0.015186,-1.0099e-24,0,0.0019053,0.0053524,0.35597,0.011342
2.425,0.90536,0.005,-0.049505,0.015958,8.5391e-25,0,0.0018929,0.0054668,0.34626,0.01141
2.375,0.9554,0.005,-0.044224,0.016725,-2.9028e-34,0,0.0018715,0.005558,0.33672,0.01148
2.325,1.0054,0.005,-0.03911,0.017489,1.3164e-25,0,0.001842,0.0056263,0.32739,0.011554
2.275,1.0555,0.005,-0.034159,0.018253,1.27e-24,0,0.0018054,0.0056719,0.31831,0.011633
2.225,1.1055,0.005,-0.029366,0.019016,1.9488e-33,0,0.0017626,0.0056953,0.30949,0.011716
2.175,1.1556,0.005,-0.024722,0.01978,-5.4161e-25,0,0.0017146,0.0056971,0.30095,0.011804
2.125,1.2056,0.005,-0.020223,0.020545,-7.6765e-40,0,0.0016621,0.0056778,0.29273,0.011899
2.075,1.2557,0.005,-0.01586,0.02131,-8.5377e-39,0,0.0016059,0.0056381,0.28484,0.012001
2.025,1.3057,0.005,-0.011628,0.022075,5.9977e-25,0,0.001547,0.0055789,0.27729,0.01211
1.975,1.3557,0.005,-0.0075195,0.022838,0,0,0.001486,0.0055009,0.27013,0.012228
1.925,1.4058,0.005,-0.0035288,0.023597,-7.9112e-25,0,0.0014236,0.0054049,0.26339,0.012355
1.875,1.4558,0.005,0.00034921,0.024351,6.9557e-25,0,0.0013605,0.0052917,0.25711,0.012491
1.825,1.5059,0.005,0.004119,0.025096,8.7068e-25,0,0.0012974,0.0051616,0.25135,0.012638
1.775,1.5559,0.005,0.0077838,0.02583,0,0,0.0012345,0.005017,0.24606,0.012795
1.725,1.606,0.005,0.011345,0.026549,-2.3472e-25,0,0.0011721,0.0048599,0.24117,0.012964
1.675,1.656,0.005,0.014804,0.027248,-2.8576e-25,0,0.0011106,0.0046914,0.23673,0.013145
1.625,1.706,0.005,0.018157,0.027924,3.4141e-25,0,0.0010503,0.0045127,0.23275,0.013338
1.575,1.7561,0.005,0.021401,0.028571,8.0453e-25,0,0.00099144,0.0043246,0.22926,0.013544
1.525,1.8061,0.005,0.024531,0.029182,1.8201e-38,0,0.00093417,0.0041283,0.22629,0.013764
1.475,1.8562,0.005,0.027539,0.029752,-1.6271e-24,0,0.00087864,0.0039247,0.22387,0.013997
1.425,1.9062,0.005,0.030413,0.030271,1.7296e-24,0,0.00082499,0.0037151,0.22206,0.014244
1.375,1.9563,0.005,0.033138,0.030731,-7.1195e-25,0,0.00077336,0.0035007,0.22092,0.014506
1.325,2.0063,0.005,0.035694,0.031119,2.7274e-24,0,0.00072392,0.003283,0.22051,0.014782
1.275,2.0563,0.005,0.038057,0.031421,-3.6217e-25,0,0.00067689,0.003064,0.22092,0.015072
1.225,2.1064,0.005,0.040195,0.031621,-1.5874e-24,0,0.00063252,0.0028458,0.22226,0.015376
1.175,2.1564,0.005,0.042069,0.031698,1.157e-24,0,0.00059116,0.0026311,0.22468,0.015693
1.125,2.2065,0.005,0.043631,0.031622,5.2208e-32,0,0.00055317,0.0024227,0.22833,0.016021
1.075,2.2565,0.005,0.044841,0.031374,-2.0132e-24,0,0.00051871,0.0021837,0.23339,0.016363
1.025,2.3066,0.005,0.045647,0.030906,1.7358e-24,0,0.00048757,0.0018888,0.24014,0.016718
0.975,2.3566,0.005,0.04596,0.030166,-5.101e-25,0,0.00045984,0.0016185,0.24898,0.017079
0.925,2.4066,0.005,0.045667,0.0291,4.3397e-32,0,0.00043578,0.0013787,0.26054,0.017439
0.875,2.4567,0.005,0.044669,0.027655,-2.3379e-24,0,0.00041572,0.0011743,0.27639,0.017793
0.825,2.5067,0.005,0.042932,0.025765,4.9447e-24,0,0.00040078,0.0010173,0.30253,0.018132
0.775,2.5568,0.005,0.040452,0.023448,5.4657e-24,0,0.00039545,0.00091837,0.365,0.018454
0.725,2.6068,0.005,0.037376,0.020818,-9.505e-24,0,0.00041604,0.00077202,0.53889,0.018765
0.675,2.6569,0.005,0.035404,0.017814,3.2997e-24,0,0.00053349,0.00053451,0.99808,0.019058
0.625,2.7069,0.005,0.04235,0.013399,0,0,0.0010588,0.00048563,2.1802,0.019297
0.575,2.7569,0.005,0.07701,0.0078142,5.0966e-32,0,0.0028494,0.00063875,4.2278,0.019532
0.525,2.807,0.005,0.18589,-0.0032764,3.3582e-24,0,0.0057134,0.00056229,6.7532,0.019801
0.475,2.86,0.005,0.42564,-0.0056268,-3.5343e-24,0,0.00093036,0.00028264,0.86379,0.020692
0.425,2.916,0.005,0.45469,0.00029563,2.5034e-25,0,0.00057725,0.0008444,0.68362,0.020217
0.375,2.972,0.005,0.44701,-0.0019903,1.4199e-24,0,0.0012157,0.00021924,5.5452,0.02085
3.375,0.024,0.005,-0.13153,0.00059304,-1.2579e-41,0,0.00047711,0.00011772,4.0528,0.01001
3.325,0.072,0.005,-0.1463,0.0014344,-1.0241e-24,0,0.00041481,0.00029761,1.3938,0.010098
3.275,0.12,0.005,-0.14567,0.0024436,1.0176e-24,0,0.00058726,0.00068861,0.85283,0.01018
3.225,0.168,0.005,-0.14133,0.0033283,-9.9376e-26,0,0.00077554,0.0011607,0.66817,0.010269
3.175,0.216,0.005,-0.13579,0.0042193,-6.3838e-26,0,0.00095075,0.0016356,0.58128,0.010354
3.125,0.264,0.005,-0.12978,0.0050877,6.2908e-25,0,0.0011097,0.0020878,0.53151,0.010435
3.075,0.312,0.005,-0.12356,0.0059436,-4.9993e-26,0,0.001253,0.0025101,0.49918,0.010514
3.025,0.36,0.005,-0.11723,0.0067876,8.0244e-26,0,0.0013814,0.0029011,0.47615,0.010589
2.975,0.408,0.005,-0.11087,0.0076207,5.3737e-25,0,0.0014954,0.0032617,0.45848,0.010662
2.925,0.456,0.005,-0.10451,0.0084433,5.2439e-25,0,0.0015955,0.0035933,0.44403,0.010732
2.875,0.50502,0.005,-0.098073,0.0092683,2.8145e-25,0,0.0016842,0.0039047,0.43131,0.0108
2.825,0.55506,0.005,-0.09158,0.010091,5.2444e-25,0,0.0017603,0.0041942,0.41969,0.010865
2.775,0.60511,0.005,-0.085178,0.010899,-6.7095e-25,0,0.0018222,0.0044573,0.4088,0.010929
2.725,0.65515,0.005,-0.078892,0.011689,-1.5156e-39,0,0.0018703,0.0046953,0.39833,0.010992
2.675,0.70519,0.005,-0.07274,0.012463,-3.3166e-25,0,0.0019051,0.0049088,0.38809,0.011054
2.625,0.75523,0.005,-0.066738,0.013222,3.2738e-25,0,0.0019271,0.0050986,0.37798,0.011117
2.575,0.80528,0.005,-0.060897,0.013968,1.6019e-25,0,0.0019373,0.0052648,0.36797,0.01118
2.525,0.85532,0.005,-0.055225,0.014703,6.4009e-25,0,0.0019364,0.0054078,0.35807,0.011245
2.475,0.90536,0.005,-0.049723,0.015429,1.1179e-24,0,0.0019253,0.0055276,0.3483,0.011311
2.425,0.9554,0.005,-0.044392,0.01615,1.3478e-25,0,0.001905,0.0056244,0.3387,0.011381
2.375,1.0054,0.005,-0.03923,0.016868,3.7069e-25,0,0.0018765,0.0056983,0.32931,0.011454
2.325,1.0555,0.005,-0.034231,0.017584,-8.9134e-25,0,0.0018407,0.0057494,0.32015,0.01153
2.275,1.1055,0.005,-0.029391,0.018301,4.1863e-25,0,0.0017985,0.0057782,0.31125,0.011612
2.225,1.1556,0.005,-0.024702,0.019018,-1.8088e-38,0,0.0017508,0.0057851,0.30264,0.011699
2.175,1.2056,0.005,-0.020158,0.019737,-4.8067e-26,0,0.0016985,0.0057706,0.29433,0.011792
2.125,1.2557,0.005,-0.01575,0.020456,1.9776e-38,0,0.0016423,0.0057354,0.28635,0.011891
2.075,1.3057,0.005,-0.011474,0.021177,-5.8347e-25,0,0.0015832,0.0056802,0.27871,0.011998
2.025,1.3557,0.005,-0.0073203,0.021897,1.2001e-24,0,0.0015217,0.0056059,0.27145,0.012113
1.975,1.4058,0.005,-0.0032844,0.022615,-6.5761e-26,0,0.0014588,0.005513,0.26461,0.012237
1.925,1.4558,0.005,0.0006395,0.023329,7.6586e-25,0,0.001395,0.0054023,0.25822,0.01237
1.875,1.5059,0.005,0.0044564,0.024037,-1.4e-25,0,0.0013309,0.0052743,0.25233,0.012513
1.825,1.5559,0.005,0.00817,0.024734,7.2666e-25,0,0.001267,0.0051312,0.24691,0.012666
1.775,1.606,0.005,0.011782,0.025418,-1.7561e-24,0,0.0012034,0.0049751,0.24189,0.012831
1.725,1.656,0.005,0.015294,0.026085,2.7381e-25,0,0.0011408,0.0048072,0.2373,0.013007
1.675,1.706,0.005,0.018703,0.02673,1.1853e-24,0,0.0010792,0.0046286,0.23317,0.013195
1.625,1.7561,0.005,0.022008,0.027347,0,0,0.0010191,0.0044403,0.22952,0.013396
1.575,1.8061,0.005,0.025203,0.027931,2.3198e-38,0,0.00096061,0.0042434,0.22638,0.01361
1.525,1.8562,0.005,0.028281,0.028475,-5.1612e-25,0,0.00090387,0.0040391,0.22378,0.013838
1.475,1.9062,0.005,0.031232,0.028971,3.4928e-38,0,0.00084905,0.0038284,0.22178,0.01408
1.425,1.9563,0.005,0.034041,0.02941,6.7586e-25,0,0.00079628,0.0036126,0.22042,0.014336
1.375,2.0063,0.005,0.036692,0.029781,7.6782e-25,0,0.00074571,0.0033932,0.21977,0.014606
1.325,2.0563,0.005,0.03916,0.03007,-2.283e-24,0,0.00069755,0.0031719,0.21991,0.01489
1.275,2.1064,0.005,0.041416,0.030261,1.5301e-24,0,0.00065203,0.0029509,0.22096,0.015189
1.225,2.1564,0.005,0.043423,0.030335,-1.6548e-24,0,0.00060948,0.0027325,0.22305,0.015501
1.175,2.2065,0.005,0.045138,0.030267,-6.047e-24,0,0.00057024,0.0025196,0.22632,0.015825
1.125,2.2565,0.005,0.046519,0.030036,3.3717e-24,0,0.00053454,0.0022863,0.23098,0.016164
1.075,2.3066,0.005,0.047522,0.029602,1.6309e-24,0,0.00050217,0.0019906,0.2373,0.016516
1.025,2.3566,0.005,0.04807,0.028917,1.8363e-24,0,0.00047326,0.0017162,0.24574,0.016876
0.975,2.4066,0.005,0.04805,0.027928,0,0,0.00044815,0.0014665,0.25706,0.017238
0.925,2.4567,0.005,0.047355,0.026574,-2.2003e-24,0,0.00042737,0.0012478,0.27326,0.017597
0.875,2.5067,0.005,0.045926,0.024784,2.341e-24,0,0.00041233,0.0010833,0.30156,0.017943
0.825,2.5568,0.005,0.04376,0.022595,2.6481e-24,0,0.00040817,0.00098014,0.37021,0.018276
0.775,2.6068,0.005,0.041026,0.020099,-2.9639e-24,0,0.00043342,0.00077056,0.56247,0.018606
0.725,2.6569,0.005,0.039683,0.017015,-3.907e-24,0,0.00057286,0.00053683,1.0671,0.018908
0.675,2.7069,0.005,0.048253,0.01266,-1.1189e-37,0,0.0011729,0.00050958,2.3017,0.019166
0.625,2.7569,0.005,0.08554,0.0069598,3.6265e-38,0,0.0030897,0.00067415,4.2781,0.019414
0.575,2.807,0.005,0.19348,-0.0034641,3.2338e-25,0,0.0058823,0.00058859,6.6223,0.019674
0.525,2.86,0.005,0.42296,-0.0054786,1.4165e-24,0,0.0010312,0.00029145,1.0087,0.020464
0.475,2.916,0.005,0.45418,0.00033001,-2.0972e-38,0,0.00059325,0.00079752,0.74386,0.020084
0.425,2.972,0.005,0.44578,-0.0021908,0,0,0.0013004,0.00022675,5.735,0.020632
3.425,0.024,0.005,-0.13254,0.00059032,1.0929e-24,0,0.00048217,0.00011835,4.0742,0.0099381
3.375,0.072,0.005,-0.14728,0.0014184,1.7748e-25,0,0.00041881,0.00029936,1.399,0.010025
3.325,0.12,0.005,-0.14659,0.0024102,1.2912e-25,0,0.00059263,0.00069256,0.85571,0.010105
3.275,0.168,0.005,-0.14221,0.0032798,1.3038e-24,0,0.00078252,0.001167,0.67053,0.010192
3.225,0.216,0.005,-0.13663,0.0041528,-3.8361e-26,0,0.00095923,0.0016442,0.58341,0.010275
3.175,0.264,0.005,-0.13058,0.0050023,-6.183e-25,0,0.0011197,0.0020986,0.53352,0.010355
3.125,0.312,0.005,-0.12432,0.0058374,5.7518e-25,0,0.0012645,0.0025232,0.50114,0.010432
3.075,0.36,0.005,-0.11796,0.006659,9.5072e-39,0,0.0013944,0.0029165,0.47811,0.010506
3.025,0.408,0.005,-0.11156,0.0074679,-5.1745e-25,0,0.0015101,0.0032796,0.46046,0.010577
2.975,0.456,0.005,-0.10516,0.0082647,-1.1437e-25,0,0.0016119,0.0036138,0.44604,0.010646
2.925,0.50502,0.005,-0.098683,0.0090621,-1.3283e-25,0,0.0017023,0.0039281,0.43337,0.010712
2.875,0.55506,0.005,-0.092143,0.0098558,6.4433e-25,0,0.0017803,0.0042207,0.42179,0.010776
2.825,0.60511,0.005,-0.085694,0.010632,4.9386e-25,0,0.0018441,0.0044874,0.41094,0.010839
2.775,0.65515,0.005,-0.079357,0.01139,-4.851e-25,0,0.001894,0.0047292,0.40049,0.010901
2.725,0.70519,0.005,-0.073154,0.012129,-1.539e-25,0,0.0019306,0.004947,0.39026,0.010962
2.675,0.75523,0.005,-0.0671,0.012851,-1.7475e-38,0,0.0019544,0.0051413,0.38013,0.011023
2.625,0.80528,0.005,-0.061207,0.013558,-4.6995e-25,0,0.0019661,0.0053125,0.37009,0.011086
2.575,0.85532,0.005,-0.055483,0.014252,-9.2409e-39,0,0.0019666,0.0054606,0.36015,0.01115
2.525,0.90536,0.005,-0.049931,0.014936,1.3546e-25,0,0.0019569,0.0055858,0.35033,0.011215
2.475,0.9554,0.005,-0.044552,0.015613,2.5009e-34,0,0.0019377,0.0056881,0.34067,0.011284
2.425,1.0054,0.005,-0.039342,0.016286,1.0608e-24,0,0.0019102,0.0057674,0.3312,0.011356
2.375,1.0555,0.005,-0.034297,0.016956,9.8359e-26,0,0.0018752,0.005824,0.32197,0.011431
2.325,1.1055,0.005,-0.029412,0.017627,-5.7022e-25,0,0.0018336,0.0058582,0.313,0.011511
2.275,1.1556,0.005,-0.024679,0.018299,4.9925e-25,0,0.0017864,0.0058702,0.30432,0.011596
2.225,1.2056,0.005,-0.020091,0.018972,4.2596e-26,0,0.0017343,0.0058606,0.29593,0.011688
2.175,1.2557,0.005,-0.015641,0.019648,-8.8671e-39,0,0.0016783,0.00583,0.28787,0.011785
2.125,1.3057,0.005,-0.011321,0.020325,5.9676e-27,0,0.001619,0.005779,0.28015,0.01189
2.075,1.3557,0.005,-0.0071251,0.021003,-5.7453e-25,0,0.0015572,0.0057083,0.2728,0.012002
2.025,1.4058,0.005,-0.003046,0.02168,5.3761e-25,0,0.0014937,0.0056187,0.26585,0.012123
1.975,1.4558,0.005,0.000922,0.022354,-6.3403e-25,0,0.0014292,0.0055107,0.25936,0.012252
1.925,1.5059,0.005,0.0047841,0.023024,-3.8999e-25,0,0.0013643,0.005385,0.25336,0.012392
1.875,1.5559,0.005,0.0085445,0.023685,1.535e-38,0,0.0012994,0.0052435,0.24782,0.012541
1.825,1.606,0.005,0.012206,0.024335,5.1349e-25,0,0.0012348,0.0050885,0.24267,0.012701
1.775,1.656,0.005,0.015768,0.024969,-2.6235e-25,0,0.001171,0.0049213,0.23794,0.012873
1.725,1.706,0.005,0.019232,0.025583,0,0,0.0011082,0.0047428,0.23366,0.013056
1.675,1.7561,0.005,0.022595,0.026172,1.2395e-24,0,0.0010468,0.0045543,0.22986,0.013252
1.625,1.8061,0.005,0.025853,0.026729,9.3331e-25,0,0.00098709,0.0043569,0.22656,0.013461
1.575,1.8562,0.005,0.028998,0.027248,-9.8205e-25,0,0.00092912,0.0041516,0.2238,0.013683
1.525,1.9062,0.005,0.032023,0.027722,-1.0765e-24,0,0.00087309,0.0039398,0.22161,0.013919
1.475,1.9563,0.005,0.034914,0.02814,1.2186e-25,0,0.00081914,0.0037225,0.22005,0.014169
1.425,2.0063,0.005,0.037655,0.028494,2.0083e-25,0,0.00076741,0.0035013,0.21918,0.014433
1.375,2.0563,0.005,0.040223,0.028769,-2.7172e-24,0,0.0007181,0.0032778,0.21908,0.014711
1.325,2.1064,0.005,0.042593,0.028951,9.2528e-25,0,0.00067142,0.003054,0.21985,0.015004
1.275,2.1564,0.005,0.044728,0.029022,4.7502e-25,0,0.00062767,0.0028321,0.22163,0.01531
1.225,2.2065,0.005,0.046588,0.028958,-3.465e-24,0,0.00058719,0.0026148,0.22456,0.01563
1.175,2.2565,0.005,0.048131,0.028741,-1.3314e-24,0,0.00055023,0.0023853,0.22885,0.015963
1.125,2.3066,0.005,0.049321,0.028335,5.8146e-25,0,0.00051665,0.0020894,0.23478,0.016312
1.075,2.3566,0.005,0.05009,0.027695,4.0743e-24,0,0.00048655,0.0018126,0.24285,0.016669
1.025,2.4066,0.005,0.050333,0.026774,0,0,0.00046037,0.0015567,0.25396,0.017031
0.975,2.4567,0.005,0.049941,0.025501,-8.2557e-25,0,0.00043881,0.001328,0.27056,0.017392
0.925,2.5067,0.005,0.048816,0.023795,-6.1959e-24,0,0.00042362,0.0011551,0.30119,0.017743
0.875,2.5568,0.005,0.046968,0.021738,9.0644e-24,0,0.00042058,0.0010464,0.37626,0.018087
0.825,2.6068,0.005,0.044613,0.019366,3.6112e-24,0,0.00045041,0.00076924,0.58553,0.018433
0.775,2.6569,0.005,0.044027,0.016221,-4.0391e-24,0,0.00061167,0.00054025,1.1322,0.018742
0.725,2.7069,0.005,0.054118,0.01194,-3.7365e-24,0,0.0012868,0.00053357,2.4117,0.019012
0.675,2.7569,0.005,0.093697,0.0062255,-1.7738e-24,0,0.0032929,0.00070448,4.3032,0.019283
0.625,2.807,0.005,0.20051,-0.0037097,-1.2209e-24,0,0.0060078,0.00061371,6.4876,0.019532
0.575,2.86,0.005,0.4203,-0.0053261,2.0322e-24,0,0.0011411,0.00030204,1.1751,0.020257
0.525,2.916,0.005,0.45364,0.0003358,4.3819e-25,0,0.0006108,0.00075962,0.80409,0.019958
0.475,2.972,0.005,0.44453,-0.0023508,5.1125e-25,0,0.001382,0.00023375,5.9122,0.020436
3.475,0.024,0.005,-0.13355,0.00058851,0,0,0.00048724,0.00011897,4.0956,0.0098683
3.425,0.072,0.005,-0.14825,0.0014049,1.1375e-24,0,0.00042284,0.00030109,1.4043,0.0099538
3.375,0.12,0.005,-0.14751,0.0023788,-8.3594e-25,0,0.00059798,0.0006964,0.85867,0.010033
3.325,0.168,0.005,-0.14307,0.003235,1.0679e-25,0,0.00078945,0.0011731,0.67294,0.010118
3.275,0.216,0.005,-0.13745,0.0040916,-7.4192e-25,0,0.0009676,0.0016524,0.58556,0.010198
3.225,0.264,0.005,-0.13137,0.0049235,2.2584e-27,0,0.0011294,0.002109,0.53554,0.010277
3.175,0.312,0.005,-0.12507,0.0057394,-2.0906e-38,0,0.0012757,0.0025357,0.5031,0.010352
3.125,0.36,0.005,-0.11867,0.00654,1.1719e-24,0,0.0014072,0.0029312,0.48006,0.010425
3.075,0.408,0.005,-0.11224,0.0073264,4.9883e-25,0,0.0015244,0.0032966,0.46243,0.010495
3.025,0.456,0.005,-0.1058,0.008099,-2.0131e-25,0,0.0016279,0.0036332,0.44805,0.010562
2.975,0.50502,0.005,-0.099279,0.0088705,-4.9811e-25,0,0.00172,0.0039502,0.43542,0.010627
2.925,0.55506,0.005,-0.092695,0.0096368,-4.8658e-25,0,0.0017997,0.0042458,0.42388,0.01069
2.875,0.60511,0.005,-0.086198,0.010384,-2.7494e-25,0,0.0018653,0.0045158,0.41307,0.010752
2.825,0.65515,0.005,-0.079811,0.011112,-6.1196e-40,0,0.0019171,0.0047612,0.40265,0.010812
2.775,0.70519,0.005,-0.073556,0.011819,-3.1723e-25,0,0.0019554,0.0049831,0.39241,0.010873
2.725,0.75523,0.005,-0.06745,0.012506,-1.527e-39,0,0.0019809,0.0051818,0.38227,0.010933
2.675,0.80528,0.005,-0.061506,0.013176,1.5755e-38,0,0.0019942,0.0053577,0.3722,0.010995
2.625,0.85532,0.005,-0.055731,0.013831,-1.3412e-25,0,0.0019961,0.0055109,0.36221,0.011057
2.575,0.90536,0.005,-0.050129,0.014475,-1.0294e-24,0,0.0019877,0.0056414,0.35234,0.011122
2.525,0.9554,0.005,-0.044702,0.01511,-1.2556e-24,0,0.0019697,0.005749,0.34261,0.01119
2.475,1.0054,0.005,-0.039446,0.01574,-1.0179e-24,0,0.0019432,0.0058338,0.33309,0.01126
2.425,1.0555,0.005,-0.034357,0.016367,1.3842e-38,0,0.001909,0.0058959,0.32379,0.011335
2.375,1.1055,0.005,-0.029428,0.016993,7.5e-26,0,0.0018681,0.0059354,0.31475,0.011413
2.325,1.1556,0.005,-0.024652,0.017621,-6.4896e-39,0,0.0018214,0.0059526,0.30598,0.011497
2.275,1.2056,0.005,-0.020023,0.018251,4.5527e-25,0,0.0017697,0.0059479,0.29752,0.011586
2.225,1.2557,0.005,-0.015531,0.018883,9.1049e-39,0,0.0017137,0.005922,0.28938,0.011682
2.175,1.3057,0.005,-0.011171,0.019517,-1.7183e-26,0,0.0016544,0.0058752,0.28158,0.011784
2.125,1.3557,0.005,-0.0069334,0.020153,-5.8595e-25,0,0.0015924,0.0058084,0.27415,0.011894
2.075,1.4058,0.005,-0.0028129,0.02079,1.9533e-25,0,0.0015284,0.0057221,0.26711,0.012011
2.025,1.4558,0.005,0.0011972,0.021425,-1.2119e-24,0,0.0014633,0.005617,0.26052,0.012138
1.975,1.5059,0.005,0.0051025,0.022057,7.634e-25,0,0.0013977,0.0054935,0.25442,0.012274
1.925,1.5559,0.005,0.0089076,0.022683,-6.6208e-25,0,0.0013318,0.0053538,0.24876,0.012419
1.875,1.606,0.005,0.012616,0.023298,9.9696e-39,0,0.0012662,0.0052002,0.24349,0.012575
1.825,1.656,0.005,0.016228,0.0239,-2.5135e-25,0,0.0012012,0.0050337,0.23863,0.012742
1.775,1.706,0.005,0.019744,0.024484,2.9835e-25,0,0.0011372,0.0048554,0.23422,0.012921
1.725,1.7561,0.005,0.023162,0.025044,3.4961e-25,0,0.0010746,0.0046667,0.23027,0.013112
1.675,1.8061,0.005,0.02648,0.025575,0,0,0.0010136,0.0044687,0.22683,0.013315
1.625,1.8562,0.005,0.02969,0.02607,-4.6706e-25,0,0.00095439,0.0042625,0.2239,0.013531
1.575,1.9062,0.005,0.032786,0.026521,-5.3445e-25,0,0.00089713,0.0040494,0.22155,0.013761
1.525,1.9563,0.005,0.035755,0.02692,1.7194e-24,0,0.00084197,0.0038306,0.2198,0.014005
1.475,2.0063,0.005,0.038582,0.027257,6.8951e-25,0,0.00078906,0.0036076,0.21872,0.014263
1.425,2.0563,0.005,0.041247,0.027519,-1.1551e-38,0,0.00073857,0.0033818,0.21839,0.014535
1.375,2.1064,0.005,0.043725,0.027692,-3.1657e-24,0,0.00069071,0.0031552,0.21891,0.014822
1.325,2.1564,0.005,0.045983,0.027759,1.5401e-24,0,0.00064575,0.0029299,0.2204,0.015122
1.275,2.2065,0.005,0.04798,0.027698,1.6743e-24,0,0.00060402,0.0027084,0.22302,0.015436
1.225,2.2565,0.005,0.049678,0.027492,-3.6685e-24,0,0.0005658,0.0024793,0.22697,0.015764
1.175,2.3066,0.005,0.051046,0.02711,-6.1371e-25,0,0.00053099,0.0021834,0.23255,0.016107
1.125,2.3566,0.005,0.052026,0.026508,2.2905e-24,0,0.00049971,0.0019039,0.2403,0.016461
1.075,2.4066,0.005,0.052517,0.025644,7.8125e-25,0,0.00047245,0.001645,0.25128,0.01682
1.025,2.4567,0.005,0.052415,0.024446,2.8329e-24,0,0.00045008,0.001415,0.26832,0.01718
0.975,2.5067,0.005,0.051592,0.022837,-3.0714e-24,0,0.00043465,0.0012342,0.30109,0.017536
0.925,2.5568,0.005,0.050043,0.02089,3.2685e-24,0,0.00043272,0.0011194,0.38292,0.017888
0.875,2.6068,0.005,0.048133,0.018612,8.7206e-25,0,0.00046723,0.00076781,0.60852,0.018247
0.825,2.6569,0.005,0.048361,0.015483,2.4868e-24,0,0.0006501,0.00054498,1.1929,0.018568
0.775,2.7069,0.005,0.059906,0.011216,-3.8595e-24,0,0.0014007,0.00056034,2.4998,0.018838
0.725,2.7569,0.005,0.10156,0.0055685,-2.5557e-24,0,0.0034675,0.00073171,4.3113,0.019129
0.675,2.807,0.005,0.20698,-0.0038456,-2.2869e-24,0,0.0060986,0.00063747,6.3545,0.019382
0.625,2.86,0.005,0.4177,-0.0051807,7.6866e-25,0,0.001258,0.00031375,1.3603,0.020055
0.575,2.916,0.005,0.45306,0.00033109,7.5648e-25,0,0.00063003,0.00072862,0.86468,0.019829
0.525,2.972,0.005,0.44329,-0.0024711,1.1632e-24,0,0.0014602,0.00024027,6.0771,0.020247
3.525,0.024,0.005,-0.13454,0.0005872,-1.1199e-24,0,0.00049231,0.00011958,4.1169,0.0098001
3.475,0.072,0.005,-0.1492,0.0013919,-5.9157e-25,0,0.0004269,0.00030281,1.4098,0.0098842
3.425,0.12,0.005,-0.14841,0.0023493,2.6016e-25,0,0.0006033,0.00070014,0.86169,0.0099609
3.375,0.168,0.005,-0.14392,0.0031932,-9.2681e-25,0,0.00079632,0.0011791,0.67538,0.010045
3.325,0.216,0.005,-0.13826,0.0040349,1.274e-38,0,0.00097587,0.0016604,0.58774,0.010124
3.275,0.264,0.005,-0.13214,0.0048508,5.8597e-25,0,0.0011391,0.0021189,0.53758,0.010201
3.225,0.312,0.005,-0.12581,0.0056488,-5.3648e-25,0,0.0012867,0.0025476,0.50507,0.010275
3.175,0.36,0.005,-0.11937,0.00643,-4.5055e-25,0,0.0014196,0.0029452,0.48201,0.010347
3.125,0.408,0.005,-0.1129,0.0071953,9.6287e-25,0,0.0015384,0.0033127,0.4644,0.010415
3.075,0.456,0.005,-0.10643,0.0079453,-8.1185e-39,0,0.0016434,0.0036516,0.45006,0.010481
3.025,0.50502,0.005,-0.099863,0.0086925,-1.184e-25,0,0.0017372,0.003971,0.43747,0.010545
2.975,0.55506,0.005,-0.093234,0.0094331,0,0,0.0018187,0.0042694,0.42597,0.010607
2.925,0.60511,0.005,-0.08669,0.010154,-4.5916e-25,0,0.001886,0.0045425,0.41519,0.010667
2.875,0.65515,0.005,-0.080254,0.010853,4.5127e-25,0,0.0019395,0.0047915,0.40479,0.010727
2.825,0.70519,0.005,-0.073948,0.01153,5.8029e-25,0,0.0019796,0.0050172,0.39456,0.010786
2.775,0.75523,0.005,-0.06779,0.012185,5.7501e-25,0,0.0020067,0.0052202,0.3844,0.010845
2.725,0.80528,0.005,-0.061794,0.012821,5.6872e-25,0,0.0020215,0.0054007,0.3743,0.010906
2.675,0.85532,0.005,-0.055969,0.013439,3.1054e-25,0,0.0020249,0.0055588,0.36426,0.010968
2.625,0.90536,0.005,-0.050319,0.014044,-7.5393e-25,0,0.0020177,0.0056943,0.35433,0.011032
2.575,0.9554,0.005,-0.044844,0.01464,-5.4575e-25,0,0.0020009,0.0058073,0.34454,0.011098
2.525,1.0054,0.005,-0.039543,0.015228,-2.4657e-25,0,0.0019754,0.0058975,0.33495,0.011168
2.475,1.0555,0.005,-0.03441,0.015814,3.6179e-25,0,0.0019421,0.005965,0.32558,0.011241
2.425,1.1055,0.005,-0.029438,0.016398,-6.8703e-26,0,0.0019019,0.0060098,0.31647,0.011318
2.375,1.1556,0.005,-0.024622,0.016983,0,0,0.0018557,0.0060322,0.30764,0.0114
2.325,1.2056,0.005,-0.019952,0.01757,-4.7396e-25,0,0.0018044,0.0060325,0.29911,0.011488
2.275,1.2557,0.005,-0.015421,0.01816,-8.5371e-39,0,0.0017486,0.0060112,0.29089,0.011581
2.225,1.3057,0.005,-0.011021,0.018752,8.9077e-39,0,0.0016893,0.0059688,0.28302,0.011681
2.175,1.3557,0.005,-0.0067449,0.019348,5.28e-25,0,0.0016271,0.0059059,0.27551,0.011788
2.125,1.4058,0.005,-0.0025848,0.019944,-6.4629e-26,0,0.0015629,0.0058231,0.26839,0.011903
2.075,1.4558,0.005,0.0014655,0.020541,-5.7959e-25,0,0.0014972,0.005721,0.26171,0.012027
2.025,1.5059,0.005,0.005412,0.021136,7.3148e-25,0,0.0014308,0.0056,0.25551,0.012159
1.975,1.5559,0.005,0.0092598,0.021726,0,0,0.0013641,0.0054622,0.24974,0.012301
1.925,1.606,0.005,0.013012,0.022308,-8.6559e-25,0,0.0012975,0.00531,0.24435,0.012453
1.875,1.656,0.005,0.016671,0.022878,0,0,0.0012314,0.0051443,0.23938,0.012615
1.825,1.706,0.005,0.020237,0.023432,2.8519e-25,0,0.0011663,0.0049664,0.23483,0.012789
1.775,1.7561,0.005,0.023709,0.023964,-4.6215e-25,0,0.0011025,0.0047776,0.23076,0.012975
1.725,1.8061,0.005,0.027084,0.024469,3.8639e-25,0,0.0010402,0.004579,0.22717,0.013173
1.675,1.8562,0.005,0.030357,0.02494,-4.442e-25,0,0.0009797,0.0043718,0.22409,0.013383
1.625,1.9062,0.005,0.03352,0.02537,-4.3528e-39,0,0.00092119,0.0041574,0.22158,0.013607
1.575,1.9563,0.005,0.036564,0.02575,5.7701e-25,0,0.00086479,0.0039371,0.21965,0.013845
1.525,2.0063,0.005,0.039474,0.02607,0,0,0.00081067,0.0037121,0.21839,0.014096
1.475,2.0563,0.005,0.042231,0.02632,1.2501e-24,0,0.00075897,0.003484,0.21785,0.014362
1.425,2.1064,0.005,0.044813,0.026484,-3.8392e-24,0,0.00070991,0.0032546,0.21813,0.014642
1.375,2.1564,0.005,0.047187,0.026547,2.9652e-24,0,0.00066374,0.0030259,0.21935,0.014936
1.325,2.2065,0.005,0.049315,0.026489,2.1938e-24,0,0.00062076,0.0028002,0.22168,0.015243
1.275,2.2565,0.005,0.051161,0.026293,5.9751e-25,0,0.00058126,0.0025671,0.22532,0.015565
1.225,2.3066,0.005,0.0527,0.02593,-3.9687e-24,0,0.00054522,0.002271,0.2306,0.015902
1.175,2.3566,0.005,0.053882,0.025359,7.8058e-25,0,0.00051275,0.0019899,0.23809,0.016251
1.125,2.4066,0.005,0.05461,0.024539,1.6493e-24,0,0.0004844,0.0017306,0.24903,0.016607
1.075,2.4567,0.005,0.054776,0.023408,1.7976e-24,0,0.00046118,0.001507,0.26662,0.016964
1.025,2.5067,0.005,0.054244,0.021914,-1.3552e-38,0,0.00044548,0.0013201,0.30152,0.017322
0.975,2.5568,0.005,0.052982,0.020068,-7.9848e-24,0,0.0004444,0.0011405,0.38966,0.017681
0.925,2.6068,0.005,0.051546,0.017869,3.9171e-24,0,0.00048425,0.00076591,0.63226,0.018047
0.875,2.6569,0.005,0.052631,0.014842,8.4033e-24,0,0.00068919,0.0005511,1.2506,0.018385
0.825,2.7069,0.005,0.065622,0.010487,3.857e-24,0,0.0015115,0.00058843,2.5688,0.018651
0.775,2.7569,0.005,0.10908,0.0049709,-4.1761e-24,0,0.0036192,0.00075672,4.3069,0.018954
0.725,2.807,0.005,0.21294,-0.0039045,3.8154e-25,0,0.0061608,0.00066035,6.2252,0.01922
0.675,2.86,0.005,0.41516,-0.0050391,-2.7182e-24,0,0.0013806,0.00032622,1.5632,0.019844
0.625,2.916,0.005,0.45247,0.00032139,0,0,0.00065083,0.00070305,0.92572,0.019691
0.575,2.972,0.005,0.44206,-0.0025541,1.1722e-24,0,0.0015348,0.00024633,6.2304,0.020056
3.575,0.024,0.005,-0.13553,0.00058631,9.8625e-25,0,0.0004974,0.0001202,4.1381,0.0097336
3.525,0.072,0.005,-0.15014,0.0013791,3.3681e-25,0,0.000431,0.00030453,1.4153,0.0098161
3.475,0.12,0.005,-0.14929,0.0023238,-6.6504e-25,0,0.00060861,0.00070379,0.86476,0.0098906
3.425,0.168,0.005,-0.14476,0.0031539,-1.1384e-25,0,0.00080314,0.0011848,0.67787,0.0099738
3.375,0.216,0.005,-0.13906,0.0039824,5.6025e-25,0,0.00098404,0.001668,0.58994,0.010052
3.325,0.264,0.005,-0.1329,0.0047836,-5.5947e-25,0,0.0011486,0.0021285,0.53962,0.010128
3.275,0.312,0.005,-0.12653,0.0055653,-2.0052e-26,0,0.0012975,0.002559,0.50704,0.0102
3.225,0.36,0.005,-0.12006,0.0063285,-4.8876e-25,0,0.0014318,0.0029586,0.48396,0.01027
3.175,0.408,0.005,-0.11355,0.0070741,-9.305e-25,0,0.0015521,0.003328,0.46636,0.010338
3.125,0.456,0.005,-0.10704,0.0078028,6.4033e-25,0,0.0016586,0.0036691,0.45205,0.010403
3.075,0.50502,0.005,-0.10043,0.0085271,-1.0108e-25,0,0.001754,0.0039908,0.43951,0.010465
3.025,0.55506,0.005,-0.093762,0.0092434,-3.4035e-25,0,0.0018371,0.0042918,0.42805,0.010526
2.975,0.60511,0.005,-0.087171,0.0099387,-1.2036e-25,0,0.0019062,0.0045677,0.41731,0.010585
2.925,0.65515,0.005,-0.080687,0.010612,1.5243e-38,0,0.0019614,0.00482,0.40692,0.010643
2.875,0.70519,0.005,-0.07433,0.011261,-5.0779e-34,0,0.0020031,0.0050494,0.39669,0.010702
2.825,0.75523,0.005,-0.06812,0.011886,-4.2588e-25,0,0.0020317,0.0052565,0.38652,0.01076
2.775,0.80528,0.005,-0.062073,0.01249,-5.4624e-25,0,0.0020481,0.0054414,0.37639,0.01082
2.725,0.85532,0.005,-0.056197,0.013074,-4.2152e-25,0,0.0020528,0.0056043,0.3663,0.010881
2.675,0.90536,0.005,-0.050498,0.013643,4.2133e-25,0,0.0020469,0.0057448,0.35631,0.010944
2.625,0.9554,0.005,-0.044977,0.0142,4.2258e-25,0,0.0020312,0.005863,0.34645,0.011009
2.575,1.0054,0.005,-0.039632,0.01475,6.0569e-25,0,0.0020068,0.0059585,0.33679,0.011077
2.525,1.0555,0.005,-0.034456,0.015295,1.1696e-24,0,0.0019744,0.0060314,0.32735,0.011149
2.475,1.1055,0.005,-0.029444,0.015839,8.7306e-25,0,0.001935,0.0060815,0.31817,0.011225
2.425,1.1556,0.005,-0.024587,0.016383,-4.4522e-25,0,0.0018894,0.0061091,0.30927,0.011306
2.375,1.2056,0.005,-0.019879,0.016929,7.5838e-39,0,0.0018385,0.0061144,0.30068,0.011392
2.325,1.2557,0.005,-0.01531,0.017477,4.7008e-25,0,0.001783,0.0060979,0.2924,0.011483
2.275,1.3057,0.005,-0.010873,0.018029,4.7382e-25,0,0.0017237,0.0060599,0.28445,0.011581
2.225,1.3557,0.005,-0.006559,0.018585,-5.069e-25,0,0.0016615,0.006001,0.27687,0.011686
2.175,1.4058,0.005,-0.0023613,0.019142,-5.3073e-25,0,0.0015969,0.0059218,0.26967,0.011798
2.125,1.4558,0.005,0.0017273,0.019701,1.2028e-24,0,0.0015308,0.0058227,0.26291,0.011919
2.075,1.5059,0.005,0.0057131,0.020259,-9.4849e-25,0,0.0014638,0.0057043,0.25661,0.012048
2.025,1.5559,0.005,0.0096015,0.020814,1.2095e-24,0,0.0013963,0.0055686,0.25075,0.012186
1.975,1.606,0.005,0.013396,0.021363,4.4389e-25,0,0.0013288,0.0054179,0.24525,0.012334
1.925,1.656,0.005,0.0171,0.021901,-2.307e-25,0,0.0012616,0.0052533,0.24016,0.012492
1.875,1.706,0.005,0.020713,0.022425,0,0,0.0011954,0.0050758,0.2355,0.012661
1.825,1.7561,0.005,0.024236,0.02293,1.0781e-24,0,0.0011303,0.0048869,0.2313,0.012842
1.775,1.8061,0.005,0.027665,0.023409,0,0,0.0010668,0.0046877,0.22757,0.013034
1.725,1.8562,0.005,0.030998,0.023857,-8.4484e-25,0,0.0010051,0.0044797,0.22436,0.013239
1.675,1.9062,0.005,0.034226,0.024266,9.4037e-25,0,0.00094527,0.004264,0.22169,0.013457
1.625,1.9563,0.005,0.037341,0.024628,-1.0165e-24,0,0.00088762,0.0040419,0.2196,0.013689
1.575,2.0063,0.005,0.04033,0.024934,2.3388e-24,0,0.00083226,0.0038149,0.21816,0.013934
1.525,2.0563,0.005,0.043175,0.025171,-6.9631e-25,0,0.00077933,0.0035844,0.21742,0.014192
1.475,2.1064,0.005,0.045855,0.025328,5.2474e-25,0,0.00072905,0.0033522,0.21748,0.014465
1.425,2.1564,0.005,0.04834,0.025387,-1.4251e-24,0,0.00068164,0.0031201,0.21847,0.014752
1.375,2.2065,0.005,0.050594,0.025332,4.0109e-25,0,0.00063741,0.0028904,0.22053,0.015053
1.325,2.2565,0.005,0.052581,0.025144,-1.7147e-24,0,0.00059662,0.002648,0.22389,0.015368
1.275,2.3066,0.005,0.054286,0.024797,1.9206e-24,0,0.00055931,0.0023521,0.2289,0.015698
1.225,2.3566,0.005,0.05566,0.024251,-2.1544e-24,0,0.00052564,0.0020729,0.23621,0.016041
1.175,2.4066,0.005,0.056613,0.02347,-2.4068e-24,0,0.00049619,0.0018223,0.24718,0.016391
1.125,2.4567,0.005,0.057025,0.022395,-2.7644e-39,0,0.00047213,0.0016055,0.26555,0.016746
1.075,2.5067,0.005,0.056769,0.021022,4.8068e-24,0,0.00045616,0.001418,0.30273,0.017104
1.025,2.5568,0.005,0.055811,0.019278,0,0,0.00045595,0.0011481,0.39713,0.017467
0.975,2.6068,0.005,0.054837,0.017145,-6.7116e-24,0,0.0005019,0.0007628,0.65797,0.017836
0.925,2.6569,0.005,0.056754,0.014256,6.5589e-24,0,0.00073115,0.0005589,1.3082,0.018187
0.875,2.7069,0.005,0.071291,0.0098149,3.8432e-24,0,0.0016153,0.00061608,2.622,0.018456
0.825,2.7569,0.005,0.11626,0.0044228,-1.3851e-24,0,0.0037518,0.00078015,4.293,0.018765
0.775,2.807,0.005,0.21846,-0.0039239,-1.7962e-24,0,0.0061993,0.00068233,6.1009,0.019041
0.725,2.86,0.005,0.41269,-0.0049016,-1.2991e-24,0,0.0015076,0.00033918,1.7829,0.019634
0.675,2.916,0.005,0.45187,0.0003034,-1.248e-24,0,0.00067315,0.00068181,0.98731,0.01954
0.625,2.972,0.005,0.44085,-0.0026057,0,0,0.0016056,0.00025196,6.3726,0.019865
3.625,0.024,0.005,-0.13651,0.00058582,2.0021e-25,0,0.00050251,0.00012082,4.1593,0.0096686
3.575,0.072,0.005,-0.15108,0.0013672,-1.0475e-24,0,0.00043514,0.00030624,1.4209,0.0097497
3.525,0.12,0.005,-0.15016,0.0023025,1.5378e-24,0,0.00061394,0.00070739,0.8679,0.0098222
3.475,0.168,0.005,-0.14559,0.003119,5.4943e-25,0,0.00080993,0.0011904,0.6804,0.0099042
3.425,0.216,0.005,-0.13985,0.0039337,-6.5536e-25,0,0.00099213,0.0016755,0.59216,0.0099815
3.375,0.264,0.005,-0.13365,0.0047216,3.8649e-26,0,0.0011579,0.0021376,0.54167,0.010056
3.325,0.312,0.005,-0.12725,0.0054882,-5.174e-25,0,0.0013081,0.00257,0.509,0.010128
3.275,0.36,0.005,-0.12074,0.0062348,4.0784e-26,0,0.0014438,0.0029713,0.4859,0.010196
3.225,0.408,0.005,-0.11419,0.0069621,-4.5025e-25,0,0.0015654,0.0033426,0.46832,0.010262
3.175,0.456,0.005,-0.10764,0.0076709,-5.885e-25,0,0.0016734,0.0036856,0.45404,0.010326
3.125,0.50502,0.005,-0.101,0.0083736,-7.8714e-27,0,0.0017703,0.0040094,0.44154,0.010388
3.075,0.55506,0.005,-0.094279,0.0090669,4.3749e-25,0,0.0018551,0.0043128,0.43013,0.010447
3.025,0.60511,0.005,-0.087642,0.0097383,0,0,0.0019257,0.0045915,0.41942,0.010505
2.975,0.65515,0.005,-0.08111,0.010387,2.0867e-38,0,0.0019826,0.0048468,0.40905,0.010563
2.925,0.70519,0.005,-0.074702,0.01101,-4.1571e-25,0,0.0020259,0.0050797,0.39882,0.01062
2.875,0.75523,0.005,-0.068441,0.011608,5.9561e-39,0,0.0020561,0.0052907,0.38863,0.010677
2.825,0.80528,0.005,-0.062342,0.012181,-7.044e-40,0,0.0020739,0.00548,0.37846,0.010736
2.775,0.85532,0.005,-0.056416,0.012734,-1.1093e-25,0,0.00208,0.0056474,0.36832,0.010796
2.725,0.90536,0.005,-0.050669,0.013268,4.0771e-25,0,0.0020754,0.0057929,0.35826,0.010858
2.675,0.9554,0.005,-0.045102,0.01379,9.4673e-26,0,0.0020608,0.0059162,0.34834,0.010922
2.625,1.0054,0.005,-0.039713,0.014303,8.3981e-26,0,0.0020374,0.0060169,0.3386,0.010989
2.575,1.0555,0.005,-0.034495,0.01481,-3.4385e-25,0,0.0020059,0.0060951,0.3291,0.01106
2.525,1.1055,0.005,-0.029443,0.015314,3.0592e-25,0,0.0019672,0.0061505,0.31985,0.011135
2.475,1.1556,0.005,-0.024549,0.015819,-1.1412e-38,0,0.0019223,0.0061833,0.31089,0.011214
2.425,1.2056,0.005,-0.019803,0.016325,-5.0196e-34,0,0.0018719,0.0061936,0.30222,0.011298
2.375,1.2557,0.005,-0.015198,0.016834,0,0,0.0018167,0.0061818,0.29388,0.011388
2.325,1.3057,0.005,-0.010725,0.017347,-4.9792e-25,0,0.0017576,0.0061483,0.28587,0.011484
2.275,1.3557,0.005,-0.0063754,0.017863,1.0122e-24,0,0.0016954,0.0060936,0.27822,0.011586
2.225,1.4058,0.005,-0.0021418,0.018383,-5.0955e-25,0,0.0016306,0.006018,0.27095,0.011696
2.175,1.4558,0.005,0.001983,0.018904,-9.8489e-39,0,0.0015641,0.0059222,0.26411,0.011814
2.125,1.5059,0.005,0.006006,0.019426,1.197e-25,0,0.0014965,0.0058065,0.25773,0.011939
2.075,1.5559,0.005,0.0099329,0.019947,-5.7861e-25,0,0.0014283,0.0056731,0.25177,0.012074
2.025,1.606,0.005,0.013768,0.020462,4.2362e-25,0,0.0013599,0.005524,0.24618,0.012218
1.975,1.656,0.005,0.017514,0.02097,-2.2101e-25,0,0.0012918,0.0053605,0.24098,0.012372
1.925,1.706,0.005,0.021172,0.021465,2.6057e-25,0,0.0012244,0.0051836,0.23621,0.012537
1.875,1.7561,0.005,0.024743,0.021942,9.0228e-39,0,0.0011582,0.0049947,0.23189,0.012712
1.825,1.8061,0.005,0.028224,0.022397,4.2608e-25,0,0.0010935,0.0047951,0.22804,0.0129
1.775,1.8562,0.005,0.031613,0.022822,4.3227e-25,0,0.0010305,0.0045861,0.22469,0.013099
1.725,1.9062,0.005,0.034903,0.023211,4.0699e-38,0,0.0009694,0.004369,0.22188,0.013311
1.675,1.9563,0.005,0.038086,0.023556,5.1867e-25,0,0.00091048,0.0041453,0.21964,0.013536
1.625,2.0063,0.005,0.04115,0.023846,1.171e-24,0,0.00085385,0.0039162,0.21803,0.013774
1.575,2.0563,0.005,0.044079,0.024072,-2.2946e-24,0,0.00079967,0.0036833,0.21711,0.014026
1.525,2.1064,0.005,0.046852,0.024221,-1.4755e-24,0,0.00074814,0.0034482,0.21697,0.014292
1.475,2.1564,0.005,0.049443,0.024278,2.4468e-38,0,0.00069949,0.0032127,0.21772,0.014572
1.425,2.2065,0.005,0.051815,0.024227,3.4705e-25,0,0.00065401,0.0029789,0.21955,0.014866
1.375,2.2565,0.005,0.053939,0.024046,-1.6576e-24,0,0.0006119,0.0027215,0.22266,0.015174
1.325,2.3066,0.005,0.055803,0.023711,1.8566e-24,0,0.00057329,0.0024282,0.22745,0.015496
1.275,2.3566,0.005,0.057362,0.023187,2.0817e-24,0,0.00053839,0.0021567,0.23462,0.015831
1.225,2.4066,0.005,0.058519,0.022441,0,0,0.00050783,0.0019201,0.24574,0.016175
1.175,2.4567,0.005,0.05915,0.02144,1.5725e-24,0,0.00048294,0.0017107,0.26501,0.016527
1.125,2.5067,0.005,0.059138,0.020159,-1.7945e-24,0,0.0004667,0.0015249,0.30532,0.016884
1.075,2.5568,0.005,0.058522,0.018526,1.1186e-24,0,0.00046753,0.0011523,0.40575,0.017249
1.025,2.6068,0.005,0.058011,0.016445,-6.6061e-24,0,0.00052034,0.00075919,0.68539,0.017619
0.975,2.6569,0.005,0.060821,0.013666,0,0,0.00077564,0.00056787,1.3659,0.017971
0.925,2.7069,0.005,0.076907,0.009234,3.8646e-24,0,0.0017147,0.00064354,2.6645,0.01825
0.875,2.7569,0.005,0.12308,0.0039242,5.4787e-24,0,0.0038673,0.00080244,4.2718,0.018566
0.825,2.807,0.005,0.2236,-0.0039214,-5.0869e-24,0,0.0062182,0.00070342,5.9827,0.018849
0.775,2.86,0.005,0.41029,-0.0047729,4.1379e-24,0,0.0016381,0.00035246,2.0181,0.019419
0.725,2.916,0.005,0.45124,0.0002809,-9.5762e-25,0,0.00069696,0.00066404,1.0496,0.019379
0.675,2.972,0.005,0.43965,-0.0026316,-2.437e-24,0,0.0016727,0.00025716,6.5043,0.019669
3.675,0.024,0.005,-0.13749,0.00058573,-2.1498e-24,0,0.00050763,0.00012143,4.1804,0.009605
3.625,0.072,0.005,-0.15201,0.0013563,4.9898e-25,0,0.00043932,0.00030795,1.4266,0.0096848
3.575,0.12,0.005,-0.15102,0.0022831,1.3169e-25,0,0.00061931,0.00071094,0.87111,0.0097556
3.525,0.168,0.005,-0.14641,0.0030881,-2.5425e-25,0,0.0008167,0.0011958,0.68297,0.0098364
3.475,0.216,0.005,-0.14063,0.0038892,6.4736e-26,0,0.0010001,0.0016826,0.5944,0.0099126
3.425,0.264,0.005,-0.1344,0.0046644,-1.0555e-24,0,0.0011671,0.0021465,0.54373,0.009986
3.375,0.312,0.005,-0.12795,0.0054171,4.8886e-25,0,0.0013186,0.0025805,0.51097,0.010056
3.325,0.36,0.005,-0.12141,0.0061484,-8.192e-39,0,0.0014555,0.0029835,0.48784,0.010124
3.275,0.408,0.005,-0.11482,0.0068589,-4.5073e-41,0,0.0015785,0.0033565,0.47027,0.010189
3.225,0.456,0.005,-0.10823,0.0075491,-4.9064e-25,0,0.0016879,0.0037013,0.45602,0.010252
3.175,0.50502,0.005,-0.10155,0.0082314,-1.7987e-25,0,0.0017863,0.0040271,0.44356,0.010313
3.125,0.55506,0.005,-0.094785,0.0089028,6.1855e-25,0,0.0018726,0.0043327,0.43219,0.010371
3.075,0.60511,0.005,-0.088104,0.0095515,5.1964e-25,0,0.0019448,0.0046138,0.42151,0.010428
3.025,0.65515,0.005,-0.081523,0.010176,4.0695e-25,0,0.0020032,0.004872,0.41116,0.010484
2.975,0.70519,0.005,-0.075066,0.010776,-2.2659e-34,0,0.0020481,0.0051082,0.40094,0.01054
2.925,0.75523,0.005,-0.068753,0.011348,1.1298e-25,0,0.0020798,0.005323,0.39073,0.010597
2.875,0.80528,0.005,-0.062602,0.011894,3.9638e-25,0,0.002099,0.0055164,0.38051,0.010654
2.825,0.85532,0.005,-0.056626,0.012416,2.8064e-38,0,0.0021065,0.0056884,0.37032,0.010713
2.775,0.90536,0.005,-0.050831,0.012919,-2.9726e-25,0,0.002103,0.0058386,0.36019,0.010774
2.725,0.9554,0.005,-0.045219,0.013407,-8.8897e-26,0,0.0020896,0.0059669,0.3502,0.010837
2.675,1.0054,0.005,-0.039786,0.013884,7.8476e-26,0,0.0020672,0.0060728,0.34039,0.010904
2.625,1.0555,0.005,-0.034528,0.014355,6.6557e-26,0,0.0020366,0.0061562,0.33082,0.010973
2.575,1.1055,0.005,-0.029438,0.014822,-8.1517e-25,0,0.0019987,0.0062169,0.3215,0.011047
2.525,1.1556,0.005,-0.024506,0.015289,4.1499e-25,0,0.0019545,0.0062548,0.31247,0.011125
2.475,1.2056,0.005,-0.019725,0.015757,8.4907e-25,0,0.0019046,0.0062702,0.30375,0.011207
2.425,1.2557,0.005,-0.015085,0.016228,-4.3647e-25,0,0.0018498,0.0062632,0.29535,0.011295
2.375,1.3057,0.005,-0.010577,0.016703,1.632e-26,0,0.001791,0.0062342,0.28728,0.011389
2.325,1.3557,0.005,-0.0061937,0.017181,-4.6871e-25,0,0.0017287,0.0061836,0.27956,0.01149
2.275,1.4058,0.005,-0.0019262,0.017664,4.8974e-25,0,0.0016638,0.0061118,0.27223,0.011597
2.225,1.4558,0.005,0.0022331,0.018149,-5.1007e-25,0,0.0015971,0.0060194,0.26532,0.011711
2.175,1.5059,0.005,0.0062913,0.018636,1.0898e-38,0,0.001529,0.0059066,0.25886,0.011834
2.125,1.5559,0.005,0.010255,0.019123,-5.5412e-25,0,0.0014601,0.0057755,0.25282,0.011965
2.075,1.606,0.005,0.014127,0.019606,-4.0476e-25,0,0.0013909,0.0056283,0.24713,0.012105
2.025,1.656,0.005,0.017913,0.020082,2.1171e-25,0,0.0013219,0.005466,0.24183,0.012255
1.975,1.706,0.005,0.021614,0.020549,-4.0236e-25,0,0.0012534,0.0052898,0.23696,0.012415
1.925,1.7561,0.005,0.02523,0.021,-4.0419e-25,0,0.0011861,0.005101,0.23252,0.012586
1.875,1.8061,0.005,0.028761,0.02143,-3.3374e-25,0,0.0011201,0.004901,0.22855,0.012768
1.825,1.8562,0.005,0.032203,0.021833,1.212e-24,0,0.0010559,0.0046911,0.22508,0.012962
1.775,1.9062,0.005,0.035552,0.022203,-8.5903e-25,0,0.00099356,0.0044728,0.22214,0.013168
1.725,1.9563,0.005,0.038799,0.022531,9.8342e-25,0,0.00093336,0.0042473,0.21975,0.013387
1.675,2.0063,0.005,0.041934,0.022807,-1.0087e-24,0,0.00087546,0.0040162,0.21798,0.013619
1.625,2.0563,0.005,0.044942,0.023023,2.3435e-24,0,0.00082001,0.0037808,0.21689,0.013864
1.575,2.1064,0.005,0.047804,0.023165,-3.0952e-24,0,0.00076722,0.0035427,0.21656,0.014123
1.525,2.1564,0.005,0.050494,0.023221,1.6533e-38,0,0.0007173,0.0033038,0.21712,0.014395
1.475,2.2065,0.005,0.05298,0.023174,1.4427e-24,0,0.00067055,0.0030658,0.21872,0.014681
1.425,2.2565,0.005,0.055239,0.022999,1.6028e-24,0,0.00062711,0.0027885,0.22162,0.014982
1.375,2.3066,0.005,0.057255,0.022674,-3.9882e-24,0,0.00058716,0.0025005,0.22622,0.015296
1.325,2.3566,0.005,0.058984,0.02217,3.218e-24,0,0.00055101,0.0022434,0.2333,0.015623
1.275,2.4066,0.005,0.060324,0.021465,0,0,0.00051935,0.0020213,0.24464,0.015961
1.225,2.4567,0.005,0.061153,0.020536,-2.4611e-24,0,0.00049363,0.0018204,0.26499,0.016307
1.175,2.5067,0.005,0.06137,0.019334,-2.788e-24,0,0.00047696,0.0015431,0.30909,0.016662
1.125,2.5568,0.005,0.061105,0.01781,3.3009e-24,0,0.00047929,0.00115,0.41677,0.017027
1.075,2.6068,0.005,0.061078,0.015779,1.6644e-24,0,0.00053971,0.00075557,0.71431,0.017396
1.025,2.6569,0.005,0.06481,0.013077,-1.8442e-24,0,0.00082261,0.00057786,1.4235,0.017746
0.975,2.7069,0.005,0.082458,0.0086995,5.2972e-24,0,0.0018107,0.00067084,2.6992,0.018032
0.925,2.7569,0.005,0.12959,0.0034724,-1.2023e-24,0,0.0039683,0.00082395,4.2451,0.018357
0.875,2.807,0.005,0.22835,-0.0039035,3.3081e-24,0,0.0062208,0.00072358,5.8708,0.018648
0.825,2.86,0.005,0.40797,-0.0046546,-3.4747e-24,0,0.0017706,0.0003659,2.2668,0.019196
0.775,2.916,0.005,0.4506,0.00025437,7.125e-25,0,0.00072218,0.00064909,1.1126,0.019206
0.725,2.972,0.005,0.43848,-0.0026358,-1.1191e-24,0,0.0017359,0.00026198,6.6261,0.01947
3.725,0.024,0.005,-0.13846,0.00058602,9.9645e-25,0,0.00051277,0.00012204,4.2015,0.0095427
3.675,0.072,0.005,-0.15292,0.0013465,4.5995e-39,0,0.00044357,0.00030967,1.4324,0.0096213
3.625,0.12,0.005,-0.15188,0.0022653,-7.2491e-25,0,0.00062471,0.00071445,0.87439,0.0096906
3.575,0.168,0.005,-0.14722,0.00306,-5.0071e-25,0,0.00082347,0.0012011,0.68557,0.0097702
3.525,0.216,0.005,-0.1414,0.0038487,-6.9394e-26,0,0.0010081,0.0016896,0.59665,0.0098454
3.475,0.264,0.005,-0.13513,0.0046119,5.1321e-25,0,0.0011762,0.002155,0.54579,0.0099176
3.425,0.312,0.005,-0.12865,0.0053515,4.7537e-25,0,0.0013288,0.0025906,0.51293,0.0099871
3.375,0.36,0.005,-0.12207,0.0060687,5.3287e-25,0,0.0014669,0.0029952,0.48977,0.010054
3.325,0.408,0.005,-0.11544,0.0067637,4.2377e-25,0,0.0015912,0.0033698,0.4722,0.010118
3.275,0.456,0.005,-0.10881,0.0074368,-1.2794e-25,0,0.001702,0.0037162,0.45799,0.01018
3.225,0.50502,0.005,-0.10209,0.0080999,-3.4382e-25,0,0.0018018,0.0040438,0.44558,0.01024
3.175,0.55506,0.005,-0.095282,0.0087505,1.4408e-38,0,0.0018896,0.0043514,0.43425,0.010297
3.125,0.60511,0.005,-0.088555,0.0093774,-9.9316e-26,0,0.0019634,0.0046349,0.42361,0.010353
3.075,0.65515,0.005,-0.081927,0.0099801,0,0,0.0020233,0.0048957,0.41327,0.010408
3.025,0.70519,0.005,-0.075421,0.010557,-1.0757e-25,0,0.0020696,0.005135,0.40304,0.010463
2.975,0.75523,0.005,-0.069057,0.011105,-3.8595e-25,0,0.0021029,0.0053533,0.39281,0.010518
2.925,0.80528,0.005,-0.062854,0.011626,-2.7944e-25,0,0.0021235,0.0055508,0.38255,0.010575
2.875,0.85532,0.005,-0.056827,0.01212,3.8322e-25,0,0.0021322,0.0057271,0.3723,0.010632
2.825,0.90536,0.005,-0.050984,0.012593,3.8316e-25,0,0.0021299,0.0058821,0.3621,0.010692
2.775,0.9554,0.005,-0.045327,0.013049,8.3812e-26,0,0.0021176,0.0060153,0.35203,0.010755
2.725,1.0054,0.005,-0.039852,0.013493,3.8616e-25,0,0.0020961,0.0061263,0.34215,0.01082
2.675,1.0555,0.005,-0.034554,0.013929,-3.2761e-25,0,0.0020664,0.0062148,0.3325,0.010889
2.625,1.1055,0.005,-0.029426,0.014361,-4.9026e-26,0,0.0020294,0.0062806,0.32312,0.010961
2.575,1.1556,0.005,-0.024458,0.014792,-4.0146e-25,0,0.0019858,0.0063237,0.31403,0.011038
2.525,1.2056,0.005,-0.019643,0.015224,3.9144e-25,0,0.0019365,0.0063441,0.30525,0.011119
2.475,1.2557,0.005,-0.014969,0.015658,-4.2139e-25,0,0.0018822,0.0063419,0.29679,0.011205
2.425,1.3057,0.005,-0.010429,0.016096,-1.7585e-26,0,0.0018236,0.0063175,0.28866,0.011297
2.375,1.3557,0.005,-0.0060137,0.016538,-4.5152e-25,0,0.0017615,0.0062711,0.28089,0.011395
2.325,1.4058,0.005,-0.0017139,0.016985,1.2318e-25,0,0.0016966,0.0062033,0.2735,0.0115
2.275,1.4558,0.005,0.0024779,0.017435,-8.6169e-26,0,0.0016296,0.0061142,0.26653,0.011612
2.225,1.5059,0.005,0.0065692,0.017887,1.1216e-25,0,0.0015611,0.0060045,0.25999,0.011731
2.175,1.5559,0.005,0.010567,0.018341,4.2734e-38,0,0.0014917,0.0058759,0.25387,0.011859
2.125,1.606,0.005,0.014475,0.018792,-3.4045e-25,0,0.0014217,0.0057306,0.2481,0.011996
2.075,1.656,0.005,0.018299,0.019239,2.0277e-25,0,0.0013518,0.0055697,0.24271,0.012142
2.025,1.706,0.005,0.022039,0.019677,-6.2317e-25,0,0.0012824,0.0053944,0.23773,0.012297
1.975,1.7561,0.005,0.025698,0.020102,9.3968e-25,0,0.001214,0.0052059,0.23319,0.012464
1.925,1.8061,0.005,0.029275,0.020508,-1.0272e-24,0,0.0011468,0.0050056,0.22912,0.012641
1.875,1.8562,0.005,0.032768,0.02089,-7.2532e-33,0,0.0010814,0.0047949,0.22553,0.012829
1.825,1.9062,0.005,0.036171,0.021241,4.1234e-25,0,0.0010178,0.0045752,0.22245,0.013029
1.775,1.9563,0.005,0.039479,0.021553,4.6606e-25,0,0.00095629,0.004348,0.21994,0.013242
1.725,2.0063,0.005,0.042681,0.021817,0,0,0.0008971,0.0041148,0.21802,0.013467
1.675,2.0563,0.005,0.045763,0.022023,1.5119e-24,0,0.00084038,0.0038769,0.21677,0.013705
1.625,2.1064,0.005,0.048709,0.02216,-8.2513e-25,0,0.0007863,0.0036358,0.21626,0.013957
1.575,2.1564,0.005,0.051492,0.022216,-1.2596e-24,0,0.00073512,0.0033934,0.21663,0.014222
1.525,2.2065,0.005,0.054089,0.022171,8.1496e-25,0,0.00068705,0.0031487,0.21804,0.0145
1.475,2.2565,0.005,0.056478,0.022003,1.5507e-24,0,0.00064226,0.0028507,0.22075,0.014792
1.425,2.3066,0.005,0.058641,0.021687,-7.0847e-25,0,0.00060095,0.0025717,0.2252,0.015098
1.375,2.3566,0.005,0.060525,0.021203,-3.8481e-24,0,0.00056352,0.0023309,0.23224,0.015417
1.325,2.4066,0.005,0.062027,0.020544,2.1312e-24,0,0.0005308,0.0021235,0.24386,0.015748
1.275,2.4567,0.005,0.063033,0.019674,9.8716e-25,0,0.00050419,0.0018995,0.26543,0.016088
1.225,2.5067,0.005,0.063498,0.018551,5.4921e-24,0,0.00048721,0.0015531,0.3137,0.016439
1.175,2.5568,0.005,0.063572,0.017102,-7.3567e-24,0,0.0004913,0.0011413,0.43047,0.016803
1.125,2.6068,0.005,0.064044,0.015154,6.2844e-24,0,0.00056006,0.00075291,0.74386,0.017169
1.075,2.6569,0.005,0.068724,0.012508,-4.4941e-24,0,0.00087206,0.00058886,1.4809,0.017515
1.025,2.7069,0.005,0.087901,0.0081916,-3.8029e-24,0,0.0019039,0.00069802,2.7276,0.017805
0.975,2.7569,0.005,0.13582,0.0030575,-2.2934e-32,0,0.0040571,0.0008452,4.2146,0.018137
0.925,2.807,0.005,0.23278,-0.0038743,3.2247e-24,0,0.0062094,0.00074284,5.7642,0.018437
0.875,2.86,0.005,0.40573,-0.0045455,-2.9379e-24,0,0.0019042,0.00037936,2.5196,0.018966
0.825,2.916,0.005,0.44995,0.00022285,-5.8974e-25,0,0.00074877,0.00063644,1.1765,0.01902
0.775,2.972,0.005,0.43733,-0.0026221,1.293e-24,0,0.0017953,0.00026642,6.7385,0.019264
3.775,0.024,0.005,-0.13943,0.00058666,1.0699e-24,0,0.00051794,0.00012266,4.2226,0.0094818
3.725,0.072,0.005,-0.15383,0.0013376,-6.4476e-25,0,0.00044786,0.00031139,1.4383,0.0095592
3.675,0.12,0.005,-0.15272,0.0022491,1.3395e-25,0,0.00063017,0.00071794,0.87774,0.0096271
3.625,0.168,0.005,-0.14802,0.0030342,-2.7043e-25,0,0.00083023,0.0012064,0.68821,0.0097056
3.575,0.216,0.005,-0.14216,0.0038117,-7.3179e-26,0,0.001016,0.0016964,0.59892,0.0097797
3.525,0.264,0.005,-0.13586,0.0045637,1.0321e-24,0,0.0011852,0.0021633,0.54785,0.0098509
3.475,0.312,0.005,-0.12934,0.0052911,-4.6443e-25,0,0.0013389,0.0026003,0.51489,0.0099194
3.425,0.36,0.005,-0.12272,0.0059953,-4.5799e-25,0,0.0014782,0.0030063,0.49169,0.0099852
3.375,0.408,0.005,-0.11606,0.006676,-2.9656e-38,0,0.0016037,0.0033824,0.47413,0.010049
3.325,0.456,0.005,-0.10939,0.0073334,-6.9314e-39,0,0.0017158,0.0037303,0.45995,0.01011
3.275,0.50502,0.005,-0.10262,0.0079788,3.2848e-25,0,0.001817,0.0040595,0.44758,0.010168
3.225,0.55506,0.005,-0.095768,0.0086096,1.6869e-25,0,0.0019062,0.004369,0.4363,0.010225
3.175,0.60511,0.005,-0.088997,0.0092154,-4.3149e-40,0,0.0019814,0.0046546,0.42569,0.01028
3.125,0.65515,0.005,-0.082323,0.0097966,-7.1815e-39,0,0.0020428,0.0049179,0.41538,0.010334
3.075,0.70519,0.005,-0.075767,0.010352,3.7623e-25,0,0.0020906,0.0051601,0.40514,0.010388
3.025,0.75523,0.005,-0.069352,0.010878,4.7633e-25,0,0.0021252,0.0053819,0.39489,0.010442
2.975,0.80528,0.005,-0.063098,0.011375,1.0015e-25,0,0.0021472,0.0055831,0.38458,0.010497
2.925,0.85532,0.005,-0.05702,0.011844,2.768e-25,0,0.0021571,0.0057638,0.37426,0.010554
2.875,0.90536,0.005,-0.051129,0.012288,1.7619e-25,0,0.002156,0.0059233,0.36399,0.010613
2.825,0.9554,0.005,-0.045426,0.012714,3.7302e-25,0,0.0021447,0.0060613,0.35384,0.010674
2.775,1.0054,0.005,-0.03991,0.013127,-2.7708e-34,0,0.0021242,0.0061773,0.34388,0.010738
2.725,1.0555,0.005,-0.034573,0.01353,-3.7805e-25,0,0.0020955,0.0062709,0.33416,0.010806
2.675,1.1055,0.005,-0.029408,0.013929,-3.8264e-25,0,0.0020592,0.0063418,0.32471,0.010877
2.625,1.1556,0.005,-0.024406,0.014326,6.79e-39,0,0.0020164,0.00639,0.31555,0.010952
2.575,1.2056,0.005,-0.019557,0.014723,-8.1045e-25,0,0.0019677,0.0064154,0.30671,0.011032
2.525,1.2557,0.005,-0.014852,0.015122,8.1478e-25,0,0.0019139,0.006418,0.2982,0.011117
2.475,1.3057,0.005,-0.010281,0.015525,8.216e-25,0,0.0018556,0.0063982,0.29003,0.011207
2.425,1.3557,0.005,-0.005835,0.015932,4.7412e-25,0,0.0017937,0.0063562,0.2822,0.011303
2.375,1.4058,0.005,-0.0015049,0.016344,-5.1458e-25,0,0.0017288,0.0062922,0.27476,0.011405
2.325,1.4558,0.005,0.0027176,0.01676,-1.6751e-33,0,0.0016617,0.0062068,0.26772,0.011515
2.275,1.5059,0.005,0.0068401,0.017179,3.8021e-25,0,0.0015929,0.0061001,0.26113,0.011631
2.225,1.5559,0.005,0.01087,0.0176,1.3654e-38,0,0.001523,0.0059742,0.25493,0.011756
2.175,1.606,0.005,0.014812,0.01802,1.0154e-38,0,0.0014524,0.005831,0.24907,0.011889
2.125,1.656,0.005,0.01867,0.018438,-6.7211e-39,0,0.0013816,0.0056717,0.2436,0.012031
2.075,1.706,0.005,0.022448,0.018848,-2.2741e-25,0,0.0013113,0.0054973,0.23853,0.012183
2.025,1.7561,0.005,0.026147,0.019248,1.0063e-24,0,0.0012418,0.0053092,0.2339,0.012344
1.975,1.8061,0.005,0.029767,0.019631,6.786e-25,0,0.0011736,0.0051087,0.22972,0.012516
1.925,1.8562,0.005,0.033307,0.019992,-1.457e-24,0,0.0011069,0.0048973,0.22602,0.012699
1.875,1.9062,0.005,0.036762,0.020325,-2.3707e-27,0,0.001042,0.0046764,0.22283,0.012894
1.825,1.9563,0.005,0.040126,0.020622,4.4227e-25,0,0.00097927,0.0044476,0.22018,0.0131
1.775,2.0063,0.005,0.043391,0.020874,0,0,0.0009188,0.0042122,0.21813,0.013319
1.725,2.0563,0.005,0.046544,0.021072,-5.5565e-25,0,0.00086078,0.0039717,0.21673,0.01355
1.675,2.1064,0.005,0.049567,0.021206,1.5833e-24,0,0.00080544,0.0037277,0.21607,0.013795
1.625,2.1564,0.005,0.05244,0.02126,5.2641e-25,0,0.00075295,0.0034816,0.21626,0.014052
1.575,2.2065,0.005,0.055143,0.021216,-1.3449e-24,0,0.00070351,0.0032015,0.2175,0.014322
1.525,2.2565,0.005,0.057659,0.021057,-2.6432e-38,0,0.00065736,0.002908,0.22004,0.014606
1.475,2.3066,0.005,0.059961,0.02075,2.6289e-24,0,0.00061468,0.0026403,0.22437,0.014903
1.425,2.3566,0.005,0.061983,0.02029,-3.7036e-24,0,0.000576,0.002416,0.23141,0.015214
1.375,2.4066,0.005,0.06363,0.01967,2.833e-38,0,0.00054218,0.0022232,0.24339,0.015536
1.325,2.4567,0.005,0.064812,0.018855,9.9059e-25,0,0.00051469,0.001933,0.26626,0.01587
1.275,2.5067,0.005,0.065521,0.017801,2.7012e-24,0,0.0004975,0.0015599,0.31893,0.016217
1.225,2.5568,0.005,0.065931,0.016413,-3.294e-24,0,0.00050362,0.00113,0.44569,0.016577
1.175,2.6068,0.005,0.066925,0.014554,-4.0435e-24,0,0.00058137,0.00075104,0.77409,0.016939
1.125,2.6569,0.005,0.072563,0.011943,1.5354e-24,0,0.00092388,0.00060087,1.5376,0.017278
1.075,2.7069,0.005,0.093223,0.0077084,-3.7301e-24,0,0.0019945,0.00072512,2.7506,0.017572
1.025,2.7569,0.005,0.14178,0.0026753,2.7536e-24,0,0.0041346,0.00086583,4.1807,0.01791
0.975,2.807,0.005,0.2369,-0.0038378,-1.5337e-25,0,0.0061855,0.00076124,5.6616,0.018217
0.925,2.86,0.005,0.40357,-0.0044443,1.5955e-24,0,0.0020382,0.00039283,2.7551,0.01873
0.875,2.916,0.005,0.44927,0.00018599,9.9976e-39,0,0.00077664,0.00062569,1.2412,0.018824
0.825,2.972,0.005,0.4362,-0.0025942,-1.2897e-24,0,0.0018509,0.00027052,6.8421,0.019052
3.825,0.024,0.005,-0.14039,0.00058762,-1.0043e-25,0,0.00052312,0.00012327,4.2437,0.009422
3.775,0.072,0.005,-0.15474,0.0013296,1.7421e-24,0,0.00045222,0.00031313,1.4442,0.0094983
3.725,0.12,0.005,-0.15356,0.0022343,1.3485e-25,0,0.00063568,0.00072142,0.88115,0.0095649
3.675,0.168,0.005,-0.14882,0.0030104,-7.3738e-25,0,0.00083701,0.0012115,0.69089,0.0096424
3.625,0.216,0.005,-0.14292,0.0037776,4.5739e-25,0,0.0010239,0.001703,0.6012,0.0097155
3.575,0.264,0.005,-0.13658,0.0045193,-5.2312e-25,0,0.001194,0.0021713,0.54991,0.0097856
3.525,0.312,0.005,-0.13002,0.0052354,4.5675e-25,0,0.0013488,0.0026097,0.51684,0.0098531
3.475,0.36,0.005,-0.12336,0.0059275,2.999e-38,0,0.0014892,0.003017,0.4936,0.0099181
3.425,0.408,0.005,-0.11666,0.0065953,-8.031e-25,0,0.0016159,0.0033944,0.47604,0.0099806
3.375,0.456,0.005,-0.10995,0.0072383,2.7831e-25,0,0.0017292,0.0037437,0.46189,0.010041
3.325,0.50502,0.005,-0.10314,0.0078675,3.9648e-25,0,0.0018317,0.0040744,0.44957,0.010099
3.275,0.55506,0.005,-0.096246,0.0084799,-3.0718e-25,0,0.0019224,0.0043856,0.43834,0.010155
3.225,0.60511,0.005,-0.089429,0.0090654,-1.7316e-25,0,0.001999,0.0046731,0.42777,0.010209
3.175,0.65515,0.005,-0.082709,0.0096254,-3.6803e-25,0,0.0020618,0.0049387,0.41747,0.010262
3.125,0.70519,0.005,-0.076105,0.01016,-9.7259e-26,0,0.002111,0.0051836,0.40724,0.010315
3.075,0.75523,0.005,-0.06964,0.010665,2.5034e-38,0,0.0021469,0.0054086,0.39695,0.010368
3.025,0.80528,0.005,-0.063333,0.01114,9.6397e-26,0,0.0021702,0.0056136,0.38659,0.010422
2.975,0.85532,0.005,-0.057205,0.011585,-3.6124e-25,0,0.0021814,0.0057983,0.37621,0.010477
2.925,0.90536,0.005,-0.051265,0.012003,-4.4618e-25,0,0.0021813,0.0059623,0.36585,0.010535
2.875,0.9554,0.005,-0.045517,0.012401,-1.5135e-25,0,0.0021711,0.0061051,0.35562,0.010595
2.825,1.0054,0.005,-0.039959,0.012784,-6.634e-25,0,0.0021515,0.0062259,0.34558,0.010658
2.775,1.0555,0.005,-0.034585,0.013157,3.6737e-25,0,0.0021236,0.0063246,0.33578,0.010725
2.725,1.1055,0.005,-0.029385,0.013524,2.6134e-38,0,0.0020882,0.0064006,0.32626,0.010795
2.675,1.1556,0.005,-0.024349,0.013888,6.6385e-39,0,0.0020461,0.0064538,0.31704,0.010869
2.625,1.2056,0.005,-0.019469,0.014252,-2.8112e-34,0,0.0019981,0.0064841,0.30815,0.010947
2.575,1.2557,0.005,-0.014733,0.014618,7.8881e-25,0,0.0019448,0.0064916,0.29958,0.01103
2.525,1.3057,0.005,-0.010133,0.014988,3.4811e-25,0,0.0018869,0.0064763,0.29136,0.011119
2.475,1.3557,0.005,-0.0056575,0.015361,4.2067e-25,0,0.0018253,0.0064386,0.28349,0.011213
2.425,1.4058,0.005,-0.0012986,0.01574,-1.5513e-38,0,0.0017605,0.0063788,0.276,0.011313
2.375,1.4558,0.005,0.0029526,0.016123,4.5353e-25,0,0.0016933,0.0062969,0.26891,0.01142
2.325,1.5059,0.005,0.0071043,0.01651,-6.796e-25,0,0.0016242,0.0061935,0.26225,0.011534
2.275,1.5559,0.005,0.011164,0.016899,1.4693e-24,0,0.0015539,0.0060703,0.25598,0.011656
2.225,1.606,0.005,0.015137,0.01729,-1.5683e-25,0,0.0014827,0.0059295,0.25006,0.011785
2.175,1.656,0.005,0.019028,0.017678,-1.685e-25,0,0.0014113,0.0057718,0.24451,0.011924
2.125,1.706,0.005,0.022841,0.018062,-3.5448e-25,0,0.0013401,0.0055986,0.23936,0.012071
2.075,1.7561,0.005,0.026577,0.018437,-1.1103e-24,0,0.0012696,0.005411,0.23463,0.012228
2.025,1.8061,0.005,0.030237,0.018798,1.5871e-24,0,0.0012002,0.0052104,0.23035,0.012395
1.975,1.8562,0.005,0.03382,0.019139,-1.0249e-24,0,0.0011324,0.0049984,0.22655,0.012573
1.925,1.9062,0.005,0.037323,0.019455,3.7206e-25,0,0.0010663,0.0047764,0.22325,0.012762
1.875,1.9563,0.005,0.040741,0.019737,-8.3826e-33,0,0.0010023,0.004546,0.22048,0.012962
1.825,2.0063,0.005,0.044064,0.019979,8.8171e-25,0,0.00094056,0.0043085,0.2183,0.013175
1.775,2.0563,0.005,0.047281,0.020171,-5.2196e-25,0,0.00088128,0.0040655,0.21677,0.0134
1.725,2.1064,0.005,0.050379,0.020299,-1.1559e-32,0,0.00082462,0.0038183,0.21596,0.013636
1.675,2.1564,0.005,0.05334,0.020351,-1.1734e-24,0,0.00077078,0.0035409,0.21601,0.013886
1.625,2.2065,0.005,0.056148,0.02031,3.4609e-24,0,0.00071998,0.0032464,0.21709,0.014148
1.575,2.2565,0.005,0.058785,0.020154,-4.3565e-24,0,0.0006724,0.0029595,0.21949,0.014423
1.525,2.3066,0.005,0.061217,0.019861,8.9214e-25,0,0.00062837,0.0027059,0.22372,0.014712
1.475,2.3566,0.005,0.063366,0.019426,1.7824e-24,0,0.00058846,0.0024967,0.23081,0.015014
1.425,2.4066,0.005,0.065145,0.018839,-5.2357e-24,0,0.00055352,0.002276,0.2432,0.015328
1.375,2.4567,0.005,0.066502,0.018078,2.2535e-24,0,0.00052523,0.0019636,0.26749,0.015655
1.325,2.5067,0.005,0.067448,0.017077,0,0,0.0005079,0.0015642,0.3247,0.015996
1.275,2.5568,0.005,0.068191,0.015751,5.1342e-24,0,0.00051631,0.0011178,0.46189,0.016351
1.225,2.6068,0.005,0.069723,0.01397,-4.0046e-24,0,0.00060376,0.00074974,0.80529,0.016707
1.175,2.6569,0.005,0.076383,0.011373,2.7935e-24,0,0.0009763,0.00061352,1.5913,0.017038
1.125,2.7069,0.005,0.098419,0.007243,-4.8489e-24,0,0.0020824,0.00075211,2.7688,0.017334
1.075,2.7569,0.005,0.14749,0.0023262,-1.0424e-24,0,0.0042014,0.00088598,4.1439,0.017676
1.025,2.807,0.005,0.24075,-0.003797,1.1595e-24,0,0.0061519,0.00077888,5.563,0.017989
0.975,2.86,0.005,0.4015,-0.0043518,5.3747e-25,0,0.0021717,0.00040629,2.9736,0.018488
0.925,2.916,0.005,0.44858,0.00014373,2.4903e-25,0,0.0008057,0.00061665,1.3066,0.018617
0.875,2.972,0.005,0.43509,-0.0025549,1.3941e-24,0,0.0019028,0.00027428,6.9374,0.018834
3.875,0.024,0.005,-0.14135,0.00058884,1.0034e-25,0,0.00052834,0.00012388,4.2648,0.0093635
3.825,0.072,0.005,-0.15564,0.0013223,1.6369e-25,0,0.00045665,0.00031489,1.4502,0.0094387
3.775,0.12,0.005,-0.15439,0.002221,6.6982e-25,0,0.00064126,0.0007249,0.88463,0.009504
3.725,0.168,0.005,-0.14961,0.0029884,-1.4123e-25,0,0.00084381,0.0012166,0.69359,0.0095805
3.675,0.216,0.005,-0.14367,0.0037461,-5.9932e-25,0,0.0010317,0.0017095,0.6035,0.0096527
3.625,0.264,0.005,-0.13729,0.0044781,3.9431e-26,0,0.0012028,0.0021791,0.55198,0.0097217
3.575,0.312,0.005,-0.1307,0.0051838,9.5169e-27,0,0.0013586,0.0026188,0.51879,0.0097883
3.525,0.36,0.005,-0.124,0.0058649,1.4752e-26,0,0.0015,0.0030273,0.49549,0.0098524
3.475,0.408,0.005,-0.11726,0.0065207,3.9173e-25,0,0.0016278,0.0034059,0.47794,0.0099141
3.425,0.456,0.005,-0.11051,0.0071507,-4.2185e-25,0,0.0017423,0.0037564,0.46382,0.0099738
3.375,0.50502,0.005,-0.10365,0.0077654,-3.891e-25,0,0.0018461,0.0040885,0.45155,0.010031
3.325,0.55506,0.005,-0.096716,0.008361,3.7504e-25,0,0.0019381,0.0044011,0.44036,0.010087
3.275,0.60511,0.005,-0.089853,0.0089274,-4.4472e-25,0,0.0020161,0.0046904,0.42983,0.01014
3.225,0.65515,0.005,-0.083086,0.0094664,-3.5636e-25,0,0.0020802,0.0049581,0.41956,0.010193
3.175,0.70519,0.005,-0.076435,0.0099794,9.2138e-26,0,0.0021308,0.0052055,0.40933,0.010244
3.125,0.75523,0.005,-0.06992,0.010465,3.4963e-25,0,0.002168,0.0054335,0.39901,0.010296
3.075,0.80528,0.005,-0.063561,0.01092,9.3437e-26,0,0.0021925,0.0056421,0.3886,0.010348
3.025,0.85532,0.005,-0.057381,0.011342,2.6217e-25,0,0.0022048,0.0058309,0.37813,0.010402
2.975,0.90536,0.005,-0.051392,0.011736,0,0,0.0022059,0.0059993,0.36769,0.010459
2.925,0.9554,0.005,-0.0456,0.012107,-2.8061e-25,0,0.0021966,0.0061466,0.35737,0.010518
2.875,1.0054,0.005,-0.040001,0.012462,3.5493e-25,0,0.002178,0.0062723,0.34724,0.01058
2.825,1.0555,0.005,-0.034589,0.012806,4.0901e-25,0,0.002151,0.0063759,0.33736,0.010645
2.775,1.1055,0.005,-0.029355,0.013143,3.6132e-25,0,0.0021163,0.0064569,0.32777,0.010714
2.725,1.1556,0.005,-0.024287,0.013477,-3.6658e-25,0,0.002075,0.0065151,0.31849,0.010787
2.675,1.2056,0.005,-0.019377,0.01381,-3.857e-25,0,0.0020276,0.0065503,0.30954,0.010864
2.625,1.2557,0.005,-0.014612,0.014145,6.7471e-39,0,0.0019749,0.0065626,0.30093,0.010946
2.575,1.3057,0.005,-0.0099835,0.014482,-8.0676e-25,0,0.0019175,0.006552,0.29266,0.011033
2.525,1.3557,0.005,-0.0054809,0.014824,4.8323e-25,0,0.0018562,0.0065186,0.28475,0.011125
2.475,1.4058,0.005,-0.0010951,0.015171,3.6503e-25,0,0.0017916,0.0064628,0.27721,0.011223
2.425,1.4558,0.005,0.0031831,0.015522,3.5822e-25,0,0.0017243,0.0063847,0.27007,0.011328
2.375,1.5059,0.005,0.0073622,0.015878,1.012e-25,0,0.0016551,0.0062847,0.26336,0.011439
2.325,1.5559,0.005,0.01145,0.016237,-9.4223e-25,0,0.0015845,0.0061644,0.25704,0.011558
2.275,1.606,0.005,0.015452,0.016599,6.4346e-25,0,0.0015128,0.0060259,0.25105,0.011684
2.225,1.656,0.005,0.019373,0.016959,-5.1866e-25,0,0.0014407,0.0058701,0.24542,0.011819
2.175,1.706,0.005,0.023218,0.017317,-8.2915e-33,0,0.0013687,0.0056981,0.2402,0.011962
2.125,1.7561,0.005,0.026988,0.017668,-5.8273e-25,0,0.0012973,0.0055112,0.23539,0.012115
2.075,1.8061,0.005,0.030685,0.018007,2.0077e-25,0,0.0012269,0.0053108,0.23102,0.012278
2.025,1.8562,0.005,0.034309,0.018329,-3.5465e-25,0,0.0011579,0.0050983,0.22712,0.01245
1.975,1.9062,0.005,0.037856,0.018629,3.6593e-38,0,0.0010907,0.0048753,0.22372,0.012634
1.925,1.9563,0.005,0.041322,0.018899,0,0,0.0010254,0.0046432,0.22084,0.012829
1.875,2.0063,0.005,0.044698,0.019131,4.4004e-25,0,0.00096243,0.0044037,0.21855,0.013035
1.825,2.0563,0.005,0.047978,0.019315,-1.416e-24,0,0.00090184,0.0041581,0.21689,0.013252
1.775,2.1064,0.005,0.051148,0.019438,-5.4017e-25,0,0.00084385,0.0038752,0.21595,0.013481
1.725,2.1564,0.005,0.054196,0.019488,-1.5935e-38,0,0.00078865,0.0035799,0.21586,0.013722
1.675,2.2065,0.005,0.057107,0.019447,1.2656e-24,0,0.00073643,0.0032852,0.2168,0.013976
1.625,2.2565,0.005,0.059859,0.019295,2.1591e-24,0,0.00068741,0.0030056,0.21909,0.014243
1.575,2.3066,0.005,0.062411,0.019014,-2.275e-24,0,0.00064201,0.0027689,0.22326,0.014523
1.525,2.3566,0.005,0.064676,0.018605,1.8371e-24,0,0.00060093,0.0025737,0.23044,0.014817
1.475,2.4066,0.005,0.066584,0.01805,-3.9667e-24,0,0.0005649,0.0023217,0.24332,0.015123
1.425,2.4567,0.005,0.068108,0.017331,6.6426e-39,0,0.00053582,0.001991,0.26912,0.015442
1.375,2.5067,0.005,0.069284,0.016381,-2.612e-24,0,0.00051849,0.0015667,0.33094,0.015778
1.325,2.5568,0.005,0.070358,0.015116,3.2396e-24,0,0.00052947,0.0011057,0.47885,0.016126
1.275,2.6068,0.005,0.072444,0.013402,2.1755e-24,0,0.00062734,0.00074898,0.8376,0.016474
1.225,2.6569,0.005,0.080143,0.010827,1.2807e-24,0,0.0010293,0.00062842,1.638,0.016799
1.175,2.7069,0.005,0.10347,0.0067895,-4.6663e-24,0,0.0021673,0.00077889,2.7826,0.017094
1.125,2.7569,0.005,0.15294,0.0020056,2.6957e-24,0,0.0042587,0.00090542,4.105,0.017438
1.075,2.807,0.005,0.24434,-0.0037548,-8.8455e-25,0,0.0061107,0.00079584,5.4677,0.017753
1.025,2.86,0.005,0.3995,-0.0042688,1.0373e-24,0,0.0023043,0.00041974,3.1716,0.018241
0.975,2.916,0.005,0.44787,9.5595e-05,-2.7676e-24,0,0.00083589,0.00060912,1.3723,0.018401
0.925,2.972,0.005,0.434,-0.0025064,-2.5043e-38,0,0.0019512,0.00027775,7.025,0.018609
3.925,0.024,0.005,-0.14231,0.0005902,9.9627e-26,0,0.00053358,0.0001245,4.2859,0.009306
3.875,0.072,0.005,-0.15653,0.0013156,-1.1763e-24,0,0.00046114,0.00031666,1.4562,0.0093803
3.825,0.12,0.005,-0.15521,0.0022091,-3.8052e-25,0,0.00064692,0.00072838,0.88816,0.0094443
3.775,0.168,0.005,-0.15039,0.0029679,5.6916e-25,0,0.00085063,0.0012216,0.69632,0.0095199
3.725,0.216,0.005,-0.14441,0.0037167,-5.0766e-25,0,0.0010395,0.0017159,0.6058,0.0095911
3.675,0.264,0.005,-0.13799,0.0044399,-9.2585e-25,0,0.0012115,0.0021867,0.55404,0.0096591
3.625,0.312,0.005,-0.13136,0.0051359,-9.771e-40,0,0.0013682,0.0026275,0.52072,0.0097248
3.575,0.36,0.005,-0.12463,0.0058067,-1.1204e-26,0,0.0015106,0.0030372,0.49738,0.009788
3.525,0.408,0.005,-0.11785,0.0064517,2.0317e-38,0,0.0016395,0.0034169,0.47983,0.009849
3.475,0.456,0.005,-0.11106,0.00707,1.944e-38,0,0.0017551,0.0037685,0.46574,0.009908
3.425,0.50502,0.005,-0.10416,0.0076716,-6.152e-26,0,0.0018602,0.0041018,0.45351,0.0099648
3.375,0.55506,0.005,-0.097179,0.0082523,6.6737e-26,0,0.0019534,0.0044158,0.44237,0.01002
3.325,0.60511,0.005,-0.090268,0.0088013,2.811e-25,0,0.0020327,0.0047066,0.43189,0.010073
3.275,0.65515,0.005,-0.083454,0.0093201,8.0161e-26,0,0.0020982,0.0049761,0.42165,0.010125
3.225,0.70519,0.005,-0.076756,0.0098115,4.2487e-25,0,0.00215,0.0052259,0.41141,0.010176
3.175,0.75523,0.005,-0.070192,0.010276,3.3646e-25,0,0.0021885,0.0054567,0.40106,0.010226
3.125,0.80528,0.005,-0.063782,0.010712,9.1202e-26,0,0.0022141,0.0056687,0.39059,0.010276
3.075,0.85532,0.005,-0.057549,0.011114,-2.9866e-39,0,0.0022276,0.0058615,0.38004,0.010329
3.025,0.90536,0.005,-0.051511,0.011485,7.9619e-26,0,0.0022297,0.0060342,0.36951,0.010384
2.975,0.9554,0.005,-0.045673,0.011831,4.1479e-25,0,0.0022213,0.0061861,0.35909,0.010442
2.925,1.0054,0.005,-0.040035,0.01216,7.5228e-25,0,0.0022036,0.0063165,0.34886,0.010503
2.875,1.0555,0.005,-0.034586,0.012476,9.7955e-26,0,0.0021774,0.0064249,0.3389,0.010568
2.825,1.1055,0.005,-0.029319,0.012785,0,0,0.0021436,0.0065108,0.32923,0.010636
2.775,1.1556,0.005,-0.02422,0.013091,3.5668e-25,0,0.002103,0.0065739,0.31989,0.010707
2.725,1.2056,0.005,-0.019281,0.013395,2.5674e-38,0,0.0020563,0.006614,0.31089,0.010783
2.675,1.2557,0.005,-0.014489,0.0137,-3.7085e-41,0,0.0020041,0.0066311,0.30224,0.010864
2.625,1.3057,0.005,-0.0098334,0.014007,6.2208e-39,0,0.0019473,0.0066251,0.29393,0.010949
2.575,1.3557,0.005,-0.0053051,0.014319,-7.505e-25,0,0.0018863,0.0065961,0.28598,0.011039
2.525,1.4058,0.005,-0.00089391,0.014635,-2.9585e-25,0,0.001822,0.0065444,0.2784,0.011135
2.475,1.4558,0.005,0.0034095,0.014956,-4.2214e-25,0,0.0017548,0.0064701,0.27122,0.011237
2.425,1.5059,0.005,0.0076139,0.015282,8.9817e-39,0,0.0016855,0.0063735,0.26446,0.011346
2.375,1.5559,0.005,0.011727,0.015613,-4.5377e-25,0,0.0016146,0.0062562,0.25808,0.011462
2.325,1.606,0.005,0.015756,0.015946,-3.3015e-25,0,0.0015425,0.0061203,0.25203,0.011585
2.275,1.656,0.005,0.019705,0.01628,6.6865e-25,0,0.0014698,0.0059665,0.24634,0.011717
2.225,1.706,0.005,0.023579,0.016612,7.2475e-25,0,0.0013971,0.005796,0.24105,0.011856
2.175,1.7561,0.005,0.02738,0.01694,-1.0159e-24,0,0.0013248,0.0056099,0.23616,0.012005
2.125,1.8061,0.005,0.031111,0.017258,-8.5776e-25,0,0.0012535,0.0054097,0.23171,0.012163
2.075,1.8562,0.005,0.034771,0.017562,1.2329e-24,0,0.0011835,0.0051969,0.22773,0.012331
2.025,1.9062,0.005,0.038359,0.017847,-1.0204e-24,0,0.0011151,0.0049729,0.22423,0.012509
1.975,1.9563,0.005,0.041869,0.018105,1.1176e-24,0,0.0010486,0.0047395,0.22126,0.012698
1.925,2.0063,0.005,0.045297,0.018327,-8.1717e-25,0,0.00098437,0.0044978,0.21886,0.012897
1.875,2.0563,0.005,0.048636,0.018502,-8.8219e-38,0,0.00092247,0.00421,0.21708,0.013107
1.825,2.1064,0.005,0.051878,0.018621,-1.0126e-24,0,0.00086313,0.0039128,0.21603,0.013328
1.775,2.1564,0.005,0.055013,0.018667,2.2113e-24,0,0.00080652,0.0036135,0.21582,0.013562
1.725,2.2065,0.005,0.058022,0.018625,-6.3761e-25,0,0.00075286,0.0033192,0.21664,0.013808
1.675,2.2565,0.005,0.060883,0.018477,4.0821e-24,0,0.0007024,0.0030495,0.21883,0.014067
1.625,2.3066,0.005,0.063545,0.018208,-6.4111e-26,0,0.00065565,0.0028291,0.22297,0.014339
1.575,2.3566,0.005,0.065919,0.017825,1.4994e-38,0,0.00061341,0.0026474,0.23029,0.014623
1.525,2.4066,0.005,0.067949,0.017302,1.9489e-32,0,0.00057637,0.0023649,0.24372,0.014921
1.475,2.4567,0.005,0.069635,0.016618,-4.2553e-24,0,0.00054654,0.0020156,0.27115,0.015233
1.425,2.5067,0.005,0.071034,0.015716,1.7025e-24,0,0.00052932,0.0015677,0.33765,0.015562
1.375,2.5568,0.005,0.072437,0.014509,-6.39e-24,0,0.00054319,0.001094,0.49653,0.015902
1.325,2.6068,0.005,0.075091,0.012852,3.8734e-24,0,0.00065223,0.00074888,0.87094,0.016242
1.275,2.6569,0.005,0.08384,0.010309,2.8675e-24,0,0.0010833,0.0006451,1.6793,0.01656
1.225,2.7069,0.005,0.10836,0.0063581,6.781e-24,0,0.0022487,0.00080544,2.7919,0.016854
1.175,2.7569,0.005,0.15815,0.0017171,-4.4744e-24,0,0.0043075,0.00092434,4.0645,0.017195
1.125,2.807,0.005,0.24773,-0.0037147,1.1421e-24,0,0.0060641,0.00081227,5.3758,0.017512
1.075,2.86,0.005,0.39759,-0.004197,5.6178e-25,0,0.0024357,0.00043322,3.3448,0.017989
1.025,2.916,0.005,0.44713,4.1172e-05,-1.9873e-25,0,0.00086712,0.00060296,1.4381,0.018179
0.975,2.972,0.005,0.43293,-0.0024507,-2.9401e-24,0,0.0019961,0.00028093,7.1054,0.018379
3.975,0.024,0.005,-0.14327,0.00059144,-8.7223e-25,0,0.00053885,0.00012511,4.307,0.0092497
3.925,0.072,0.005,-0.15741,0.0013093,7.3399e-25,0,0.0004657,0.00031846,1.4623,0.0093228
3.875,0.12,0.005,-0.15602,0.0021988,5.0141e-25,0,0.00065266,0.00073187,0.89176,0.0093857
3.825,0.168,0.005,-0.15116,0.0029487,4.0915e-25,0,0.00085749,0.0012266,0.69908,0.0094606
3.775,0.216,0.005,-0.14514,0.0036894,4.9555e-25,0,0.0010472,0.0017221,0.60811,0.0095308
3.725,0.264,0.005,-0.13869,0.0044041,-4.5201e-25,0,0.0012202,0.0021942,0.55609,0.0095978
3.675,0.312,0.005,-0.13202,0.0050911,-7.4544e-39,0,0.0013777,0.002636,0.52264,0.0096626
3.625,0.36,0.005,-0.12526,0.0057525,4.1028e-25,0,0.0015211,0.0030467,0.49925,0.009725
3.575,0.408,0.005,-0.11844,0.0063875,3.7404e-25,0,0.001651,0.0034274,0.4817,0.0097852
3.525,0.456,0.005,-0.11161,0.0069952,-1.1938e-25,0,0.0017677,0.00378,0.46764,0.0098434
3.475,0.50502,0.005,-0.10467,0.0075851,-3.6932e-25,0,0.0018739,0.0041143,0.45545,0.0098997
3.425,0.55506,0.005,-0.097636,0.0081527,-2.3379e-25,0,0.0019683,0.0044295,0.44437,0.0099541
3.375,0.60511,0.005,-0.090678,0.0086865,2.1021e-25,0,0.0020489,0.0047217,0.43393,0.010007
3.325,0.65515,0.005,-0.083815,0.0091872,2.9924e-39,0,0.0021156,0.0049929,0.42372,0.010059
3.275,0.70519,0.005,-0.077068,0.0096574,-3.2827e-25,0,0.0021686,0.0052448,0.41349,0.010109
3.225,0.75523,0.005,-0.070454,0.0101,-6.4547e-25,0,0.0022083,0.0054782,0.40311,0.010158
3.175,0.80528,0.005,-0.063993,0.010514,-8.9129e-26,0,0.0022351,0.0056935,0.39257,0.010207
3.125,0.85532,0.005,-0.057708,0.010897,-3.3011e-25,0,0.0022496,0.0058901,0.38193,0.010258
3.075,0.90536,0.005,-0.05162,0.011247,2.5543e-25,0,0.0022527,0.0060671,0.37129,0.010311
3.025,0.9554,0.005,-0.045738,0.011571,-1.3758e-34,0,0.0022453,0.0062235,0.36077,0.010368
2.975,1.0054,0.005,-0.04006,0.011875,-3.3805e-25,0,0.0022284,0.0063586,0.35045,0.010428
2.925,1.0555,0.005,-0.034576,0.012166,-3.4016e-25,0,0.002203,0.0064718,0.3404,0.010491
2.875,1.1055,0.005,-0.029276,0.012449,-7.0279e-26,0,0.0021699,0.0065625,0.33066,0.010558
2.825,1.1556,0.005,-0.024148,0.012727,-3.4757e-25,0,0.0021301,0.0066304,0.32126,0.010629
2.775,1.2056,0.005,-0.019181,0.013004,3.5341e-25,0,0.0020841,0.0066754,0.3122,0.010704
2.725,1.2557,0.005,-0.014363,0.013281,0,0,0.0020326,0.0066971,0.3035,0.010783
2.675,1.3057,0.005,-0.0096825,0.01356,-3.9095e-25,0,0.0019763,0.0066957,0.29515,0.010866
2.625,1.3557,0.005,-0.0051299,0.013843,7.4197e-34,0,0.0019157,0.0066711,0.28717,0.010955
2.575,1.4058,0.005,-0.00069499,0.014131,-3.4126e-25,0,0.0018517,0.0066236,0.27956,0.011049
2.525,1.4558,0.005,0.0036319,0.014424,-5.5638e-25,0,0.0017847,0.0065531,0.27234,0.011149
2.475,1.5059,0.005,0.0078597,0.014721,1.031e-24,0,0.0017154,0.00646,0.26554,0.011256
2.425,1.5559,0.005,0.011997,0.015024,1.9506e-38,0,0.0016443,0.0063459,0.25911,0.011369
2.375,1.606,0.005,0.01605,0.01533,-1.3816e-25,0,0.0015718,0.0062126,0.25301,0.011489
2.325,1.656,0.005,0.020024,0.015639,1.6266e-25,0,0.0014987,0.006061,0.24727,0.011617
2.275,1.706,0.005,0.023925,0.015947,-1.892e-25,0,0.0014253,0.005892,0.24191,0.011753
2.225,1.7561,0.005,0.027755,0.016252,2.1807e-25,0,0.0013523,0.0057069,0.23695,0.011898
2.175,1.8061,0.005,0.031516,0.01655,-5.7179e-25,0,0.00128,0.0055071,0.23243,0.012051
2.125,1.8562,0.005,0.035209,0.016837,9.4381e-25,0,0.001209,0.0052941,0.22836,0.012215
2.075,1.9062,0.005,0.038832,0.017108,3.4983e-25,0,0.0011395,0.0050694,0.22478,0.012388
2.025,1.9563,0.005,0.042384,0.017352,6.8725e-33,0,0.0010719,0.0048344,0.22172,0.01257
1.975,2.0063,0.005,0.045862,0.017563,0,0,0.0010064,0.004547,0.21923,0.012762
1.925,2.0563,0.005,0.049261,0.017731,4.5079e-25,0,0.00094316,0.0042482,0.21735,0.012965
1.875,2.1064,0.005,0.052575,0.017843,-9.5345e-25,0,0.00088243,0.0039458,0.21619,0.013179
1.825,2.1564,0.005,0.055792,0.017885,-1.8957e-38,0,0.0008244,0.003643,0.21587,0.013405
1.775,2.2065,0.005,0.058896,0.017842,0,0,0.00076928,0.003351,0.2166,0.013644
1.725,2.2565,0.005,0.06186,0.017698,0,0,0.00071739,0.0030918,0.21871,0.013895
1.675,2.3066,0.005,0.064623,0.017443,3.6167e-24,0,0.0006693,0.0028867,0.22286,0.014158
1.625,2.3566,0.005,0.067097,0.017081,-1.657e-24,0,0.00062592,0.0027171,0.23037,0.014434
1.575,2.4066,0.005,0.069246,0.01659,6.2044e-24,0,0.00058792,0.0024054,0.24442,0.014724
1.525,2.4567,0.005,0.071087,0.015939,-2.0661e-24,0,0.00055744,0.0020376,0.27357,0.015028
1.475,2.5067,0.005,0.072701,0.015082,2.1152e-25,0,0.00054047,0.0015674,0.34482,0.015349
1.425,2.5568,0.005,0.074433,0.013929,-4.6919e-24,0,0.00055754,0.0010826,0.51498,0.015681
1.375,2.6068,0.005,0.077669,0.012324,-4.5208e-24,0,0.0006785,0.00074957,0.90519,0.016012
1.325,2.6569,0.005,0.087471,0.0098143,-5.6162e-24,0,0.0011383,0.00066313,1.7165,0.016322
1.275,2.7069,0.005,0.11309,0.005949,1.0236e-24,0,0.0023264,0.00083178,2.7969,0.016614
1.225,2.7569,0.005,0.16312,0.0014706,-5.9456e-24,0,0.0043487,0.00094204,4.023,0.016952
1.175,2.807,0.005,0.25089,-0.0036849,3.0502e-24,0,0.0060135,0.00082821,5.287,0.017263
1.125,2.86,0.005,0.39576,-0.0041374,-1.6355e-24,0,0.0025654,0.00044671,3.4959,0.017736
1.075,2.916,0.005,0.44637,-1.9525e-05,1.3445e-24,0,0.00089928,0.00059807,1.5036,0.01795
1.025,2.972,0.005,0.43188,-0.0023894,1.4834e-24,0,0.0020377,0.00028384,7.1791,0.018144
4.025,0.024,0.005,-0.14422,0.00059224,-8.4884e-25,0,0.00054414,0.00012572,4.3281,0.0091946
3.975,0.072,0.005,-0.1583,0.0013026,3.1349e-25,0,0.00047034,0.00032028,1.4685,0.0092663
3.925,0.12,0.005,-0.15683,0.0021902,-2.8906e-39,0,0.00065849,0.0007354,0.89542,0.009328
3.875,0.168,0.005,-0.15192,0.0029308,-1.4843e-25,0,0.00086439,0.0012316,0.70187,0.0094024
3.825,0.216,0.005,-0.14587,0.0036639,-1.6901e-25,0,0.001055,0.0017283,0.61042,0.0094716
3.775,0.264,0.005,-0.13938,0.0043705,1.3247e-24,0,0.0012287,0.0022014,0.55814,0.0095377
3.725,0.312,0.005,-0.13268,0.0050491,-4.0975e-25,0,0.0013871,0.0026443,0.52456,0.0096015
3.675,0.36,0.005,-0.12587,0.0057017,-7.7608e-25,0,0.0015313,0.0030559,0.50111,0.0096631
3.625,0.408,0.005,-0.11902,0.0063276,-2.6202e-38,0,0.0016622,0.0034374,0.48355,0.0097225
3.575,0.456,0.005,-0.11215,0.0069256,6.28e-39,0,0.0017799,0.0037909,0.46952,0.0097801
3.525,0.50502,0.005,-0.10516,0.007505,-6.2046e-27,0,0.0018872,0.0041261,0.45738,0.0098358
3.475,0.55506,0.005,-0.098089,0.0080609,3.5109e-25,0,0.0019828,0.0044423,0.44635,0.0098897
3.425,0.60511,0.005,-0.091083,0.0085818,-3.4042e-25,0,0.0020646,0.0047358,0.43596,0.0099422
3.375,0.65515,0.005,-0.08417,0.0090673,3.3054e-25,0,0.0021325,0.0050085,0.42578,0.0099938
3.325,0.70519,0.005,-0.077372,0.0095191,7.2699e-26,0,0.0021867,0.0052622,0.41555,0.010045
3.275,0.75523,0.005,-0.070706,0.0099382,-8.0701e-26,0,0.0022276,0.0054981,0.40515,0.010094
3.225,0.80528,0.005,-0.064194,0.010328,-8.7363e-26,0,0.0022554,0.0057165,0.39454,0.010141
3.175,0.85532,0.005,-0.057858,0.01069,-3.1791e-25,0,0.0022709,0.0059168,0.3838,0.010188
3.125,0.90536,0.005,-0.05172,0.011021,-1.9407e-41,0,0.0022749,0.006098,0.37305,0.01024
3.075,0.9554,0.005,-0.045793,0.011324,-2.6068e-25,0,0.0022683,0.0062589,0.36242,0.010295
3.025,1.0054,0.005,-0.040076,0.011605,2.272e-34,0,0.0022523,0.0063986,0.352,0.010354
2.975,1.0555,0.005,-0.034557,0.011872,-4.5329e-26,0,0.0022277,0.0065164,0.34185,0.010416
2.925,1.1055,0.005,-0.029227,0.012131,-3.353e-25,0,0.0021954,0.0066119,0.33204,0.010482
2.875,1.1556,0.005,-0.024071,0.012384,-1.2389e-38,0,0.0021563,0.0066847,0.32257,0.010552
2.825,1.2056,0.005,-0.019077,0.012636,-1.6501e-26,0,0.002111,0.0067343,0.31346,0.010625
2.775,1.2557,0.005,-0.014234,0.012887,-3.515e-25,0,0.0020601,0.0067607,0.30472,0.010703
2.725,1.3057,0.005,-0.0095305,0.01314,2.5438e-38,0,0.0020044,0.0067639,0.29634,0.010785
2.675,1.3557,0.005,-0.0049552,0.013396,3.6405e-26,0,0.0019444,0.0067437,0.28832,0.010873
2.625,1.4058,0.005,-0.00049816,0.013657,9.9883e-39,0,0.0018807,0.0067003,0.28068,0.010965
2.575,1.4558,0.005,0.0038505,0.013923,-7.1621e-26,0,0.0018139,0.0066338,0.27343,0.011063
2.525,1.5059,0.005,0.0081,0.014194,2.2641e-25,0,0.0017447,0.0065442,0.26659,0.011167
2.475,1.5559,0.005,0.012259,0.01447,4.2268e-25,0,0.0016735,0.0064333,0.26012,0.011278
2.425,1.606,0.005,0.016334,0.01475,1.3227e-25,0,0.0016008,0.0063028,0.25398,0.011395
2.375,1.656,0.005,0.020331,0.015034,-6.178e-25,0,0.0015272,0.0061534,0.24819,0.01152
2.325,1.706,0.005,0.024256,0.015319,3.0646e-25,0,0.0014533,0.0059862,0.24277,0.011652
2.275,1.7561,0.005,0.028111,0.015602,1.3398e-24,0,0.0013795,0.0058023,0.23776,0.011793
2.225,1.8061,0.005,0.031899,0.015882,-2.3551e-25,0,0.0013065,0.005603,0.23317,0.011943
2.175,1.8562,0.005,0.035622,0.016153,-5.8994e-25,0,0.0012345,0.0053899,0.22904,0.012101
2.125,1.9062,0.005,0.039279,0.016408,9.2927e-25,0,0.001164,0.0051645,0.22538,0.012268
2.075,1.9563,0.005,0.042872,0.016639,-7.0029e-25,0,0.0010952,0.0048849,0.22224,0.012445
2.025,2.0063,0.005,0.046399,0.01684,7.1144e-25,0,0.0010284,0.004587,0.21965,0.01263
1.975,2.0563,0.005,0.049858,0.016999,-1.248e-24,0,0.00096386,0.0042832,0.21769,0.012826
1.925,2.1064,0.005,0.05324,0.017103,-4.52e-25,0,0.00090175,0.0039757,0.21643,0.013034
1.875,2.1564,0.005,0.056536,0.017141,-1.0386e-24,0,0.00084229,0.003671,0.21602,0.013253
1.825,2.2065,0.005,0.059731,0.017097,5.7019e-25,0,0.0007857,0.0033819,0.21666,0.013484
1.775,2.2565,0.005,0.06279,0.016958,0,0,0.00073237,0.0031334,0.21873,0.013727
1.725,2.3066,0.005,0.065646,0.016715,6.8715e-25,0,0.00068299,0.0029424,0.22293,0.013981
1.675,2.3566,0.005,0.068213,0.016373,7.6204e-25,0,0.00063849,0.0027678,0.23068,0.014249
1.625,2.4066,0.005,0.070476,0.015912,-8.7973e-25,0,0.0005996,0.002443,0.24543,0.014531
1.575,2.4567,0.005,0.072467,0.015295,2.0068e-24,0,0.00056854,0.002057,0.27639,0.014827
1.525,2.5067,0.005,0.07429,0.014479,-2.5949e-32,0,0.00055197,0.0015659,0.3525,0.015139
1.475,2.5568,0.005,0.07635,0.013375,4.5847e-24,0,0.0005726,0.0010718,0.53424,0.015463
1.425,2.6068,0.005,0.080184,0.011815,-8.7684e-24,0,0.00070621,0.00075114,0.94019,0.015785
1.375,2.6569,0.005,0.091035,0.0093391,-3.7476e-24,0,0.0011943,0.0006822,1.7506,0.016086
1.325,2.7069,0.005,0.11766,0.0055591,4.5152e-38,0,0.0024006,0.00085791,2.7982,0.016375
1.275,2.7569,0.005,0.16785,0.001254,3.218e-24,0,0.0043833,0.00095883,3.9813,0.01671
1.225,2.807,0.005,0.25396,-0.0036658,-1.0545e-24,0,0.0059588,0.00084363,5.2004,0.017006
1.175,2.86,0.005,0.394,-0.004099,-9.42e-25,0,0.0026931,0.00046032,3.6274,0.017487
1.125,2.916,0.005,0.44559,-8.6038e-05,0,0,0.00093227,0.00059435,1.5685,0.017717
1.075,2.972,0.005,0.43085,-0.0023239,1.5064e-24,0,0.0020762,0.00028651,7.2465,0.017906
4.075,0.024,0.005,-0.14517,0.00059261,7.3128e-25,0,0.00054947,0.00012634,4.3493,0.0091405
4.025,0.072,0.005,-0.15917,0.0012954,1.5648e-25,0,0.00047505,0.00032213,1.4747,0.0092109
3.975,0.12,0.005,-0.15763,0.0021835,-9.33e-25,0,0.00066443,0.00073897,0.89913,0.0092714
3.925,0.168,0.005,-0.15269,0.0029141,-1.0583e-24,0,0.00087134,0.0012365,0.70467,0.0093453
3.875,0.216,0.005,-0.14659,0.00364,1.7133e-25,0,0.0010627,0.0017344,0.61274,0.0094136
3.825,0.264,0.005,-0.14006,0.0043389,-3.8451e-25,0,0.0012372,0.0022085,0.56019,0.0094787
3.775,0.312,0.005,-0.13333,0.0050094,0,0,0.0013963,0.0026523,0.52646,0.0095416
3.725,0.36,0.005,-0.12648,0.0056539,-3.7696e-25,0,0.0015414,0.0030648,0.50295,0.0096023
3.675,0.408,0.005,-0.11959,0.0062713,-7.1654e-25,0,0.0016732,0.0034471,0.48539,0.009661
3.625,0.456,0.005,-0.11268,0.0068604,2.4049e-25,0,0.0017919,0.0038013,0.47139,0.0097178
3.575,0.50502,0.005,-0.10566,0.0074304,3.5479e-25,0,0.0019003,0.0041373,0.4593,0.0097729
3.525,0.55506,0.005,-0.098536,0.0079761,1.6363e-25,0,0.001997,0.0044544,0.44832,0.0098263
3.475,0.60511,0.005,-0.091484,0.0084855,-5.9013e-26,0,0.0020799,0.0047488,0.43797,0.0098785
3.425,0.65515,0.005,-0.084522,0.0089595,3.5603e-39,0,0.0021489,0.0050229,0.42782,0.0099299
3.375,0.70519,0.005,-0.077671,0.0093962,3.1702e-25,0,0.0022042,0.0052782,0.41761,0.0099809
3.325,0.75523,0.005,-0.070951,0.009793,1.6202e-38,0,0.0022461,0.0055162,0.40718,0.010029
3.275,0.80528,0.005,-0.064384,0.010154,-3.1248e-25,0,0.002275,0.0057375,0.39651,0.010076
3.225,0.85532,0.005,-0.057995,0.01049,-3.1174e-25,0,0.0022915,0.0059416,0.38566,0.010122
3.175,0.90536,0.005,-0.05181,0.010803,4.6843e-39,0,0.0022963,0.006127,0.37479,0.01017
3.125,0.9554,0.005,-0.045838,0.011087,-1.3804e-25,0,0.0022906,0.0062924,0.36403,0.010223
3.075,1.0054,0.005,-0.040082,0.011348,-2.6809e-25,0,0.0022753,0.0064366,0.3535,0.010281
3.025,1.0555,0.005,-0.034531,0.011594,3.6997e-25,0,0.0022515,0.0065591,0.34326,0.010342
2.975,1.1055,0.005,-0.029171,0.01183,1.1371e-38,0,0.00222,0.0066592,0.33337,0.010407
2.925,1.1556,0.005,-0.023988,0.01206,3.315e-25,0,0.0021816,0.0067367,0.32383,0.010476
2.875,1.2056,0.005,-0.01897,0.012288,7.416e-27,0,0.002137,0.006791,0.31468,0.010549
2.825,1.2557,0.005,-0.014103,0.012516,-6.2236e-39,0,0.0020868,0.006822,0.30589,0.010625
2.775,1.3057,0.005,-0.0093775,0.012744,3.3072e-25,0,0.0020317,0.0068297,0.29748,0.010706
2.725,1.3557,0.005,-0.0047809,0.012976,-3.5571e-26,0,0.0019722,0.0068139,0.28943,0.010792
2.675,1.4058,0.005,-0.00030327,0.013211,1.0426e-25,0,0.0019089,0.0067747,0.28177,0.010882
2.625,1.4558,0.005,0.0040655,0.013451,-4.5224e-25,0,0.0018424,0.006712,0.27449,0.010978
2.575,1.5059,0.005,0.0083349,0.013697,-6.5587e-25,0,0.0017733,0.0066261,0.26762,0.01108
2.525,1.5559,0.005,0.012514,0.013948,8.1762e-25,0,0.0017021,0.0065185,0.26112,0.011188
2.475,1.606,0.005,0.016609,0.014204,7.249e-25,0,0.0016293,0.0063908,0.25494,0.011303
2.425,1.656,0.005,0.020627,0.014465,2.9718e-25,0,0.0015553,0.0062439,0.2491,0.011425
2.375,1.706,0.005,0.024573,0.014727,-4.6942e-25,0,0.001481,0.0060785,0.24364,0.011554
2.325,1.7561,0.005,0.02845,0.014991,-8.9098e-25,0,0.0014066,0.0058959,0.23858,0.011691
2.275,1.8061,0.005,0.032262,0.015252,1.5883e-24,0,0.0013328,0.0056973,0.23393,0.011837
2.225,1.8562,0.005,0.036012,0.015506,-4.8763e-25,0,0.0012599,0.0054843,0.22974,0.01199
2.175,1.9062,0.005,0.039702,0.015745,2.6764e-25,0,0.0011884,0.0052209,0.22601,0.012152
2.125,1.9563,0.005,0.043335,0.015964,2.9793e-25,0,0.0011185,0.0049275,0.2228,0.012322
2.075,2.0063,0.005,0.046911,0.016153,-3.3465e-25,0,0.0010504,0.0046249,0.22014,0.012501
2.025,2.0563,0.005,0.050426,0.016302,8.2117e-25,0,0.00098457,0.0043158,0.21809,0.012691
1.975,2.1064,0.005,0.053875,0.016399,-1.3374e-24,0,0.00092108,0.0040047,0.21675,0.012892
1.925,2.1564,0.005,0.057247,0.016433,0,0,0.00086018,0.0036982,0.21626,0.013104
1.875,2.2065,0.005,0.060526,0.016389,1.0786e-24,0,0.00080213,0.0034126,0.21684,0.013328
1.825,2.2565,0.005,0.063675,0.016254,-2.4528e-24,0,0.00074737,0.0031747,0.21889,0.013563
1.775,2.3066,0.005,0.066617,0.016024,6.4619e-25,0,0.00069672,0.0029966,0.22317,0.013809
1.725,2.3566,0.005,0.069272,0.0157,7.1928e-25,0,0.00065113,0.0028157,0.23125,0.014068
1.675,2.4066,0.005,0.071643,0.015266,-4.9948e-24,0,0.00061139,0.0024769,0.24684,0.014342
1.625,2.4567,0.005,0.073779,0.014681,1.0046e-24,0,0.00057987,0.0020729,0.27974,0.01463
1.575,2.5067,0.005,0.075807,0.013906,8.4292e-24,0,0.0005639,0.0015632,0.36073,0.014934
1.525,2.5568,0.005,0.078196,0.012846,-1.4221e-24,0,0.00058845,0.0010615,0.55435,0.015248
1.475,2.6068,0.005,0.082639,0.011325,2.2632e-24,0,0.00073541,0.00075368,0.97576,0.01556
1.425,2.6569,0.005,0.094531,0.0088813,1.6832e-24,0,0.0012513,0.00070214,1.7821,0.015854
1.375,2.7069,0.005,0.12208,0.0051872,3.1637e-24,0,0.0024722,0.00088378,2.7974,0.01614
1.325,2.7569,0.005,0.17237,0.0010513,3.4159e-24,0,0.0044122,0.0009749,3.9397,0.016471
1.275,2.807,0.005,0.25692,-0.0036499,1.9188e-24,0,0.0059016,0.00085861,5.1163,0.016756
1.225,2.86,0.005,0.39227,-0.004087,-5.2969e-25,0,0.0028133,0.0004875,3.7314,0.017238
1.175,2.916,0.005,0.44477,-0.00015497,1.5125e-24,0,0.00096597,0.00059174,1.6324,0.017482
1.125,2.972,0.005,0.42982,-0.0022552,0,0,0.0021116,0.00028894,7.3081,0.017665
4.125,0.024,0.005,-0.14612,0.00059296,8.9852e-25,0,0.00055484,0.00012695,4.3705,0.0090876
4.075,0.072,0.005,-0.16005,0.0012887,1.624e-25,0,0.00047985,0.000324,1.481,0.0091568
4.025,0.12,0.005,-0.15843,0.0021788,1.4656e-25,0,0.00067049,0.00074258,0.90291,0.0092163
3.975,0.168,0.005,-0.15344,0.0028989,-6.7048e-25,0,0.00087835,0.0012415,0.7075,0.0092894
3.925,0.216,0.005,-0.1473,0.0036177,1.7422e-38,0,0.0010705,0.0017405,0.61507,0.0093567
3.875,0.264,0.005,-0.14074,0.0043089,-7.9539e-25,0,0.0012456,0.0022155,0.56223,0.0094208
3.825,0.312,0.005,-0.13397,0.0049719,-3.9185e-25,0,0.0014055,0.0026601,0.52835,0.0094829
3.775,0.36,0.005,-0.12709,0.0056087,1.1069e-24,0,0.0015513,0.0030733,0.50478,0.0095427
3.725,0.408,0.005,-0.12016,0.0062182,8.4644e-41,0,0.001684,0.0034563,0.48721,0.0096006
3.675,0.456,0.005,-0.11321,0.006799,-6.7432e-25,0,0.0018036,0.0038112,0.47325,0.0096567
3.625,0.50502,0.005,-0.10615,0.0073603,-4.7738e-26,0,0.001913,0.0041478,0.4612,0.009711
3.575,0.55506,0.005,-0.09898,0.007897,-3.3851e-25,0,0.0020108,0.0044657,0.45028,0.0097638
3.525,0.60511,0.005,-0.09188,0.0083968,-1.1042e-25,0,0.0020947,0.004761,0.43997,0.0098158
3.475,0.65515,0.005,-0.084869,0.0088613,-3.1819e-25,0,0.0021648,0.0050362,0.42985,0.0098673
3.425,0.70519,0.005,-0.077967,0.0092851,-3.1793e-25,0,0.0022212,0.0052929,0.41964,0.0099172
3.375,0.75523,0.005,-0.071189,0.0096615,-2.9476e-38,0,0.0022641,0.0055215,0.40919,0.0099643
3.325,0.80528,0.005,-0.064563,0.0099984,3.2012e-25,0,0.0022939,0.0057195,0.39845,0.01001
3.275,0.85532,0.005,-0.058122,0.010304,4.1571e-25,0,0.0023113,0.0059317,0.3875,0.010055
3.225,0.90536,0.005,-0.051887,0.01059,4.0196e-25,0,0.002317,0.0061499,0.3765,0.010101
3.175,0.9554,0.005,-0.045873,0.010857,7.205e-26,0,0.0023121,0.0063239,0.36561,0.010152
3.125,1.0054,0.005,-0.040079,0.011101,5.6273e-26,0,0.0022976,0.0064727,0.35496,0.010209
3.075,1.0555,0.005,-0.034496,0.011327,0,0,0.0022744,0.0065998,0.34462,0.01027
3.025,1.1055,0.005,-0.029107,0.011543,2.9037e-25,0,0.0022436,0.0067045,0.33465,0.010334
2.975,1.1556,0.005,-0.023899,0.011753,-3.2447e-25,0,0.0022059,0.0067865,0.32505,0.010402
2.925,1.2056,0.005,-0.018858,0.011959,-3.4229e-25,0,0.002162,0.0068454,0.31584,0.010473
2.875,1.2557,0.005,-0.01397,0.012165,1.7797e-38,0,0.0021126,0.006881,0.30701,0.010549
2.825,1.3057,0.005,-0.0092233,0.012371,-3.9891e-26,0,0.0020581,0.0068931,0.29857,0.010628
2.775,1.3557,0.005,-0.004607,0.01258,3.8645e-25,0,0.0019991,0.0068817,0.2905,0.010712
2.725,1.4058,0.005,-0.00011021,0.012792,-1.4011e-38,0,0.0019363,0.0068466,0.28282,0.010801
2.675,1.4558,0.005,0.0042771,0.013008,-6.6576e-26,0,0.0018702,0.0067879,0.27552,0.010895
2.625,1.5059,0.005,0.0085647,0.01323,-8.3648e-26,0,0.0018013,0.0067057,0.26863,0.010995
2.575,1.5559,0.005,0.012761,0.013458,-5.9947e-25,0,0.0017302,0.0066014,0.26209,0.011101
2.525,1.606,0.005,0.016875,0.013691,5.3312e-25,0,0.0016572,0.0064767,0.25588,0.011213
2.475,1.656,0.005,0.020911,0.013929,4.3058e-25,0,0.0015831,0.0063322,0.25001,0.011332
2.425,1.706,0.005,0.024875,0.014171,-6.171e-25,0,0.0015083,0.0061688,0.24451,0.011458
2.375,1.7561,0.005,0.028772,0.014415,-2.9317e-25,0,0.0014335,0.0059876,0.2394,0.011592
2.325,1.8061,0.005,0.032606,0.014659,-1.0133e-25,0,0.001359,0.0057899,0.23471,0.011733
2.275,1.8562,0.005,0.036381,0.014894,9.6066e-41,0,0.0012853,0.0055505,0.23047,0.011881
2.225,1.9062,0.005,0.040104,0.015119,2.4961e-25,0,0.0012128,0.0052662,0.22668,0.012037
2.175,1.9563,0.005,0.043777,0.015325,-3.7949e-25,0,0.0011417,0.0049686,0.2234,0.012201
2.125,2.0063,0.005,0.0474,0.015501,6.3516e-25,0,0.0010725,0.004661,0.22067,0.012375
2.075,2.0563,0.005,0.050969,0.015639,-7.9476e-25,0,0.0010053,0.004348,0.21855,0.012559
2.025,2.1064,0.005,0.05448,0.015729,-1.6959e-24,0,0.00094043,0.0040331,0.21714,0.012754
1.975,2.1564,0.005,0.057924,0.015759,0,0,0.0008781,0.0037254,0.21658,0.012959
1.925,2.2065,0.005,0.061284,0.015715,0,0,0.00081858,0.0034434,0.21712,0.013175
1.875,2.2565,0.005,0.064516,0.015585,-1.196e-38,0,0.00076241,0.003216,0.21918,0.013402
1.825,2.3066,0.005,0.067538,0.015368,6.0827e-25,0,0.00071051,0.0030495,0.22358,0.013641
1.775,2.3566,0.005,0.070277,0.015063,-2.5006e-38,0,0.00066388,0.0028609,0.23205,0.013892
1.725,2.4066,0.005,0.07275,0.014652,8.1381e-25,0,0.00062334,0.002507,0.24864,0.014157
1.675,2.4567,0.005,0.075027,0.014097,-9.5797e-25,0,0.00059144,0.0020823,0.28403,0.014437
1.625,2.5067,0.005,0.077257,0.013359,3.5213e-24,0,0.0005763,0.0015585,0.36977,0.014732
1.575,2.5568,0.005,0.079977,0.012341,1.3444e-24,0,0.00060515,0.0010518,0.57533,0.015038
1.525,2.6068,0.005,0.085042,0.010854,-1.2118e-24,0,0.00076613,0.00075725,1.0117,0.01534
1.475,2.6569,0.005,0.097959,0.0084398,2.534e-24,0,0.0013092,0.00072282,1.8113,0.015626
1.425,2.7069,0.005,0.12636,0.0048322,-3.7809e-24,0,0.0025415,0.00090938,2.7947,0.015907
1.375,2.7569,0.005,0.1767,0.00085527,6.6747e-25,0,0.004436,0.00099021,3.8982,0.016234
1.325,2.807,0.005,0.25978,-0.0036354,1.7006e-24,0,0.005843,0.0008733,5.0346,0.016513
1.275,2.86,0.005,0.39059,-0.00409,-1.6321e-24,0,0.0029244,0.00051781,3.8095,0.016987
1.225,2.916,0.005,0.44391,-0.00022576,-2.8976e-38,0,0.0010005,0.00059026,1.695,0.017245
1.175,2.972,0.005,0.42881,-0.0021833,-1.5323e-24,0,0.0021442,0.00029116,7.3643,0.017422
4.175,0.024,0.005,-0.14707,0.00059359,0,0,0.00056024,0.00012757,4.3917,0.0090359
4.125,0.072,0.005,-0.16091,0.0012839,3.6497e-38,0,0.00048472,0.0003259,1.4873,0.0091041
4.075,0.12,0.005,-0.15923,0.0021737,1.4356e-24,0,0.00067667,0.00074626,0.90675,0.0091632
4.025,0.168,0.005,-0.15419,0.0028853,-3.1457e-25,0,0.00088541,0.0012464,0.71035,0.0092348
3.975,0.216,0.005,-0.14801,0.0035968,2.1161e-40,0,0.0010782,0.0017465,0.61739,0.0093009
3.925,0.264,0.005,-0.14141,0.0042805,1.5709e-38,0,0.001254,0.0022224,0.56426,0.0093641
3.875,0.312,0.005,-0.1346,0.0049361,3.8331e-25,0,0.0014145,0.0026678,0.53023,0.0094252
3.825,0.36,0.005,-0.12769,0.0055655,-3.6078e-25,0,0.0015611,0.0030816,0.50659,0.0094841
3.775,0.408,0.005,-0.12072,0.0061677,3.4392e-25,0,0.0016945,0.0034651,0.48902,0.0095411
3.725,0.456,0.005,-0.11374,0.0067411,-3.6309e-25,0,0.0018151,0.0038206,0.47508,0.0095965
3.675,0.50502,0.005,-0.10663,0.0072941,-8.5096e-26,0,0.0019254,0.0041578,0.46309,0.0096502
3.625,0.55506,0.005,-0.09942,0.0078223,-2.8267e-25,0,0.0020242,0.0044762,0.45222,0.0097024
3.575,0.60511,0.005,-0.092274,0.0083149,-3.23e-25,0,0.0021092,0.0047723,0.44196,0.0097538
3.525,0.65515,0.005,-0.085215,0.0087702,3.1654e-25,0,0.0021802,0.0050484,0.43187,0.0098053
3.475,0.70519,0.005,-0.078258,0.0091801,8.8114e-26,0,0.0022376,0.0053066,0.42166,0.009853
3.425,0.75523,0.005,-0.071419,0.0095423,3.2299e-25,0,0.0022814,0.0054959,0.41117,0.0098983
3.375,0.80528,0.005,-0.064732,0.0098607,3.2419e-25,0,0.0023122,0.0056903,0.40036,0.0099417
3.325,0.85532,0.005,-0.058233,0.010139,1.1308e-38,0,0.0023305,0.0059011,0.38931,0.0099864
3.275,0.90536,0.005,-0.051952,0.010391,-2.1934e-25,0,0.002337,0.0061247,0.37818,0.010033
3.225,0.9554,0.005,-0.045897,0.010632,1.5414e-34,0,0.0023328,0.006346,0.36715,0.010083
3.175,1.0054,0.005,-0.040067,0.010862,6.8762e-25,0,0.0023189,0.006507,0.35638,0.010138
3.125,1.0555,0.005,-0.034452,0.011071,8.5638e-26,0,0.0022965,0.0066385,0.34594,0.010198
3.075,1.1055,0.005,-0.029037,0.011269,0,0,0.0022664,0.0067478,0.33587,0.010261
3.025,1.1556,0.005,-0.023805,0.01146,3.1807e-25,0,0.0022294,0.0068343,0.32621,0.010328
2.975,1.2056,0.005,-0.018742,0.011647,1.7069e-38,0,0.0021862,0.0068977,0.31695,0.010399
2.925,1.2557,0.005,-0.013834,0.011833,-2.3359e-38,0,0.0021374,0.0069378,0.30808,0.010473
2.875,1.3057,0.005,-0.0090679,0.012018,2.6116e-39,0,0.0020836,0.0069543,0.29961,0.010551
2.825,1.3557,0.005,-0.0044333,0.012206,-3.431e-25,0,0.0020253,0.0069471,0.29153,0.010634
2.775,1.4058,0.005,8.1105e-05,0.012396,9.7485e-26,0,0.001963,0.0069162,0.28382,0.010722
2.725,1.4558,0.005,0.0044855,0.012591,6.4057e-26,0,0.0018972,0.0068614,0.27651,0.010814
2.675,1.5059,0.005,0.0087896,0.012791,-1.0642e-24,0,0.0018286,0.0067829,0.2696,0.010912
2.625,1.5559,0.005,0.013002,0.012996,9.7537e-26,0,0.0017576,0.006682,0.26304,0.011015
2.575,1.606,0.005,0.017132,0.013208,-7.9765e-25,0,0.0016847,0.0065603,0.2568,0.011125
2.525,1.656,0.005,0.021184,0.013425,5.4467e-25,0,0.0016104,0.0064185,0.25091,0.011241
2.475,1.706,0.005,0.025165,0.013647,1.5514e-25,0,0.0015353,0.0062571,0.24538,0.011364
2.425,1.7561,0.005,0.029079,0.013874,-8.1155e-25,0,0.0014601,0.0060775,0.24024,0.011494
2.375,1.8061,0.005,0.032933,0.014098,-6.8781e-25,0,0.001385,0.0058687,0.23551,0.011631
2.325,1.8562,0.005,0.036734,0.014318,4.1869e-25,0,0.0013105,0.0055988,0.23122,0.011774
2.275,1.9062,0.005,0.040488,0.014527,-3.5181e-25,0,0.001237,0.0053105,0.22738,0.011925
2.225,1.9563,0.005,0.0442,0.014718,-1.0611e-32,0,0.0011649,0.0050084,0.22404,0.012084
2.175,2.0063,0.005,0.047866,0.014881,3.9612e-25,0,0.0010945,0.0046971,0.22125,0.012253
2.125,2.0563,0.005,0.051487,0.01501,3.4372e-25,0,0.001026,0.00438,0.21907,0.012431
2.075,2.1064,0.005,0.055057,0.015093,-8.5014e-25,0,0.00095979,0.0040618,0.2176,0.012619
2.025,2.1564,0.005,0.05857,0.015119,-4.36e-25,0,0.00089602,0.0037529,0.21699,0.012818
1.975,2.2065,0.005,0.062006,0.015075,0,0,0.00083505,0.0034749,0.2175,0.013027
1.925,2.2565,0.005,0.065316,0.01495,2.2788e-24,0,0.00077748,0.0032576,0.21959,0.013247
1.875,2.3066,0.005,0.068411,0.014745,-1.1461e-24,0,0.00072438,0.0031013,0.22417,0.013477
1.825,2.3566,0.005,0.071228,0.014457,2.0011e-24,0,0.00067675,0.0029032,0.2331,0.01372
1.775,2.4066,0.005,0.073801,0.014069,-1.5095e-32,0,0.00063546,0.0025337,0.2508,0.013977
1.725,2.4567,0.005,0.076214,0.013542,2.4158e-38,0,0.0006033,0.0020869,0.28908,0.014249
1.675,2.5067,0.005,0.078646,0.012837,-4.5727e-24,0,0.00058924,0.0015494,0.3803,0.014535
1.625,2.5568,0.005,0.0817,0.011856,5.4185e-24,0,0.00062275,0.0010431,0.59702,0.014831
1.575,2.6068,0.005,0.087397,0.010399,-1.1303e-24,0,0.00079837,0.00076189,1.0479,0.015125
1.525,2.6569,0.005,0.10132,0.0080138,-8.4262e-25,0,0.0013679,0.00074416,1.8382,0.015402
1.475,2.7069,0.005,0.1305,0.0044933,-8.7741e-25,0,0.0026083,0.00093475,2.7903,0.015679
1.425,2.7569,0.005,0.18085,0.00066378,-1.597e-24,0,0.0044554,0.0010049,3.857,0.016001
1.375,2.807,0.005,0.26253,-0.0036224,1.9834e-26,0,0.0057835,0.00088775,4.9546,0.016275
1.325,2.86,0.005,0.38896,-0.0040989,7.6465e-25,0,0.0030264,0.0005476,3.8662,0.016738
1.275,2.916,0.005,0.44302,-0.00030017,-1.5222e-24,0,0.0010357,0.00058985,1.7558,0.017004
1.225,2.972,0.005,0.4278,-0.0021091,-3.2792e-24,0,0.0021741,0.00029319,7.4155,0.017179
4.225,0.024,0.005,-0.14801,0.00059451,-6.6455e-25,0,0.00056567,0.00012818,4.4129,0.0089851
4.175,0.072,0.005,-0.16177,0.0012804,3.442e-25,0,0.00048967,0.00032782,1.4937,0.0090525
4.125,0.12,0.005,-0.16002,0.0021656,-1.5501e-25,0,0.00068298,0.00074999,0.91065,0.0091113
4.075,0.168,0.005,-0.15493,0.002872,8.1718e-25,0,0.00089255,0.0012514,0.71321,0.0091817
4.025,0.216,0.005,-0.14871,0.0035773,-2.622e-25,0,0.001086,0.0017525,0.61971,0.0092463
3.975,0.264,0.005,-0.14207,0.0042535,8.0537e-25,0,0.0012623,0.0022292,0.56628,0.0093084
3.925,0.312,0.005,-0.13523,0.0049019,3.521e-25,0,0.0014234,0.0026752,0.53209,0.0093686
3.875,0.36,0.005,-0.12829,0.0055243,-3.5438e-25,0,0.0015707,0.0030896,0.50839,0.0094266
3.825,0.408,0.005,-0.12128,0.0061194,-3.3243e-26,0,0.0017049,0.0034736,0.49081,0.0094828
3.775,0.456,0.005,-0.11426,0.0066859,2.96e-25,0,0.0018263,0.0038295,0.47691,0.0095373
3.725,0.50502,0.005,-0.10711,0.0072316,-2.9573e-25,0,0.0019376,0.0041671,0.46496,0.0095903
3.675,0.55506,0.005,-0.099855,0.0077514,-4.5896e-26,0,0.0020374,0.0044861,0.45415,0.009642
3.625,0.60511,0.005,-0.092663,0.0082376,-3.7157e-25,0,0.0021233,0.0047828,0.44394,0.0096929
3.575,0.65515,0.005,-0.085556,0.0086846,-5.5203e-39,0,0.0021953,0.0050597,0.43388,0.0097431
3.525,0.70519,0.005,-0.078541,0.0090808,9.875e-26,0,0.0022536,0.0052893,0.42365,0.009789
3.475,0.75523,0.005,-0.071641,0.0094318,0,0,0.0022983,0.0054713,0.41311,0.0098317
3.425,0.80528,0.005,-0.064889,0.0097335,-3.222e-25,0,0.00233,0.0056652,0.4022,0.0098741
3.375,0.85532,0.005,-0.058333,0.0099897,-1.4384e-38,0,0.0023491,0.0058752,0.39105,0.0099186
3.325,0.90536,0.005,-0.052003,0.010213,1.0427e-38,0,0.0023562,0.0060989,0.37981,0.0099652
3.275,0.9554,0.005,-0.045909,0.010421,1.5581e-34,0,0.0023527,0.0063269,0.36865,0.010014
3.225,1.0054,0.005,-0.040045,0.010626,-6.0264e-26,0,0.0023395,0.0065396,0.35775,0.010067
3.175,1.0555,0.005,-0.0344,0.010823,-6.2409e-25,0,0.0023177,0.0066755,0.3472,0.010126
3.125,1.1055,0.005,-0.02896,0.011006,0,0,0.0022883,0.0067892,0.33705,0.010189
3.075,1.1556,0.005,-0.023706,0.01118,3.1223e-25,0,0.002252,0.0068802,0.32732,0.010256
3.025,1.2056,0.005,-0.018622,0.01135,3.1542e-25,0,0.0022095,0.006948,0.318,0.010325
2.975,1.2557,0.005,-0.013695,0.011517,3.2021e-25,0,0.0021614,0.0069924,0.3091,0.010399
2.925,1.3057,0.005,-0.0089115,0.011684,-3.6495e-25,0,0.0021082,0.0070133,0.30061,0.010476
2.875,1.3557,0.005,-0.0042599,0.011853,3.2612e-26,0,0.0020505,0.0070103,0.2925,0.010557
2.825,1.4058,0.005,0.00027072,0.012024,4.6975e-26,0,0.0019888,0.0069835,0.28478,0.010643
2.775,1.4558,0.005,0.0046907,0.012198,-6.155e-26,0,0.0019235,0.0069326,0.27746,0.010734
2.725,1.5059,0.005,0.0090098,0.012378,-7.6972e-26,0,0.0018553,0.0068578,0.27053,0.01083
2.675,1.5559,0.005,0.013237,0.012563,-1.867e-25,0,0.0017845,0.0067603,0.26396,0.010931
2.625,1.606,0.005,0.01738,0.012754,0,0,0.0017116,0.0066418,0.25771,0.011038
2.575,1.656,0.005,0.021447,0.012951,-2.7413e-25,0,0.0016373,0.0065025,0.25179,0.011152
2.525,1.706,0.005,0.025441,0.013155,4.2421e-25,0,0.001562,0.0063434,0.24624,0.011272
2.475,1.7561,0.005,0.029371,0.013363,1.6028e-25,0,0.0014863,0.0061654,0.24108,0.011398
2.425,1.8061,0.005,0.033245,0.01357,-4.8508e-25,0,0.0014107,0.0059198,0.23632,0.01153
2.375,1.8562,0.005,0.037071,0.013774,5.2442e-25,0,0.0013355,0.0056462,0.23199,0.011669
2.325,1.9062,0.005,0.040857,0.013967,-3.4588e-25,0,0.0012611,0.005354,0.22811,0.011815
2.275,1.9563,0.005,0.044604,0.014142,-5.0604e-33,0,0.001188,0.0050482,0.22472,0.01197
2.225,2.0063,0.005,0.048312,0.014293,6.7622e-25,0,0.0011164,0.0047333,0.22188,0.012133
2.175,2.0563,0.005,0.051981,0.014412,4.1702e-25,0,0.0010467,0.0044125,0.21964,0.012306
2.125,2.1064,0.005,0.055608,0.014488,-2.8573e-25,0,0.00097916,0.0040909,0.21812,0.012489
2.075,2.1564,0.005,0.059186,0.01451,-4.1357e-25,0,0.00091397,0.0037811,0.21748,0.012681
2.025,2.2065,0.005,0.062693,0.014467,9.1152e-25,0,0.00085155,0.0035073,0.21798,0.012883
1.975,2.2565,0.005,0.066075,0.014347,-2.1943e-24,0,0.00079261,0.0032999,0.22014,0.013095
1.925,2.3066,0.005,0.069238,0.014154,5.4022e-25,0,0.00073835,0.0031524,0.22493,0.013318
1.875,2.3566,0.005,0.072129,0.013883,1.1389e-38,0,0.00068977,0.0029429,0.23439,0.013553
1.825,2.4066,0.005,0.074798,0.013516,0,0,0.00064779,0.0025573,0.25331,0.013802
1.775,2.4567,0.005,0.077345,0.013015,-1.7915e-24,0,0.00061546,0.0020891,0.2946,0.014065
1.725,2.5067,0.005,0.079978,0.012339,1.0702e-24,0,0.0006027,0.0015379,0.39189,0.014342
1.675,2.5568,0.005,0.083373,0.01139,1.2042e-24,0,0.00064128,0.0010364,0.61875,0.014629
1.625,2.6068,0.005,0.089712,0.0099536,5.348e-24,0,0.0008321,0.00076762,1.084,0.014914
1.575,2.6569,0.005,0.10461,0.0076032,-1.0093e-23,0,0.0014273,0.00076608,1.8631,0.015183
1.525,2.7069,0.005,0.1345,0.004171,4.6698e-38,0,0.0026726,0.00095987,2.7843,0.015455
1.475,2.7569,0.005,0.18483,0.00047657,1.2578e-32,0,0.004471,0.0010189,3.8161,0.015771
1.425,2.807,0.005,0.26517,-0.0036109,1.6227e-24,0,0.0057234,0.00090194,4.8756,0.016041
1.375,2.86,0.005,0.38738,-0.0041103,2.7823e-38,0,0.0031195,0.00057686,3.9057,0.016491
1.325,2.916,0.005,0.44207,-0.00037777,9.7421e-26,0,0.0010711,0.00059042,1.8142,0.016763
1.275,2.972,0.005,0.4268,-0.0020341,-1.0444e-25,0,0.0022015,0.00029502,7.462,0.016935
4.275,0.024,0.005,-0.14896,0.00059567,-8.6949e-41,0,0.00057114,0.0001288,4.4342,0.0089355
4.225,0.072,0.005,-0.16263,0.0012776,-2.747e-25,0,0.00049471,0.00032978,1.5001,0.009002
4.175,0.12,0.005,-0.16081,0.0021563,-9.279e-25,0,0.00068938,0.00075377,0.91458,0.0090601
4.125,0.168,0.005,-0.15566,0.0028576,3.2426e-25,0,0.00089976,0.0012565,0.71608,0.0091296
4.075,0.216,0.005,-0.1494,0.0035583,4.2855e-25,0,0.0010938,0.0017584,0.62202,0.0091929
4.025,0.264,0.005,-0.14273,0.0042274,8.3776e-38,0,0.0012706,0.0022359,0.56828,0.0092538
3.975,0.312,0.005,-0.13586,0.0048691,1.5823e-38,0,0.0014323,0.0026825,0.53393,0.009313
3.925,0.36,0.005,-0.12888,0.0054847,1.7523e-27,0,0.0015802,0.0030974,0.51017,0.0093701
3.875,0.408,0.005,-0.12183,0.006073,-3.3008e-25,0,0.0017151,0.0034818,0.49258,0.0094254
3.825,0.456,0.005,-0.11477,0.0066327,-3.4838e-25,0,0.0018373,0.003838,0.47871,0.0094791
3.775,0.50502,0.005,-0.10758,0.007172,4.0614e-25,0,0.0019494,0.004176,0.46682,0.0095313
3.725,0.55506,0.005,-0.10029,0.0076848,1.0079e-24,0,0.0020502,0.0044953,0.45607,0.0095824
3.675,0.60511,0.005,-0.093049,0.0081641,-1.1366e-38,0,0.002137,0.0047925,0.44591,0.0096333
3.625,0.65515,0.005,-0.085891,0.0086015,-3.1362e-25,0,0.00221,0.0050702,0.43588,0.0096811
3.575,0.70519,0.005,-0.078817,0.0089877,-2.1208e-25,0,0.0022692,0.0052666,0.42563,0.0097252
3.525,0.75523,0.005,-0.07185,0.0093254,2.0616e-25,0,0.0023149,0.005447,0.41501,0.0097655
3.475,0.80528,0.005,-0.065036,0.0096108,-4.2947e-25,0,0.0023473,0.0056419,0.404,0.0098075
3.425,0.85532,0.005,-0.058423,0.0098501,-9.8895e-26,0,0.0023671,0.0058544,0.39273,0.0098517
3.375,0.90536,0.005,-0.052044,0.010053,1.7325e-25,0,0.0023749,0.0060784,0.38138,0.0098983
3.325,0.9554,0.005,-0.04591,0.010232,3.7545e-25,0,0.0023719,0.0063066,0.3701,0.0099472
3.275,1.0054,0.005,-0.040014,0.010404,6.125e-26,0,0.0023593,0.0065288,0.35907,0.0099985
3.225,1.0555,0.005,-0.034342,0.010581,1.6993e-34,0,0.0023382,0.0067109,0.34842,0.010055
3.175,1.1055,0.005,-0.028876,0.010751,0,0,0.0023094,0.0068289,0.33818,0.010118
3.125,1.1556,0.005,-0.023601,0.01091,0,0,0.0022737,0.0069241,0.32838,0.010184
3.075,1.2056,0.005,-0.018499,0.011065,-5.2485e-27,0,0.0022319,0.0069963,0.31901,0.010253
3.025,1.2557,0.005,-0.013554,0.011217,-5.6736e-39,0,0.0021845,0.007045,0.31007,0.010325
2.975,1.3057,0.005,-0.0087541,0.011367,1.7094e-38,0,0.002132,0.0070701,0.30155,0.010402
2.925,1.3557,0.005,-0.0040868,0.011519,-3.1563e-26,0,0.0020749,0.0070713,0.29343,0.010482
2.875,1.4058,0.005,0.00045868,0.011672,3.3661e-25,0,0.0020138,0.0070485,0.2857,0.010566
2.825,1.4558,0.005,0.0048928,0.011828,3.4312e-25,0,0.001949,0.0070015,0.27837,0.010655
2.775,1.5059,0.005,0.0092255,0.011989,1.3043e-25,0,0.0018811,0.0069304,0.27143,0.010749
2.725,1.5559,0.005,0.013466,0.012155,3.6244e-25,0,0.0018107,0.0068364,0.26486,0.010849
2.675,1.606,0.005,0.017621,0.012327,-2.6936e-25,0,0.001738,0.0067209,0.25859,0.010954
2.625,1.656,0.005,0.021699,0.012507,-3.9122e-25,0,0.0016636,0.0065844,0.25266,0.011065
2.575,1.706,0.005,0.025706,0.012693,1.1039e-24,0,0.0015883,0.0064276,0.2471,0.011181
2.525,1.7561,0.005,0.029651,0.012881,1.0233e-24,0,0.0015123,0.0062226,0.24192,0.011304
2.475,1.8061,0.005,0.033545,0.013072,-3.2875e-25,0,0.0014362,0.00597,0.23714,0.011432
2.425,1.8562,0.005,0.037396,0.013259,0,0,0.0013603,0.0056932,0.23278,0.011566
2.375,1.9062,0.005,0.041211,0.013436,7.612e-25,0,0.0012851,0.0053974,0.22886,0.011708
2.325,1.9563,0.005,0.044991,0.013597,-4.8277e-33,0,0.001211,0.0050887,0.22543,0.011859
2.275,2.0063,0.005,0.048738,0.013736,-6.5448e-25,0,0.0011383,0.0047704,0.22254,0.012017
2.225,2.0563,0.005,0.052453,0.013845,-9.7458e-26,0,0.0010674,0.0044457,0.22027,0.012185
2.175,2.1064,0.005,0.056133,0.013915,6.9052e-38,0,0.00099854,0.0041208,0.21871,0.012361
2.125,2.1564,0.005,0.059773,0.013933,-3.9226e-25,0,0.00093194,0.0038102,0.21804,0.012547
2.075,2.2065,0.005,0.063347,0.013889,-9.6961e-25,0,0.00086809,0.0035408,0.21856,0.012743
2.025,2.2565,0.005,0.066795,0.013775,4.6781e-25,0,0.00080782,0.003343,0.22081,0.012947
1.975,2.3066,0.005,0.070021,0.013594,-6.316e-25,0,0.00075243,0.0032029,0.22586,0.013163
1.925,2.3566,0.005,0.072982,0.013339,-6.8409e-25,0,0.00070295,0.0029798,0.2359,0.01339
1.875,2.4066,0.005,0.075743,0.012992,6.8119e-25,0,0.00066035,0.002578,0.25615,0.013631
1.825,2.4567,0.005,0.078422,0.012515,-8.2899e-25,0,0.00062796,0.002089,0.3006,0.013886
1.775,2.5067,0.005,0.081259,0.011865,2.175e-24,0,0.0006167,0.0015265,0.40399,0.014154
1.725,2.5568,0.005,0.085002,0.010942,0,0,0.00066082,0.0010313,0.64077,0.014432
1.675,2.6068,0.005,0.091993,0.0095182,-1.0182e-24,0,0.00086718,0.00077459,1.1195,0.014707
1.625,2.6569,0.005,0.10784,0.0072047,2.1815e-24,0,0.0014869,0.00078845,1.8859,0.014971
1.575,2.7069,0.005,0.13838,0.0038652,5.818e-38,0,0.0027345,0.00098476,2.7768,0.015236
1.525,2.7569,0.005,0.18865,0.0002948,-2.092e-24,0,0.0044832,0.0010324,3.7754,0.015545
1.475,2.807,0.005,0.26771,-0.0036008,2.4982e-24,0,0.0056624,0.00091583,4.7975,0.015812
1.425,2.86,0.005,0.38587,-0.0041222,6.9523e-26,0,0.003204,0.00060556,3.9316,0.016246
1.375,2.916,0.005,0.44108,-0.00045811,0,0,0.0011068,0.00059182,1.8701,0.016522
1.325,2.972,0.005,0.42581,-0.0019593,1.5395e-24,0,0.0022264,0.00029669,7.5041,0.016691
4.325,0.024,0.005,-0.1499,0.00059703,9.7696e-26,0,0.00057666,0.00012942,4.4556,0.0088868
4.275,0.072,0.005,-0.16348,0.0012753,1.7621e-25,0,0.00049983,0.00033176,1.5066,0.0089526
4.225,0.12,0.005,-0.1616,0.002148,3.1211e-25,0,0.00069588,0.00075759,0.91854,0.0090099
4.175,0.168,0.005,-0.15639,0.0028429,-1.3966e-24,0,0.00090703,0.0012616,0.71896,0.0090783
4.125,0.216,0.005,-0.15009,0.0035392,-4.1903e-25,0,0.0011016,0.0017644,0.62433,0.0091404
4.075,0.264,0.005,-0.14339,0.004202,-4.3384e-25,0,0.0012789,0.0022426,0.57028,0.0092004
4.025,0.312,0.005,-0.13648,0.0048373,3.8236e-25,0,0.001441,0.0026896,0.53576,0.0092585
3.975,0.36,0.005,-0.12946,0.0054466,-3.1814e-39,0,0.0015895,0.0031049,0.51193,0.0093146
3.925,0.408,0.005,-0.12238,0.0060284,-1.4666e-26,0,0.0017251,0.0034896,0.49434,0.0093691
3.875,0.456,0.005,-0.11528,0.0065812,-2.8473e-26,0,0.001848,0.0038461,0.4805,0.0094219
3.825,0.50502,0.005,-0.10805,0.0071142,5.5466e-39,0,0.001961,0.0041843,0.46867,0.0094731
3.775,0.55506,0.005,-0.10071,0.0076216,1.3238e-25,0,0.0020627,0.0045039,0.45798,0.0095235
3.725,0.60511,0.005,-0.093432,0.008094,8.6629e-25,0,0.0021504,0.0048014,0.44788,0.0095741
3.675,0.65515,0.005,-0.086219,0.0085196,0,0,0.0022243,0.0050689,0.43786,0.0096197
3.625,0.70519,0.005,-0.079082,0.0088968,-3.189e-25,0,0.0022844,0.0052429,0.42758,0.0096614
3.575,0.75523,0.005,-0.072047,0.0092212,-3.1777e-25,0,0.002331,0.0054222,0.41687,0.0097005
3.525,0.80528,0.005,-0.06517,0.0094908,-1.0844e-25,0,0.0023642,0.0056197,0.40575,0.0097418
3.475,0.85532,0.005,-0.058502,0.0097155,-3.1063e-25,0,0.0023845,0.0058361,0.39435,0.0097857
3.425,0.90536,0.005,-0.052075,0.0099026,-3.8875e-25,0,0.0023929,0.0060628,0.38287,0.0098321
3.375,0.9554,0.005,-0.045901,0.010061,-3.7003e-25,0,0.0023905,0.006291,0.37149,0.009881
3.325,1.0054,0.005,-0.039974,0.010205,-2.9247e-25,0,0.0023784,0.0065137,0.36035,0.0099323
3.275,1.0555,0.005,-0.034276,0.010351,2.9321e-25,0,0.0023578,0.0067218,0.34958,0.0099864
3.225,1.1055,0.005,-0.028788,0.010503,2.6351e-26,0,0.0023296,0.0068669,0.33925,0.010047
3.175,1.1556,0.005,-0.023492,0.01065,-3.0272e-25,0,0.0022946,0.0069663,0.32938,0.010113
3.125,1.2056,0.005,-0.018372,0.010791,-4.6503e-27,0,0.0022534,0.0070427,0.31996,0.010182
3.075,1.2557,0.005,-0.013411,0.010929,5.3939e-39,0,0.0022066,0.0070956,0.31099,0.010253
3.025,1.3057,0.005,-0.0085958,0.011065,2.9488e-25,0,0.0021548,0.0071248,0.30244,0.010328
2.975,1.3557,0.005,-0.0039141,0.011201,-3.0524e-26,0,0.0020984,0.0071301,0.2943,0.010407
2.925,1.4058,0.005,0.00064498,0.011338,4.1579e-25,0,0.0020379,0.0071113,0.28657,0.010491
2.875,1.4558,0.005,0.005092,0.011478,-3.9144e-25,0,0.0019737,0.0070681,0.27923,0.010578
2.825,1.5059,0.005,0.0094369,0.011622,-1.4116e-25,0,0.0019063,0.0070007,0.2723,0.01067
2.775,1.5559,0.005,0.013689,0.011771,-3.5291e-25,0,0.0018361,0.0069102,0.26572,0.010768
2.725,1.606,0.005,0.017855,0.011926,2.0032e-33,0,0.0017637,0.0067978,0.25945,0.01087
2.675,1.656,0.005,0.021943,0.012089,2.2737e-25,0,0.0016895,0.0066641,0.25352,0.010979
2.625,1.706,0.005,0.025962,0.012257,-4.0243e-25,0,0.001614,0.0065006,0.24795,0.011092
2.575,1.7561,0.005,0.029922,0.012429,-1.3791e-25,0,0.0015378,0.0062744,0.24276,0.011211
2.525,1.8061,0.005,0.033835,0.012602,1.2271e-24,0,0.0014613,0.0060196,0.23796,0.011335
2.475,1.8562,0.005,0.037709,0.012772,-1.3381e-24,0,0.0013849,0.0057398,0.23358,0.011466
2.425,1.9062,0.005,0.04155,0.012933,5.3252e-25,0,0.0013089,0.0054418,0.22963,0.011604
2.375,1.9563,0.005,0.045362,0.013081,9.2764e-25,0,0.0012339,0.0051302,0.22617,0.01175
2.325,2.0063,0.005,0.049146,0.013208,-5.2364e-25,0,0.0011602,0.0048084,0.22325,0.011904
2.275,2.0563,0.005,0.052903,0.013308,1.3938e-24,0,0.0010881,0.0044798,0.22094,0.012066
2.225,2.1064,0.005,0.056635,0.01337,-3.3367e-25,0,0.0010179,0.0041516,0.21936,0.012237
2.175,2.1564,0.005,0.060332,0.013385,-8.51e-25,0,0.00094994,0.0038403,0.21869,0.012417
2.125,2.2065,0.005,0.063968,0.013342,1.2228e-24,0,0.00088468,0.0035755,0.21924,0.012606
2.075,2.2565,0.005,0.067477,0.013233,-5.7412e-25,0,0.0008231,0.003387,0.22161,0.012804
2.025,2.3066,0.005,0.07076,0.013062,-2.0583e-24,0,0.00076665,0.0032532,0.22695,0.013012
1.975,2.3566,0.005,0.073788,0.012824,1.7561e-24,0,0.00071631,0.0030142,0.23764,0.013232
1.925,2.4066,0.005,0.07664,0.012495,-2.0498e-24,0,0.00067316,0.002596,0.2593,0.013465
1.875,2.4567,0.005,0.07945,0.01204,9.0246e-25,0,0.00064083,0.002087,0.30706,0.013711
1.825,2.5067,0.005,0.082491,0.011414,2.1188e-24,0,0.00063132,0.001515,0.41671,0.013971
1.775,2.5568,0.005,0.086592,0.010514,1.0677e-24,0,0.00068145,0.0010271,0.66348,0.014239
1.725,2.6068,0.005,0.094244,0.0090975,-9.6476e-25,0,0.00090365,0.0007839,1.1528,0.014505
1.675,2.6569,0.005,0.11099,0.0068202,7.6852e-24,0,0.0015459,0.00081095,1.9063,0.014764
1.625,2.7069,0.005,0.14212,0.0035636,9.0965e-25,0,0.0027935,0.0010078,2.768,0.015022
1.575,2.7569,0.005,0.19233,0.00012004,-2.0289e-24,0,0.0044925,0.0010455,3.7351,0.015322
1.525,2.807,0.005,0.27014,-0.0035919,1.3695e-24,0,0.0056012,0.00092948,4.7203,0.015587
1.475,2.86,0.005,0.38441,-0.0041333,2.6787e-38,0,0.0032802,0.00063367,3.9462,0.016005
1.425,2.916,0.005,0.44004,-0.00054095,7.4557e-26,0,0.0011425,0.00059389,1.9237,0.016285
1.375,2.972,0.005,0.42481,-0.0018851,0,0,0.0022491,0.0002982,7.5423,0.016449
4.375,0.024,0.005,-0.15085,0.00059857,2.4946e-38,0,0.00058221,0.00013005,4.477,0.0088392
4.325,0.072,0.005,-0.16433,0.0012732,1.7775e-25,0,0.00050505,0.00033378,1.5131,0.0089041
4.275,0.12,0.005,-0.16237,0.0021403,6.7212e-25,0,0.00070249,0.00076148,0.92253,0.0089606
4.225,0.168,0.005,-0.15711,0.0028287,-6.0228e-25,0,0.00091438,0.0012667,0.72185,0.009028
4.175,0.216,0.005,-0.15077,0.0035199,-8.1945e-25,0,0.0011094,0.0017704,0.62664,0.009089
4.125,0.264,0.005,-0.14403,0.0041767,4.2483e-25,0,0.0012871,0.0022491,0.57226,0.0091479
4.075,0.312,0.005,-0.13709,0.0048062,-2.3404e-26,0,0.0014497,0.0026967,0.53758,0.009205
4.025,0.36,0.005,-0.13004,0.0054094,3.2959e-25,0,0.0015986,0.0031122,0.51367,0.0092601
3.975,0.408,0.005,-0.12293,0.0059853,6.3465e-25,0,0.0017348,0.0034971,0.49607,0.0093136
3.925,0.456,0.005,-0.11579,0.0065317,2.1841e-38,0,0.0018586,0.0038538,0.48227,0.0093656
3.875,0.50502,0.005,-0.10852,0.0070577,3.604e-26,0,0.0019724,0.0041921,0.4705,0.0094161
3.825,0.55506,0.005,-0.10113,0.0075607,-6.1787e-25,0,0.0020749,0.0045119,0.45988,0.0094656
3.775,0.60511,0.005,-0.093809,0.0080266,-1.3147e-25,0,0.0021635,0.0048096,0.44983,0.0095149
3.725,0.65515,0.005,-0.086539,0.0084413,3.0919e-25,0,0.0022383,0.0050471,0.43983,0.0095587
3.675,0.70519,0.005,-0.079336,0.0088075,1.1732e-25,0,0.0022994,0.0052171,0.42951,0.0095976
3.625,0.75523,0.005,-0.072232,0.0091174,-3.1547e-25,0,0.0023468,0.0053969,0.4187,0.0096363
3.575,0.80528,0.005,-0.065292,0.0093731,-1.0709e-25,0,0.0023806,0.0055981,0.40745,0.009677
3.525,0.85532,0.005,-0.05857,0.0095838,4.0135e-25,0,0.0024014,0.0058195,0.39591,0.0097205
3.475,0.90536,0.005,-0.052096,0.0097578,3.833e-25,0,0.0024103,0.0060507,0.3843,0.0097667
3.425,0.9554,0.005,-0.045882,0.009902,-1.5858e-25,0,0.0024084,0.0062813,0.3728,0.0098154
3.375,1.0054,0.005,-0.039924,0.010025,2.3399e-25,0,0.0023968,0.0065035,0.36157,0.0098667
3.325,1.0555,0.005,-0.034203,0.010141,-3.2949e-25,0,0.0023767,0.0067124,0.3507,0.0099206
3.275,1.1055,0.005,-0.028695,0.010267,-3.1833e-25,0,0.0023491,0.0068995,0.34028,0.0099782
3.225,1.1556,0.005,-0.02338,0.010399,-2.9817e-25,0,0.0023146,0.0070069,0.33034,0.010043
3.175,1.2056,0.005,-0.018242,0.010528,-3.7463e-27,0,0.0022741,0.0070873,0.32087,0.010111
3.125,1.2557,0.005,-0.013266,0.010653,-5.4102e-39,0,0.002228,0.0071443,0.31185,0.010182
3.075,1.3057,0.005,-0.0084368,0.010776,-1.7895e-26,0,0.0021768,0.0071775,0.30328,0.010256
3.025,1.3557,0.005,-0.003742,0.010899,3.432e-25,0,0.0021211,0.0071868,0.29513,0.010334
2.975,1.4058,0.005,0.00082953,0.011022,-6.427e-25,0,0.0020612,0.0071719,0.2874,0.010416
2.925,1.4558,0.005,0.0052883,0.011147,5.4394e-26,0,0.0019975,0.0071326,0.28006,0.010502
2.875,1.5059,0.005,0.0096441,0.011276,-6.7732e-26,0,0.0019307,0.0070688,0.27313,0.010592
2.825,1.5559,0.005,0.013906,0.011409,-5.0697e-25,0,0.001861,0.0069817,0.26655,0.010688
2.775,1.606,0.005,0.018082,0.011549,5.4427e-25,0,0.0017888,0.0068725,0.26029,0.010789
2.725,1.656,0.005,0.022179,0.011695,-1.7413e-38,0,0.0017148,0.0067415,0.25436,0.010894
2.675,1.706,0.005,0.02621,0.011846,-5.0881e-25,0,0.0016393,0.0065537,0.24879,0.011005
2.625,1.7561,0.005,0.030185,0.012002,-4.18e-25,0,0.001563,0.006326,0.2436,0.01112
2.575,1.8061,0.005,0.034116,0.012158,2.9389e-25,0,0.0014861,0.0060687,0.23879,0.011241
2.525,1.8562,0.005,0.038011,0.012311,-4.7779e-25,0,0.0014091,0.0057872,0.23438,0.011368
2.475,1.9062,0.005,0.041877,0.012458,1.9315e-25,0,0.0013325,0.0054872,0.23042,0.011503
2.425,1.9563,0.005,0.045718,0.012592,4.3995e-25,0,0.0012567,0.0051729,0.22694,0.011645
2.375,2.0063,0.005,0.049536,0.012708,-1.1442e-25,0,0.001182,0.0048475,0.22399,0.011794
2.325,2.0563,0.005,0.053334,0.012799,-1.3487e-24,0,0.0011087,0.004515,0.22166,0.011951
2.275,2.1064,0.005,0.057112,0.012854,7.4461e-25,0,0.0010373,0.0041835,0.22007,0.012117
2.225,2.1564,0.005,0.060864,0.012866,-1.1752e-24,0,0.00096796,0.0038718,0.21941,0.012291
2.175,2.2065,0.005,0.064559,0.012822,-3.8554e-25,0,0.00090132,0.0036115,0.22001,0.012474
2.125,2.2565,0.005,0.068124,0.012719,1.3939e-24,0,0.00083849,0.0034318,0.22254,0.012665
2.075,2.3066,0.005,0.07146,0.012559,-1.0526e-24,0,0.00078101,0.0033029,0.22822,0.012866
2.025,2.3566,0.005,0.074551,0.012335,6.5193e-25,0,0.00072988,0.0030461,0.23961,0.013078
1.975,2.4066,0.005,0.077492,0.012025,7.4305e-25,0,0.00068625,0.0026116,0.26277,0.013303
1.925,2.4567,0.005,0.080431,0.011591,1.6428e-24,0,0.00065411,0.0020833,0.31397,0.013541
1.875,2.5067,0.005,0.083681,0.010985,-2.9799e-24,0,0.0006466,0.0015037,0.43001,0.013792
1.825,2.5568,0.005,0.088147,0.010104,3.5635e-24,0,0.0007032,0.0010241,0.68668,0.014051
1.775,2.6068,0.005,0.096464,0.008693,-9.1256e-25,0,0.00094149,0.00079514,1.1841,0.014308
1.725,2.6569,0.005,0.11406,0.0064493,-1.3881e-32,0,0.0016041,0.00083365,1.9242,0.014561
1.675,2.7069,0.005,0.14574,0.0032707,-2.2733e-24,0,0.0028484,0.0010217,2.7581,0.014813
1.625,2.7569,0.005,0.19587,-4.6315e-05,3.1147e-24,0,0.0044993,0.0010582,3.6952,0.015101
1.575,2.807,0.005,0.27247,-0.0035847,-2.526e-24,0,0.0055403,0.00094298,4.6443,0.015366
1.525,2.86,0.005,0.38301,-0.0041431,-2.5504e-25,0,0.0033482,0.00066115,3.9509,0.015768
1.475,2.916,0.005,0.43896,-0.00062589,-1.4366e-24,0,0.0011785,0.00059646,1.9758,0.01605
1.425,2.972,0.005,0.42382,-0.0018118,-1.5121e-24,0,0.0022697,0.00029956,7.5767,0.01621
4.425,0.024,0.005,-0.15179,0.00060028,7.8031e-25,0,0.00058781,0.00013067,4.4985,0.0087926
4.375,0.072,0.005,-0.16517,0.0012713,-1.791e-25,0,0.00051037,0.00033583,1.5197,0.0088567
4.325,0.12,0.005,-0.16315,0.0021329,1.1621e-24,0,0.0007092,0.00076543,0.92654,0.0089123
4.275,0.168,0.005,-0.15783,0.0028149,2.9864e-25,0,0.00092179,0.0012719,0.72473,0.0089786
4.225,0.216,0.005,-0.15145,0.0035009,2.38e-25,0,0.0011173,0.0017764,0.62894,0.0090385
4.175,0.264,0.005,-0.14467,0.0041517,-4.6517e-25,0,0.0012953,0.0022557,0.57423,0.0090965
4.125,0.312,0.005,-0.1377,0.0047754,0,0,0.0014582,0.0027036,0.53937,0.0091525
4.075,0.36,0.005,-0.13061,0.0053729,2.2653e-27,0,0.0016077,0.0031193,0.51539,0.0092066
4.025,0.408,0.005,-0.12346,0.0059433,3.2997e-38,0,0.0017444,0.0035044,0.49779,0.0092592
3.975,0.456,0.005,-0.11629,0.006484,2.7445e-25,0,0.0018688,0.003861,0.48403,0.0093103
3.925,0.50502,0.005,-0.10898,0.0070031,1.1028e-38,0,0.0019834,0.0041994,0.47232,0.0093601
3.875,0.55506,0.005,-0.10155,0.0075012,4.8126e-26,0,0.0020868,0.0045193,0.46176,0.0094091
3.825,0.60511,0.005,-0.094179,0.0079603,-6.796e-25,0,0.0021763,0.0048173,0.45178,0.0094562
3.775,0.65515,0.005,-0.08685,0.0083659,-3.1957e-25,0,0.002252,0.0050237,0.44178,0.0094983
3.725,0.70519,0.005,-0.079576,0.0087198,-2.439e-34,0,0.0023141,0.0051897,0.43141,0.0095348
3.675,0.75523,0.005,-0.072403,0.0090142,1.1776e-25,0,0.0023622,0.0053709,0.42049,0.0095728
3.625,0.80528,0.005,-0.065402,0.0092563,2.1099e-34,0,0.0023966,0.0055775,0.4091,0.0096131
3.575,0.85532,0.005,-0.058627,0.0094541,-9.193e-26,0,0.0024179,0.0058041,0.39741,0.0096562
3.525,0.90536,0.005,-0.052108,0.0096161,-2.1957e-25,0,0.0024271,0.0060407,0.38566,0.0097021
3.475,0.9554,0.005,-0.045856,0.0097486,2.9327e-25,0,0.0024256,0.0062756,0.37404,0.0097505
3.425,1.0054,0.005,-0.039866,0.0098578,1.0863e-25,0,0.0024145,0.0064993,0.36271,0.0098017
3.375,1.0555,0.005,-0.034121,0.0099531,2.832e-25,0,0.0023949,0.0067068,0.35176,0.0098556
3.325,1.1055,0.005,-0.028595,0.010049,-2.5154e-25,0,0.0023678,0.0068958,0.34126,0.0099121
3.275,1.1556,0.005,-0.023264,0.010159,2.893e-25,0,0.0023339,0.0070458,0.33125,0.0099736
3.225,1.2056,0.005,-0.01811,0.010275,2.1766e-27,0,0.002294,0.0071302,0.32172,0.010041
3.175,1.2557,0.005,-0.01312,0.010388,2.9659e-25,0,0.0022485,0.0071912,0.31267,0.010111
3.125,1.3057,0.005,-0.0082776,0.0105,-5.8024e-39,0,0.002198,0.0072284,0.30408,0.010185
3.075,1.3557,0.005,-0.0035707,0.010611,-3.3594e-25,0,0.0021429,0.0072415,0.29592,0.010262
3.025,1.4058,0.005,0.0010123,0.010721,3.1431e-25,0,0.0020836,0.0072305,0.28817,0.010342
2.975,1.4558,0.005,0.0054817,0.010834,6.9099e-25,0,0.0020206,0.0071949,0.28084,0.010427
2.925,1.5059,0.005,0.0098473,0.010948,-5.864e-25,0,0.0019543,0.0071347,0.27392,0.010516
2.875,1.5559,0.005,0.014118,0.011068,3.3501e-25,0,0.001885,0.007051,0.26735,0.010609
2.825,1.606,0.005,0.018302,0.011193,-8.841e-26,0,0.0018133,0.0069449,0.2611,0.010708
2.775,1.656,0.005,0.022409,0.011323,-1.7014e-38,0,0.0017395,0.0068026,0.25518,0.010811
2.725,1.706,0.005,0.02645,0.011459,8.7668e-25,0,0.0016641,0.006606,0.24962,0.010918
2.675,1.7561,0.005,0.03044,0.011599,-6.5159e-25,0,0.0015877,0.0063768,0.24443,0.01103
2.625,1.8061,0.005,0.034388,0.011738,0,0,0.0015105,0.0061179,0.23961,0.011148
2.575,1.8562,0.005,0.038303,0.011876,9.2691e-25,0,0.0014331,0.0058352,0.2352,0.011273
2.525,1.9062,0.005,0.042192,0.012008,-1.847e-25,0,0.0013559,0.0055337,0.23122,0.011404
2.475,1.9563,0.005,0.046059,0.01213,-5.4319e-25,0,0.0012793,0.0052169,0.22773,0.011541
2.425,2.0063,0.005,0.049909,0.012235,-5.2728e-38,0,0.0012036,0.004888,0.22477,0.011686
2.375,2.0563,0.005,0.053745,0.012317,5.3647e-25,0,0.0011293,0.0045514,0.22243,0.011839
2.325,2.1064,0.005,0.057568,0.012366,-1.4403e-24,0,0.0010567,0.0042167,0.22083,0.011999
2.275,2.1564,0.005,0.061371,0.012373,4.5951e-25,0,0.00098601,0.0039047,0.2202,0.012168
2.225,2.2065,0.005,0.06512,0.01233,1.2344e-24,0,0.00091803,0.003649,0.22088,0.012345
2.175,2.2565,0.005,0.068736,0.012231,9.3945e-25,0,0.00085398,0.0034775,0.22359,0.012529
2.125,2.3066,0.005,0.072121,0.012082,1.5182e-25,0,0.00079554,0.003352,0.22966,0.012724
2.075,2.3566,0.005,0.075272,0.011872,-1.1243e-24,0,0.00074366,0.0030754,0.24181,0.012929
2.025,2.4066,0.005,0.0783,0.011579,-1.0346e-38,0,0.00069963,0.0026248,0.26654,0.013146
1.975,2.4567,0.005,0.081369,0.011165,7.1296e-25,0,0.00066782,0.0020785,0.32131,0.013376
1.925,2.5067,0.005,0.084831,0.010578,-5.1465e-24,0,0.00066257,0.0014928,0.44386,0.013618
1.875,2.5568,0.005,0.089671,0.0097116,9.4335e-25,0,0.0007261,0.0010222,0.7103,0.013868
1.825,2.6068,0.005,0.098654,0.0083042,1.8752e-24,0,0.00098066,0.00080798,1.2137,0.014116
1.775,2.6569,0.005,0.11706,0.0060916,-6.7324e-25,0,0.0016616,0.00085657,1.9398,0.014364
1.725,2.7069,0.005,0.14924,0.0029971,-7.0649e-38,0,0.0028999,0.0010351,2.7473,0.014609
1.675,2.7569,0.005,0.19928,-0.00020757,1.8827e-24,0,0.0045042,0.0010707,3.6561,0.014885
1.625,2.807,0.005,0.27469,-0.0035816,1.6148e-24,0,0.0054798,0.00095634,4.5697,0.015149
1.575,2.86,0.005,0.38167,-0.0041513,1.5561e-24,0,0.0034085,0.00068799,3.947,0.015536
1.525,2.916,0.005,0.43782,-0.00071242,6.661e-40,0,0.0012146,0.00059942,2.0263,0.015818
1.475,2.972,0.005,0.42282,-0.0017396,-1.6061e-24,0,0.0022883,0.00030078,7.6076,0.015975
4.475,0.024,0.005,-0.15273,0.00060214,9.9363e-26,0,0.00059345,0.0001313,4.52,0.008747
4.425,0.072,0.005,-0.16601,0.0012696,3.6065e-25,0,0.00051578,0.00033793,1.5263,0.0088103
4.375,0.12,0.005,-0.16392,0.0021258,-7.9974e-25,0,0.00071602,0.00076945,0.93056,0.008865
4.325,0.168,0.005,-0.15854,0.0028015,1.4439e-24,0,0.00092929,0.0012772,0.72762,0.0089302
4.275,0.216,0.005,-0.15212,0.0034823,-4.714e-25,0,0.0011251,0.0017825,0.63123,0.0089889
4.225,0.264,0.005,-0.14531,0.004127,-4.8709e-26,0,0.0013035,0.0022622,0.57619,0.009046
4.175,0.312,0.005,-0.1383,0.0047449,-2.2871e-26,0,0.0014667,0.0027103,0.54115,0.009101
4.125,0.36,0.005,-0.13118,0.0053368,3.1798e-25,0,0.0016165,0.0031262,0.51709,0.0091541
4.075,0.408,0.005,-0.124,0.0059018,-3.0483e-25,0,0.0017538,0.0035113,0.49949,0.0092056
4.025,0.456,0.005,-0.11679,0.0064375,2.1725e-25,0,0.0018789,0.0038679,0.48576,0.0092558
3.975,0.50502,0.005,-0.10944,0.006951,-2.732e-25,0,0.0019942,0.0042062,0.47412,0.0093049
3.925,0.55506,0.005,-0.10197,0.0074433,5.1692e-26,0,0.0020984,0.0045259,0.46364,0.0093537
3.875,0.60511,0.005,-0.094543,0.0078932,2.1972e-25,0,0.0021888,0.0048244,0.45371,0.0093982
3.825,0.65515,0.005,-0.08715,0.0082907,-3.0806e-25,0,0.0022655,0.0049987,0.44372,0.0094381
3.775,0.70519,0.005,-0.079803,0.0086327,2.5084e-34,0,0.0023284,0.0051618,0.43327,0.0094731
3.725,0.75523,0.005,-0.072562,0.0089121,1.4868e-38,0,0.0023773,0.0053451,0.42224,0.0095101
3.675,0.80528,0.005,-0.0655,0.0091402,0,0,0.0024122,0.0055571,0.41069,0.00955
3.625,0.85532,0.005,-0.058673,0.0093258,8.7161e-42,0,0.0024339,0.0057898,0.39885,0.0095928
3.575,0.90536,0.005,-0.052111,0.0094766,-2.9512e-25,0,0.0024434,0.006032,0.38696,0.0096383
3.525,0.9554,0.005,-0.045822,0.0095987,-6.4502e-26,0,0.0024422,0.0062721,0.37521,0.0096864
3.475,1.0054,0.005,-0.039801,0.0096975,-5.7046e-25,0,0.0024314,0.0064996,0.36378,0.0097373
3.425,1.0555,0.005,-0.034031,0.0097789,-4.0466e-26,0,0.0024123,0.0067076,0.35275,0.009791
3.375,1.1055,0.005,-0.028488,0.0098527,2.7725e-25,0,0.0023857,0.0068944,0.34218,0.0098474
3.325,1.1556,0.005,-0.023143,0.0099341,4.4356e-39,0,0.0023524,0.0070598,0.33211,0.0099068
3.275,1.2056,0.005,-0.017977,0.010032,-2.864e-25,0,0.0023131,0.0071715,0.32253,0.009972
3.225,1.2557,0.005,-0.012972,0.010134,2.9155e-25,0,0.0022682,0.0072363,0.31345,0.010042
3.175,1.3057,0.005,-0.0081183,0.010234,-1.7613e-26,0,0.0022183,0.0072774,0.30483,0.010114
3.125,1.3557,0.005,-0.0034003,0.010335,2.7885e-26,0,0.0021639,0.0072943,0.29665,0.01019
3.075,1.4058,0.005,0.0011931,0.010434,7.7688e-26,0,0.0021053,0.007287,0.28891,0.01027
3.025,1.4558,0.005,0.0056722,0.010535,-4.1249e-25,0,0.0020429,0.0072551,0.28158,0.010353
2.975,1.5059,0.005,0.010047,0.010638,2.5706e-25,0,0.0019771,0.0071984,0.27467,0.01044
2.925,1.5559,0.005,0.014325,0.010745,-1.4521e-25,0,0.0019084,0.007118,0.26811,0.010532
2.875,1.606,0.005,0.018517,0.010857,8.2126e-26,0,0.0018371,0.0070151,0.26188,0.010628
2.825,1.656,0.005,0.022633,0.010973,1.823e-25,0,0.0017636,0.0068553,0.25598,0.010729
2.775,1.706,0.005,0.026686,0.011094,-4.7694e-25,0,0.0016884,0.0066581,0.25043,0.010833
2.725,1.7561,0.005,0.030689,0.011218,2.9036e-38,0,0.0016119,0.0064274,0.24524,0.010943
2.675,1.8061,0.005,0.034653,0.011342,-2.8511e-25,0,0.0015345,0.0061678,0.24043,0.011058
2.625,1.8562,0.005,0.038586,0.011465,9.3913e-39,0,0.0014568,0.0058841,0.23602,0.011179
2.575,1.9062,0.005,0.042496,0.011583,1.7655e-25,0,0.001379,0.0055811,0.23204,0.011307
2.525,1.9563,0.005,0.046387,0.011692,-3.2597e-25,0,0.0013017,0.0052621,0.22854,0.011441
2.475,2.0063,0.005,0.050267,0.011787,8.0129e-25,0,0.0012252,0.0049298,0.22557,0.011582
2.425,2.0563,0.005,0.054138,0.01186,1.2101e-25,0,0.0011498,0.0045891,0.22323,0.01173
2.375,2.1064,0.005,0.058003,0.011903,1.2347e-25,0,0.001076,0.0042513,0.22166,0.011885
2.325,2.1564,0.005,0.061853,0.011907,-3.1783e-25,0,0.0010041,0.0039393,0.22106,0.012048
2.275,2.2065,0.005,0.065652,0.011865,8.3808e-25,0,0.00093481,0.0036883,0.22185,0.012219
2.225,2.2565,0.005,0.069315,0.01177,-1.4343e-24,0,0.0008696,0.0035244,0.22478,0.012398
2.175,2.3066,0.005,0.072744,0.01163,4.0611e-25,0,0.00081025,0.0034006,0.23127,0.012586
2.125,2.3566,0.005,0.075953,0.011433,-4.6292e-25,0,0.00075769,0.0031021,0.24425,0.012784
2.075,2.4066,0.005,0.079067,0.011156,-1.2669e-24,0,0.00071333,0.0026355,0.27066,0.012994
2.025,2.4567,0.005,0.082267,0.010761,0,0,0.000682,0.0020725,0.32908,0.013216
1.975,2.5067,0.005,0.085944,0.010191,2.7736e-24,0,0.00067929,0.0014825,0.45821,0.013449
1.925,2.5568,0.005,0.091169,0.0093362,-2.3938e-24,0,0.00075019,0.0010217,0.73427,0.01369
1.875,2.6068,0.005,0.10082,0.0079303,1.6393e-24,0,0.0010211,0.00082223,1.2419,0.01393
1.825,2.6569,0.005,0.11999,0.0057468,-5.5228e-24,0,0.0017185,0.00087973,1.9534,0.014171
1.775,2.7069,0.005,0.15262,0.0027391,2.075e-24,0,0.0029482,0.001048,2.7356,0.014411
1.725,2.7569,0.005,0.20258,-0.00036514,-5.4151e-25,0,0.0045072,0.001083,3.6176,0.014677
1.675,2.807,0.005,0.27681,-0.0035838,4.1753e-24,0,0.0054201,0.00096969,4.4964,0.014938
1.625,2.86,0.005,0.38039,-0.0041585,-5.9549e-25,0,0.0034612,0.00071417,3.9357,0.015309
1.575,2.916,0.005,0.43665,-0.00080009,1.3291e-24,0,0.0012506,0.00060271,2.075,0.015591
1.525,2.972,0.005,0.42182,-0.0016689,0,0,0.002305,0.00030188,7.6354,0.015743
4.525,0.024,0.005,-0.15368,0.00060421,1.0031e-25,0,0.00059914,0.00013192,4.5416,0.0087025
4.475,0.072,0.005,-0.16684,0.0012682,1.8157e-25,0,0.0005213,0.00034006,1.533,0.008765
4.425,0.12,0.005,-0.16468,0.0021188,-4.7746e-25,0,0.00072295,0.00077354,0.9346,0.0088187
4.375,0.168,0.005,-0.15924,0.0027884,2.8118e-25,0,0.00093687,0.0012825,0.7305,0.0088828
4.325,0.216,0.005,-0.15279,0.0034639,6.8478e-25,0,0.0011331,0.0017885,0.63351,0.0089404
4.275,0.264,0.005,-0.14594,0.0041026,-4.8399e-26,0,0.0013116,0.0022687,0.57813,0.0089964
4.225,0.312,0.005,-0.13889,0.004715,-2.2654e-26,0,0.0014751,0.002717,0.54291,0.0090505
4.175,0.36,0.005,-0.13174,0.005301,0,0,0.0016253,0.0031329,0.51878,0.0091026
4.125,0.408,0.005,-0.12452,0.0058604,2.9828e-25,0,0.0017631,0.0035179,0.50116,0.0091531
4.075,0.456,0.005,-0.11728,0.0063914,-2.6252e-26,0,0.0018887,0.0038744,0.48748,0.0092021
4.025,0.50502,0.005,-0.10989,0.0069005,-3.6797e-26,0,0.0020048,0.0042125,0.4759,0.0092503
3.975,0.55506,0.005,-0.10238,0.0073872,5.5496e-26,0,0.0021097,0.004532,0.46551,0.0092985
3.925,0.60511,0.005,-0.094898,0.0078266,-3.5083e-39,0,0.002201,0.0048118,0.45562,0.0093409
3.875,0.65515,0.005,-0.087439,0.0082154,3.0805e-25,0,0.0022786,0.0049714,0.44563,0.009378
3.825,0.70519,0.005,-0.080016,0.0085448,4.3526e-25,0,0.0023425,0.0051333,0.4351,0.0094122
3.775,0.75523,0.005,-0.072707,0.0088109,5.3767e-25,0,0.0023921,0.0053201,0.42393,0.0094485
3.725,0.80528,0.005,-0.065586,0.0090253,3.0212e-25,0,0.0024274,0.0055374,0.41224,0.0094878
3.675,0.85532,0.005,-0.058709,0.0091986,-3.7742e-40,0,0.0024494,0.0057762,0.40023,0.0095302
3.625,0.90536,0.005,-0.052105,0.0093386,3.6645e-25,0,0.0024591,0.0060242,0.38819,0.0095754
3.575,0.9554,0.005,-0.045781,0.0094512,1.2514e-25,0,0.0024582,0.0062698,0.37631,0.0096232
3.525,1.0054,0.005,-0.03973,0.0095412,3.3262e-25,0,0.0024478,0.0065022,0.36477,0.0096736
3.475,1.0555,0.005,-0.033936,0.009613,9.8024e-39,0,0.002429,0.0067134,0.35366,0.0097269
3.425,1.1055,0.005,-0.028373,0.0096727,4.5637e-39,0,0.0024029,0.0068995,0.34304,0.0097831
3.375,1.1556,0.005,-0.023017,0.0097308,9.5496e-39,0,0.0023702,0.0070625,0.33292,0.0098423
3.325,1.2056,0.005,-0.01784,0.0098021,-2.7942e-25,0,0.0023314,0.0072022,0.32329,0.0099049
3.275,1.2557,0.005,-0.012825,0.0098892,-2.8532e-25,0,0.0022872,0.0072799,0.31418,0.0099731
3.225,1.3057,0.005,-0.0079594,0.0099795,1.789e-26,0,0.0022379,0.0073246,0.30553,0.010045
3.175,1.3557,0.005,-0.0032311,0.01007,2.73e-26,0,0.0021841,0.0073453,0.29735,0.01012
3.125,1.4058,0.005,0.0013718,0.01016,-6.0219e-25,0,0.0021261,0.0073416,0.2896,0.010198
3.075,1.4558,0.005,0.0058598,0.010251,-2.5743e-25,0,0.0020644,0.0073132,0.28228,0.01028
3.025,1.5059,0.005,0.010242,0.010343,2.5304e-25,0,0.0019993,0.00726,0.27538,0.010366
2.975,1.5559,0.005,0.014528,0.010439,3.2091e-25,0,0.0019311,0.007183,0.26884,0.010456
2.925,1.606,0.005,0.018727,0.010538,-4.0873e-25,0,0.0018602,0.0070702,0.26263,0.01055
2.875,1.656,0.005,0.022852,0.010642,3.4781e-25,0,0.0017871,0.0069078,0.25675,0.010648
2.825,1.706,0.005,0.026916,0.010749,-3.9018e-33,0,0.0017121,0.0067097,0.25122,0.01075
2.775,1.7561,0.005,0.030932,0.010858,4.9734e-25,0,0.0016356,0.0064784,0.24605,0.010857
2.725,1.8061,0.005,0.03491,0.010968,-4.0854e-25,0,0.0015582,0.0062183,0.24125,0.01097
2.675,1.8562,0.005,0.03886,0.011076,-4.3703e-25,0,0.0014801,0.005934,0.23684,0.011088
2.625,1.9062,0.005,0.042789,0.011181,1.688e-25,0,0.0014019,0.0056296,0.23287,0.011212
2.575,1.9563,0.005,0.046703,0.011279,1.9122e-25,0,0.0013239,0.0053083,0.22937,0.011343
2.525,2.0063,0.005,0.050609,0.011363,-2.1588e-25,0,0.0012466,0.0049727,0.22641,0.011479
2.475,2.0563,0.005,0.054514,0.011428,4.8605e-25,0,0.0011703,0.0046282,0.22408,0.011623
2.425,2.1064,0.005,0.058418,0.011465,5.727e-38,0,0.0010953,0.0042876,0.22253,0.011774
2.375,2.1564,0.005,0.062312,0.011466,-3.0184e-25,0,0.0010222,0.0039759,0.222,0.011932
2.325,2.2065,0.005,0.066157,0.011424,-1.615e-24,0,0.00095167,0.0037295,0.22291,0.012097
2.275,2.2565,0.005,0.069863,0.011334,2.0883e-24,0,0.00088536,0.0035724,0.22609,0.01227
2.225,2.3066,0.005,0.073333,0.011203,-3.8375e-25,0,0.00082516,0.0034487,0.23305,0.012452
2.175,2.3566,0.005,0.076598,0.011018,4.385e-25,0,0.00077196,0.003126,0.24695,0.012643
2.125,2.4066,0.005,0.079795,0.010755,-5.235e-25,0,0.00072735,0.0026428,0.27522,0.012846
2.075,2.4567,0.005,0.083128,0.010377,-6.4028e-25,0,0.00069666,0.0020644,0.33746,0.01306
2.025,2.5067,0.005,0.087026,0.0098228,3.787e-24,0,0.0006968,0.0014728,0.4731,0.013285
1.975,2.5568,0.005,0.092644,0.0089768,1.4774e-24,0,0.0007755,0.0010224,0.75853,0.013517
1.925,2.6068,0.005,0.10296,0.0075704,-3.2821e-24,0,0.0010628,0.00083774,1.2686,0.013748
1.875,2.6569,0.005,0.12285,0.0054146,2.5591e-32,0,0.0017747,0.00090315,1.965,0.013984
1.825,2.7069,0.005,0.1559,0.0024929,5.6875e-25,0,0.0029939,0.0010606,2.7232,0.014219
1.775,2.7569,0.005,0.20576,-0.00051911,-1.7103e-24,0,0.0045085,0.0010951,3.5798,0.014476
1.725,2.807,0.005,0.27883,-0.0035888,5.8111e-25,0,0.0053613,0.00098298,4.4245,0.014734
1.675,2.86,0.005,0.37917,-0.0041645,6.349e-25,0,0.0035069,0.00073969,3.9181,0.015087
1.625,2.916,0.005,0.43543,-0.0008885,-3.5228e-26,0,0.0012864,0.00060623,2.122,0.015369
1.575,2.972,0.005,0.42081,-0.0015998,-1.1553e-25,0,0.00232,0.00030286,7.6603,0.015515
4.575,0.024,0.005,-0.15462,0.00060661,-6.239e-25,0,0.00060488,0.00013255,4.5633,0.008659
4.525,0.072,0.005,-0.16767,0.0012671,8.947e-25,0,0.00052692,0.00034224,1.5396,0.0087207
4.475,0.12,0.005,-0.16543,0.0021117,1.5255e-25,0,0.00073,0.00077771,0.93865,0.0087734
4.425,0.168,0.005,-0.15994,0.0027755,-1.3755e-24,0,0.00094453,0.0012879,0.73338,0.0088364
4.375,0.216,0.005,-0.15344,0.0034457,4.5068e-25,0,0.001141,0.0017947,0.63578,0.0088928
4.325,0.264,0.005,-0.14656,0.0040785,2.4718e-25,0,0.0013198,0.0022752,0.58006,0.0089478
4.275,0.312,0.005,-0.13948,0.0046854,-1.2949e-38,0,0.0014834,0.0027236,0.54466,0.0090009
4.225,0.36,0.005,-0.1323,0.0052659,-3.045e-25,0,0.0016339,0.0031395,0.52044,0.0090521
4.175,0.408,0.005,-0.12505,0.0058193,0,0,0.0017721,0.0035243,0.50282,0.0091015
4.125,0.456,0.005,-0.11776,0.0063452,2.5722e-25,0,0.0018983,0.0038806,0.48918,0.0091495
4.075,0.50502,0.005,-0.11033,0.0068507,2.9395e-25,0,0.002015,0.0042184,0.47767,0.0091966
4.025,0.55506,0.005,-0.10278,0.0073321,5.9522e-26,0,0.0021207,0.0045376,0.46736,0.0092436
3.975,0.60511,0.005,-0.095246,0.0077629,-4.968e-25,0,0.0022129,0.0047883,0.45753,0.0092842
3.925,0.65515,0.005,-0.087715,0.0081409,-3.0503e-25,0,0.0022916,0.004942,0.44751,0.0093183
3.875,0.70519,0.005,-0.080217,0.0084557,3.0529e-25,0,0.0023563,0.0051038,0.43689,0.0093519
3.825,0.75523,0.005,-0.072839,0.0087091,-3.0286e-25,0,0.0024065,0.0052959,0.42558,0.0093876
3.775,0.80528,0.005,-0.06566,0.0089111,1.9959e-34,0,0.0024422,0.0055187,0.41372,0.0094266
3.725,0.85532,0.005,-0.058735,0.0090726,-2.2177e-40,0,0.0024644,0.0057634,0.40155,0.0094685
3.675,0.90536,0.005,-0.052091,0.0092021,0,0,0.0024744,0.0060171,0.38935,0.0095133
3.625,0.9554,0.005,-0.045733,0.0093056,0,0,0.0024736,0.0062681,0.37734,0.0095607
3.575,1.0054,0.005,-0.039654,0.0093875,4.9185e-26,0,0.0024635,0.0065059,0.36569,0.0096107
3.525,1.0555,0.005,-0.033836,0.0094517,3.1269e-25,0,0.0024451,0.0067218,0.3545,0.0096636
3.475,1.1055,0.005,-0.028255,0.0095022,-2.6487e-26,0,0.0024194,0.0069104,0.34382,0.0097194
3.425,1.1556,0.005,-0.022885,0.0095456,-2.7085e-25,0,0.0023872,0.0070712,0.33366,0.0097782
3.375,1.2056,0.005,-0.017699,0.0095928,2.7087e-25,0,0.002349,0.007209,0.32401,0.00984
3.325,1.2557,0.005,-0.012676,0.009657,-2.7711e-25,0,0.0023054,0.0073216,0.31486,0.0099058
3.275,1.3057,0.005,-0.0078009,0.009735,-2.8403e-25,0,0.0022567,0.0073702,0.3062,0.0099766
3.225,1.3557,0.005,-0.0030632,0.0098158,2.6945e-26,0,0.0022035,0.0073945,0.298,0.01005
3.175,1.4058,0.005,0.0015484,0.0098971,7.2667e-26,0,0.0021462,0.0073943,0.29025,0.010127
3.125,1.4558,0.005,0.0060444,0.009979,-9.2122e-26,0,0.0020851,0.0073694,0.28294,0.010208
3.075,1.5059,0.005,0.010434,0.010062,-2.2132e-25,0,0.0020206,0.0073196,0.27605,0.010292
3.025,1.5559,0.005,0.014726,0.010148,1.1699e-38,0,0.001953,0.0072458,0.26954,0.010381
2.975,1.606,0.005,0.018933,0.010236,3.2551e-25,0,0.0018826,0.0071217,0.26335,0.010473
2.925,1.656,0.005,0.023067,0.010328,4.2095e-25,0,0.0018099,0.0069596,0.2575,0.010568
2.875,1.706,0.005,0.027142,0.010422,2.6139e-25,0,0.0017352,0.0067613,0.25199,0.010668
2.825,1.7561,0.005,0.03117,0.010517,-2.1678e-25,0,0.0016588,0.00653,0.24684,0.010773
2.775,1.8061,0.005,0.035161,0.010614,6.463e-25,0,0.0015813,0.0062698,0.24206,0.010883
2.725,1.8562,0.005,0.039126,0.010709,-2.8253e-25,0,0.0015031,0.0059848,0.23767,0.010998
2.675,1.9062,0.005,0.043072,0.010802,-7.5233e-25,0,0.0014245,0.005679,0.2337,0.01112
2.625,1.9563,0.005,0.047007,0.010888,-3.6483e-33,0,0.0013459,0.0053552,0.23021,0.011247
2.575,2.0063,0.005,0.050939,0.010962,6.6731e-25,0,0.0012679,0.0050164,0.22727,0.01138
2.525,2.0563,0.005,0.054873,0.011019,9.5197e-25,0,0.0011907,0.0046686,0.22496,0.011519
2.475,2.1064,0.005,0.058814,0.011051,-2.592e-25,0,0.0011146,0.0043257,0.22346,0.011666
2.425,2.1564,0.005,0.062749,0.011049,1.5231e-38,0,0.0010403,0.0040147,0.223,0.011819
2.375,2.2065,0.005,0.066635,0.011007,6.2009e-25,0,0.00096861,0.0037729,0.22407,0.011979
2.325,2.2565,0.005,0.07038,0.010922,-1.3368e-24,0,0.00090127,0.0036216,0.22753,0.012146
2.275,2.3066,0.005,0.073889,0.0108,5.3552e-25,0,0.00084028,0.0034961,0.23501,0.012322
2.225,2.3566,0.005,0.077208,0.010625,-1.2453e-24,0,0.0007865,0.0031475,0.24988,0.012507
2.175,2.4066,0.005,0.080489,0.010375,2.8765e-24,0,0.00074172,0.0026474,0.28017,0.012702
2.125,2.4567,0.005,0.083953,0.010011,-2.6738e-24,0,0.00071183,0.0020502,0.34721,0.012909
2.075,2.5067,0.005,0.088079,0.0094714,1.8386e-24,0,0.00071515,0.001463,0.48884,0.013125
2.025,2.5568,0.005,0.0941,0.0086324,2.2295e-24,0,0.00080205,0.0010243,0.783,0.013349
1.975,2.6068,0.005,0.10507,0.0072237,1.6469e-24,0,0.0011056,0.00085441,1.2941,0.013572
1.925,2.6569,0.005,0.12564,0.0050945,3.7782e-24,0,0.0018303,0.00092684,1.9748,0.013802
1.875,2.7069,0.005,0.15907,0.0022565,-1.0964e-24,0,0.0030372,0.0010729,2.71,0.014032
1.825,2.7569,0.005,0.20883,-0.00066875,-1.035e-32,0,0.0045082,0.001107,3.5425,0.01428
1.775,2.807,0.005,0.28076,-0.003595,1.1113e-24,0,0.0053035,0.00099624,4.3541,0.014535
1.725,2.86,0.005,0.378,-0.0041686,5.5274e-25,0,0.0035459,0.00076455,3.8952,0.014872
1.675,2.916,0.005,0.43418,-0.00097709,2.7282e-26,0,0.0013218,0.00060994,2.1671,0.015151
1.625,2.972,0.005,0.41979,-0.0015325,1.2997e-24,0,0.0023334,0.00030374,7.6824,0.015292
4.625,0.024,0.005,-0.15557,0.00060949,2.1565e-38,0,0.00061067,0.00013319,4.5851,0.0086166
4.575,0.072,0.005,-0.16849,0.0012665,1.853e-25,0,0.00053266,0.00034446,1.5464,0.0086776
4.525,0.12,0.005,-0.16619,0.0021044,-1.5096e-25,0,0.00073716,0.00078197,0.94269,0.0087293
4.475,0.168,0.005,-0.16063,0.0027629,4.0117e-25,0,0.00095229,0.0012934,0.73626,0.008791
4.425,0.216,0.005,-0.1541,0.0034276,-7.2682e-25,0,0.001149,0.0018008,0.63805,0.0088462
4.375,0.264,0.005,-0.14718,0.0040545,9.466e-26,0,0.0013279,0.0022817,0.58198,0.0089002
4.325,0.312,0.005,-0.14007,0.0046561,-3.3579e-25,0,0.0014917,0.0027302,0.54638,0.0089523
4.275,0.36,0.005,-0.13285,0.0052313,-5.9309e-39,0,0.0016424,0.0031459,0.52208,0.0090025
4.225,0.408,0.005,-0.12556,0.0057789,0,0,0.0017809,0.0035304,0.50445,0.009051
4.175,0.456,0.005,-0.11825,0.0062988,0,0,0.0019076,0.0038864,0.49085,0.009098
4.125,0.50502,0.005,-0.11078,0.006801,5.3598e-25,0,0.002025,0.0042239,0.47943,0.009144
4.075,0.55506,0.005,-0.10318,0.0072771,6.4092e-26,0,0.0021315,0.0045428,0.4692,0.0091894
4.025,0.60511,0.005,-0.095584,0.0076999,-1.0783e-25,0,0.0022246,0.0047634,0.45941,0.0092281
3.975,0.65515,0.005,-0.087977,0.008067,-3.0024e-25,0,0.0023042,0.0049114,0.44936,0.0092598
3.925,0.70519,0.005,-0.080404,0.0083667,-2.537e-34,0,0.0023698,0.005074,0.43864,0.0092924
3.875,0.75523,0.005,-0.072958,0.0086068,8.9949e-39,0,0.0024205,0.0052719,0.42717,0.0093276
3.825,0.80528,0.005,-0.065722,0.0087969,-2.9544e-25,0,0.0024566,0.0055012,0.41514,0.0093661
3.775,0.85532,0.005,-0.058751,0.0089475,1.2254e-25,0,0.002479,0.0057517,0.4028,0.0094077
3.725,0.90536,0.005,-0.052068,0.009067,-2.1379e-25,0,0.0024891,0.0060108,0.39044,0.009452
3.675,0.9554,0.005,-0.045679,0.0091617,5.8906e-26,0,0.0024885,0.006267,0.3783,0.009499
3.625,1.0054,0.005,-0.039573,0.009236,4.7668e-26,0,0.0024786,0.0065099,0.36654,0.0095487
3.575,1.0555,0.005,-0.033732,0.0092934,0,0,0.0024605,0.0067311,0.35527,0.009601
3.525,1.1055,0.005,-0.028132,0.0093371,2.691e-25,0,0.0024352,0.0069242,0.34453,0.0096563
3.475,1.1556,0.005,-0.022748,0.0093714,2.1326e-38,0,0.0024035,0.0070866,0.33434,0.0097146
3.425,1.2056,0.005,-0.017553,0.009403,-8.4701e-27,0,0.0023659,0.0072209,0.32467,0.0097759
3.375,1.2557,0.005,-0.012524,0.009443,-2.7027e-25,0,0.0023228,0.0073331,0.3155,0.0098404
3.325,1.3057,0.005,-0.0076427,0.0095017,-2.9548e-25,0,0.0022748,0.0074142,0.30682,0.0099091
3.275,1.3557,0.005,-0.0028965,0.009572,3.1056e-25,0,0.0022223,0.0074419,0.29862,0.0099821
3.225,1.4058,0.005,0.0017228,0.0096448,0,0,0.0021656,0.0074452,0.29087,0.010058
3.175,1.4558,0.005,0.0062261,0.0097187,4.3834e-26,0,0.0021051,0.0074237,0.28356,0.010137
3.125,1.5059,0.005,0.010622,0.0097938,-6.5047e-25,0,0.0020412,0.0073772,0.27669,0.01022
3.075,1.5559,0.005,0.014921,0.0098699,-4.2673e-25,0,0.0019742,0.0072979,0.2702,0.010306
3.025,1.606,0.005,0.019135,0.0099486,4.5499e-25,0,0.0019044,0.007173,0.26404,0.010396
2.975,1.656,0.005,0.023278,0.010029,-7.3984e-25,0,0.0018321,0.0070111,0.25822,0.01049
2.925,1.706,0.005,0.027363,0.010111,9.0524e-26,0,0.0017577,0.0068132,0.25274,0.010588
2.875,1.7561,0.005,0.031402,0.010195,0,0,0.0016815,0.0065823,0.24761,0.010691
2.825,1.8061,0.005,0.035405,0.010279,3.8662e-25,0,0.0016041,0.0063221,0.24285,0.010798
2.775,1.8562,0.005,0.039384,0.010363,4.128e-25,0,0.0015257,0.0060365,0.23849,0.010911
2.725,1.9062,0.005,0.043346,0.010443,-4.4373e-25,0,0.0014468,0.0057293,0.23454,0.011029
2.675,1.9563,0.005,0.0473,0.010518,3.4869e-25,0,0.0013677,0.005403,0.23108,0.011153
2.625,2.0063,0.005,0.051255,0.010583,-5.2314e-25,0,0.001289,0.0050609,0.22815,0.011282
2.575,2.0563,0.005,0.055218,0.010632,-7.9373e-25,0,0.0012109,0.0047098,0.22589,0.011418
2.525,2.1064,0.005,0.059192,0.010658,1.2598e-24,0,0.0011339,0.0043654,0.22443,0.01156
2.475,2.1564,0.005,0.063165,0.010653,-2.7294e-25,0,0.0010584,0.004056,0.22407,0.011709
2.425,2.2065,0.005,0.067088,0.010613,-2.9429e-25,0,0.00098565,0.0038187,0.22531,0.011864
2.375,2.2565,0.005,0.070868,0.010533,1.1166e-24,0,0.00091734,0.003672,0.22909,0.012025
2.325,2.3066,0.005,0.074413,0.010419,-1.7274e-24,0,0.00085562,0.0035426,0.23713,0.012195
2.275,2.3566,0.005,0.077785,0.010253,9.7581e-25,0,0.00080133,0.0031668,0.25304,0.012374
2.225,2.4066,0.005,0.081149,0.010015,1.1537e-24,0,0.00075646,0.0026498,0.28547,0.012563
2.175,2.4567,0.005,0.084748,0.0096645,-1.421e-24,0,0.00072752,0.0020346,0.35757,0.012762
2.125,2.5067,0.005,0.089107,0.0091345,-1.089e-24,0,0.00073444,0.0014494,0.50673,0.01297
2.075,2.5568,0.005,0.09554,0.0083019,-2.1476e-24,0,0.00082985,0.0010277,0.80745,0.013186
2.025,2.6068,0.005,0.10717,0.0068895,3.6956e-24,0,0.0011496,0.00087215,1.3181,0.013402
1.975,2.6569,0.005,0.12837,0.0047863,-4.8037e-24,0,0.0018853,0.00095079,1.9828,0.013625
1.925,2.7069,0.005,0.16215,0.0020288,0,0,0.0030783,0.0010851,2.6962,0.013851
1.875,2.7569,0.005,0.21179,-0.00081351,1.5665e-24,0,0.0045063,0.0011187,3.5058,0.014091
1.825,2.807,0.005,0.28259,-0.003602,-6.5097e-26,0,0.0052468,0.0010095,4.285,0.014341
1.775,2.86,0.005,0.37687,-0.0041708,1.0602e-24,0,0.0035786,0.00078878,3.8677,0.014663
1.725,2.916,0.005,0.43289,-0.0010651,-1.2651e-24,0,0.0013567,0.00061378,2.2104,0.014938
1.675,2.972,0.005,0.41876,-0.0014673,1.345e-38,0,0.0023454,0.00030451,7.702,0.015075
4.675,0.024,0.005,-0.15651,0.00061282,6.9163e-25,0,0.0006165,0.00013382,4.6069,0.0085752
4.625,0.072,0.005,-0.16931,0.0012666,-4.9748e-25,0,0.00053852,0.00034673,1.5531,0.0086356
4.575,0.12,0.005,-0.16693,0.0020967,7.3587e-25,0,0.00074443,0.00078631,0.94673,0.0086863
4.525,0.168,0.005,-0.16132,0.0027504,-1.3461e-25,0,0.00096015,0.001299,0.73913,0.0087466
4.475,0.216,0.005,-0.15474,0.0034096,-7.5571e-26,0,0.0011571,0.0018071,0.6403,0.0088006
4.425,0.264,0.005,-0.14779,0.0040306,-3.7349e-25,0,0.001336,0.0022882,0.58387,0.0088536
4.375,0.312,0.005,-0.14065,0.0046269,-1.2237e-38,0,0.0014999,0.0027366,0.54808,0.0089046
4.325,0.36,0.005,-0.1334,0.0051971,2.9194e-25,0,0.0016508,0.0031521,0.5237,0.0089537
4.275,0.408,0.005,-0.12608,0.0057395,-1.4518e-26,0,0.0017896,0.0035363,0.50606,0.0090013
4.225,0.456,0.005,-0.11872,0.0062531,-5.6611e-25,0,0.0019167,0.0038918,0.49251,0.0090476
4.175,0.50502,0.005,-0.11121,0.0067515,-9.9342e-39,0,0.0020348,0.0042289,0.48116,0.0090929
4.125,0.55506,0.005,-0.10357,0.0072215,3.549e-25,0,0.0021419,0.0045475,0.47102,0.009136
4.075,0.60511,0.005,-0.095912,0.0076359,1.7642e-25,0,0.0022359,0.0047367,0.46126,0.0091726
4.025,0.65515,0.005,-0.088226,0.0079925,2.9634e-25,0,0.0023166,0.0048801,0.45117,0.0092024
3.975,0.70519,0.005,-0.080577,0.0082782,-4.5064e-26,0,0.0023829,0.0050446,0.44033,0.009234
3.925,0.75523,0.005,-0.073064,0.0085045,2.9605e-25,0,0.0024342,0.005248,0.42871,0.0092686
3.875,0.80528,0.005,-0.065774,0.0086826,2.9197e-25,0,0.0024705,0.0054843,0.41649,0.0093066
3.825,0.85532,0.005,-0.058757,0.0088229,-2.8663e-25,0,0.0024931,0.0057409,0.40398,0.0093477
3.775,0.90536,0.005,-0.052038,0.0089331,-9.3154e-39,0,0.0025034,0.0060054,0.39147,0.0093916
3.725,0.9554,0.005,-0.045618,0.0090195,-5.7224e-26,0,0.0025029,0.0062664,0.3792,0.0094382
3.675,1.0054,0.005,-0.039486,0.0090865,-3.1736e-25,0,0.0024931,0.0065143,0.36733,0.0094873
3.625,1.0555,0.005,-0.033624,0.0091375,-4.9985e-25,0,0.0024753,0.0067406,0.35597,0.0095392
3.575,1.1055,0.005,-0.028006,0.0091754,-2.4823e-26,0,0.0024503,0.006939,0.34518,0.0095939
3.525,1.1556,0.005,-0.022608,0.0092034,2.6455e-25,0,0.0024191,0.0071055,0.33494,0.0096516
3.475,1.2056,0.005,-0.017404,0.0092257,8.0929e-27,0,0.002382,0.0072403,0.32526,0.0097124
3.425,1.2557,0.005,-0.012369,0.0092495,2.6593e-25,0,0.0023396,0.007348,0.31609,0.0097762
3.375,1.3057,0.005,-0.0074828,0.0092851,2.8672e-25,0,0.0022922,0.007434,0.3074,0.0098432
3.325,1.3557,0.005,-0.0027312,0.0093388,-5.822e-25,0,0.0022403,0.0074877,0.2992,0.0099145
3.275,1.4058,0.005,0.0018954,0.0094026,3.1702e-25,0,0.0021842,0.0074944,0.29145,0.0099895
3.225,1.4558,0.005,0.006405,0.0094689,2.4493e-25,0,0.0021244,0.0074762,0.28415,0.010067
3.175,1.5059,0.005,0.010807,0.0095364,-4.8955e-25,0,0.0020612,0.0074329,0.2773,0.010149
3.125,1.5559,0.005,0.015113,0.0096046,5.6518e-26,0,0.0019948,0.0073472,0.27083,0.010233
3.075,1.606,0.005,0.019335,0.0096744,-3.7633e-25,0,0.0019255,0.0072237,0.2647,0.010321
3.025,1.656,0.005,0.023486,0.0097451,4.7358e-25,0,0.0018536,0.0070624,0.25891,0.010413
2.975,1.706,0.005,0.02758,0.0098167,-5.1917e-39,0,0.0017796,0.0068652,0.25346,0.010509
2.925,1.7561,0.005,0.031628,0.0098893,-1.0041e-25,0,0.0017037,0.0066352,0.24837,0.01061
2.875,1.8061,0.005,0.035643,0.0099624,2.2962e-25,0,0.0016263,0.0063753,0.24364,0.010715
2.825,1.8562,0.005,0.039634,0.010035,1.4404e-38,0,0.0015479,0.0060893,0.2393,0.010825
2.775,1.9062,0.005,0.043611,0.010105,8.6223e-25,0,0.0014687,0.0057805,0.23539,0.01094
2.725,1.9563,0.005,0.047583,0.01017,-1.6652e-25,0,0.0013893,0.0054517,0.23195,0.011061
2.675,2.0063,0.005,0.05156,0.010225,-8.8204e-25,0,0.00131,0.0051062,0.22907,0.011187
2.625,2.0563,0.005,0.055549,0.010266,3.108e-39,0,0.0012311,0.0047519,0.22684,0.011319
2.575,2.1064,0.005,0.059554,0.010286,0,0,0.0011531,0.0044063,0.22546,0.011457
2.525,2.1564,0.005,0.06356,0.010279,-2.6012e-25,0,0.0010766,0.0040994,0.22522,0.011601
2.475,2.2065,0.005,0.067517,0.010239,1.0009e-24,0,0.0010028,0.0038673,0.22666,0.011752
2.425,2.2565,0.005,0.071328,0.010165,7.7079e-25,0,0.00093358,0.0037238,0.23078,0.011908
2.375,2.3066,0.005,0.074908,0.010058,1.8439e-25,0,0.00087121,0.003588,0.23941,0.012072
2.325,2.3566,0.005,0.078333,0.0099024,-9.4309e-25,0,0.00081647,0.0031841,0.25642,0.012245
2.275,2.4066,0.005,0.081781,0.0096737,-1.789e-24,0,0.00077157,0.0026509,0.29106,0.012427
2.225,2.4567,0.005,0.085515,0.0093339,5.5013e-25,0,0.00074372,0.0020196,0.36824,0.01262
2.175,2.5067,0.005,0.090113,0.0088118,-2.3874e-24,0,0.00075451,0.0014361,0.52539,0.01282
2.125,2.5568,0.005,0.096969,0.0079826,1.4041e-24,0,0.00085882,0.0010337,0.8308,0.013028
2.075,2.6068,0.005,0.10924,0.0065667,-2.1676e-24,0,0.0011946,0.00089091,1.3409,0.013236
2.025,2.6569,0.005,0.13104,0.0044895,2.4129e-32,0,0.0019396,0.00097501,1.9893,0.013454
1.975,2.7069,0.005,0.16514,0.0018092,0,0,0.0031174,0.001097,2.6819,0.013675
1.925,2.7569,0.005,0.21465,-0.00095298,0,0,0.0045029,0.0011302,3.4697,0.013907
1.875,2.807,0.005,0.28434,-0.0036095,5.0726e-25,0,0.0051911,0.0010227,4.2174,0.014153
1.825,2.86,0.005,0.3758,-0.0041714,2.2563e-24,0,0.0036054,0.0008124,3.8364,0.01446
1.775,2.916,0.005,0.43156,-0.001152,-1.2122e-24,0,0.0013908,0.00061768,2.2517,0.014732
1.725,2.972,0.005,0.41773,-0.0014042,-1.4678e-24,0,0.0023559,0.0003052,7.7192,0.014862
4.725,0.024,0.005,-0.15746,0.00061644,1.0533e-25,0,0.00062239,0.00013446,4.6289,0.0085348
4.675,0.072,0.005,-0.17012,0.0012667,3.6604e-25,0,0.00054451,0.00034906,1.5599,0.0085946
4.625,0.12,0.005,-0.16767,0.0020883,-5.7427e-25,0,0.00075181,0.00079074,0.95077,0.008644
4.575,0.168,0.005,-0.162,0.002738,1.316e-25,0,0.00096811,0.0013047,0.742,0.0087032
4.525,0.216,0.005,-0.15539,0.0033916,-2.7033e-25,0,0.0011652,0.0018134,0.64254,0.0087561
4.475,0.264,0.005,-0.1484,0.0040068,-4.5867e-26,0,0.0013441,0.0022947,0.58575,0.008808
4.425,0.312,0.005,-0.14122,0.0045976,2.7958e-25,0,0.001508,0.002743,0.54976,0.0088578
4.375,0.36,0.005,-0.13394,0.0051629,1.0164e-29,0,0.001659,0.0031582,0.52529,0.0089059
4.325,0.408,0.005,-0.12658,0.0057006,0,0,0.0017981,0.0035419,0.50765,0.0089525
4.275,0.456,0.005,-0.11919,0.0062088,-1.9724e-27,0,0.0019256,0.0038968,0.49415,0.0089979
4.225,0.50502,0.005,-0.11165,0.0067024,-4.6906e-26,0,0.0020442,0.0042332,0.48288,0.009043
4.175,0.55506,0.005,-0.10396,0.0071641,-2.0398e-40,0,0.0021521,0.0045517,0.47281,0.0090832
4.125,0.60511,0.005,-0.096229,0.0075708,2.9019e-25,0,0.002247,0.0047078,0.46309,0.0091177
4.075,0.65515,0.005,-0.088462,0.0079164,2.9341e-25,0,0.0023287,0.004848,0.45294,0.009146
4.025,0.70519,0.005,-0.080737,0.0081893,-2.5313e-34,0,0.0023957,0.0050158,0.44198,0.0091765
3.975,0.75523,0.005,-0.073159,0.0084025,-2.9227e-25,0,0.0024474,0.0052249,0.43018,0.0092104
3.925,0.80528,0.005,-0.065814,0.0085687,1.8915e-34,0,0.002484,0.0054678,0.41778,0.0092479
3.875,0.85532,0.005,-0.058754,0.0086986,5.1747e-39,0,0.0025067,0.0057308,0.40509,0.0092885
3.825,0.90536,0.005,-0.051999,0.0088001,2.7744e-25,0,0.0025171,0.0060007,0.39243,0.009332
3.775,0.9554,0.005,-0.045551,0.0088787,5.5656e-26,0,0.0025167,0.0062665,0.38003,0.0093781
3.725,1.0054,0.005,-0.039395,0.0089389,-3.5722e-25,0,0.0025071,0.0065189,0.36805,0.0094268
3.675,1.0555,0.005,-0.033512,0.0089838,-8.6087e-25,0,0.0024895,0.0067501,0.35661,0.0094782
3.625,1.1055,0.005,-0.027878,0.0090164,-5.4758e-25,0,0.0024649,0.0069537,0.34575,0.0095323
3.575,1.1556,0.005,-0.022466,0.0090392,-2.6084e-25,0,0.002434,0.0071254,0.33549,0.0095894
3.525,1.2056,0.005,-0.017252,0.0090554,2.5346e-25,0,0.0023974,0.0072636,0.32578,0.0096495
3.475,1.2557,0.005,-0.01221,0.0090694,1.1733e-38,0,0.0023556,0.0073706,0.31661,0.0097126
3.425,1.3057,0.005,-0.0073206,0.0090883,-4.4455e-26,0,0.0023089,0.0074523,0.30794,0.0097787
3.375,1.3557,0.005,-0.0025657,0.009121,2.717e-25,0,0.0022576,0.0075118,0.29974,0.0098482
3.325,1.4058,0.005,0.0020656,0.0091706,3.2411e-26,0,0.0022022,0.0075399,0.292,0.0099217
3.275,1.4558,0.005,0.0065814,0.0092287,-7.8431e-26,0,0.002143,0.0075269,0.28471,0.0099985
3.225,1.5059,0.005,0.01099,0.0092889,8.6114e-25,0,0.0020804,0.0074808,0.27787,0.010078
3.175,1.5559,0.005,0.015302,0.0093504,-5.1072e-25,0,0.0020146,0.0073961,0.27143,0.010161
3.125,1.606,0.005,0.019531,0.0094122,6.2535e-26,0,0.0019459,0.0072738,0.26533,0.010247
3.075,1.656,0.005,0.02369,0.0094741,1.3208e-38,0,0.0018746,0.0071138,0.25957,0.010338
3.025,1.706,0.005,0.027793,0.0095366,-1.6836e-25,0,0.0018009,0.0069178,0.25416,0.010432
2.975,1.7561,0.005,0.03185,0.0095994,4.4289e-25,0,0.0017253,0.0066885,0.24911,0.01053
2.925,1.8061,0.005,0.035875,0.0096623,-1.4575e-25,0,0.0016481,0.0064291,0.24442,0.010633
2.875,1.8562,0.005,0.039878,0.0097247,-7.81e-25,0,0.0015697,0.0061428,0.24011,0.010741
2.825,1.9062,0.005,0.043868,0.0097847,5.604e-25,0,0.0014904,0.0058327,0.23624,0.010854
2.775,1.9563,0.005,0.047856,0.0098401,-1.5911e-25,0,0.0014106,0.0055013,0.23284,0.010971
2.725,2.0063,0.005,0.051853,0.0098869,9.8503e-25,0,0.0013307,0.0051525,0.23,0.011094
2.675,2.0563,0.005,0.055867,0.0099203,-4.0014e-38,0,0.0012511,0.0047951,0.22783,0.011222
2.625,2.1064,0.005,0.059901,0.0099343,-1.4047e-24,0,0.0011723,0.0044486,0.22654,0.011357
2.575,2.1564,0.005,0.063937,0.0099235,-6.4403e-25,0,0.0010948,0.0041444,0.22643,0.011497
2.525,2.2065,0.005,0.067923,0.0098851,6.9436e-25,0,0.00102,0.0039182,0.22809,0.011643
2.475,2.2565,0.005,0.071762,0.0098168,-4.5819e-25,0,0.00095,0.003777,0.23259,0.011795
2.425,2.3066,0.005,0.075375,0.0097185,3.0505e-25,0,0.00088705,0.0036325,0.24185,0.011953
2.375,2.3566,0.005,0.078852,0.0095706,-3.5106e-25,0,0.00083192,0.0031998,0.26,0.01212
2.325,2.4066,0.005,0.082386,0.0093499,-6.5919e-25,0,0.0007871,0.002651,0.29691,0.012296
2.275,2.4567,0.005,0.086259,0.0090184,4.4184e-41,0,0.00076049,0.0020059,0.37913,0.012481
2.225,2.5067,0.005,0.091103,0.0085014,1.6746e-24,0,0.0007754,0.0014244,0.54439,0.012675
2.175,2.5568,0.005,0.098388,0.0076721,-6.6976e-25,0,0.00088909,0.001041,0.85406,0.012875
2.125,2.6068,0.005,0.11129,0.0062553,1.3076e-24,0,0.0012406,0.0009107,1.3622,0.013076
2.075,2.6569,0.005,0.13364,0.0042043,-1.301e-24,0,0.0019933,0.0009995,1.9943,0.013289
2.025,2.7069,0.005,0.16803,0.0015973,-2.652e-24,0,0.0031547,0.0011089,2.667,0.013504
1.975,2.7569,0.005,0.21741,-0.001087,0,0,0.0044982,0.0011415,3.4342,0.013729
1.925,2.807,0.005,0.28601,-0.0036171,9.6766e-25,0,0.0051365,0.001036,4.1512,0.01397
1.875,2.86,0.005,0.37476,-0.0041706,-7.6379e-25,0,0.0036268,0.00083546,3.8021,0.014264
1.825,2.916,0.005,0.43021,-0.0012373,1.1802e-24,0,0.0014241,0.00062161,2.291,0.014531
1.775,2.972,0.005,0.41668,-0.0013435,1.3167e-24,0,0.0023651,0.00030579,7.7343,0.014656
4.775,0.024,0.005,-0.15841,0.00062017,1.057e-25,0,0.00062833,0.0001351,4.6509,0.0084955
4.725,0.072,0.005,-0.17093,0.0012662,3.6151e-25,0,0.00055062,0.00035144,1.5668,0.0085544
4.675,0.12,0.005,-0.1684,0.0020808,-4.1898e-25,0,0.0007593,0.00079526,0.95478,0.0086024
4.625,0.168,0.005,-0.16268,0.0027255,3.7164e-25,0,0.00097618,0.0013106,0.74486,0.0086606
4.575,0.216,0.005,-0.15602,0.0033737,-7.3263e-26,0,0.0011734,0.0018199,0.64476,0.0087126
4.525,0.264,0.005,-0.149,0.003983,-4.5168e-26,0,0.0013522,0.0023012,0.58761,0.0087634
4.475,0.312,0.005,-0.14179,0.0045681,-1.9227e-26,0,0.0015161,0.0027494,0.55142,0.0088121
4.425,0.36,0.005,-0.13447,0.0051284,1.0344e-27,0,0.0016671,0.0031641,0.52686,0.0088591
4.375,0.408,0.005,-0.12709,0.0056617,2.6913e-25,0,0.0018064,0.0035473,0.50921,0.0089046
4.325,0.456,0.005,-0.11966,0.0061654,4.7673e-25,0,0.0019342,0.0039016,0.49576,0.008949
4.275,0.50502,0.005,-0.11208,0.006654,-2.1958e-25,0,0.0020532,0.0042371,0.48458,0.0089934
4.225,0.55506,0.005,-0.10433,0.0071063,-2.7667e-25,0,0.002162,0.0045378,0.47459,0.0090313
4.175,0.60511,0.005,-0.096534,0.007505,-5.4379e-25,0,0.0022578,0.0046769,0.46489,0.0090628
4.125,0.65515,0.005,-0.088684,0.0078383,-5.8049e-39,0,0.0023404,0.0048153,0.45467,0.0090903
4.075,0.70519,0.005,-0.080883,0.008099,4.1792e-25,0,0.0024082,0.0049878,0.44357,0.0091199
4.025,0.75523,0.005,-0.073241,0.0083001,-1.5019e-39,0,0.0024602,0.0052029,0.43159,0.0091533
3.975,0.80528,0.005,-0.065844,0.0084551,-1.9125e-25,0,0.0024971,0.0054521,0.419,0.0091901
3.925,0.85532,0.005,-0.058742,0.0085749,4.7998e-25,0,0.0025199,0.0057211,0.40613,0.0092302
3.875,0.90536,0.005,-0.051954,0.0086678,6.5611e-26,0,0.0025303,0.0059965,0.39331,0.0092732
3.825,0.9554,0.005,-0.045478,0.0087391,0,0,0.0025301,0.0062671,0.38078,0.0093189
3.775,1.0054,0.005,-0.039299,0.008793,2.6397e-25,0,0.0025206,0.006524,0.36871,0.0093671
3.725,1.0555,0.005,-0.033397,0.0088323,2.6041e-25,0,0.0025031,0.0067597,0.35719,0.009418
3.675,1.1055,0.005,-0.027747,0.0088599,-4.9281e-25,0,0.0024788,0.0069683,0.34627,0.0094715
3.625,1.1556,0.005,-0.022323,0.0088781,2.2765e-39,0,0.0024483,0.0071452,0.33597,0.0095279
3.575,1.2056,0.005,-0.017098,0.0088895,-3.6902e-27,0,0.0024122,0.0072883,0.32625,0.0095873
3.525,1.2557,0.005,-0.012049,0.0088973,-5.1764e-25,0,0.002371,0.0073979,0.31708,0.0096498
3.475,1.3057,0.005,-0.0071559,0.0089059,1.4335e-26,0,0.0023249,0.0074777,0.30842,0.0097151
3.425,1.3557,0.005,-0.002399,0.0089221,2.6564e-25,0,0.0022743,0.0075337,0.30023,0.0097833
3.375,1.4058,0.005,0.0022352,0.0089529,-3.083e-26,0,0.0022195,0.0075666,0.29251,0.0098549
3.325,1.4558,0.005,0.0067554,0.0089985,-3.7479e-26,0,0.0021609,0.007566,0.28524,0.0099303
3.275,1.5059,0.005,0.01117,0.0090512,-3.6955e-25,0,0.0020989,0.0075252,0.27842,0.010009
3.225,1.5559,0.005,0.015488,0.009106,2.8837e-25,0,0.0020338,0.0074441,0.272,0.01009
3.175,1.606,0.005,0.019724,0.0091608,6.0543e-26,0,0.0019657,0.0073236,0.26593,0.010175
3.125,1.656,0.005,0.023891,0.0092153,-5.4531e-25,0,0.0018949,0.007165,0.26021,0.010263
3.075,1.706,0.005,0.028001,0.0092695,8.132e-26,0,0.0018217,0.0069705,0.25484,0.010356
3.025,1.7561,0.005,0.032067,0.0093238,-9.3147e-26,0,0.0017464,0.0067423,0.24983,0.010452
2.975,1.8061,0.005,0.036101,0.0093777,1.0608e-25,0,0.0016694,0.0064835,0.24518,0.010553
2.925,1.8562,0.005,0.040114,0.0094309,3.8004e-25,0,0.0015911,0.0061971,0.24092,0.010659
2.875,1.9062,0.005,0.044117,0.0094819,-1.3539e-25,0,0.0015117,0.0058857,0.23709,0.010768
2.825,1.9563,0.005,0.04812,0.0095285,5.9194e-25,0,0.0014316,0.0055519,0.23374,0.010883
2.775,2.0063,0.005,0.052135,0.0095672,-1.7062e-25,0,0.0013513,0.0051998,0.23095,0.011003
2.725,2.0563,0.005,0.056172,0.0095935,-7.1365e-25,0,0.0012711,0.0048397,0.22886,0.011128
2.675,2.1064,0.005,0.060232,0.0096019,8.5421e-33,0,0.0011914,0.0044924,0.22766,0.011258
2.625,2.1564,0.005,0.064297,0.0095879,-2.3643e-25,0,0.001113,0.0041913,0.22771,0.011395
2.575,2.2065,0.005,0.068308,0.0095496,-2.5547e-25,0,0.0010373,0.0039712,0.22962,0.011537
2.525,2.2565,0.005,0.072171,0.009487,2.3995e-24,0,0.00096661,0.0038312,0.23454,0.011684
2.475,2.3066,0.005,0.075815,0.009397,-2.8747e-25,0,0.00090315,0.0036766,0.24447,0.011837
2.425,2.3566,0.005,0.079346,0.0092569,3.313e-25,0,0.00084771,0.0032137,0.26378,0.011998
2.375,2.4066,0.005,0.082968,0.0090431,0,0,0.00080307,0.0026503,0.30301,0.012168
2.325,2.4567,0.005,0.086984,0.0087174,-5.0247e-25,0,0.00077787,0.0019935,0.39021,0.012347
2.275,2.5067,0.005,0.09208,0.0082026,-5.9764e-25,0,0.00079717,0.0014145,0.56356,0.012534
2.225,2.5568,0.005,0.099801,0.0073673,6.4722e-25,0,0.00092068,0.0010498,0.87703,0.012727
2.175,2.6068,0.005,0.11331,0.0059548,3.9891e-38,0,0.0012874,0.00093143,1.3821,0.012922
2.125,2.6569,0.005,0.13619,0.0039322,-5.757e-25,0,0.0020464,0.0010243,1.9979,0.013128
2.075,2.7069,0.005,0.17084,0.0013935,4.8781e-25,0,0.0031903,0.0011207,2.6517,0.013338
2.025,2.7569,0.005,0.22007,-0.0012156,-9.0416e-25,0,0.0044922,0.0011528,3.3991,0.013557
1.975,2.807,0.005,0.28759,-0.0036249,-7.243e-25,0,0.0050829,0.0010492,4.0864,0.013793
1.925,2.86,0.005,0.37377,-0.0041679,5.1615e-25,0,0.0036432,0.00085797,3.7652,0.014073
1.875,2.916,0.005,0.42882,-0.0013199,1.1497e-24,0,0.0014565,0.00062553,2.3284,0.014336
1.825,2.972,0.005,0.41562,-0.0012851,1.3991e-24,0,0.0023731,0.00030631,7.7474,0.014455
4.825,0.024,0.005,-0.15935,0.00062398,-5.3165e-25,0,0.00063433,0.00013574,4.6731,0.0084572
4.775,0.072,0.005,-0.17174,0.0012654,6.3521e-25,0,0.00055688,0.00035389,1.5736,0.0085153
4.725,0.12,0.005,-0.16913,0.0020756,6.8036e-25,0,0.00076692,0.00079989,0.95878,0.0085618
4.675,0.168,0.005,-0.16335,0.0027136,-1.2133e-24,0,0.00098436,0.0013165,0.74771,0.0086189
4.625,0.216,0.005,-0.15665,0.0033559,3.9994e-25,0,0.0011816,0.0018264,0.64698,0.00867
4.575,0.264,0.005,-0.1496,0.0039595,-8.9294e-26,0,0.0013604,0.0023078,0.58946,0.0087198
4.525,0.312,0.005,-0.14236,0.0045387,-5.7978e-39,0,0.0015241,0.0027557,0.55306,0.0087674
4.475,0.36,0.005,-0.13501,0.0050935,-2.7214e-25,0,0.001675,0.0031699,0.52841,0.0088132
4.425,0.408,0.005,-0.12758,0.0056223,-1.7323e-26,0,0.0018144,0.0035525,0.51075,0.0088575
4.375,0.456,0.005,-0.12012,0.006122,-2.8269e-25,0,0.0019426,0.003906,0.49734,0.0089009
4.325,0.50502,0.005,-0.1125,0.0066058,-2.7413e-25,0,0.0020621,0.0042407,0.48626,0.0089442
4.275,0.55506,0.005,-0.1047,0.0070506,1.7107e-25,0,0.0021715,0.0045124,0.47634,0.0089801
4.225,0.60511,0.005,-0.096826,0.0074395,-4.1997e-25,0,0.0022684,0.0046442,0.46665,0.0090084
4.175,0.65515,0.005,-0.088893,0.0077586,-2.8868e-25,0,0.0023519,0.0047817,0.45635,0.0090352
4.125,0.70519,0.005,-0.081016,0.0080071,1.6144e-25,0,0.0024202,0.00496,0.4451,0.0090642
4.075,0.75523,0.005,-0.07331,0.0081968,-5.0588e-40,0,0.0024726,0.0051818,0.43293,0.009097
4.025,0.80528,0.005,-0.065863,0.0083414,-9.1597e-26,0,0.0025096,0.0054375,0.42014,0.0091333
3.975,0.85532,0.005,-0.058722,0.0084518,-5.5062e-25,0,0.0025325,0.0057122,0.4071,0.0091728
3.925,0.90536,0.005,-0.051902,0.0085363,0,0,0.002543,0.0059927,0.39412,0.0092153
3.875,0.9554,0.005,-0.045399,0.0086006,-5.2734e-26,0,0.0025428,0.0062681,0.38147,0.0092605
3.825,1.0054,0.005,-0.039199,0.0086485,-1.7578e-25,0,0.0025335,0.0065294,0.36929,0.0093082
3.775,1.0555,0.005,-0.033279,0.0086827,1.0596e-24,0,0.0025162,0.0067695,0.3577,0.0093585
3.725,1.1055,0.005,-0.027614,0.0087057,5.5398e-25,0,0.0024921,0.0069826,0.34673,0.0094115
3.675,1.1556,0.005,-0.022177,0.0087197,2.0158e-39,0,0.002462,0.0071646,0.33639,0.0094673
3.625,1.2056,0.005,-0.016943,0.0087271,-5.0701e-25,0,0.0024263,0.0073128,0.32665,0.0095259
3.575,1.2557,0.005,-0.011887,0.0087303,2.5497e-25,0,0.0023856,0.0074267,0.31748,0.0095876
3.525,1.3057,0.005,-0.0069895,0.0087325,2.434e-25,0,0.0023402,0.0075082,0.30884,0.0096522
3.475,1.3557,0.005,-0.0022304,0.0087379,-5.2203e-25,0,0.0022902,0.0075616,0.30068,0.0097196
3.425,1.4058,0.005,0.002405,0.0087527,8.8746e-26,0,0.0022361,0.007592,0.29298,0.0097898
3.375,1.4558,0.005,0.0069281,0.0087818,-2.696e-25,0,0.0021782,0.0075967,0.28573,0.0098632
3.325,1.5059,0.005,0.011347,0.0088234,-6.7943e-25,0,0.0021169,0.0075649,0.27893,0.0099401
3.275,1.5559,0.005,0.015672,0.0088708,2.8191e-25,0,0.0020523,0.0074901,0.27254,0.01002
3.225,1.606,0.005,0.019914,0.0089193,2.9025e-25,0,0.0019848,0.007373,0.2665,0.010103
3.175,1.656,0.005,0.024088,0.0089674,6.8224e-26,0,0.0019145,0.0072164,0.26082,0.01019
3.125,1.706,0.005,0.028205,0.0090146,-3.9216e-25,0,0.0018418,0.0070234,0.2555,0.010281
3.075,1.7561,0.005,0.032279,0.0090613,-3.292e-25,0,0.001767,0.0067965,0.25053,0.010376
3.025,1.8061,0.005,0.036322,0.0091073,5.5186e-25,0,0.0016903,0.0065384,0.24593,0.010475
2.975,1.8562,0.005,0.040344,0.0091522,3.7e-25,0,0.001612,0.0062518,0.24172,0.010578
2.925,1.9062,0.005,0.044359,0.009195,-3.963e-25,0,0.0015326,0.0059393,0.23794,0.010685
2.875,1.9563,0.005,0.048376,0.0092337,-4.2746e-25,0,0.0014524,0.0056032,0.23464,0.010797
2.825,2.0063,0.005,0.052408,0.009265,-1.6304e-25,0,0.0013717,0.0052483,0.23193,0.010914
2.775,2.0563,0.005,0.056465,0.0092847,3.2399e-25,0,0.0012909,0.0048858,0.22992,0.011036
2.725,2.1064,0.005,0.060549,0.0092881,1.4569e-24,0,0.0012104,0.0045383,0.22884,0.011163
2.675,2.1564,0.005,0.064638,0.0092711,-2.2541e-25,0,0.0011312,0.0042405,0.22906,0.011295
2.625,2.2065,0.005,0.068672,0.0092329,-4.0276e-25,0,0.0010548,0.0040256,0.23125,0.011433
2.575,2.2565,0.005,0.072555,0.0091749,-6.8612e-25,0,0.00098344,0.0038854,0.23661,0.011577
2.525,2.3066,0.005,0.076231,0.0090907,9.4757e-25,0,0.0009195,0.0037187,0.24727,0.011725
2.475,2.3566,0.005,0.079817,0.0089598,7.7325e-25,0,0.00086384,0.0032256,0.26781,0.01188
2.425,2.4066,0.005,0.083529,0.0087522,2.0459e-24,0,0.00081949,0.002649,0.30936,0.012043
2.375,2.4567,0.005,0.087692,0.0084307,3.1273e-25,0,0.00079588,0.0019824,0.40147,0.012217
2.325,2.5067,0.005,0.093048,0.0079156,1.0063e-24,0,0.00081985,0.0014067,0.58284,0.012398
2.275,2.5568,0.005,0.10121,0.0070686,1.8223e-24,0,0.00095346,0.0010597,0.89971,0.012584
2.225,2.6068,0.005,0.11531,0.0056639,6.0405e-25,0,0.0013347,0.00095297,1.4006,0.012774
2.175,2.6569,0.005,0.13869,0.0036707,2.2578e-24,0,0.0020988,0.0010493,2.0002,0.012973
2.125,2.7069,0.005,0.17356,0.0011981,-9.4948e-25,0,0.0032248,0.0011327,2.6362,0.013178
2.075,2.7569,0.005,0.22264,-0.0013389,-1.7783e-24,0,0.0044851,0.0011639,3.3646,0.01339
2.025,2.807,0.005,0.2891,-0.0036328,4.9607e-25,0,0.0050303,0.0010624,4.023,0.013621
1.975,2.86,0.005,0.37282,-0.0041631,1.6188e-24,0,0.0036548,0.00087996,3.7263,0.013888
1.925,2.916,0.005,0.42741,-0.0013941,5.6166e-27,0,0.0014878,0.00062942,2.3638,0.014146
1.875,2.972,0.005,0.41455,-0.0012301,0,0,0.0023799,0.00030675,7.7585,0.01426
4.875,0.024,0.005,-0.1603,0.00062789,1.8225e-38,0,0.00064038,0.00013639,4.6953,0.0084201
4.825,0.072,0.005,-0.17255,0.0012645,3.5746e-25,0,0.00056328,0.0003564,1.5805,0.0084772
4.775,0.12,0.005,-0.16985,0.0020713,1.4047e-38,0,0.00077471,0.00080465,0.96279,0.0085224
4.725,0.168,0.005,-0.16401,0.0027026,1.8121e-38,0,0.00099267,0.0013226,0.75055,0.0085784
4.675,0.216,0.005,-0.15727,0.0033385,-3.1813e-25,0,0.0011899,0.001833,0.64918,0.0086284
4.625,0.264,0.005,-0.15018,0.0039362,0,0,0.0013685,0.0023145,0.59128,0.0086772
4.575,0.312,0.005,-0.14291,0.0045094,-2.954e-25,0,0.001532,0.002762,0.55468,0.0087238
4.525,0.36,0.005,-0.13553,0.0050582,-4.1114e-39,0,0.0016829,0.0031756,0.52993,0.0087685
4.475,0.408,0.005,-0.12807,0.0055822,-2.567e-25,0,0.0018223,0.0035574,0.51226,0.0088115
4.425,0.456,0.005,-0.12058,0.0060783,-5.7017e-26,0,0.0019508,0.0039101,0.4989,0.0088537
4.375,0.50502,0.005,-0.11292,0.006557,2.0548e-25,0,0.0020706,0.0042438,0.48791,0.0088957
4.325,0.55506,0.005,-0.10506,0.006995,2.1962e-25,0,0.0021808,0.0044857,0.47807,0.0089297
4.275,0.60511,0.005,-0.097105,0.007374,1.4141e-25,0,0.0022786,0.0046104,0.46837,0.0089553
4.225,0.65515,0.005,-0.089089,0.0076784,-1.2477e-39,0,0.002363,0.0047481,0.45798,0.008981
4.175,0.70519,0.005,-0.081136,0.0079141,-2.8444e-25,0,0.0024319,0.0049322,0.44656,0.0090094
4.125,0.75523,0.005,-0.073368,0.0080925,-3.8854e-25,0,0.0024846,0.0051613,0.43419,0.0090416
4.075,0.80528,0.005,-0.065873,0.0082272,-9.0229e-26,0,0.0025217,0.0054236,0.42121,0.0090774
4.025,0.85532,0.005,-0.058693,0.0083289,-5.43e-25,0,0.0025446,0.0057041,0.40798,0.0091163
3.975,0.90536,0.005,-0.051842,0.0084057,-6.2684e-26,0,0.0025552,0.0059895,0.39486,0.0091582
3.925,0.9554,0.005,-0.045316,0.0084632,0,0,0.0025551,0.0062693,0.38208,0.0092029
3.875,1.0054,0.005,-0.039095,0.0085053,-8.2273e-26,0,0.0025459,0.006535,0.36981,0.0092501
3.825,1.0555,0.005,-0.033158,0.0085348,-4.7506e-25,0,0.0025288,0.0067793,0.35815,0.0092998
3.775,1.1055,0.005,-0.027479,0.0085536,5.0152e-25,0,0.0025049,0.0069969,0.34713,0.0093522
3.725,1.1556,0.005,-0.02203,0.0085638,1.2549e-26,0,0.0024751,0.0071836,0.33675,0.0094073
3.675,1.2056,0.005,-0.016787,0.0085676,-2.5303e-25,0,0.0024398,0.0073368,0.327,0.0094653
3.625,1.2557,0.005,-0.011725,0.0085671,2.4454e-38,0,0.0023996,0.0074556,0.31784,0.0095262
3.575,1.3057,0.005,-0.0068222,0.0085647,-2.7561e-26,0,0.0023548,0.0075406,0.30921,0.00959
3.525,1.3557,0.005,-0.0020606,0.0085633,2.5702e-25,0,0.0023055,0.0075946,0.30108,0.0096566
3.475,1.4058,0.005,0.0025759,0.0085671,1.4471e-38,0,0.0022521,0.007622,0.29341,0.0097258
3.425,1.4558,0.005,0.0071002,0.0085811,-7.077e-26,0,0.0021949,0.0076253,0.28619,0.0097978
3.375,1.5059,0.005,0.011523,0.0086082,2.6837e-25,0,0.0021342,0.0075989,0.27942,0.0098729
3.325,1.5559,0.005,0.015852,0.0086456,-5.5068e-25,0,0.0020702,0.0075322,0.27305,0.0099514
3.275,1.606,0.005,0.020101,0.0086872,-1.6943e-25,0,0.0020033,0.0074207,0.26705,0.010033
3.225,1.656,0.005,0.024281,0.0087295,6.6078e-26,0,0.0019336,0.0072675,0.26141,0.010119
3.175,1.706,0.005,0.028405,0.0087708,-7.5887e-26,0,0.0018614,0.0070764,0.25613,0.010208
3.125,1.7561,0.005,0.032486,0.0088109,-8.6566e-26,0,0.001787,0.0068509,0.25121,0.010301
3.075,1.8061,0.005,0.036537,0.00885,9.8152e-26,0,0.0017106,0.0065935,0.24666,0.010397
3.025,1.8562,0.005,0.040568,0.0088877,2.212e-33,0,0.0016326,0.0063069,0.24251,0.010498
2.975,1.9062,0.005,0.044593,0.0089231,1.315e-38,0,0.0015532,0.0059933,0.23879,0.010603
2.925,1.9563,0.005,0.048623,0.0089544,1.3925e-25,0,0.0014728,0.0056552,0.23556,0.010713
2.875,2.0063,0.005,0.052671,0.0089789,6.7904e-39,0,0.0013918,0.0052978,0.23292,0.010827
2.825,2.0563,0.005,0.056747,0.0089928,1.7464e-25,0,0.0013105,0.0049335,0.23101,0.010945
2.775,2.1064,0.005,0.060853,0.0089916,-1.0723e-24,0,0.0012294,0.0045864,0.23006,0.011069
2.725,2.1564,0.005,0.064964,0.0089723,-3.665e-25,0,0.0011495,0.0042922,0.23048,0.011198
2.675,2.2065,0.005,0.069016,0.0089343,-1.2471e-24,0,0.0010724,0.004082,0.23298,0.011332
2.625,2.2565,0.005,0.072917,0.0088801,-4.2462e-25,0,0.0010005,0.0039392,0.23882,0.011472
2.575,2.3066,0.005,0.076624,0.0087998,2.5202e-25,0,0.0009361,0.0037404,0.25027,0.011615
2.525,2.3566,0.005,0.080265,0.0086771,8.3023e-25,0,0.00088031,0.0032346,0.27216,0.011765
2.475,2.4066,0.005,0.084071,0.0084754,9.9411e-25,0,0.00083637,0.0026456,0.31613,0.011923
2.425,2.4567,0.005,0.088386,0.0081572,5.7728e-38,0,0.00081457,0.0019725,0.41295,0.01209
2.375,2.5067,0.005,0.094009,0.0076402,-1.527e-24,0,0.00084346,0.0014007,0.60217,0.012265
2.325,2.5568,0.005,0.10262,0.0067795,-1.7516e-24,0,0.00098738,0.0010709,0.922,0.012445
2.275,2.6068,0.005,0.11728,0.0053837,2.3429e-24,0,0.0013821,0.0009751,1.4174,0.012632
2.225,2.6569,0.005,0.14112,0.0034125,-1.6236e-24,0,0.00215,0.0010706,2.0013,0.012823
2.175,2.7069,0.005,0.17621,0.0010122,-1.461e-24,0,0.0032584,0.0011448,2.6206,0.013021
2.125,2.7569,0.005,0.22511,-0.0014569,2.1643e-24,0,0.0044765,0.0011748,3.3303,0.013228
2.075,2.807,0.005,0.29053,-0.0036409,-1.1543e-24,0,0.0049788,0.0010756,3.9608,0.013454
2.025,2.86,0.005,0.37189,-0.0041563,0,0,0.0036622,0.00090146,3.6858,0.01371
1.975,2.916,0.005,0.42597,-0.0014653,-5.1459e-27,0,0.001518,0.00063324,2.3972,0.013961
1.925,2.972,0.005,0.41347,-0.0011811,-1.2182e-24,0,0.0023857,0.00030712,7.768,0.01407
4.925,0.024,0.005,-0.16125,0.00063191,4.937e-25,0,0.00064649,0.00013704,4.7176,0.0083841
4.875,0.072,0.005,-0.17335,0.0012635,-1.7807e-25,0,0.00056982,0.00035898,1.5873,0.0084403
4.825,0.12,0.005,-0.17056,0.0020667,6.4602e-25,0,0.00078266,0.00080954,0.9668,0.0084842
4.775,0.168,0.005,-0.16467,0.002692,3.384e-25,0,0.0010011,0.0013288,0.75338,0.008539
4.725,0.216,0.005,-0.15789,0.0033216,-1.4477e-25,0,0.0011984,0.0018398,0.65136,0.0085878
4.675,0.264,0.005,-0.15077,0.0039134,-4.3912e-26,0,0.0013767,0.0023212,0.59309,0.0086356
4.625,0.312,0.005,-0.14346,0.0044806,-1.7848e-26,0,0.0015399,0.0027682,0.55627,0.0086812
4.575,0.36,0.005,-0.13605,0.0050229,2.5798e-25,0,0.0016906,0.0031812,0.53142,0.0087248
4.525,0.408,0.005,-0.12856,0.0055411,-1.8576e-26,0,0.00183,0.0035621,0.51375,0.0087666
4.475,0.456,0.005,-0.12103,0.0060342,-2.7447e-25,0,0.0019587,0.003914,0.50044,0.0088075
4.425,0.50502,0.005,-0.11333,0.0065077,0,0,0.0020789,0.0042467,0.48953,0.008848
4.375,0.55506,0.005,-0.10541,0.0069379,-1.5053e-25,0,0.0021898,0.0044574,0.47976,0.00888
4.325,0.60511,0.005,-0.097371,0.0073074,-1.2846e-26,0,0.0022886,0.0045757,0.47004,0.0089034
4.275,0.65515,0.005,-0.089271,0.0075982,-1.2482e-39,0,0.0023737,0.0047147,0.45955,0.0089279
4.225,0.70519,0.005,-0.081243,0.0078205,-1.5612e-25,0,0.0024431,0.0049046,0.44795,0.0089556
4.175,0.75523,0.005,-0.073415,0.0079875,1.7184e-25,0,0.002496,0.0051411,0.43538,0.0089871
4.125,0.80528,0.005,-0.065872,0.0081125,8.889e-26,0,0.0025332,0.0054103,0.42219,0.0090223
4.075,0.85532,0.005,-0.058656,0.0082059,5.3543e-25,0,0.0025562,0.0056965,0.40879,0.0090607
4.025,0.90536,0.005,-0.051777,0.0082755,1.2285e-25,0,0.0025668,0.0059869,0.39552,0.0091021
3.975,0.9554,0.005,-0.045227,0.0083267,5.0225e-26,0,0.0025668,0.006271,0.38262,0.0091461
3.925,1.0054,0.005,-0.038987,0.0083635,5.8623e-25,0,0.0025577,0.0065407,0.37026,0.0091927
3.875,1.0555,0.005,-0.033034,0.0083884,6.0928e-35,0,0.0025408,0.0067892,0.35853,0.0092419
3.825,1.1055,0.005,-0.027342,0.0084034,-5.1548e-25,0,0.0025172,0.0070111,0.34746,0.0092937
3.775,1.1556,0.005,-0.021883,0.0084102,2.4583e-25,0,0.0024876,0.0072024,0.33706,0.0093482
3.725,1.2056,0.005,-0.016631,0.0084108,4.9482e-25,0,0.0024528,0.0073603,0.3273,0.0094055
3.675,1.2557,0.005,-0.011562,0.0084071,2.4703e-25,0,0.0024131,0.0074839,0.31813,0.0094656
3.625,1.3057,0.005,-0.0066547,0.0084012,-4.9896e-25,0,0.0023688,0.0075732,0.30952,0.0095286
3.575,1.3557,0.005,-0.0018901,0.0083952,-2.1118e-26,0,0.0023202,0.0076298,0.30143,0.0095944
3.525,1.4058,0.005,0.0027477,0.0083918,5.1044e-25,0,0.0022675,0.0076567,0.2938,0.0096627
3.475,1.4558,0.005,0.0072727,0.0083947,2.5729e-25,0,0.0022109,0.007657,0.28662,0.0097336
3.425,1.5059,0.005,0.011697,0.0084078,-2.0436e-25,0,0.0021509,0.0076303,0.27988,0.0098073
3.375,1.5559,0.005,0.01603,0.0084323,2.6846e-25,0,0.0020876,0.0075691,0.27354,0.0098841
3.325,1.606,0.005,0.020284,0.0084651,-5.5388e-25,0,0.0020212,0.007465,0.26757,0.0099644
3.275,1.656,0.005,0.02447,0.0085011,3.5098e-25,0,0.0019521,0.0073172,0.26197,0.010048
3.225,1.706,0.005,0.0286,0.008537,2.2565e-25,0,0.0018805,0.0071291,0.25674,0.010136
3.175,1.7561,0.005,0.032689,0.0085717,-8.3481e-26,0,0.0018065,0.0069053,0.25187,0.010227
3.125,1.8061,0.005,0.036747,0.0086047,0,0,0.0017305,0.0066488,0.24738,0.010321
3.075,1.8562,0.005,0.040786,0.0086361,4.5744e-25,0,0.0016527,0.0063622,0.24329,0.01042
3.025,1.9062,0.005,0.044821,0.0086649,-1.1919e-25,0,0.0015734,0.0060476,0.23963,0.010523
2.975,1.9563,0.005,0.048862,0.0086897,6.752e-25,0,0.001493,0.0057077,0.23648,0.01063
2.925,2.0063,0.005,0.052925,0.0087079,-2.9853e-25,0,0.0014117,0.0053482,0.23393,0.010741
2.875,2.0563,0.005,0.057018,0.0087164,-1.2658e-38,0,0.00133,0.0049827,0.23213,0.010857
2.825,2.1064,0.005,0.061143,0.0087113,-5.1925e-25,0,0.0012483,0.0046367,0.23133,0.010978
2.775,2.1564,0.005,0.065274,0.0086901,2.0523e-25,0,0.0011677,0.0043464,0.23197,0.011103
2.725,2.2065,0.005,0.069342,0.0086529,8.2212e-25,0,0.00109,0.0041404,0.2348,0.011234
2.675,2.2565,0.005,0.073259,0.0086022,2.2581e-25,0,0.0010177,0.0039927,0.24117,0.011369
2.625,2.3066,0.005,0.076998,0.0085256,-1.6343e-24,0,0.00095299,0.0037597,0.25347,0.011508
2.575,2.3566,0.005,0.080696,0.0084073,-1.3371e-24,0,0.0008971,0.0032398,0.2769,0.011653
2.525,2.4066,0.005,0.084595,0.0082103,-9.1141e-25,0,0.00085372,0.0026371,0.32373,0.011805
2.475,2.4567,0.005,0.089069,0.0078953,-7.7046e-25,0,0.00083397,0.0019629,0.42488,0.011967
2.425,2.5067,0.005,0.094965,0.0073755,-1.4805e-24,0,0.00086802,0.0013966,0.62151,0.012136
2.375,2.5568,0.005,0.10402,0.0065013,1.1585e-24,0,0.0010223,0.0010833,0.94376,0.01231
2.325,2.6068,0.005,0.11921,0.0051133,-1.6865e-24,0,0.0014294,0.00099779,1.4326,0.012492
2.275,2.6569,0.005,0.1435,0.0031627,3.5685e-24,0,0.0021994,0.0010837,2.0012,0.012678
2.225,2.7069,0.005,0.17879,0.00083535,-4.3991e-25,0,0.0032909,0.0011571,2.6049,0.012867
2.175,2.7569,0.005,0.2275,-0.0015701,8.8213e-33,0,0.0044664,0.0011855,3.2963,0.01307
2.125,2.807,0.005,0.2919,-0.003649,-1.0142e-24,0,0.0049281,0.0010887,3.9,0.013291
2.075,2.86,0.005,0.371,-0.0041476,4.0656e-25,0,0.0036657,0.0009225,3.6441,0.013537
2.025,2.916,0.005,0.42452,-0.0015331,0,0,0.001547,0.00063697,2.4287,0.013782
1.975,2.972,0.005,0.41238,-0.0011352,-1.1637e-25,0,0.0023905,0.00030743,7.7758,0.013886
4.975,0.024,0.005,-0.16221,0.00063605,-3.6693e-25,0,0.00065265,0.00013769,4.7401,0.0083492
4.925,0.072,0.005,-0.17414,0.0012625,3.5505e-25,0,0.00057652,0.00036163,1.5942,0.0084045
4.875,0.12,0.005,-0.17127,0.0020621,-2.6388e-25,0,0.00079079,0.00081457,0.97081,0.0084471
4.825,0.168,0.005,-0.16533,0.0026814,5.2785e-25,0,0.0010097,0.0013352,0.75621,0.0085007
4.775,0.216,0.005,-0.15851,0.0033051,2.9915e-25,0,0.0012069,0.0018467,0.65353,0.0085483
4.725,0.264,0.005,-0.15135,0.0038908,-8.6393e-26,0,0.0013848,0.002328,0.59487,0.008595
4.675,0.312,0.005,-0.14401,0.0044524,2.6341e-25,0,0.0015477,0.0027745,0.55783,0.0086395
4.625,0.36,0.005,-0.13656,0.0049883,-2.4923e-25,0,0.0016981,0.0031866,0.53289,0.0086821
4.575,0.408,0.005,-0.12904,0.0054996,0,0,0.0018375,0.0035666,0.5152,0.008723
4.525,0.456,0.005,-0.12147,0.0059896,-6.8178e-26,0,0.0019664,0.0039174,0.50195,0.0087626
4.475,0.50502,0.005,-0.11373,0.0064577,-3.2617e-25,0,0.0020869,0.0042492,0.49113,0.0088012
4.425,0.55506,0.005,-0.10575,0.0068793,0,0,0.0021984,0.0044272,0.48141,0.0088311
4.375,0.60511,0.005,-0.097623,0.0072388,-2.7264e-25,0,0.0022982,0.0045401,0.47167,0.0088526
4.325,0.65515,0.005,-0.089439,0.0075172,2.7678e-25,0,0.0023841,0.0046819,0.46105,0.0088758
4.275,0.70519,0.005,-0.081338,0.0077267,2.7641e-25,0,0.0024539,0.0048776,0.44927,0.0089027
4.225,0.75523,0.005,-0.073452,0.0078823,1.9438e-38,0,0.002507,0.0051212,0.43648,0.0089336
4.175,0.80528,0.005,-0.065863,0.0079975,1.75e-34,0,0.0025443,0.0053972,0.42309,0.0089681
4.125,0.85532,0.005,-0.058611,0.0080828,7.2928e-26,0,0.0025673,0.0056893,0.40951,0.009006
4.075,0.90536,0.005,-0.051705,0.0081456,2.5858e-25,0,0.0025779,0.0059846,0.3961,0.0090467
4.025,0.9554,0.005,-0.045133,0.008191,-2.5364e-25,0,0.002578,0.006273,0.38309,0.0090902
3.975,1.0054,0.005,-0.038876,0.0082228,-3.9052e-26,0,0.002569,0.0065466,0.37065,0.0091362
3.925,1.0555,0.005,-0.032908,0.0082434,2.7554e-25,0,0.0025523,0.0067991,0.35885,0.0091848
3.875,1.1055,0.005,-0.027203,0.0082549,4.1068e-26,0,0.0025289,0.0070252,0.34774,0.009236
3.825,1.1556,0.005,-0.021734,0.0082588,1.1693e-26,0,0.0024997,0.0072209,0.33731,0.0092898
3.775,1.2056,0.005,-0.016474,0.0082566,4.84e-25,0,0.0024652,0.0073834,0.32754,0.0093464
3.725,1.2557,0.005,-0.011399,0.0082502,2.4837e-25,0,0.0024259,0.0075116,0.31838,0.0094058
3.675,1.3057,0.005,-0.0064872,0.0082413,-5.0404e-25,0,0.0023822,0.0076053,0.30979,0.0094679
3.625,1.3557,0.005,-0.0017197,0.0082318,-2.2819e-25,0,0.0023342,0.0076656,0.30172,0.0095328
3.575,1.4058,0.005,0.0029199,0.0082236,-2.2363e-25,0,0.0022822,0.0076941,0.29413,0.0096004
3.525,1.4558,0.005,0.0074457,0.008219,-6.6873e-34,0,0.0022264,0.0076931,0.287,0.0096704
3.475,1.5059,0.005,0.01187,0.0082211,-3.9642e-26,0,0.002167,0.0076638,0.2803,0.0097429
3.425,1.5559,0.005,0.016206,0.0082329,2.6191e-25,0,0.0021043,0.0076034,0.274,0.0098182
3.375,1.606,0.005,0.020463,0.0082544,2.701e-25,0,0.0020386,0.0075051,0.26807,0.0098967
3.325,1.656,0.005,0.024655,0.0082825,6.2039e-26,0,0.0019701,0.0073639,0.26251,0.0099789
3.275,1.706,0.005,0.028791,0.0083128,-4.3372e-25,0,0.001899,0.0071807,0.25733,0.010065
3.225,1.7561,0.005,0.032886,0.0083426,3.059e-25,0,0.0018255,0.0069594,0.25252,0.010154
3.175,1.8061,0.005,0.036951,0.0083705,-2.3154e-25,0,0.0017499,0.0067041,0.24809,0.010247
3.125,1.8562,0.005,0.040999,0.0083963,8.6567e-40,0,0.0016724,0.0064177,0.24406,0.010344
3.075,1.9062,0.005,0.045042,0.0084194,1.1435e-25,0,0.0015932,0.0061022,0.24048,0.010444
3.025,1.9563,0.005,0.049094,0.0084384,-3.934e-25,0,0.0015128,0.0057606,0.23741,0.010549
2.975,2.0063,0.005,0.05317,0.008451,4.2589e-25,0,0.0014313,0.0053994,0.23496,0.010658
2.925,2.0563,0.005,0.05728,0.0084545,-1.6019e-25,0,0.0013493,0.0050333,0.23328,0.010771
2.875,2.1064,0.005,0.061422,0.0084459,1.006e-24,0,0.0012671,0.004689,0.23265,0.010888
2.825,2.1564,0.005,0.065568,0.0084234,-1.9604e-25,0,0.001186,0.004403,0.23352,0.01101
2.775,2.2065,0.005,0.06965,0.0083873,4.1918e-33,0,0.0011079,0.0042006,0.23672,0.011138
2.725,2.2565,0.005,0.073581,0.0083399,-8.3289e-25,0,0.0010352,0.0040458,0.24364,0.011269
2.675,2.3066,0.005,0.077353,0.0082669,-2.4194e-38,0,0.00097016,0.003777,0.25686,0.011404
2.625,2.3566,0.005,0.08111,0.0081509,0,0,0.00091424,0.0032421,0.28199,0.011544
2.575,2.4066,0.005,0.085105,0.0079556,3.2391e-25,0,0.00087152,0.0026226,0.33231,0.011691
2.525,2.4567,0.005,0.089742,0.0076423,-1.3365e-38,0,0.00085414,0.0019513,0.43772,0.011847
2.475,2.5067,0.005,0.095917,0.0071202,1.434e-24,0,0.00089353,0.0013947,0.64064,0.012011
2.425,2.5568,0.005,0.10542,0.0062335,-5.5755e-25,0,0.0010583,0.0010968,0.96488,0.012179
2.375,2.6068,0.005,0.12112,0.0048526,1.0984e-24,0,0.0014768,0.001021,1.4464,0.012357
2.325,2.6569,0.005,0.14581,0.0029281,-2.5142e-24,0,0.002247,0.0010964,2.0001,0.012537
2.275,2.7069,0.005,0.1813,0.00066468,-4.2199e-25,0,0.0033226,0.0011695,2.5892,0.012718
2.225,2.7569,0.005,0.2298,-0.0016804,4.3964e-25,0,0.0044553,0.0011962,3.2626,0.012918
2.175,2.807,0.005,0.29319,-0.0036573,4.7612e-26,0,0.0048783,0.0011019,3.8405,0.013134
2.125,2.86,0.005,0.37014,-0.0041373,6.7298e-25,0,0.0036656,0.00094311,3.6015,0.013369
2.075,2.916,0.005,0.42305,-0.0015973,0,0,0.0015747,0.00064059,2.4583,0.013608
2.025,2.972,0.005,0.41128,-0.0010923,1.1546e-24,0,0.0023943,0.00030768,7.782,0.013707
5.025,0.024,0.005,-0.16316,0.00064031,-1.0814e-25,0,0.00065888,0.00013834,4.7626,0.0083156
4.975,0.072,0.005,-0.17493,0.0012615,3.5418e-25,0,0.00058338,0.00036435,1.6011,0.0083698
4.925,0.12,0.005,-0.17198,0.0020576,-5.7426e-25,0,0.0007991,0.00081975,0.97481,0.0084111
4.875,0.168,0.005,-0.16597,0.0026707,1.9052e-25,0,0.0010185,0.0013418,0.75902,0.0084636
4.825,0.216,0.005,-0.15911,0.0032885,5.0886e-25,0,0.0012154,0.0018537,0.65568,0.00851
4.775,0.264,0.005,-0.15192,0.0038683,-4.2172e-26,0,0.001393,0.0023349,0.59663,0.0085554
4.725,0.312,0.005,-0.14455,0.0044243,-1.6324e-26,0,0.0015555,0.0027808,0.55937,0.0085988
4.675,0.36,0.005,-0.13707,0.0049546,-3.1315e-27,0,0.0017056,0.003192,0.53433,0.0086404
4.625,0.408,0.005,-0.12952,0.0054592,-2.3693e-25,0,0.0018448,0.0035708,0.51663,0.0086804
4.575,0.456,0.005,-0.12191,0.0059447,3.8336e-25,0,0.0019737,0.0039205,0.50343,0.0087196
4.525,0.50502,0.005,-0.11413,0.0064064,-1.755e-25,0,0.0020946,0.0042514,0.49269,0.0087551
4.475,0.55506,0.005,-0.10607,0.0068192,0,0,0.0022068,0.0043952,0.48303,0.0087829
4.425,0.60511,0.005,-0.097862,0.0071682,-4.2236e-25,0,0.0023075,0.0045037,0.47324,0.0088027
4.375,0.65515,0.005,-0.089593,0.0074344,-9.6807e-39,0,0.002394,0.0046496,0.46249,0.0088248
4.325,0.70519,0.005,-0.081421,0.007632,3.9491e-25,0,0.0024642,0.0048516,0.45051,0.0088509
4.275,0.75523,0.005,-0.073477,0.0077768,1.034e-25,0,0.0025174,0.0051021,0.4375,0.008881
4.225,0.80528,0.005,-0.065845,0.0078825,2.6491e-25,0,0.0025547,0.0053844,0.42391,0.0089149
4.175,0.85532,0.005,-0.058559,0.0079598,1.7983e-40,0,0.0025778,0.0056822,0.41015,0.0089521
4.125,0.90536,0.005,-0.051627,0.008016,5.4758e-39,0,0.0025885,0.0059825,0.3966,0.0089922
4.075,0.9554,0.005,-0.045034,0.0080559,9.6192e-35,0,0.0025886,0.0062751,0.38348,0.009035
4.025,1.0054,0.005,-0.038761,0.0080831,-2.4569e-25,0,0.0025797,0.0065527,0.37096,0.0090805
3.975,1.0555,0.005,-0.032779,0.0080998,-5.4217e-25,0,0.0025632,0.006809,0.35911,0.0091285
3.925,1.1055,0.005,-0.027063,0.008108,-3.9791e-26,0,0.0025401,0.0070392,0.34796,0.009179
3.875,1.1556,0.005,-0.021584,0.0081092,-2.1595e-25,0,0.0025112,0.0072391,0.33751,0.0092322
3.825,1.2056,0.005,-0.016317,0.0081047,-5.7369e-27,0,0.0024771,0.0074061,0.32773,0.0092881
3.775,1.2557,0.005,-0.011236,0.008096,-4.784e-25,0,0.0024382,0.0075387,0.31858,0.0093467
3.725,1.3057,0.005,-0.0063202,0.0080847,5.0867e-25,0,0.002395,0.0076368,0.31001,0.0094081
3.675,1.3557,0.005,-0.0015498,0.0080724,-3.0547e-25,0,0.0023477,0.0077009,0.30197,0.0094721
3.625,1.4058,0.005,0.0030916,0.0080606,2.7381e-38,0,0.0022963,0.0077322,0.29442,0.0095388
3.575,1.4558,0.005,0.0076186,0.008051,-3.2745e-26,0,0.0022412,0.0077319,0.28734,0.0096079
3.525,1.5059,0.005,0.012044,0.0080455,1.7424e-25,0,0.0021825,0.007701,0.28069,0.0096794
3.475,1.5559,0.005,0.016381,0.0080468,6.1574e-39,0,0.0021206,0.007639,0.27444,0.0097535
3.425,1.606,0.005,0.020641,0.0080568,5.2198e-26,0,0.0020555,0.0075426,0.26855,0.0098305
3.375,1.656,0.005,0.024836,0.008075,-6.0074e-26,0,0.0019875,0.007407,0.26304,0.0099109
3.325,1.706,0.005,0.028978,0.0080984,-2.7392e-33,0,0.001917,0.0072297,0.25791,0.0099949
3.275,1.7561,0.005,0.033079,0.008123,2.1969e-38,0,0.001844,0.0070124,0.25315,0.010082
3.225,1.8061,0.005,0.03715,0.0081465,8.7566e-26,0,0.0017688,0.006759,0.24878,0.010174
3.175,1.8562,0.005,0.041205,0.0081676,-3.3367e-25,0,0.0016916,0.006473,0.24483,0.010268
3.125,1.9062,0.005,0.045257,0.0081856,4.6599e-25,0,0.0016127,0.006157,0.24133,0.010367
3.075,1.9563,0.005,0.04932,0.0081995,-5.0549e-25,0,0.0015323,0.005814,0.23835,0.010469
3.025,2.0063,0.005,0.053408,0.0082071,1.3711e-25,0,0.0014508,0.0054513,0.236,0.010575
2.975,2.0563,0.005,0.057531,0.0082061,-2.9587e-25,0,0.0013684,0.0050851,0.23446,0.010686
2.925,2.1064,0.005,0.061689,0.0081944,-4.8745e-25,0,0.0012859,0.0047431,0.23401,0.010801
2.875,2.1564,0.005,0.065849,0.0081708,-4.0276e-39,0,0.0012043,0.0044616,0.23514,0.01092
2.825,2.2065,0.005,0.069941,0.0081361,-3.9889e-33,0,0.0011258,0.0042622,0.23872,0.011044
2.775,2.2565,0.005,0.073886,0.008092,3.9614e-25,0,0.0010529,0.0040985,0.24622,0.011172
2.725,2.3066,0.005,0.077691,0.0080223,1.9758e-24,0,0.00098763,0.0037928,0.2604,0.011302
2.675,2.3566,0.005,0.081509,0.0079078,-7.6485e-25,0,0.00093174,0.0032431,0.28729,0.011437
2.625,2.4066,0.005,0.085604,0.0077124,-9.2033e-25,0,0.00088979,0.002605,0.34157,0.01158
2.575,2.4567,0.005,0.09041,0.0073966,1.1397e-24,0,0.00087504,0.0019376,0.45161,0.01173
2.525,2.5067,0.005,0.096869,0.0068717,-2.8312e-24,0,0.00091997,0.001396,0.65902,0.011889
2.475,2.5568,0.005,0.10681,0.0059753,3.6165e-24,0,0.0010952,0.0011116,0.98528,0.012052
2.425,2.6068,0.005,0.123,0.0046015,4.2968e-39,0,0.0015241,0.0010447,1.4588,0.012225
2.375,2.6569,0.005,0.14808,0.0027058,1.7154e-32,0,0.0022931,0.0011088,1.9979,0.012401
2.325,2.7069,0.005,0.18376,0.00049901,4.0818e-25,0,0.0033532,0.0011821,2.5735,0.012576
2.275,2.7569,0.005,0.23201,-0.0017881,8.7566e-33,0,0.0044433,0.0012069,3.2291,0.01277
2.225,2.807,0.005,0.29443,-0.0036667,4.5936e-26,0,0.0048294,0.001115,3.7821,0.012981
2.175,2.86,0.005,0.3693,-0.0041255,-3.8232e-26,0,0.0036623,0.00096333,3.5583,0.013207
2.125,2.916,0.005,0.42157,-0.0016577,0,0,0.0016012,0.00064409,2.4859,0.013438
2.075,2.972,0.005,0.41016,-0.0010523,0,0,0.0023973,0.00030787,7.7868,0.013533
5.075,0.024,0.005,-0.16412,0.00064472,4.3551e-25,0,0.00066516,0.000139,4.7853,0.0082832
5.025,0.072,0.005,-0.17572,0.0012606,3.7762e-25,0,0.0005904,0.00036715,1.6081,0.0083364
4.975,0.12,0.005,-0.17267,0.0020531,4.6782e-25,0,0.0008076,0.00082508,0.97881,0.0083763
4.925,0.168,0.005,-0.16661,0.0026601,-9.1304e-25,0,0.0010274,0.0013486,0.76182,0.0084276
4.875,0.216,0.005,-0.15971,0.0032719,-2.1087e-25,0,0.0012241,0.0018609,0.65781,0.0084727
4.825,0.264,0.005,-0.15248,0.0038457,2.2102e-25,0,0.0014013,0.0023418,0.59836,0.0085169
4.775,0.312,0.005,-0.14508,0.0043961,4.9662e-39,0,0.0015632,0.0027871,0.56088,0.0085591
4.725,0.36,0.005,-0.13757,0.004921,1.6978e-38,0,0.0017129,0.0031973,0.53573,0.0085995
4.675,0.408,0.005,-0.12999,0.00542,1.657e-38,0,0.0018519,0.0035749,0.51802,0.0086386
4.625,0.456,0.005,-0.12235,0.0059001,-2.6709e-25,0,0.0019807,0.0039231,0.50488,0.0086774
4.575,0.50502,0.005,-0.11452,0.0063521,2.3869e-25,0,0.002102,0.0042513,0.49422,0.0087101
4.525,0.55506,0.005,-0.10639,0.0067579,3.9827e-25,0,0.0022148,0.0043614,0.4846,0.0087352
4.475,0.60511,0.005,-0.098087,0.0070953,-1.5647e-25,0,0.0023164,0.0044669,0.47476,0.0087537
4.425,0.65515,0.005,-0.089734,0.0073495,-2.6892e-25,0,0.0024035,0.0046175,0.46385,0.0087747
4.375,0.70519,0.005,-0.081491,0.0075358,-3.9011e-25,0,0.002474,0.0048264,0.45166,0.0088
4.325,0.75523,0.005,-0.073492,0.0076705,-1.024e-25,0,0.0025273,0.0050837,0.43843,0.0088295
4.275,0.80528,0.005,-0.065818,0.0077675,3.4086e-34,0,0.0025647,0.0053722,0.42463,0.0088626
4.225,0.85532,0.005,-0.058501,0.0078371,1.7836e-38,0,0.0025877,0.0056754,0.41071,0.0088991
4.175,0.90536,0.005,-0.051543,0.0078867,-1.9259e-25,0,0.0025984,0.0059803,0.39701,0.0089386
4.125,0.9554,0.005,-0.044932,0.0079214,1.9891e-25,0,0.0025986,0.0062773,0.38379,0.0089808
4.075,1.0054,0.005,-0.038642,0.0079442,-1.4902e-34,0,0.0025899,0.0065588,0.3712,0.0090256
4.025,1.0555,0.005,-0.032648,0.0079574,2.9405e-38,0,0.0025736,0.006819,0.3593,0.0090729
3.975,1.1055,0.005,-0.026921,0.0079627,-2.3619e-25,0,0.0025508,0.007053,0.34812,0.0091229
3.925,1.1556,0.005,-0.021434,0.0079614,-2.2395e-25,0,0.0025221,0.007257,0.33765,0.0091754
3.875,1.2056,0.005,-0.016159,0.0079548,-5.3085e-35,0,0.0024884,0.0074283,0.32787,0.0092306
3.825,1.2557,0.005,-0.011073,0.0079442,-2.1072e-38,0,0.00245,0.0075654,0.31873,0.0092884
3.775,1.3057,0.005,-0.0061538,0.007931,7.1209e-25,0,0.0024073,0.0076677,0.31018,0.009349
3.725,1.3557,0.005,-0.0013808,0.0079165,-1.9854e-26,0,0.0023605,0.0077357,0.30218,0.0094122
3.675,1.4058,0.005,0.0032625,0.007902,9.1148e-39,0,0.0023098,0.0077701,0.29467,0.0094779
3.625,1.4558,0.005,0.0077908,0.0078888,-3.2066e-26,0,0.0022554,0.0077718,0.28764,0.0095462
3.575,1.5059,0.005,0.012217,0.0078782,-1.132e-25,0,0.0021975,0.0077411,0.28104,0.0096168
3.525,1.5559,0.005,0.016555,0.0078718,3.2735e-39,0,0.0021362,0.0076777,0.27484,0.0096898
3.475,1.606,0.005,0.020816,0.0078719,5.0479e-26,0,0.0020718,0.0075806,0.26901,0.0097655
3.425,1.656,0.005,0.025014,0.0078798,5.8034e-26,0,0.0020044,0.0074476,0.26355,0.0098442
3.375,1.706,0.005,0.029161,0.0078946,2.7786e-25,0,0.0019344,0.0072756,0.25847,0.0099264
3.325,1.7561,0.005,0.033267,0.0079131,-7.3254e-25,0,0.001862,0.0070634,0.25377,0.010012
3.275,1.8061,0.005,0.037344,0.007932,4.757e-25,0,0.0017872,0.006813,0.24947,0.010102
3.225,1.8562,0.005,0.041406,0.0079489,9.4433e-26,0,0.0017104,0.0065279,0.24559,0.010194
3.175,1.9062,0.005,0.045466,0.0079627,-5.8898e-25,0,0.0016318,0.0062116,0.24217,0.010291
3.125,1.9563,0.005,0.049538,0.007972,1.1766e-25,0,0.0015515,0.0058676,0.23929,0.010391
3.075,2.0063,0.005,0.053638,0.0079753,-6.6596e-25,0,0.0014699,0.005504,0.23706,0.010495
3.025,2.0563,0.005,0.057774,0.0079705,4.3667e-25,0,0.0013874,0.0051382,0.23567,0.010603
2.975,2.1064,0.005,0.061945,0.0079559,-1.6448e-25,0,0.0013045,0.0047989,0.23541,0.010715
2.925,2.1564,0.005,0.066116,0.0079314,5.0781e-25,0,0.0012227,0.0045219,0.23683,0.010832
2.875,2.2065,0.005,0.070217,0.007898,5.4116e-25,0,0.0011439,0.0043247,0.24081,0.010952
2.825,2.2565,0.005,0.074174,0.0078569,1.9178e-25,0,0.0010708,0.0041507,0.24891,0.011077
2.775,2.3066,0.005,0.078014,0.0077902,-1.4775e-24,0,0.0010054,0.0038073,0.26408,0.011203
2.725,2.3566,0.005,0.081897,0.0076768,4.6994e-25,0,0.00094963,0.003244,0.29274,0.011334
2.675,2.4066,0.005,0.086094,0.0074805,-1.7951e-24,0,0.00090856,0.0025919,0.35054,0.011472
2.625,2.4567,0.005,0.091074,0.0071594,1.1061e-24,0,0.0008966,0.0019241,0.46599,0.011618
2.575,2.5067,0.005,0.097823,0.0066267,-4.7393e-25,0,0.00094729,0.0014004,0.67646,0.011771
2.525,2.5568,0.005,0.1082,0.0057252,4.2104e-25,0,0.001133,0.0011276,1.0048,0.01193
2.475,2.6068,0.005,0.12486,0.004361,3.4535e-24,0,0.0015714,0.0010689,1.4701,0.012098
2.425,2.6569,0.005,0.1503,0.0024936,1.7697e-24,0,0.0023379,0.001121,1.9948,0.012269
2.375,2.7069,0.005,0.18614,0.0003383,-1.186e-24,0,0.0033826,0.0011947,2.5579,0.012438
2.325,2.7569,0.005,0.23415,-0.0018914,-4.3165e-25,0,0.0044306,0.0012176,3.1961,0.012627
2.275,2.807,0.005,0.29559,-0.0036771,2.3116e-24,0,0.0047812,0.001128,3.725,0.012833
2.225,2.86,0.005,0.36848,-0.0041126,-1.3429e-24,0,0.0036559,0.00098319,3.5147,0.01305
2.175,2.916,0.005,0.42008,-0.0017141,1.2603e-26,0,0.0016262,0.00064745,2.5117,0.013274
2.125,2.972,0.005,0.40904,-0.0010151,2.184e-24,0,0.0023994,0.000308,7.7903,0.013365
5.125,0.024,0.005,-0.16507,0.00064927,2.1888e-25,0,0.0006715,0.00013966,4.808,0.008252
5.075,0.072,0.005,-0.17651,0.0012597,-3.7035e-25,0,0.00059759,0.00037003,1.615,0.0083043
5.025,0.12,0.005,-0.17337,0.0020487,1.2754e-25,0,0.00081629,0.00083058,0.9828,0.0083428
4.975,0.168,0.005,-0.16725,0.0026495,-1.2317e-25,0,0.0010364,0.0013555,0.7646,0.0083929
4.925,0.216,0.005,-0.16031,0.0032553,-5.3933e-25,0,0.0012329,0.0018683,0.65992,0.0084366
4.875,0.264,0.005,-0.15304,0.0038228,7.9233e-26,0,0.0014095,0.0023489,0.60007,0.0084795
4.825,0.312,0.005,-0.14561,0.0043675,-2.4168e-25,0,0.0015709,0.0027934,0.56237,0.0085204
4.775,0.36,0.005,-0.13807,0.0048871,-2.3879e-25,0,0.0017201,0.0032026,0.53711,0.0085596
4.725,0.408,0.005,-0.13045,0.0053809,8.0052e-39,0,0.0018587,0.0035788,0.51938,0.0085975
4.675,0.456,0.005,-0.12278,0.0058558,7.8407e-39,0,0.0019874,0.0039254,0.5063,0.0086354
4.625,0.50502,0.005,-0.1149,0.0062988,1.3644e-25,0,0.0021091,0.0042246,0.49572,0.0086658
4.575,0.55506,0.005,-0.10669,0.006696,2.8685e-25,0,0.0022226,0.004326,0.48612,0.0086874
4.525,0.60511,0.005,-0.098299,0.0070201,1.0519e-25,0,0.0023249,0.0044298,0.4762,0.0087054
4.475,0.65515,0.005,-0.089861,0.0072626,8.1246e-39,0,0.0024126,0.0045858,0.46513,0.0087256
4.425,0.70519,0.005,-0.081549,0.007438,-3.8534e-25,0,0.0024833,0.0048018,0.45272,0.0087502
4.375,0.75523,0.005,-0.073497,0.0075632,-6.233e-25,0,0.0025367,0.005066,0.43927,0.0087789
4.325,0.80528,0.005,-0.065782,0.007652,-2.5647e-25,0,0.002574,0.0053605,0.42527,0.0088113
4.275,0.85532,0.005,-0.058435,0.0077145,-6.9834e-26,0,0.002597,0.0056688,0.41117,0.0088471
4.225,0.90536,0.005,-0.051455,0.007758,-5.7324e-26,0,0.0026078,0.0059783,0.39735,0.0088858
4.175,0.9554,0.005,-0.044825,0.0077874,-2.8861e-25,0,0.0026081,0.0062794,0.38403,0.0089273
4.125,1.0054,0.005,-0.038521,0.0078061,-2.3827e-25,0,0.0025996,0.0065649,0.37137,0.0089715
4.075,1.0555,0.005,-0.032515,0.007816,5.4663e-35,0,0.0025835,0.0068289,0.35942,0.0090182
4.025,1.1055,0.005,-0.026778,0.0078186,2.3255e-25,0,0.0025609,0.0070667,0.34822,0.0090675
3.975,1.1556,0.005,-0.021283,0.0078152,1.0435e-26,0,0.0025326,0.0072747,0.33774,0.0091193
3.925,1.2056,0.005,-0.016002,0.0078068,-2.3077e-25,0,0.0024993,0.0074502,0.32796,0.0091738
3.875,1.2557,0.005,-0.010912,0.0077947,2.4202e-25,0,0.0024613,0.0075915,0.31884,0.0092309
3.825,1.3057,0.005,-0.0059883,0.00778,-4.794e-25,0,0.0024191,0.007698,0.31031,0.0092907
3.775,1.3557,0.005,-0.0012127,0.0077638,2.5593e-25,0,0.0023729,0.0077698,0.30234,0.009353
3.725,1.4058,0.005,0.0034323,0.0077473,-5.2746e-25,0,0.0023228,0.0078076,0.29488,0.0094179
3.675,1.4558,0.005,0.0079618,0.0077314,2.7124e-25,0,0.0022691,0.0078118,0.28789,0.0094852
3.625,1.5059,0.005,0.012389,0.0077171,-5.224e-25,0,0.0022119,0.0077825,0.28136,0.0095549
3.575,1.5559,0.005,0.016728,0.0077054,-2.4685e-25,0,0.0021513,0.0077189,0.27522,0.009627
3.525,1.606,0.005,0.02099,0.007698,3.0149e-25,0,0.0020876,0.007621,0.26944,0.0097015
3.475,1.656,0.005,0.02519,0.0076967,-5.6014e-26,0,0.0020209,0.0074883,0.26404,0.0097788
3.425,1.706,0.005,0.02934,0.0077023,-6.3842e-26,0,0.0019514,0.0073192,0.25901,0.0098593
3.375,1.7561,0.005,0.03345,0.0077134,3.5634e-25,0,0.0018795,0.0071116,0.25438,0.0099433
3.325,1.8061,0.005,0.037533,0.007727,-2.183e-25,0,0.0018052,0.0068652,0.25014,0.010031
3.275,1.8562,0.005,0.041602,0.0077398,1.8147e-33,0,0.0017288,0.0065821,0.24634,0.010122
3.225,1.9062,0.005,0.045669,0.0077497,5.1307e-39,0,0.0016505,0.0062658,0.24302,0.010216
3.175,1.9563,0.005,0.04975,0.0077551,1.1303e-25,0,0.0015704,0.0059212,0.24024,0.010314
3.125,2.0063,0.005,0.05386,0.0077546,-3.919e-25,0,0.0014888,0.0055574,0.23814,0.010416
3.075,2.0563,0.005,0.058009,0.0077464,2.8357e-25,0,0.0014061,0.0051927,0.23691,0.010521
3.025,2.1064,0.005,0.06219,0.0077296,-4.5836e-25,0,0.0013231,0.0048565,0.23687,0.010631
2.975,2.1564,0.005,0.066371,0.0077044,-6.6321e-25,0,0.001241,0.0045835,0.23858,0.010745
2.925,2.2065,0.005,0.070479,0.0076721,-1.8082e-25,0,0.0011621,0.0043873,0.24299,0.010863
2.875,2.2565,0.005,0.074449,0.0076333,5.6006e-25,0,0.001089,0.0042017,0.25172,0.010984
2.825,2.3066,0.005,0.078324,0.0075692,-6.2145e-25,0,0.0010235,0.0038207,0.26788,0.011106
2.775,2.3566,0.005,0.082274,0.0074569,7.2376e-25,0,0.00096792,0.0032449,0.29829,0.011233
2.725,2.4066,0.005,0.086578,0.0072588,2.3362e-24,0,0.00092787,0.0025821,0.35935,0.011367
2.675,2.4567,0.005,0.091737,0.006932,-3.7008e-25,0,0.00091876,0.0019153,0.4797,0.011508
2.625,2.5067,0.005,0.098778,0.0063864,3.0892e-38,0,0.00097546,0.001407,0.69329,0.011657
2.575,2.5568,0.005,0.10957,0.0054825,-3.3074e-24,0,0.0011713,0.0011448,1.0232,0.011813
2.525,2.6068,0.005,0.12668,0.0041275,2.3894e-24,0,0.0016187,0.0010935,1.4803,0.011975
2.475,2.6569,0.005,0.15247,0.0022909,8.0952e-33,0,0.0023818,0.0011333,1.9915,0.012141
2.425,2.7069,0.005,0.18847,0.00018275,-2.0413e-38,0,0.0034107,0.0012073,2.5425,0.012306
2.375,2.7569,0.005,0.2362,-0.001989,1.4463e-24,0,0.0044172,0.0012284,3.1636,0.012489
2.325,2.807,0.005,0.2967,-0.0036877,-9.5935e-25,0,0.0047338,0.001141,3.6691,0.012689
2.275,2.86,0.005,0.36768,-0.0040989,0,0,0.0036469,0.0010027,3.471,0.012898
2.225,2.916,0.005,0.41857,-0.0017673,0,0,0.0016499,0.00065067,2.5357,0.013115
2.175,2.972,0.005,0.4079,-0.0009811,2.2886e-25,0,0.0024008,0.00030809,7.7924,0.013201
5.175,0.024,0.005,-0.16603,0.00065397,1.1014e-25,0,0.0006779,0.00014033,4.8309,0.0082221
5.125,0.072,0.005,-0.17729,0.0012588,-3.4525e-25,0,0.00060496,0.000373,1.6219,0.0082733
5.075,0.12,0.005,-0.17405,0.0020445,5.6388e-25,0,0.00082519,0.00083624,0.98678,0.0083104
5.025,0.168,0.005,-0.16788,0.0026391,-1.2227e-25,0,0.0010457,0.0013627,0.76736,0.0083593
4.975,0.216,0.005,-0.16089,0.0032386,5.1891e-25,0,0.0012419,0.0018759,0.66201,0.0084018
4.925,0.264,0.005,-0.1536,0.0037997,-5.6514e-25,0,0.0014178,0.0023562,0.60176,0.0084433
4.875,0.312,0.005,-0.14613,0.0043384,-1.2978e-38,0,0.0015786,0.0027998,0.56382,0.0084829
4.825,0.36,0.005,-0.13856,0.0048528,2.2662e-25,0,0.0017272,0.0032078,0.53845,0.0085208
4.775,0.408,0.005,-0.13091,0.0053414,-1.9208e-26,0,0.0018655,0.0035826,0.5207,0.0085574
4.725,0.456,0.005,-0.12321,0.0058107,-2.6881e-25,0,0.0019939,0.0039275,0.50769,0.008594
4.675,0.50502,0.005,-0.11527,0.0062474,0,0,0.0021158,0.0041966,0.49717,0.0086225
4.625,0.55506,0.005,-0.10698,0.0066344,-1.039e-25,0,0.00223,0.0042893,0.48758,0.0086407
4.575,0.60511,0.005,-0.098497,0.0069432,-5.5416e-26,0,0.0023331,0.0043922,0.47758,0.0086579
4.525,0.65515,0.005,-0.089975,0.0071737,8.6291e-39,0,0.0024211,0.0045544,0.46632,0.0086775
4.475,0.70519,0.005,-0.081596,0.0073386,1.2059e-25,0,0.002492,0.0047776,0.45369,0.0087013
4.425,0.75523,0.005,-0.073492,0.0074547,3.5738e-25,0,0.0025454,0.0050488,0.44001,0.0087293
4.375,0.80528,0.005,-0.065739,0.0075358,3.359e-25,0,0.0025827,0.0053492,0.4258,0.008761
4.325,0.85532,0.005,-0.058363,0.0075917,2.4746e-25,0,0.0026058,0.0056625,0.41154,0.008796
4.275,0.90536,0.005,-0.051361,0.0076296,1.1317e-25,0,0.0026166,0.0059763,0.3976,0.0088339
4.225,0.9554,0.005,-0.044714,0.0076542,2.3832e-25,0,0.002617,0.0062814,0.38419,0.0088747
4.175,1.0054,0.005,-0.038397,0.0076688,-3.5765e-26,0,0.0026087,0.0065707,0.37146,0.0089182
4.125,1.0555,0.005,-0.03238,0.0076755,2.4673e-38,0,0.0025928,0.0068385,0.35948,0.0089643
4.075,1.1055,0.005,-0.026635,0.0076757,3.6358e-26,0,0.0025705,0.0070802,0.34826,0.0090129
4.025,1.1556,0.005,-0.021132,0.0076705,4.5494e-25,0,0.0025425,0.0072922,0.33778,0.0090641
3.975,1.2056,0.005,-0.015846,0.0076606,-4.5189e-25,0,0.0025096,0.0074718,0.328,0.0091178
3.925,1.2557,0.005,-0.01075,0.0076473,-1.6232e-38,0,0.0024721,0.0076172,0.31889,0.0091742
3.875,1.3057,0.005,-0.0058238,0.0076314,1.242e-26,0,0.0024304,0.0077278,0.3104,0.0092332
3.825,1.3557,0.005,-0.001046,0.0076139,-2.1323e-25,0,0.0023847,0.0078034,0.30246,0.0092947
3.775,1.4058,0.005,0.0036007,0.0075959,2.3374e-25,0,0.0023353,0.0078445,0.29505,0.0093587
3.725,1.4558,0.005,0.0081314,0.0075781,3.0759e-26,0,0.0022822,0.0078515,0.28811,0.0094251
3.675,1.5059,0.005,0.01256,0.0075611,-5.4898e-25,0,0.0022257,0.0078242,0.28163,0.0094938
3.625,1.5559,0.005,0.016899,0.0075458,-2.4243e-25,0,0.0021659,0.0077617,0.27556,0.0095649
3.575,1.606,0.005,0.021163,0.0075331,-4.7532e-26,0,0.0021028,0.0076637,0.26984,0.0096384
3.525,1.656,0.005,0.025364,0.0075246,5.6441e-25,0,0.0020368,0.0075306,0.2645,0.0097145
3.475,1.706,0.005,0.029515,0.0075217,-6.1512e-26,0,0.001968,0.0073624,0.25954,0.0097934
3.425,1.7561,0.005,0.033629,0.0075247,1.3798e-25,0,0.0018966,0.0071578,0.25497,0.0098756
3.375,1.8061,0.005,0.037717,0.0075318,2.1389e-25,0,0.0018228,0.0069151,0.25081,0.0099613
3.325,1.8562,0.005,0.041792,0.0075401,3.9696e-25,0,0.0017468,0.0066347,0.24709,0.01005
3.275,1.9062,0.005,0.045866,0.0075463,3.3016e-25,0,0.0016688,0.0063194,0.24386,0.010143
3.225,1.9563,0.005,0.049956,0.0075482,1.368e-25,0,0.0015889,0.0059746,0.2412,0.010239
3.175,2.0063,0.005,0.054076,0.0075442,1.3832e-25,0,0.0015074,0.005611,0.23924,0.010338
3.125,2.0563,0.005,0.058235,0.0075331,-1.3644e-25,0,0.0014247,0.0052483,0.23818,0.010442
3.075,2.1064,0.005,0.062426,0.0075145,6.0814e-33,0,0.0013416,0.0049161,0.23837,0.010549
3.025,2.1564,0.005,0.066614,0.0074892,-3.6658e-38,0,0.0012594,0.0046467,0.2404,0.01066
2.975,2.2065,0.005,0.070729,0.0074578,1.7193e-25,0,0.0011804,0.0044496,0.24526,0.010775
2.925,2.2565,0.005,0.074711,0.0074204,6.376e-38,0,0.0011073,0.0042508,0.25464,0.010893
2.875,2.3066,0.005,0.078623,0.0073579,1.0304e-24,0,0.0010419,0.003833,0.27181,0.011012
2.825,2.3566,0.005,0.082642,0.0072466,-8.4878e-38,0,0.00098662,0.0032459,0.30396,0.011135
2.775,2.4066,0.005,0.087057,0.0070467,2.7666e-25,0,0.00094774,0.0025748,0.36809,0.011264
2.725,2.4567,0.005,0.092399,0.0067136,-1.7604e-24,0,0.00094163,0.0019098,0.49306,0.011402
2.675,2.5067,0.005,0.099735,0.0061541,4.4929e-25,0,0.0010046,0.0014142,0.71035,0.011546
2.625,2.5568,0.005,0.11093,0.0052483,-1.3483e-24,0,0.0012101,0.001163,1.0405,0.011699
2.575,2.6068,0.005,0.12847,0.0038967,-2.676e-24,0,0.0016656,0.0011131,1.4895,0.011855
2.525,2.6569,0.005,0.1546,0.0020972,3.6918e-24,0,0.0024251,0.0011458,1.9881,0.012016
2.475,2.7069,0.005,0.19074,3.2296e-05,-3.7405e-25,0,0.0034375,0.0012199,2.5274,0.012177
2.425,2.7569,0.005,0.23819,-0.0020811,-9.8242e-25,0,0.0044033,0.0012392,3.1318,0.012356
2.375,2.807,0.005,0.29775,-0.0036979,-4.6506e-25,0,0.0046871,0.0011539,3.6143,0.01255
2.325,2.86,0.005,0.3669,-0.0040842,3.1764e-25,0,0.0036354,0.0010219,3.4272,0.012751
2.275,2.916,0.005,0.41707,-0.0018184,0,0,0.0016721,0.00065373,2.5578,0.01296
2.225,2.972,0.005,0.40675,-0.00094917,-2.0607e-24,0,0.0024014,0.00030813,7.7934,0.013043
5.225,0.024,0.005,-0.16699,0.00065883,1.1088e-25,0,0.00068435,0.00014099,4.8538,0.0081936
5.175,0.072,0.005,-0.17807,0.0012578,6.7963e-25,0,0.0006125,0.00037605,1.6288,0.0082437
5.125,0.12,0.005,-0.17473,0.0020403,-3.735e-25,0,0.00083429,0.00084209,0.99074,0.0082793
5.075,0.168,0.005,-0.1685,0.0026287,4.1769e-25,0,0.0010551,0.0013701,0.7701,0.008327
5.025,0.216,0.005,-0.16147,0.003222,-6.5245e-26,0,0.0012509,0.0018837,0.66407,0.0083681
4.975,0.264,0.005,-0.15414,0.0037763,1.9808e-25,0,0.0014262,0.0023636,0.60342,0.0084083
4.925,0.312,0.005,-0.14665,0.0043086,2.1528e-25,0,0.0015862,0.0028062,0.56524,0.0084465
4.875,0.36,0.005,-0.13904,0.0048176,2.284e-25,0,0.0017342,0.0032129,0.53976,0.008483
4.825,0.408,0.005,-0.13136,0.0053015,2.1513e-25,0,0.001872,0.0035862,0.52199,0.0085183
4.775,0.456,0.005,-0.12363,0.0057647,-2.704e-25,0,0.0020002,0.0039294,0.50903,0.0085535
4.725,0.50502,0.005,-0.11563,0.0061944,-3.5635e-25,0,0.0021222,0.0041675,0.49858,0.00858
4.675,0.55506,0.005,-0.10726,0.0065719,0,0,0.0022372,0.0042519,0.48898,0.0085958
4.625,0.60511,0.005,-0.098681,0.006866,-2.5549e-25,0,0.0023408,0.004355,0.47888,0.0086115
4.575,0.65515,0.005,-0.090077,0.0070833,2.5714e-25,0,0.0024292,0.004523,0.46743,0.0086303
4.525,0.70519,0.005,-0.081631,0.0072377,2.5579e-25,0,0.0025002,0.0047537,0.45456,0.0086534
4.475,0.75523,0.005,-0.073478,0.007345,2.5244e-25,0,0.0025536,0.0050319,0.44064,0.0086806
4.425,0.80528,0.005,-0.065688,0.0074188,1.6595e-25,0,0.0025909,0.0053381,0.42624,0.0087115
4.375,0.85532,0.005,-0.058285,0.0074687,6.8474e-26,0,0.0026139,0.0056564,0.41182,0.0087457
4.325,0.90536,0.005,-0.051262,0.0075013,1.2674e-25,0,0.0026248,0.0059745,0.39776,0.008783
4.275,0.9554,0.005,-0.044599,0.0075215,-2.3439e-25,0,0.0026254,0.0062834,0.38427,0.008823
4.225,1.0054,0.005,-0.03827,0.0075324,2.6575e-25,0,0.0026172,0.0065764,0.37149,0.0088658
4.175,1.0555,0.005,-0.032243,0.0075361,2.6092e-26,0,0.0026016,0.0068479,0.35947,0.0089112
4.125,1.1055,0.005,-0.02649,0.007534,0,0,0.0025796,0.0070935,0.34824,0.0089591
4.075,1.1556,0.005,-0.020981,0.0075271,9.6564e-27,0,0.002552,0.0073094,0.33776,0.0090096
4.025,1.2056,0.005,-0.015689,0.007516,2.2337e-25,0,0.0025194,0.007493,0.328,0.0090626
3.975,1.2557,0.005,-0.01059,0.0075017,5.3268e-27,0,0.0024823,0.0076425,0.31891,0.0091182
3.925,1.3057,0.005,-0.0056605,0.007485,2.0274e-38,0,0.0024411,0.007757,0.31044,0.0091764
3.875,1.3557,0.005,-0.00088067,0.0074667,-1.8856e-26,0,0.002396,0.0078364,0.30255,0.0092371
3.825,1.4058,0.005,0.0037673,0.0074476,2.4738e-26,0,0.0023472,0.0078809,0.29518,0.0093003
3.775,1.4558,0.005,0.0082991,0.0074284,-5.2266e-25,0,0.0022948,0.0078907,0.2883,0.0093658
3.725,1.5059,0.005,0.012729,0.0074096,7.727e-25,0,0.002239,0.0078657,0.28188,0.0094336
3.675,1.5559,0.005,0.017069,0.0073917,-4.7602e-25,0,0.0021799,0.0078049,0.27586,0.0095037
3.625,1.606,0.005,0.021334,0.0073753,-4.4038e-25,0,0.0021176,0.0077078,0.27022,0.0095761
3.575,1.656,0.005,0.025536,0.0073615,-1.9774e-25,0,0.0020522,0.0075748,0.26495,0.0096511
3.525,1.706,0.005,0.029689,0.0073517,-2.591e-25,0,0.001984,0.0074066,0.26006,0.0097287
3.475,1.7561,0.005,0.033805,0.007347,-2.0363e-25,0,0.0019132,0.0072032,0.25556,0.0098092
3.425,1.8061,0.005,0.037897,0.0073471,1.5024e-25,0,0.00184,0.0069631,0.25148,0.009893
3.375,1.8562,0.005,0.041976,0.0073498,-1.6776e-33,0,0.0017644,0.0066855,0.24784,0.0099802
3.325,1.9062,0.005,0.046058,0.0073519,-2.2832e-25,0,0.0016868,0.006372,0.24471,0.010071
3.275,1.9563,0.005,0.050156,0.0073506,-3.4511e-25,0,0.0016072,0.0060278,0.24217,0.010165
3.225,2.0063,0.005,0.054285,0.0073436,4.8862e-25,0,0.0015258,0.0056649,0.24035,0.010262
3.175,2.0563,0.005,0.058453,0.0073298,-2.6935e-25,0,0.0014432,0.0053046,0.23947,0.010363
3.125,2.1064,0.005,0.062653,0.0073096,-1.4675e-25,0,0.00136,0.004977,0.23991,0.010468
3.075,2.1564,0.005,0.066846,0.0072845,3.0223e-25,0,0.0012778,0.0047117,0.24228,0.010577
3.025,2.2065,0.005,0.070966,0.0072547,-4.8951e-25,0,0.0011988,0.0045117,0.24761,0.010689
2.975,2.2565,0.005,0.074961,0.0072182,-8.9042e-25,0,0.0011259,0.0042976,0.25767,0.010804
2.925,2.3066,0.005,0.078911,0.0071558,-4.1919e-25,0,0.0010606,0.0038438,0.27591,0.01092
2.875,2.3566,0.005,0.083002,0.0070444,0,0,0.0010057,0.0032463,0.30981,0.011039
2.825,2.4066,0.005,0.087532,0.0068427,-8.2959e-25,0,0.00096816,0.0025691,0.37685,0.011165
2.775,2.4567,0.005,0.09306,0.0065034,3.4619e-25,0,0.00096525,0.0019069,0.50619,0.011299
2.725,2.5067,0.005,0.10069,0.0059314,1.6364e-24,0,0.0010345,0.0014224,0.72731,0.011439
2.675,2.5568,0.005,0.11228,0.0050228,-1.7758e-24,0,0.0012492,0.0011821,1.0567,0.011587
2.625,2.6068,0.005,0.13024,0.0036738,4.2973e-25,0,0.0017118,0.001126,1.498,0.01174
2.575,2.6569,0.005,0.15669,0.0019108,-1.2099e-24,0,0.0024679,0.0011585,1.9846,0.011894
2.525,2.7069,0.005,0.19296,-0.0001144,6.9522e-25,0,0.0034628,0.0012325,2.5126,0.012052
2.475,2.7569,0.005,0.2401,-0.0021681,1.349e-24,0,0.0043886,0.0012502,3.1001,0.012227
2.425,2.807,0.005,0.29875,-0.0037072,-2.8197e-25,0,0.0046411,0.0011669,3.5606,0.012416
2.375,2.86,0.005,0.36614,-0.0040681,1.4911e-24,0,0.0036217,0.0010408,3.3836,0.012609
2.325,2.916,0.005,0.41555,-0.0018658,0,0,0.001693,0.00065664,2.5783,0.012811
2.275,2.972,0.005,0.4056,-0.00091887,0,0,0.0024013,0.00030812,7.7933,0.012889
5.275,0.024,0.005,-0.16795,0.00066385,1.1167e-25,0,0.00069087,0.00014166,4.8769,0.0081664
5.225,0.072,0.005,-0.17884,0.0012568,1.7493e-25,0,0.00062022,0.00037919,1.6356,0.0082154
5.175,0.12,0.005,-0.17541,0.0020361,-2.8398e-25,0,0.0008436,0.00084812,0.99467,0.0082495
5.125,0.168,0.005,-0.16911,0.0026184,2.5783e-25,0,0.0010647,0.0013777,0.77282,0.0082959
5.075,0.216,0.005,-0.16205,0.0032056,-4.8996e-39,0,0.0012601,0.0018917,0.66611,0.0083357
5.025,0.264,0.005,-0.15468,0.003753,1.6048e-38,0,0.0014346,0.0023711,0.60505,0.0083746
4.975,0.312,0.005,-0.14715,0.0042782,-9.08e-27,0,0.0015938,0.0028127,0.56663,0.0084113
4.925,0.36,0.005,-0.13952,0.0047814,-2.121e-25,0,0.0017411,0.003218,0.54104,0.0084463
4.875,0.408,0.005,-0.1318,0.0052609,0,0,0.0018783,0.0035898,0.52325,0.0084803
4.825,0.456,0.005,-0.12404,0.0057179,2.9889e-25,0,0.0020062,0.0039311,0.51033,0.008514
4.775,0.50502,0.005,-0.11598,0.0061394,-1.0594e-25,0,0.0021283,0.0041367,0.49994,0.0085384
4.725,0.55506,0.005,-0.10752,0.0065074,0,0,0.0022439,0.0042137,0.49032,0.008552
4.675,0.60511,0.005,-0.098851,0.0067883,-4.0854e-25,0,0.002348,0.0043182,0.48009,0.0085663
4.625,0.65515,0.005,-0.090166,0.0069923,2.2465e-38,0,0.0024367,0.0044919,0.46843,0.0085842
4.575,0.70519,0.005,-0.081656,0.0071357,3.7033e-25,0,0.0025077,0.00473,0.45532,0.0086065
4.525,0.75523,0.005,-0.073455,0.0072344,1.2279e-38,0,0.0025611,0.005015,0.44118,0.0086329
4.475,0.80528,0.005,-0.06563,0.0073011,-3.2622e-25,0,0.0025983,0.0053271,0.42658,0.008663
4.425,0.85532,0.005,-0.0582,0.0073451,-3.0716e-25,0,0.0026214,0.0056503,0.41201,0.0086965
4.375,0.90536,0.005,-0.051158,0.007373,-7.7041e-39,0,0.0026324,0.0059727,0.39783,0.0087329
4.325,0.9554,0.005,-0.044481,0.0073891,-1.8602e-25,0,0.0026331,0.0062854,0.38427,0.0087722
4.275,1.0054,0.005,-0.03814,0.0073966,1.5768e-25,0,0.0026251,0.006582,0.37144,0.0088142
4.225,1.0555,0.005,-0.032105,0.0073976,7.7243e-39,0,0.0026098,0.0068572,0.3594,0.0088589
4.175,1.1055,0.005,-0.026344,0.0073934,1.7172e-26,0,0.0025881,0.0071064,0.34815,0.0089061
4.125,1.1556,0.005,-0.020829,0.0073849,-2.2015e-25,0,0.0025609,0.0073262,0.33768,0.0089559
4.075,1.2056,0.005,-0.015533,0.0073729,-1.7744e-27,0,0.0025287,0.0075138,0.32794,0.0090082
4.025,1.2557,0.005,-0.010431,0.0073579,0,0,0.0024921,0.0076673,0.31888,0.0090631
3.975,1.3057,0.005,-0.0054987,0.0073407,-4.3137e-25,0,0.0024514,0.0077857,0.31045,0.0091205
3.925,1.3557,0.005,-0.00071705,0.0073219,7.4296e-34,0,0.0024069,0.0078688,0.30259,0.0091803
3.875,1.4058,0.005,0.0039322,0.0073022,1.7673e-25,0,0.0023586,0.0079166,0.29527,0.0092426
3.825,1.4558,0.005,0.0084649,0.0072821,1.3827e-25,0,0.0023069,0.0079294,0.28845,0.0093072
3.775,1.5059,0.005,0.012895,0.007262,6.5443e-25,0,0.0022518,0.0079068,0.28209,0.0093741
3.725,1.5559,0.005,0.017237,0.0072423,1.9393e-25,0,0.0021934,0.0078481,0.27614,0.0094432
3.675,1.606,0.005,0.021503,0.0072233,-3.2893e-25,0,0.0021318,0.0077525,0.27056,0.0095147
3.625,1.656,0.005,0.025706,0.0072058,2.478e-38,0,0.0020671,0.0076203,0.26537,0.0095885
3.575,1.706,0.005,0.02986,0.0071908,3.1121e-25,0,0.0019996,0.0074523,0.26055,0.0096649
3.525,1.7561,0.005,0.033978,0.0071796,-6.4406e-26,0,0.0019294,0.0072491,0.25613,0.009744
3.475,1.8061,0.005,0.038072,0.0071728,-2.0576e-25,0,0.0018567,0.0070102,0.25213,0.0098261
3.425,1.8562,0.005,0.042156,0.0071693,-2.1367e-25,0,0.0017816,0.0067347,0.24859,0.0099114
3.375,1.9062,0.005,0.046244,0.0071668,4.0371e-25,0,0.0017044,0.0064231,0.24556,0.01
3.325,1.9563,0.005,0.05035,0.007162,1.005e-25,0,0.0016251,0.0060805,0.24315,0.010092
3.275,2.0063,0.005,0.054487,0.0071523,-7.2381e-25,0,0.0015439,0.0057191,0.24148,0.010187
3.225,2.0563,0.005,0.058664,0.0071363,-2.6321e-25,0,0.0014614,0.0053616,0.2408,0.010287
3.175,2.1064,0.005,0.06287,0.0071144,-4.1863e-25,0,0.0013783,0.0050388,0.24149,0.010389
3.125,2.1564,0.005,0.067067,0.0070894,-1.5289e-25,0,0.0012962,0.0047779,0.24422,0.010496
3.075,2.2065,0.005,0.071192,0.0070618,4.7304e-25,0,0.0012174,0.0045738,0.25005,0.010605
3.025,2.2565,0.005,0.075202,0.0070263,5.1216e-25,0,0.0011446,0.0043425,0.26082,0.010717
2.975,2.3066,0.005,0.079191,0.0069631,2.0344e-38,0,0.0010795,0.003853,0.28018,0.01083
2.925,2.3566,0.005,0.083356,0.0068502,-4.7825e-25,0,0.0010253,0.0032447,0.31598,0.010946
2.875,2.4066,0.005,0.088004,0.0066455,1.0611e-24,0,0.00098915,0.0025627,0.38598,0.011068
2.825,2.4567,0.005,0.093724,0.0062993,-3.3744e-25,0,0.0009896,0.0019061,0.51918,0.011198
2.775,2.5067,0.005,0.10165,0.005718,-1.5782e-24,0,0.0010652,0.0014318,0.74397,0.011334
2.725,2.5568,0.005,0.11362,0.0048067,1.7106e-24,0,0.0012887,0.001202,1.0721,0.011479
2.675,2.6068,0.005,0.13197,0.0034626,-1.6429e-24,0,0.0017574,0.0011388,1.5057,0.011627
2.625,2.6569,0.005,0.15874,0.0017293,7.3428e-33,0,0.0025101,0.0011713,1.981,0.011775
2.575,2.7069,0.005,0.19511,-0.00025947,1.0221e-24,0,0.0034866,0.0012451,2.4981,0.011931
2.525,2.7569,0.005,0.24194,-0.0022529,5.0088e-25,0,0.004373,0.0012611,3.0685,0.012102
2.475,2.807,0.005,0.29968,-0.0037151,8.4793e-25,0,0.0045957,0.0011797,3.508,0.012287
2.425,2.86,0.005,0.36539,-0.0040496,-5.7971e-26,0,0.0036061,0.0010594,3.3403,0.012471
2.375,2.916,0.005,0.41404,-0.0019091,0,0,0.0017124,0.00065938,2.597,0.012665
2.325,2.972,0.005,0.40443,-0.00089091,0,0,0.0024005,0.00030807,7.792,0.012741
5.325,0.024,0.005,-0.16891,0.00066905,1.1252e-25,0,0.00069745,0.00014234,4.9001,0.0081406
5.275,0.072,0.005,-0.17961,0.0012556,3.4863e-25,0,0.00062814,0.00038243,1.6425,0.0081885
5.225,0.12,0.005,-0.17608,0.0020318,1.208e-25,0,0.00085313,0.00085434,0.99858,0.008221
5.175,0.168,0.005,-0.16972,0.002608,-8.5673e-25,0,0.0010745,0.0013855,0.77551,0.008266
5.125,0.216,0.005,-0.16261,0.0031893,2.9199e-25,0,0.0012694,0.0018999,0.66812,0.0083044
5.075,0.264,0.005,-0.15521,0.00373,-3.5243e-26,0,0.0014431,0.0023788,0.60665,0.0083421
5.025,0.312,0.005,-0.14765,0.0042475,0,0,0.0016013,0.0028193,0.56799,0.0083775
4.975,0.36,0.005,-0.13999,0.0047438,-1.1104e-26,0,0.0017478,0.003223,0.54228,0.0084109
4.925,0.408,0.005,-0.13224,0.0052196,-2.009e-25,0,0.0018845,0.0035931,0.52447,0.0084434
4.875,0.456,0.005,-0.12444,0.0056705,7.7446e-26,0,0.0020119,0.0039326,0.51159,0.0084754
4.825,0.50502,0.005,-0.11632,0.0060828,-5.5034e-27,0,0.0021341,0.0041044,0.50124,0.0084978
4.775,0.55506,0.005,-0.10777,0.0064405,1.6689e-25,0,0.0022502,0.0041745,0.49158,0.0085092
4.725,0.60511,0.005,-0.099007,0.006709,-1.5941e-25,0,0.0023548,0.004282,0.48121,0.0085222
4.675,0.65515,0.005,-0.090243,0.0069006,-2.4762e-25,0,0.0024437,0.0044615,0.46933,0.0085392
4.625,0.70519,0.005,-0.08167,0.0070331,-2.4641e-25,0,0.0025147,0.0047066,0.45597,0.0085607
4.575,0.75523,0.005,-0.073423,0.007123,1.4473e-25,0,0.002568,0.0049982,0.4416,0.0085862
4.525,0.80528,0.005,-0.065564,0.0071828,1.6377e-34,0,0.0026051,0.005316,0.42681,0.0086155
4.475,0.85532,0.005,-0.05811,0.0072212,-2.3497e-25,0,0.0026282,0.005644,0.41209,0.0086481
4.425,0.90536,0.005,-0.05105,0.0072445,-2.8564e-25,0,0.0026393,0.0059707,0.39781,0.0086837
4.375,0.9554,0.005,-0.04436,0.0072569,1.8255e-25,0,0.0026402,0.0062873,0.38418,0.0087222
4.325,1.0054,0.005,-0.038008,0.0072613,3.4072e-26,0,0.0026325,0.0065875,0.37131,0.0087635
4.275,1.0555,0.005,-0.031965,0.0072599,-2.4508e-25,0,0.0026175,0.0068662,0.35926,0.0088074
4.225,1.1055,0.005,-0.026198,0.0072538,-2.011e-25,0,0.0025961,0.0071191,0.34801,0.0088539
4.175,1.1556,0.005,-0.020678,0.007244,2.254e-25,0,0.0025693,0.0073427,0.33755,0.008903
4.125,1.2056,0.005,-0.015378,0.0072311,-7.6602e-39,0,0.0025376,0.0075342,0.32783,0.0089546
4.075,1.2557,0.005,-0.010272,0.0072157,5.4605e-27,0,0.0025015,0.0076917,0.3188,0.0090087
4.025,1.3057,0.005,-0.0053383,0.0071982,2.1797e-25,0,0.0024613,0.007814,0.31041,0.0090653
3.975,1.3557,0.005,-0.00055523,0.0071792,-1.8351e-26,0,0.0024172,0.0079007,0.3026,0.0091244
3.925,1.4058,0.005,0.004095,0.0071593,5.7662e-40,0,0.0023696,0.0079519,0.29533,0.0091858
3.875,1.4558,0.005,0.0086285,0.0071388,1.9373e-25,0,0.0023185,0.0079675,0.28856,0.0092495
3.825,1.5059,0.005,0.01306,0.007118,-3.9472e-25,0,0.0022641,0.0079474,0.28227,0.0093154
3.775,1.5559,0.005,0.017402,0.0070971,6.8767e-25,0,0.0022064,0.0078909,0.27639,0.0093836
3.725,1.606,0.005,0.021669,0.0070764,6.5913e-25,0,0.0021455,0.0077972,0.27088,0.009454
3.675,1.656,0.005,0.025874,0.0070563,-4.944e-26,0,0.0020816,0.0076665,0.26576,0.0095268
3.625,1.706,0.005,0.030029,0.0070376,-5.548e-26,0,0.0020148,0.0074991,0.26103,0.009602
3.575,1.7561,0.005,0.034148,0.0070213,-6.21e-26,0,0.0019452,0.007296,0.25669,0.0096797
3.525,1.8061,0.005,0.038244,0.0070084,3.4098e-25,0,0.0018731,0.0070574,0.25278,0.0097603
3.475,1.8562,0.005,0.042332,0.0069988,7.7443e-26,0,0.0017985,0.0067829,0.24933,0.0098438
3.425,1.9062,0.005,0.046425,0.006991,-2.1935e-25,0,0.0017217,0.0064731,0.24642,0.0099305
3.375,1.9563,0.005,0.050538,0.0069824,-9.6724e-26,0,0.0016427,0.0061324,0.24413,0.010021
3.325,2.0063,0.005,0.054683,0.0069699,-1.0865e-25,0,0.0015618,0.0057735,0.24263,0.010114
3.275,2.0563,0.005,0.058868,0.0069521,3.792e-25,0,0.0014795,0.0054195,0.24215,0.010211
3.225,2.1064,0.005,0.063079,0.006929,6.7714e-25,0,0.0013965,0.0051016,0.24312,0.010312
3.175,2.1564,0.005,0.067278,0.0069036,-5.8053e-25,0,0.0013146,0.0048449,0.24621,0.010416
3.125,2.2065,0.005,0.071406,0.006878,1.4612e-25,0,0.0012361,0.0046353,0.25256,0.010524
3.075,2.2565,0.005,0.075434,0.0068436,1.4421e-25,0,0.0011636,0.0043861,0.26407,0.010632
3.025,2.3066,0.005,0.079464,0.0067795,-7.173e-25,0,0.0010988,0.0038608,0.2846,0.010741
2.975,2.3566,0.005,0.083704,0.0066641,1.8329e-25,0,0.0010452,0.0032414,0.32244,0.010854
2.925,2.4066,0.005,0.088474,0.0064552,-1.5839e-24,0,0.0010107,0.00255,0.39635,0.010973
2.875,2.4567,0.005,0.094389,0.0061001,2.5884e-38,0,0.0010147,0.0019057,0.53246,0.011099
2.825,2.5067,0.005,0.1026,0.0055124,4.0725e-25,0,0.0010967,0.0014427,0.76017,0.011233
2.775,2.5568,0.005,0.11495,0.004599,2.885e-38,0,0.0013286,0.0012226,1.0867,0.011373
2.725,2.6068,0.005,0.13369,0.0032616,8.4167e-38,0,0.0018026,0.0011514,1.5126,0.011518
2.675,2.6569,0.005,0.16076,0.0015523,-3.3096e-38,0,0.0025517,0.0011842,1.9774,0.011661
2.625,2.7069,0.005,0.19721,-0.00040199,-3.6564e-25,0,0.0035091,0.0012577,2.4838,0.011814
2.575,2.7569,0.005,0.24372,-0.0023385,-8.7566e-25,0,0.0043566,0.0012722,3.0371,0.01198
2.525,2.807,0.005,0.30056,-0.0037215,2.1669e-24,0,0.004551,0.0011926,3.4564,0.012163
2.475,2.86,0.005,0.36465,-0.0040281,-1.9398e-24,0,0.0035887,0.0010777,3.2974,0.012338
2.425,2.916,0.005,0.41252,-0.001948,-6.6583e-26,0,0.0017304,0.00066196,2.6141,0.012523
2.375,2.972,0.005,0.40325,-0.00086537,0,0,0.0023991,0.00030798,7.7898,0.012596
5.375,0.024,0.005,-0.16988,0.00067447,0,0,0.00070409,0.00014301,4.9233,0.0081164
5.325,0.072,0.005,-0.18038,0.0012542,4.4992e-25,0,0.00063625,0.00038577,1.6493,0.0081631
5.275,0.12,0.005,-0.17675,0.0020275,1.1868e-25,0,0.00086288,0.00086077,1.0025,0.0081938
5.225,0.168,0.005,-0.17033,0.0025974,-2.3375e-25,0,0.0010844,0.0013936,0.77817,0.0082375
5.175,0.216,0.005,-0.16317,0.0031728,6.1085e-26,0,0.0012788,0.0019084,0.6701,0.0082745
5.125,0.264,0.005,-0.15574,0.0037071,1.7466e-25,0,0.0014516,0.0023867,0.60822,0.0083107
5.075,0.312,0.005,-0.14815,0.0042173,1.9252e-25,0,0.0016088,0.0028259,0.56932,0.0083448
5.025,0.36,0.005,-0.14045,0.0047054,6.9352e-39,0,0.0017544,0.003228,0.54349,0.0083771
4.975,0.408,0.005,-0.13267,0.0051776,6.7513e-39,0,0.0018904,0.0035962,0.52565,0.008408
4.925,0.456,0.005,-0.12483,0.0056221,-2.6732e-25,0,0.0020174,0.003934,0.51281,0.0084377
4.875,0.50502,0.005,-0.11665,0.0060246,7.3266e-26,0,0.0021395,0.0040706,0.50248,0.008458
4.825,0.55506,0.005,-0.108,0.0063714,1.714e-25,0,0.0022562,0.0041347,0.49277,0.0084675
4.775,0.60511,0.005,-0.099148,0.0066273,-1.6064e-25,0,0.002361,0.0042461,0.48223,0.0084792
4.725,0.65515,0.005,-0.090306,0.0068073,7.3619e-39,0,0.00245,0.004432,0.47012,0.0084953
4.675,0.70519,0.005,-0.081674,0.0069297,-2.4155e-25,0,0.0025209,0.0046838,0.45651,0.0085159
4.625,0.75523,0.005,-0.073383,0.0070112,-3.3687e-25,0,0.0025742,0.0049815,0.44191,0.0085406
4.575,0.80528,0.005,-0.065493,0.007064,-8.1564e-26,0,0.0026113,0.0053047,0.42693,0.0085689
4.525,0.85532,0.005,-0.058015,0.007097,-7.5825e-39,0,0.0026344,0.0056375,0.41208,0.0086006
4.475,0.90536,0.005,-0.050938,0.0071159,-7.7823e-39,0,0.0026456,0.0059683,0.3977,0.0086354
4.425,0.9554,0.005,-0.044235,0.0071248,-2.6618e-25,0,0.0026467,0.0062889,0.38401,0.0086731
4.375,1.0054,0.005,-0.037874,0.0071265,-4.3824e-25,0,0.0026393,0.0065928,0.37111,0.0087136
4.325,1.0555,0.005,-0.031824,0.0071228,1.9164e-25,0,0.0026246,0.006875,0.35905,0.0087568
4.275,1.1055,0.005,-0.026051,0.0071151,1.6322e-26,0,0.0026036,0.0071315,0.34781,0.0088026
4.225,1.1556,0.005,-0.020527,0.0071042,1.1259e-38,0,0.0025772,0.0073588,0.33737,0.0088509
4.175,1.2056,0.005,-0.015224,0.0070907,1.3301e-27,0,0.0025459,0.0075542,0.32768,0.0089018
4.125,1.2557,0.005,-0.010115,0.0070749,2.1276e-25,0,0.0025103,0.0077156,0.31868,0.0089551
4.075,1.3057,0.005,-0.0051796,0.0070574,0,0,0.0024706,0.0078418,0.31033,0.0090109
4.025,1.3557,0.005,-0.00039537,0.0070386,2.1659e-25,0,0.0024272,0.0079321,0.30257,0.0090692
3.975,1.4058,0.005,0.0042556,0.0070187,-4.8141e-25,0,0.0023801,0.0079865,0.29536,0.0091298
3.925,1.4558,0.005,0.0087897,0.0069981,-5.6972e-26,0,0.0023297,0.0080051,0.28865,0.0091926
3.875,1.5059,0.005,0.013222,0.0069771,9.9543e-26,0,0.0022759,0.0079876,0.28242,0.0092576
3.825,1.5559,0.005,0.017565,0.0069556,-6.3678e-25,0,0.002219,0.0079333,0.2766,0.0093248
3.775,1.606,0.005,0.021833,0.0069338,2.7266e-25,0,0.0021588,0.0078417,0.27118,0.0093942
3.725,1.656,0.005,0.026039,0.006912,-4.7254e-25,0,0.0020956,0.0077126,0.26614,0.0094659
3.675,1.706,0.005,0.030195,0.0068907,-1.3667e-25,0,0.0020295,0.0075465,0.26149,0.0095399
3.625,1.7561,0.005,0.034315,0.0068707,-2.5384e-25,0,0.0019606,0.0073439,0.25724,0.0096164
3.575,1.8061,0.005,0.038414,0.0068529,6.6803e-26,0,0.001889,0.0071053,0.25342,0.0096955
3.525,1.8562,0.005,0.042504,0.0068377,1.4872e-33,0,0.001815,0.0068311,0.25008,0.0097774
3.475,1.9062,0.005,0.046601,0.0068246,1.1482e-38,0,0.0017386,0.0065223,0.24728,0.0098623
3.425,1.9563,0.005,0.05072,0.0068116,9.3102e-26,0,0.00166,0.0061837,0.24513,0.0099504
3.375,2.0063,0.005,0.054873,0.0067962,5.526e-25,0,0.0015795,0.0058279,0.24379,0.010042
3.325,2.0563,0.005,0.059064,0.0067766,-8.5529e-25,0,0.0014974,0.0054782,0.24353,0.010137
3.275,2.1064,0.005,0.06328,0.0067529,-1.3097e-25,0,0.0014147,0.0051655,0.24479,0.010236
3.225,2.1564,0.005,0.06748,0.0067273,2.4844e-38,0,0.001333,0.0049118,0.24826,0.010338
3.175,2.2065,0.005,0.071611,0.0067029,-8.9318e-25,0,0.0012549,0.0046952,0.25514,0.010443
3.125,2.2565,0.005,0.075657,0.0066677,1.3257e-25,0,0.0011827,0.0044225,0.26742,0.010548
3.075,2.3066,0.005,0.079731,0.0066041,-3.9672e-38,0,0.0011183,0.0038673,0.28917,0.010655
3.025,2.3566,0.005,0.084048,0.0064856,6.4438e-25,0,0.0010654,0.0032371,0.32913,0.010765
2.975,2.4066,0.005,0.088942,0.0062726,7.7565e-25,0,0.0010328,0.0025362,0.4072,0.01088
2.925,2.4567,0.005,0.095058,0.0059071,1.6846e-38,0,0.0010406,0.0019028,0.54689,0.011002
2.875,2.5067,0.005,0.10356,0.0053147,-3.9825e-25,0,0.0011286,0.0014555,0.77543,0.011134
2.825,2.5568,0.005,0.11627,0.0043946,-4.1645e-25,0,0.0013687,0.0012415,1.1004,0.011271
2.775,2.6068,0.005,0.13538,0.0030697,1.9068e-24,0,0.0018473,0.0011638,1.5188,0.011411
2.725,2.6569,0.005,0.16275,0.0013801,-2.1189e-24,0,0.0025925,0.0011972,1.9736,0.011551
2.675,2.7069,0.005,0.19926,-0.00053975,-2.2589e-25,0,0.0035302,0.0012703,2.4695,0.0117
2.625,2.7569,0.005,0.24544,-0.0024227,-1.2816e-24,0,0.0043395,0.0012833,3.0059,0.011862
2.575,2.807,0.005,0.30138,-0.0037271,-4.6375e-25,0,0.004507,0.0012055,3.4059,0.012044
2.525,2.86,0.005,0.36391,-0.0040103,-5.9338e-25,0,0.0035698,0.0010958,3.255,0.012208
2.475,2.916,0.005,0.41101,-0.0019824,0,0,0.001747,0.00066438,2.6295,0.012385
2.425,2.972,0.005,0.40206,-0.00084228,0,0,0.0023971,0.00030786,7.7865,0.012456
5.425,0.024,0.005,-0.17084,0.00068014,1.1459e-25,0,0.00071079,0.00014369,4.9467,0.0080937
5.375,0.072,0.005,-0.18114,0.0012526,9.2596e-41,0,0.00064456,0.00038921,1.6561,0.0081391
5.325,0.12,0.005,-0.17741,0.002023,5.959e-25,0,0.00087286,0.0008674,1.0063,0.0081681
5.275,0.168,0.005,-0.17092,0.0025866,-1.1569e-25,0,0.0010946,0.0014019,0.7808,0.0082103
5.225,0.216,0.005,-0.16372,0.0031559,-5.9136e-26,0,0.0012884,0.0019171,0.67205,0.0082457
5.175,0.264,0.005,-0.15625,0.003684,1.4289e-38,0,0.0014602,0.0023948,0.60976,0.0082805
5.125,0.312,0.005,-0.14863,0.0041876,-1.9352e-25,0,0.0016164,0.0028327,0.57061,0.0083133
5.075,0.36,0.005,-0.14091,0.0046677,-7.8065e-27,0,0.0017608,0.0032329,0.54465,0.0083444
5.025,0.408,0.005,-0.1331,0.0051348,-3.5887e-26,0,0.001896,0.0035991,0.52679,0.0083747
4.975,0.456,0.005,-0.12522,0.0055722,-2.7027e-25,0,0.0020226,0.0039351,0.51398,0.0084011
4.925,0.50502,0.005,-0.11697,0.0059648,-1.5002e-25,0,0.0021446,0.0040354,0.50367,0.0084191
4.875,0.55506,0.005,-0.10822,0.0062999,3.5085e-25,0,0.0022616,0.0040946,0.49387,0.0084268
4.825,0.60511,0.005,-0.099276,0.0065433,7.4406e-26,0,0.0023668,0.0042104,0.48315,0.0084373
4.775,0.65515,0.005,-0.090358,0.0067119,7.1926e-39,0,0.0024557,0.004403,0.47079,0.0084525
4.725,0.70519,0.005,-0.081668,0.006825,1.173e-25,0,0.0025265,0.0046615,0.45693,0.0084722
4.675,0.75523,0.005,-0.073335,0.0068986,9.7928e-26,0,0.0025796,0.0049651,0.4421,0.008496
4.625,0.80528,0.005,-0.065414,0.006945,2.3011e-25,0,0.0026167,0.0052933,0.42695,0.0085234
4.575,0.85532,0.005,-0.057915,0.0069726,2.2617e-25,0,0.0026399,0.0056306,0.41197,0.0085542
4.525,0.90536,0.005,-0.050822,0.0069872,5.4465e-26,0,0.0026512,0.0059656,0.3975,0.0085881
4.475,0.9554,0.005,-0.044107,0.0069928,2.6185e-25,0,0.0026526,0.00629,0.38376,0.0086249
4.425,1.0054,0.005,-0.037738,0.0069919,2.4854e-25,0,0.0026455,0.0065977,0.37084,0.0086646
4.375,1.0555,0.005,-0.031681,0.0069863,2.1249e-25,0,0.0026311,0.0068836,0.35877,0.008707
4.325,1.1055,0.005,-0.025904,0.0069773,2.2635e-25,0,0.0026106,0.0071437,0.34755,0.008752
4.275,1.1556,0.005,-0.020376,0.0069655,-2.0908e-25,0,0.0025846,0.0073747,0.33713,0.0087996
4.225,1.2056,0.005,-0.01507,0.0069514,-4.1722e-25,0,0.0025538,0.0075738,0.32747,0.0088497
4.175,1.2557,0.005,-0.0099599,0.0069356,2.1467e-25,0,0.0025186,0.007739,0.31852,0.0089023
4.125,1.3057,0.005,-0.0050227,0.0069183,0,0,0.0024795,0.007869,0.31022,0.0089574
4.075,1.3557,0.005,-0.00023761,0.0068998,0,0,0.0024366,0.007963,0.30251,0.0090148
4.025,1.4058,0.005,0.0044139,0.0068803,0,0,0.0023902,0.0080206,0.29535,0.0090745
3.975,1.4558,0.005,0.0089484,0.00686,5.5946e-34,0,0.0023404,0.0080421,0.2887,0.0091365
3.925,1.5059,0.005,0.013381,0.0068391,-3.4709e-25,0,0.0022873,0.0080271,0.28254,0.0092006
3.875,1.5559,0.005,0.017725,0.0068174,1.7218e-38,0,0.0022311,0.0079752,0.2768,0.0092668
3.825,1.606,0.005,0.021994,0.0067951,-1.8379e-25,0,0.0021716,0.0078857,0.27145,0.0093352
3.775,1.656,0.005,0.026201,0.0067723,3.251e-25,0,0.0021092,0.0077585,0.26649,0.0094058
3.725,1.706,0.005,0.030358,0.0067492,0,0,0.0020437,0.0075939,0.26193,0.0094787
3.675,1.7561,0.005,0.03448,0.0067266,-2.4884e-25,0,0.0019755,0.0073921,0.25777,0.009554
3.625,1.8061,0.005,0.03858,0.006705,-2.6023e-25,0,0.0019046,0.0071538,0.25405,0.0096318
3.575,1.8562,0.005,0.042673,0.0066852,2.741e-25,0,0.0018311,0.0068796,0.25082,0.0097121
3.525,1.9062,0.005,0.046774,0.0066672,5.8181e-25,0,0.0017552,0.0065715,0.24814,0.0097953
3.475,1.9563,0.005,0.050897,0.0066497,1.3161e-25,0,0.0016771,0.0062347,0.24613,0.0098816
3.425,2.0063,0.005,0.055056,0.0066311,-2.0226e-25,0,0.0015969,0.0058824,0.24498,0.0099712
3.375,2.0563,0.005,0.059252,0.0066096,4.7223e-25,0,0.0015151,0.0055376,0.24494,0.010064
3.325,2.1064,0.005,0.063471,0.0065854,-5.0941e-25,0,0.0014327,0.0052302,0.24649,0.010161
3.275,2.1564,0.005,0.067673,0.0065602,4.0859e-25,0,0.0013515,0.0049789,0.25037,0.010261
3.225,2.2065,0.005,0.071806,0.0065362,5.6608e-25,0,0.0012738,0.0047532,0.25778,0.010364
3.175,2.2565,0.005,0.075873,0.0064995,-3.5251e-25,0,0.0012019,0.0044375,0.27085,0.010466
3.125,2.3066,0.005,0.079993,0.0064354,-1.3712e-25,0,0.0011381,0.0038729,0.29385,0.010569
3.075,2.3566,0.005,0.084389,0.0063134,-1.6999e-25,0,0.001086,0.0032325,0.33597,0.010677
3.025,2.4066,0.005,0.08941,0.0060964,7.5929e-25,0,0.0010553,0.0025235,0.41818,0.01079
2.975,2.4567,0.005,0.09573,0.0057211,-6.1009e-25,0,0.001067,0.0019001,0.56157,0.010908
2.925,2.5067,0.005,0.10451,0.0051231,-7.813e-33,0,0.0011609,0.0014715,0.78891,0.011037
2.875,2.5568,0.005,0.11757,0.004195,1.1168e-24,0,0.0014087,0.0012518,1.1133,0.011171
2.825,2.6068,0.005,0.13705,0.0028857,-3.625e-25,0,0.0018917,0.0011763,1.5244,0.011306
2.775,2.6569,0.005,0.16471,0.0012128,1.7033e-24,0,0.0026324,0.0012103,1.9695,0.011443
2.725,2.7069,0.005,0.20126,-0.00067198,-1.8124e-24,0,0.0035499,0.001283,2.4554,0.01159
2.675,2.7569,0.005,0.2471,-0.0025032,-8.1605e-25,0,0.0043218,0.0012946,2.975,0.011747
2.625,2.807,0.005,0.30215,-0.0037325,3.0393e-25,0,0.0044635,0.0012185,3.3564,0.011928
2.575,2.86,0.005,0.36319,-0.003995,-6.0865e-25,0,0.0035485,0.0011043,3.2132,0.012082
2.525,2.916,0.005,0.4095,-0.0020121,0,0,0.0017623,0.00066664,2.6435,0.012249
2.475,2.972,0.005,0.40087,-0.00082164,0,0,0.0023946,0.00030769,7.7824,0.012319
5.475,0.024,0.005,-0.17181,0.00068613,1.1594e-25,0,0.00071755,0.00014437,4.9702,0.0080726
5.425,0.072,0.005,-0.18189,0.0012507,1.064e-25,0,0.00065308,0.00039277,1.6628,0.0081168
5.375,0.12,0.005,-0.17806,0.0020183,-3.3795e-25,0,0.00088308,0.00087426,1.0101,0.0081439
5.325,0.168,0.005,-0.17151,0.0025754,7.3837e-25,0,0.001105,0.0014105,0.78339,0.0081845
5.275,0.216,0.005,-0.16427,0.0031386,-2.5463e-25,0,0.0012981,0.0019261,0.67396,0.0082183
5.225,0.264,0.005,-0.15676,0.0036605,1.9055e-25,0,0.0014689,0.0024031,0.61126,0.0082516
5.175,0.312,0.005,-0.14911,0.0041576,-3.7695e-25,0,0.0016239,0.0028396,0.57187,0.0082829
5.125,0.36,0.005,-0.14136,0.0046308,1.731e-25,0,0.0017671,0.0032378,0.54578,0.0083127
5.075,0.408,0.005,-0.13352,0.0050917,9.7656e-42,0,0.0019013,0.0036017,0.5279,0.0083425
5.025,0.456,0.005,-0.12559,0.0055184,-3.9529e-27,0,0.0020275,0.0039361,0.5151,0.0083656
4.975,0.50502,0.005,-0.11727,0.0059034,3.6344e-25,0,0.0021494,0.0039988,0.50478,0.0083807
4.925,0.55506,0.005,-0.10843,0.0062257,2.2614e-25,0,0.0022667,0.0040545,0.49489,0.0083871
4.875,0.60511,0.005,-0.099389,0.0064568,8.9253e-39,0,0.0023719,0.0041751,0.48396,0.0083965
4.825,0.65515,0.005,-0.090397,0.0066145,2.3308e-25,0,0.0024607,0.0043746,0.47134,0.0084108
4.775,0.70519,0.005,-0.081652,0.0067186,-2.337e-34,0,0.0025314,0.0046396,0.45722,0.0084296
4.725,0.75523,0.005,-0.073279,0.0067851,4.1447e-40,0,0.0025844,0.0049488,0.44217,0.0084524
4.675,0.80528,0.005,-0.06533,0.0068254,3.2462e-34,0,0.0026214,0.0052818,0.42685,0.0084789
4.625,0.85532,0.005,-0.05781,0.006848,6.6914e-26,0,0.0026447,0.0056233,0.41175,0.0085087
4.575,0.90536,0.005,-0.050702,0.0068585,1.6361e-25,0,0.0026562,0.0059624,0.39721,0.0085416
4.525,0.9554,0.005,-0.043977,0.0068609,-2.1444e-25,0,0.0026578,0.0062907,0.38342,0.0085776
4.475,1.0054,0.005,-0.0376,0.0068576,1.7833e-25,0,0.002651,0.0066022,0.37049,0.0086164
4.425,1.0555,0.005,-0.031537,0.0068503,-3.9349e-25,0,0.0026371,0.0068918,0.35842,0.0086581
4.375,1.1055,0.005,-0.025756,0.0068401,0,0,0.002617,0.0071556,0.34722,0.0087023
4.325,1.1556,0.005,-0.020226,0.0068277,8.0075e-27,0,0.0025915,0.0073902,0.33683,0.0087492
4.275,1.2056,0.005,-0.014917,0.0068134,2.0492e-25,0,0.0025612,0.007593,0.32722,0.0087985
4.225,1.2557,0.005,-0.0098057,0.0067976,-2.0532e-25,0,0.0025265,0.007762,0.31831,0.0088503
4.175,1.3057,0.005,-0.0048676,0.0067807,1.1955e-26,0,0.002488,0.0078958,0.31006,0.0089046
4.125,1.3557,0.005,-8.2075e-05,0.0067627,-1.7783e-26,0,0.0024457,0.0079933,0.30241,0.0089612
4.075,1.4058,0.005,0.0045697,0.0067439,2.0917e-25,0,0.0023999,0.0080542,0.29531,0.0090201
4.025,1.4558,0.005,0.0091045,0.0067242,-2.1048e-25,0,0.0023507,0.0080785,0.28873,0.0090811
3.975,1.5059,0.005,0.013537,0.0067037,-3.9384e-25,0,0.0022983,0.0080661,0.28263,0.0091443
3.925,1.5559,0.005,0.017882,0.0066823,4.6899e-25,0,0.0022427,0.0080164,0.27697,0.0092096
3.875,1.606,0.005,0.022152,0.0066599,-8.1314e-26,0,0.002184,0.0079292,0.2717,0.009277
3.825,1.656,0.005,0.02636,0.0066366,4.5396e-26,0,0.0021223,0.007804,0.26682,0.0093465
3.775,1.706,0.005,0.030519,0.0066126,-5.0517e-26,0,0.0020576,0.007641,0.26235,0.0094183
3.725,1.7561,0.005,0.034642,0.0065881,3.5609e-25,0,0.0019901,0.0074404,0.25829,0.0094924
3.675,1.8061,0.005,0.038744,0.0065639,-7.0273e-25,0,0.0019198,0.0072026,0.25467,0.0095689
3.625,1.8562,0.005,0.042839,0.0065404,-1.9919e-25,0,0.0018469,0.0069286,0.25155,0.0096479
3.575,1.9062,0.005,0.046942,0.006518,-2.0717e-25,0,0.0017716,0.006621,0.249,0.0097295
3.525,1.9563,0.005,0.05107,0.0064963,-3.0305e-25,0,0.0016939,0.0062861,0.24715,0.009814
3.475,2.0063,0.005,0.055233,0.0064743,3.2478e-25,0,0.0016141,0.0059372,0.24618,0.0099017
3.425,2.0563,0.005,0.059434,0.0064509,6.9671e-25,0,0.0015327,0.0055976,0.24638,0.009993
3.375,2.1064,0.005,0.063655,0.0064262,-2.4195e-25,0,0.0014507,0.0052954,0.24824,0.010088
3.325,2.1564,0.005,0.067857,0.0064014,-5.2482e-25,0,0.00137,0.0050456,0.25252,0.010186
3.275,2.2065,0.005,0.071994,0.0063777,5.477e-25,0,0.0012927,0.0048088,0.26048,0.010286
3.225,2.2565,0.005,0.076084,0.0063398,-4.6428e-25,0,0.0012213,0.0044515,0.27437,0.010385
3.175,2.3066,0.005,0.080253,0.0062726,-5.298e-25,0,0.001158,0.0038775,0.29865,0.010485
3.125,2.3566,0.005,0.084728,0.006146,0,0,0.001107,0.0032281,0.34292,0.010591
3.075,2.4066,0.005,0.089878,0.0059252,2.1474e-25,0,0.0010782,0.0025126,0.42912,0.010701
3.025,2.4567,0.005,0.096404,0.0055418,2.9601e-25,0,0.001094,0.0018987,0.57617,0.010816
2.975,2.5067,0.005,0.10546,0.004937,7.6477e-33,0,0.0011937,0.0014888,0.80176,0.010942
2.925,2.5568,0.005,0.11886,0.0040047,-1.4578e-24,0,0.0014487,0.0012621,1.1253,0.011073
2.875,2.6068,0.005,0.13871,0.002707,3.4771e-25,0,0.0019358,0.0011888,1.5295,0.011204
2.825,2.6569,0.005,0.16663,0.0010492,9.8305e-25,0,0.0026716,0.0012235,1.9652,0.011338
2.775,2.7069,0.005,0.2032,-0.00079885,1.9004e-25,0,0.0035683,0.0012957,2.4413,0.011482
2.725,2.7569,0.005,0.24869,-0.002579,1.9709e-24,0,0.0043034,0.0013059,2.9443,0.011635
2.675,2.807,0.005,0.30286,-0.0037377,-7.7417e-25,0,0.0044206,0.0012314,3.3079,0.011813
2.625,2.86,0.005,0.36248,-0.0039743,-9.0986e-25,0,0.0035251,0.0011113,3.172,0.011959
2.575,2.916,0.005,0.408,-0.0020374,8.0778e-25,0,0.0017759,0.00066863,2.656,0.012115
2.525,2.972,0.005,0.39966,-0.00080421,-8.8061e-25,0,0.0023915,0.00030749,7.7773,0.012186
5.525,0.024,0.005,-0.17278,0.00069253,1.176e-25,0,0.00072437,0.00014506,4.9937,0.0080532
5.475,0.072,0.005,-0.18265,0.0012486,1.7202e-25,0,0.00066181,0.00039643,1.6694,0.0080961
5.425,0.12,0.005,-0.17871,0.0020133,-2.0767e-25,0,0.00089355,0.00088135,1.0138,0.0081212
5.375,0.168,0.005,-0.1721,0.0025638,8.2767e-26,0,0.0011156,0.0014194,0.78594,0.0081602
5.325,0.216,0.005,-0.16481,0.0031207,3.1821e-25,0,0.0013079,0.0019353,0.67584,0.0081923
5.275,0.264,0.005,-0.15727,0.0036361,-2.7663e-26,0,0.0014777,0.0024116,0.61273,0.0082239
5.225,0.312,0.005,-0.14958,0.0041269,1.7473e-25,0,0.0016314,0.0028466,0.57309,0.0082536
5.175,0.36,0.005,-0.1418,0.0045935,1.8719e-25,0,0.0017734,0.0032428,0.54687,0.008282
5.125,0.408,0.005,-0.13393,0.0050481,3.4935e-25,0,0.0019064,0.0036041,0.52896,0.0083105
5.075,0.456,0.005,-0.12595,0.0054648,7.5769e-26,0,0.002032,0.0039081,0.51617,0.0083311
5.025,0.50502,0.005,-0.11756,0.0058409,6.6983e-27,0,0.0021538,0.003961,0.50582,0.0083424
4.975,0.55506,0.005,-0.10862,0.0061484,3.6196e-25,0,0.0022713,0.0040145,0.4958,0.0083484
4.925,0.60511,0.005,-0.099488,0.0063676,-1.6321e-25,0,0.0023764,0.0041404,0.48465,0.0083568
4.875,0.65515,0.005,-0.090424,0.0065149,-8.0653e-39,0,0.002465,0.0043466,0.47176,0.0083701
4.825,0.70519,0.005,-0.081627,0.0066106,3.4376e-25,0,0.0025355,0.004618,0.45738,0.008388
4.775,0.75523,0.005,-0.073215,0.0066702,9.7695e-26,0,0.0025883,0.0049326,0.44212,0.0084099
4.725,0.80528,0.005,-0.065239,0.0067051,-8.1274e-26,0,0.0026254,0.0052702,0.42663,0.0084354
4.675,0.85532,0.005,-0.0577,0.0067231,-2.8402e-25,0,0.0026487,0.0056158,0.41142,0.0084642
4.625,0.90536,0.005,-0.050579,0.0067298,-2.988e-39,0,0.0026605,0.0059588,0.39682,0.0084962
4.575,0.9554,0.005,-0.043844,0.0067292,1.715e-34,0,0.0026624,0.0062909,0.383,0.0085312
4.525,1.0054,0.005,-0.03746,0.0067236,-2.4006e-25,0,0.002656,0.0066062,0.37006,0.0085692
4.475,1.0555,0.005,-0.031393,0.0067147,-2.5203e-25,0,0.0026425,0.0068996,0.35801,0.00861
4.425,1.1055,0.005,-0.025608,0.0067036,-2.0293e-25,0,0.0026228,0.0071671,0.34683,0.0086535
4.375,1.1556,0.005,-0.020075,0.0066906,0,0,0.0025978,0.0074054,0.33649,0.0086995
4.325,1.2056,0.005,-0.014766,0.0066763,2.0123e-25,0,0.002568,0.0076119,0.32691,0.0087481
4.275,1.2557,0.005,-0.0096532,0.0066609,-2.0161e-25,0,0.002534,0.0077846,0.31806,0.0087992
4.225,1.3057,0.005,-0.0047146,0.0066445,-2.0287e-25,0,0.002496,0.007922,0.30986,0.0088526
4.175,1.3557,0.005,7.113e-05,0.0066273,2.0501e-25,0,0.0024543,0.0080231,0.30227,0.0089084
4.125,1.4058,0.005,0.0047229,0.0066093,-1.1193e-38,0,0.0024091,0.0080873,0.29524,0.0089664
4.075,1.4558,0.005,0.0092577,0.0065905,0,0,0.0023606,0.0081144,0.28873,0.0090266
4.025,1.5059,0.005,0.013691,0.0065708,-3.1308e-26,0,0.0023089,0.0081044,0.2827,0.0090889
3.975,1.5559,0.005,0.018036,0.00655,-2.1225e-25,0,0.002254,0.0080571,0.27711,0.0091532
3.925,1.606,0.005,0.022306,0.0065279,-2.1686e-25,0,0.002196,0.0079719,0.27192,0.0092196
3.875,1.656,0.005,0.026515,0.0065046,2.2276e-25,0,0.002135,0.0078489,0.26713,0.0092881
3.825,1.706,0.005,0.030676,0.0064801,2.7912e-25,0,0.002071,0.0076877,0.26275,0.0093587
3.775,1.7561,0.005,0.034801,0.0064546,-1.0856e-25,0,0.0020042,0.0074885,0.25879,0.0094316
3.725,1.8061,0.005,0.038904,0.0064285,4.3958e-25,0,0.0019346,0.0072514,0.25528,0.0095069
3.675,1.8562,0.005,0.043001,0.0064023,-6.6641e-26,0,0.0018624,0.0069779,0.25228,0.0095845
3.625,1.9062,0.005,0.047108,0.0063763,7.4297e-26,0,0.0017876,0.006671,0.24987,0.0096647
3.575,1.9563,0.005,0.051239,0.0063507,8.3458e-26,0,0.0017104,0.0063378,0.24818,0.0097476
3.525,2.0063,0.005,0.055405,0.0063254,-3.1612e-25,0,0.001631,0.0059928,0.2474,0.0098336
3.475,2.0563,0.005,0.059609,0.0063001,-2.3228e-25,0,0.0015501,0.0056585,0.24784,0.009923
3.425,2.1064,0.005,0.063831,0.0062749,2.322e-33,0,0.0014687,0.0053609,0.25001,0.010016
3.375,2.1564,0.005,0.068033,0.0062505,1.3689e-38,0,0.0013884,0.0051112,0.25471,0.010112
3.325,2.2065,0.005,0.072175,0.0062266,-4.137e-25,0,0.0013118,0.0048619,0.26324,0.010209
3.275,2.2565,0.005,0.07629,0.0061874,9.0856e-25,0,0.0012409,0.0044646,0.27795,0.010306
3.225,2.3066,0.005,0.080511,0.0061162,7.8734e-25,0,0.0011782,0.0038817,0.30353,0.010403
3.175,2.3566,0.005,0.085068,0.0059833,-1.6378e-25,0,0.0011283,0.0032244,0.34992,0.010507
3.125,2.4066,0.005,0.090349,0.005757,2.1472e-25,0,0.0011016,0.002504,0.43993,0.010615
3.075,2.4567,0.005,0.09708,0.0053683,-8.6197e-25,0,0.0011214,0.001899,0.59055,0.010728
3.025,2.5067,0.005,0.10641,0.0047571,-9.8641e-25,0,0.001227,0.0015067,0.81437,0.01085
2.975,2.5568,0.005,0.12014,0.0038221,3.667e-25,0,0.0014886,0.0012724,1.1364,0.010978
2.925,2.6068,0.005,0.14035,0.0025326,-1.0277e-24,0,0.0019798,0.0012014,1.5341,0.011105
2.875,2.6569,0.005,0.16853,0.00088892,3.3902e-25,0,0.00271,0.0012371,1.9608,0.011236
2.825,2.7069,0.005,0.2051,-0.00092117,1.513e-24,0,0.0035852,0.0013086,2.4272,0.011378
2.775,2.7569,0.005,0.25023,-0.00265,-1.5407e-24,0,0.0042843,0.0013174,2.9139,0.011526
2.725,2.807,0.005,0.30351,-0.0037426,3.0876e-26,0,0.0043781,0.0012443,3.2603,0.011702
2.675,2.86,0.005,0.36177,-0.0039501,1.4846e-25,0,0.0035,0.0011176,3.1316,0.01184
2.625,2.916,0.005,0.40651,-0.0020588,-5.79e-26,0,0.0017879,0.00067036,2.667,0.011987
2.575,2.972,0.005,0.39845,-0.00079076,-1.709e-24,0,0.0023879,0.00030726,7.7715,0.012057
5.575,0.024,0.005,-0.17374,0.00069939,-9.7149e-26,0,0.00073124,0.00014574,5.0173,0.0080355
5.525,0.072,0.005,-0.1834,0.0012464,3.4405e-25,0,0.00067076,0.00040022,1.676,0.0080771
5.475,0.12,0.005,-0.17935,0.0020082,1.0871e-25,0,0.00090426,0.00088868,1.0175,0.0081002
5.425,0.168,0.005,-0.17267,0.0025517,-5.4162e-25,0,0.0011264,0.0014286,0.78845,0.0081375
5.375,0.216,0.005,-0.16534,0.003102,5.2012e-26,0,0.001318,0.0019448,0.67768,0.0081678
5.325,0.264,0.005,-0.15776,0.0036109,1.2093e-25,0,0.0014865,0.0024204,0.61417,0.0081976
5.275,0.312,0.005,-0.15004,0.0040953,1.6882e-25,0,0.0016389,0.0028538,0.57427,0.0082256
5.225,0.36,0.005,-0.14223,0.0045553,1.8275e-25,0,0.0017796,0.0032479,0.54791,0.0082524
5.175,0.408,0.005,-0.13434,0.005003,1.6927e-25,0,0.0019114,0.0036066,0.52997,0.0082794
5.125,0.456,0.005,-0.12631,0.0054129,6.1184e-26,0,0.0020362,0.0038787,0.51718,0.0082977
5.075,0.50502,0.005,-0.11783,0.0057779,-2.1588e-25,0,0.002158,0.0039222,0.50677,0.0083052
5.025,0.55506,0.005,-0.10879,0.0060687,-3.9874e-25,0,0.0022753,0.0039744,0.4966,0.0083104
4.975,0.60511,0.005,-0.099574,0.0062757,-1.6346e-25,0,0.0023803,0.004106,0.48521,0.0083182
4.925,0.65515,0.005,-0.090441,0.0064132,6.0531e-39,0,0.0024687,0.004319,0.47205,0.0083306
4.875,0.70519,0.005,-0.081592,0.0065009,-2.333e-34,0,0.0025388,0.0045966,0.4574,0.0083475
4.825,0.75523,0.005,-0.073145,0.0065542,3.172e-25,0,0.0025915,0.0049162,0.44193,0.0083684
4.775,0.80528,0.005,-0.065142,0.0065839,2.1609e-25,0,0.0026286,0.0052582,0.4263,0.0083929
4.725,0.85532,0.005,-0.057586,0.0065977,-2.8883e-39,0,0.0026521,0.005608,0.41099,0.0084207
4.675,0.90536,0.005,-0.050452,0.0066009,-2.0912e-25,0,0.0026641,0.0059547,0.39633,0.0084517
4.625,0.9554,0.005,-0.043709,0.0065975,2.0598e-25,0,0.0026663,0.0062907,0.38249,0.0084858
4.575,1.0054,0.005,-0.037319,0.0065898,2.358e-25,0,0.0026603,0.0066097,0.36955,0.0085228
4.525,1.0555,0.005,-0.031248,0.0065796,1.7757e-25,0,0.0026473,0.0069069,0.35752,0.0085628
4.475,1.1055,0.005,-0.02546,0.0065676,-1.6905e-25,0,0.0026281,0.0071781,0.34638,0.0086054
4.425,1.1556,0.005,-0.019926,0.0065543,0,0,0.0026036,0.0074202,0.33608,0.0086507
4.375,1.2056,0.005,-0.014615,0.0065402,-1.9755e-25,0,0.0025744,0.0076304,0.32656,0.0086985
4.325,1.2557,0.005,-0.0095022,0.0065252,5.8812e-27,0,0.0025409,0.0078068,0.31777,0.0087488
4.275,1.3057,0.005,-0.0045636,0.0065096,2.3804e-26,0,0.0025035,0.0079479,0.30963,0.0088014
4.225,1.3557,0.005,0.00022191,0.0064933,-4.0223e-25,0,0.0024624,0.0080524,0.3021,0.0088564
4.175,1.4058,0.005,0.0048734,0.0064765,-2.0131e-25,0,0.0024179,0.0081198,0.29514,0.0089136
4.125,1.4558,0.005,0.0094079,0.0064588,2.6701e-26,0,0.00237,0.0081497,0.2887,0.0089729
4.075,1.5059,0.005,0.013841,0.0064401,0,0,0.002319,0.0081422,0.28274,0.0090343
4.025,1.5559,0.005,0.018186,0.0064202,1.773e-38,0,0.0022648,0.008097,0.27723,0.0090977
3.975,1.606,0.005,0.022458,0.0063988,-2.1266e-25,0,0.0022076,0.008014,0.27213,0.0091631
3.925,1.656,0.005,0.026668,0.0063759,8.5928e-26,0,0.0021473,0.007893,0.26743,0.0092305
3.875,1.706,0.005,0.030829,0.0063513,-2.2555e-25,0,0.002084,0.0077338,0.26314,0.0093
3.825,1.7561,0.005,0.034956,0.0063254,-2.3427e-25,0,0.0020179,0.0075362,0.25928,0.0093717
3.775,1.8061,0.005,0.039061,0.0062982,5.4763e-25,0,0.0019491,0.0073002,0.25589,0.0094457
3.725,1.8562,0.005,0.043161,0.00627,1.2841e-25,0,0.0018775,0.0070273,0.25301,0.0095221
3.675,1.9062,0.005,0.04727,0.0062413,8.0943e-39,0,0.0018033,0.0067213,0.25074,0.0096009
3.625,1.9563,0.005,0.051403,0.0062125,-8.0717e-26,0,0.0017266,0.0063901,0.24921,0.0096823
3.575,2.0063,0.005,0.055573,0.006184,-1.8253e-25,0,0.0016478,0.0060489,0.24863,0.0097667
3.525,2.0563,0.005,0.059777,0.0061566,3.2897e-25,0,0.0015674,0.0057202,0.24933,0.0098544
3.475,2.1064,0.005,0.063999,0.0061311,3.5073e-25,0,0.0014865,0.005427,0.25183,0.0099453
3.425,2.1564,0.005,0.068201,0.0061069,-1.1508e-25,0,0.0014069,0.0051754,0.25695,0.010039
3.375,2.2065,0.005,0.07235,0.0060825,2.1864e-25,0,0.001331,0.0049121,0.26605,0.010134
3.325,2.2565,0.005,0.076493,0.0060415,-7.8722e-25,0,0.0012607,0.0044769,0.28159,0.010228
3.275,2.3066,0.005,0.080769,0.0059659,-1.1829e-25,0,0.0011986,0.0038857,0.30847,0.010323
3.225,2.3566,0.005,0.085408,0.0058265,0,0,0.0011499,0.0032215,0.35693,0.010424
3.175,2.4066,0.005,0.090821,0.0055923,-7.122e-25,0,0.0011254,0.0024983,0.45047,0.01053
3.125,2.4567,0.005,0.097757,0.0051993,8.3587e-25,0,0.0011493,0.0019011,0.60457,0.010641
3.075,2.5067,0.005,0.10736,0.0045829,9.5279e-25,0,0.0012608,0.0015248,0.82684,0.01076
3.025,2.5568,0.005,0.12141,0.0036463,-3.5582e-25,0,0.0015287,0.0012828,1.1468,0.010885
2.975,2.6068,0.005,0.14198,0.0023622,5.5541e-38,0,0.0020234,0.0012141,1.538,0.011008
2.925,2.6569,0.005,0.17039,0.00073304,5.1277e-38,0,0.0027479,0.0012509,1.9562,0.011137
2.875,2.7069,0.005,0.20695,-0.0010394,-3.2967e-25,0,0.0036005,0.0013214,2.4129,0.011276
2.825,2.7569,0.005,0.2517,-0.0027165,-1.5326e-32,0,0.0042647,0.0013291,2.8837,0.011421
2.775,2.807,0.005,0.30411,-0.0037468,1.5819e-24,0,0.004336,0.0012571,3.2137,0.011593
2.725,2.86,0.005,0.36107,-0.0039236,7.125e-25,0,0.0034734,0.0011234,3.0919,0.011725
2.675,2.916,0.005,0.40503,-0.002077,-1.4992e-24,0,0.0017983,0.00067182,2.6767,0.011865
2.625,2.972,0.005,0.39723,-0.00078093,-1.0019e-24,0,0.0023838,0.000307,7.7648,0.011933
5.625,0.024,0.005,-0.17471,0.00070695,-1.3594e-38,0,0.00073817,0.00014643,5.0411,0.0080197
5.575,0.072,0.005,-0.18414,0.0012441,1.7238e-25,0,0.00067994,0.00040413,1.6825,0.00806
5.525,0.12,0.005,-0.17998,0.0020029,-1.2902e-38,0,0.00091522,0.00089625,1.0212,0.0080809
5.475,0.168,0.005,-0.17324,0.0025393,-1.2953e-38,0,0.0011374,0.0014381,0.79091,0.0081164
5.425,0.216,0.005,-0.16587,0.0030826,-3.2427e-25,0,0.0013281,0.0019546,0.67948,0.0081448
5.375,0.264,0.005,-0.15825,0.0035846,4.4489e-26,0,0.0014954,0.0024293,0.61556,0.0081728
5.325,0.312,0.005,-0.1505,0.0040625,-1.6049e-25,0,0.0016464,0.0028612,0.57541,0.008199
5.275,0.36,0.005,-0.14265,0.004516,-1.7819e-25,0,0.0017856,0.003253,0.54891,0.0082241
5.225,0.408,0.005,-0.13473,0.0049562,-1.6307e-25,0,0.0019161,0.003609,0.53094,0.0082493
5.175,0.456,0.005,-0.12665,0.0053582,1.6678e-25,0,0.0020402,0.0038485,0.51812,0.0082653
5.125,0.50502,0.005,-0.11808,0.0057132,1.9297e-25,0,0.0021617,0.0038829,0.50764,0.00827
5.075,0.55506,0.005,-0.10895,0.005988,3.9175e-25,0,0.0022789,0.0039349,0.4973,0.0082736
5.025,0.60511,0.005,-0.099648,0.0061816,-3.7981e-25,0,0.0023836,0.0040719,0.48564,0.0082805
4.975,0.65515,0.005,-0.090446,0.0063093,-2.4566e-39,0,0.0024715,0.0042917,0.47219,0.0082921
4.925,0.70519,0.005,-0.081549,0.0063894,-2.335e-34,0,0.0025414,0.0045752,0.45728,0.0083081
4.875,0.75523,0.005,-0.073067,0.0064368,-3.1262e-25,0,0.0025939,0.0048997,0.44161,0.008328
4.825,0.80528,0.005,-0.065041,0.0064618,-2.9316e-25,0,0.0026309,0.0052459,0.42584,0.0083514
4.775,0.85532,0.005,-0.057467,0.0064717,-6.7318e-26,0,0.0026546,0.0055995,0.41045,0.0083782
4.725,0.90536,0.005,-0.050322,0.0064718,3.8694e-39,0,0.0026669,0.0059501,0.39574,0.0084082
4.675,0.9554,0.005,-0.043571,0.0064658,-2.4456e-25,0,0.0026696,0.0062899,0.38189,0.0084413
4.625,1.0054,0.005,-0.037176,0.0064562,-1.9908e-25,0,0.002664,0.0066128,0.36896,0.0084774
4.575,1.0555,0.005,-0.031102,0.0064447,1.9693e-25,0,0.0026515,0.0069137,0.35697,0.0085165
4.525,1.1055,0.005,-0.025313,0.0064321,2.1011e-25,0,0.0026329,0.0071888,0.34587,0.0085583
4.475,1.1556,0.005,-0.019777,0.0064187,7.285e-27,0,0.0026089,0.0074345,0.33562,0.0086028
4.425,1.2056,0.005,-0.014466,0.0064049,0,0,0.0025803,0.0076485,0.32616,0.0086498
4.375,1.2557,0.005,-0.009353,0.0063906,0,0,0.0025474,0.0078286,0.31743,0.0086992
4.325,1.3057,0.005,-0.0044148,0.0063759,1.954e-25,0,0.0025106,0.0079733,0.30936,0.0087511
4.275,1.3557,0.005,0.00037016,0.0063608,-2.1459e-25,0,0.0024702,0.0080813,0.3019,0.0088052
4.225,1.4058,0.005,0.005021,0.0063452,2.209e-26,0,0.0024263,0.0081518,0.29501,0.0088616
4.175,1.4558,0.005,0.0095551,0.0063289,0,0,0.0023791,0.0081845,0.28864,0.0089201
4.125,1.5059,0.005,0.013988,0.0063116,0,0,0.0023288,0.0081794,0.28276,0.0089805
4.075,1.5559,0.005,0.018334,0.0062929,-2.0411e-25,0,0.0022753,0.0081364,0.27733,0.009043
4.025,1.606,0.005,0.022606,0.0062725,3.7765e-26,0,0.0022188,0.0080554,0.27231,0.0091073
3.975,1.656,0.005,0.026817,0.0062502,-4.7009e-25,0,0.0021592,0.0079363,0.2677,0.0091737
3.925,1.706,0.005,0.03098,0.006226,9.2359e-26,0,0.0020967,0.0077791,0.26351,0.0092422
3.875,1.7561,0.005,0.035108,0.0062,5.0946e-26,0,0.0020313,0.0075832,0.25976,0.0093127
3.825,1.8061,0.005,0.039216,0.0061722,-4.7946e-25,0,0.0019632,0.0073487,0.25648,0.0093855
3.775,1.8562,0.005,0.043317,0.0061429,-1.8954e-25,0,0.0018922,0.0070769,0.25374,0.0094605
3.725,1.9062,0.005,0.047429,0.0061122,3.2919e-39,0,0.0018187,0.006772,0.25161,0.009538
3.675,1.9563,0.005,0.051565,0.0060809,3.6042e-25,0,0.0017426,0.006443,0.25025,0.0096181
3.625,2.0063,0.005,0.055736,0.0060497,1.0349e-38,0,0.0016644,0.0061057,0.24988,0.009701
3.575,2.0563,0.005,0.059941,0.0060201,9.9477e-26,0,0.0015846,0.0057825,0.25084,0.009787
3.525,2.1064,0.005,0.064161,0.0059938,-4.4824e-25,0,0.0015043,0.0054934,0.25367,0.0098762
3.475,2.1564,0.005,0.068363,0.0059703,-1.087e-25,0,0.0014255,0.0052382,0.25923,0.0099676
3.425,2.2065,0.005,0.07252,0.005945,3.9269e-25,0,0.0013502,0.0049592,0.26891,0.01006
3.375,2.2565,0.005,0.076693,0.0059016,9.3622e-38,0,0.0012806,0.0044886,0.28529,0.010152
3.325,2.3066,0.005,0.081026,0.0058214,-4.9595e-25,0,0.0012193,0.0038897,0.31347,0.010245
3.275,2.3566,0.005,0.08575,0.0056755,0,0,0.0011718,0.0032197,0.36394,0.010343
3.225,2.4066,0.005,0.091297,0.0054326,6.9759e-25,0,0.0011496,0.0024952,0.46073,0.010448
3.175,2.4567,0.005,0.098432,0.005035,8.1656e-25,0,0.0011776,0.0019057,0.61792,0.010557
3.125,2.5067,0.005,0.10831,0.0044105,-3.3796e-25,0,0.0012949,0.0015402,0.83914,0.010673
3.075,2.5568,0.005,0.12268,0.0034768,-3.4457e-25,0,0.0015688,0.0012933,1.1565,0.010794
3.025,2.6068,0.005,0.14359,0.0021957,1.2732e-24,0,0.0020665,0.0012267,1.5414,0.010915
2.975,2.6569,0.005,0.17222,0.00058222,-1.2057e-24,0,0.002785,0.0012651,1.9514,0.011041
2.925,2.7069,0.005,0.20874,-0.0011532,1.4285e-24,0,0.0036142,0.0013342,2.3985,0.011177
2.875,2.7569,0.005,0.25312,-0.0027785,7.4998e-33,0,0.0042445,0.0013408,2.8538,0.011318
2.825,2.807,0.005,0.30466,-0.0037502,-7.0774e-25,0,0.0042943,0.0012699,3.168,0.011487
2.775,2.86,0.005,0.36037,-0.003896,-6.0238e-25,0,0.0034455,0.0011285,3.0531,0.011614
2.725,2.916,0.005,0.40356,-0.0020923,1.1684e-38,0,0.0018071,0.00067303,2.685,0.011746
2.675,2.972,0.005,0.396,-0.00077404,7.1892e-25,0,0.0023792,0.0003067,7.7573,0.011813
5.675,0.024,0.005,-0.17569,0.00071542,1.6926e-25,0,0.00074515,0.00014712,5.0648,0.0080058
5.625,0.072,0.005,-0.18488,0.0012418,-1.9755e-26,0,0.00068934,0.00040818,1.6888,0.0080448
5.575,0.12,0.005,-0.18061,0.0019973,3.1044e-25,0,0.00092645,0.00090409,1.0247,0.0080634
5.525,0.168,0.005,-0.1738,0.0025266,4.462e-26,0,0.0011486,0.0014479,0.79332,0.0080971
5.475,0.216,0.005,-0.16638,0.0030625,1.0231e-25,0,0.0013385,0.0019648,0.68124,0.0081235
5.425,0.264,0.005,-0.15873,0.003557,-1.8782e-25,0,0.0015044,0.0024386,0.61692,0.0081494
5.375,0.312,0.005,-0.15094,0.0040282,5.2508e-27,0,0.0016538,0.0028687,0.57652,0.0081737
5.325,0.36,0.005,-0.14307,0.0044754,1.3252e-25,0,0.0017916,0.0032583,0.54988,0.008197
5.275,0.408,0.005,-0.13512,0.0049079,-2.1913e-25,0,0.0019207,0.0036114,0.53185,0.0082204
5.225,0.456,0.005,-0.12698,0.0053008,-1.3192e-25,0,0.0020439,0.0038167,0.519,0.0082341
5.175,0.50502,0.005,-0.11832,0.0056454,-5.8193e-27,0,0.0021651,0.003843,0.50841,0.0082362
5.125,0.55506,0.005,-0.10909,0.0059061,3.8649e-25,0,0.0022819,0.003896,0.49787,0.0082382
5.075,0.60511,0.005,-0.099708,0.006086,4.9023e-26,0,0.0023861,0.0040383,0.48593,0.0082441
5.025,0.65515,0.005,-0.090441,0.0062035,-2.1283e-25,0,0.0024736,0.0042646,0.47218,0.0082546
4.975,0.70519,0.005,-0.081497,0.0062763,-2.3385e-34,0,0.002543,0.0045538,0.45702,0.0082697
4.925,0.75523,0.005,-0.072983,0.0063182,9.837e-26,0,0.0025954,0.0048829,0.44116,0.0082886
4.875,0.80528,0.005,-0.064934,0.0063389,-3.837e-40,0,0.0026325,0.0052331,0.42526,0.008311
4.825,0.85532,0.005,-0.057345,0.0063452,1.3591e-25,0,0.0026564,0.0055905,0.40979,0.0083367
4.775,0.90536,0.005,-0.050189,0.0063423,5.4637e-26,0,0.0026691,0.0059449,0.39505,0.0083657
4.725,0.9554,0.005,-0.043431,0.006334,2.4038e-25,0,0.0026722,0.0062885,0.3812,0.0083978
4.675,1.0054,0.005,-0.037032,0.0063227,3.2425e-26,0,0.0026671,0.0066153,0.3683,0.008433
4.625,1.0555,0.005,-0.030955,0.0063101,1.6984e-25,0,0.0026551,0.0069201,0.35634,0.0084711
4.575,1.1055,0.005,-0.025165,0.006297,2.0601e-25,0,0.002637,0.0071989,0.34529,0.008512
4.525,1.1556,0.005,-0.019629,0.0062837,-6.6881e-39,0,0.0026137,0.0074484,0.33511,0.0085557
4.475,1.2056,0.005,-0.014318,0.0062704,-1.9012e-25,0,0.0025857,0.0076661,0.32571,0.0086019
4.425,1.2557,0.005,-0.0092056,0.0062569,0,0,0.0025534,0.0078499,0.31704,0.0086505
4.375,1.3057,0.005,-0.0042682,0.0062434,0,0,0.0025172,0.0079982,0.30905,0.0087016
4.325,1.3557,0.005,0.00051582,0.0062296,3.8677e-25,0,0.0024775,0.0081097,0.30166,0.0087549
4.275,1.4058,0.005,0.0051658,0.0062155,-4.3731e-26,0,0.0024343,0.0081833,0.29485,0.0088104
4.225,1.4558,0.005,0.0096992,0.0062007,0,0,0.0023878,0.0082187,0.28855,0.008868
4.175,1.5059,0.005,0.014132,0.0061849,2.9685e-26,0,0.0023381,0.008216,0.28276,0.0089276
4.125,1.5559,0.005,0.018478,0.0061677,-2.001e-25,0,0.0022854,0.0081751,0.27741,0.008989
4.075,1.606,0.005,0.02275,0.0061486,-7.3729e-26,0,0.0022296,0.0080961,0.27248,0.0090524
4.025,1.656,0.005,0.026963,0.0061273,4.1985e-25,0,0.0021708,0.0079789,0.26796,0.0091178
3.975,1.706,0.005,0.031127,0.0061038,1.2702e-25,0,0.002109,0.0078235,0.26387,0.0091851
3.925,1.7561,0.005,0.035257,0.006078,4.0047e-25,0,0.0020444,0.0076294,0.26023,0.0092545
3.875,1.8061,0.005,0.039366,0.0060501,0,0,0.0019769,0.0073966,0.25707,0.0093261
3.825,1.8562,0.005,0.04347,0.0060202,-6.0351e-26,0,0.0019067,0.0071264,0.25446,0.0093999
3.775,1.9062,0.005,0.047584,0.0059884,2.6023e-25,0,0.0018338,0.0068231,0.25248,0.009476
3.725,1.9563,0.005,0.051723,0.0059553,2.0004e-25,0,0.0017584,0.0064966,0.2513,0.0095548
3.675,2.0063,0.005,0.055895,0.005922,-2.1922e-38,0,0.0016808,0.0061632,0.25114,0.0096363
3.625,2.0563,0.005,0.060099,0.0058904,-6.2355e-25,0,0.0016016,0.005845,0.25237,0.0097208
3.575,2.1064,0.005,0.064317,0.0058628,4.1655e-33,0,0.0015221,0.0055598,0.25554,0.0098084
3.525,2.1564,0.005,0.068519,0.0058398,3.517e-25,0,0.001444,0.0052994,0.26154,0.0098978
3.475,2.2065,0.005,0.072686,0.0058138,1.9134e-33,0,0.0013696,0.0050038,0.27181,0.0099877
3.425,2.2565,0.005,0.076891,0.0057674,9.449e-25,0,0.0013006,0.0044998,0.28904,0.010077
3.375,2.3066,0.005,0.081283,0.0056823,-2.1824e-25,0,0.0012402,0.0038938,0.31851,0.010168
3.325,2.3566,0.005,0.086095,0.0055299,-5.6923e-25,0,0.001194,0.0032189,0.37094,0.010264
3.275,2.4066,0.005,0.091775,0.0052781,2.1285e-25,0,0.0011742,0.0024943,0.47076,0.010366
3.225,2.4567,0.005,0.099108,0.0048751,-1.0739e-24,0,0.0012062,0.0019127,0.63065,0.010475
3.175,2.5067,0.005,0.10925,0.0042422,3.1857e-25,0,0.0013292,0.0015461,0.85124,0.010587
3.125,2.5568,0.005,0.12394,0.0033128,-2.0637e-40,0,0.001609,0.001304,1.1657,0.010705
3.075,2.6068,0.005,0.14519,0.0020329,-3.1275e-25,0,0.0021092,0.0012395,1.5441,0.010823
3.025,2.6569,0.005,0.17402,0.00043642,1.4955e-24,0,0.0028211,0.0012794,1.9463,0.010947
2.975,2.7069,0.005,0.21049,-0.0012623,-1.8277e-24,0,0.0036264,0.0013469,2.384,0.01108
2.925,2.7569,0.005,0.25448,-0.0028365,-1.4663e-32,0,0.0042237,0.0013526,2.8243,0.011218
2.875,2.807,0.005,0.30516,-0.0037527,2.5398e-25,0,0.004253,0.0012826,3.1231,0.011383
2.825,2.86,0.005,0.35967,-0.0038677,1.7752e-25,0,0.0034167,0.0011332,3.015,0.011505
2.775,2.916,0.005,0.4021,-0.0021047,2.5792e-38,0,0.0018145,0.000674,2.6921,0.011632
2.725,2.972,0.005,0.39476,-0.00076951,8.6132e-25,0,0.0023741,0.00030638,7.7491,0.011696
5.725,0.024,0.005,-0.17666,0.00072532,1.3469e-25,0,0.00075218,0.00014781,5.0887,0.0079932
5.675,0.072,0.005,-0.18561,0.0012399,1.7337e-25,0,0.00069898,0.00041236,1.6951,0.0080319
5.625,0.12,0.005,-0.18123,0.0019914,-9.9853e-26,0,0.00093794,0.0009122,1.0282,0.0080478
5.575,0.168,0.005,-0.17436,0.0025136,1.3541e-25,0,0.0011601,0.001458,0.79568,0.0080795
5.525,0.216,0.005,-0.16689,0.0030418,0,0,0.001349,0.0019752,0.68296,0.0081039
5.475,0.264,0.005,-0.1592,0.0035281,-1.6178e-26,0,0.0015135,0.002448,0.61823,0.0081278
5.425,0.312,0.005,-0.15138,0.0039921,1.4945e-25,0,0.0016613,0.0028763,0.57758,0.0081499
5.375,0.36,0.005,-0.14347,0.0044335,1.9302e-25,0,0.0017975,0.0032635,0.5508,0.0081712
5.325,0.408,0.005,-0.13549,0.004858,3.6739e-25,0,0.0019252,0.0036139,0.53271,0.0081927
5.275,0.456,0.005,-0.1273,0.0052409,-1.393e-25,0,0.0020473,0.0037836,0.51981,0.008204
5.225,0.50502,0.005,-0.11855,0.0055744,-5.693e-25,0,0.002168,0.0038022,0.50909,0.0082038
5.175,0.55506,0.005,-0.10922,0.0058215,-1.9959e-25,0,0.0022843,0.0038579,0.49831,0.0082041
5.125,0.60511,0.005,-0.099754,0.0059887,4.3079e-26,0,0.0023879,0.0040054,0.48607,0.0082089
5.075,0.65515,0.005,-0.090426,0.0060962,2.0703e-25,0,0.0024748,0.0042376,0.47202,0.0082184
5.025,0.70519,0.005,-0.081438,0.0061618,-8.9405e-26,0,0.0025439,0.0045323,0.4566,0.0082323
4.975,0.75523,0.005,-0.072893,0.0061984,1.0596e-25,0,0.0025961,0.0048658,0.44056,0.0082502
4.925,0.80528,0.005,-0.064822,0.0062151,8.2636e-26,0,0.0026333,0.0052197,0.42455,0.0082715
4.875,0.85532,0.005,-0.057218,0.0062182,2.6714e-25,0,0.0026574,0.0055807,0.40902,0.0082962
4.825,0.90536,0.005,-0.050053,0.0062126,1.4112e-25,0,0.0026704,0.0059388,0.39426,0.0083241
4.775,0.9554,0.005,-0.043288,0.006202,-1.9321e-25,0,0.002674,0.0062863,0.38042,0.0083552
4.725,1.0054,0.005,-0.036886,0.0061892,1.5834e-25,0,0.0026695,0.0066171,0.36755,0.0083894
4.675,1.0555,0.005,-0.030808,0.0061756,-3.5464e-25,0,0.0026581,0.006926,0.35564,0.0084266
4.625,1.1055,0.005,-0.025017,0.0061622,0,0,0.0026406,0.0072087,0.34466,0.0084667
4.575,1.1556,0.005,-0.019482,0.0061492,6.9509e-27,0,0.0026179,0.007462,0.33453,0.0085094
4.525,1.2056,0.005,-0.014171,0.0061365,1.8636e-25,0,0.0025906,0.0076833,0.32521,0.0085548
4.475,1.2557,0.005,-0.0090602,0.0061241,6.1021e-27,0,0.0025589,0.0078708,0.31662,0.0086026
4.425,1.3057,0.005,-0.0041239,0.0061118,-1.9983e-25,0,0.0025235,0.0080227,0.3087,0.0086528
4.375,1.3557,0.005,0.00065878,0.0060995,1.7241e-25,0,0.0024844,0.0081376,0.30139,0.0087053
4.325,1.4058,0.005,0.0053075,0.0060871,1.8971e-25,0,0.0024418,0.0082144,0.29465,0.00876
4.275,1.4558,0.005,0.00984,0.0060741,2.5631e-26,0,0.0023961,0.0082525,0.28844,0.0088167
4.225,1.5059,0.005,0.014272,0.0060601,-2.2217e-25,0,0.0023471,0.008252,0.28273,0.0088754
4.175,1.5559,0.005,0.018618,0.0060446,1.9614e-25,0,0.0022951,0.0082131,0.27747,0.008936
4.125,1.606,0.005,0.022891,0.006027,0,0,0.00224,0.008136,0.27263,0.0089984
4.075,1.656,0.005,0.027105,0.0060071,-1.0461e-38,0,0.002182,0.0080207,0.26821,0.0090627
4.025,1.706,0.005,0.031271,0.0059845,-2.1241e-25,0,0.002121,0.0078671,0.26422,0.0091289
3.975,1.7561,0.005,0.035402,0.0059593,9.5839e-26,0,0.0020571,0.0076747,0.26069,0.0091972
3.925,1.8061,0.005,0.039514,0.0059315,-2.3e-25,0,0.0019903,0.0074437,0.25765,0.0092676
3.875,1.8562,0.005,0.04362,0.0059014,-5.8545e-26,0,0.0019208,0.0071755,0.25517,0.0093401
3.825,1.9062,0.005,0.047736,0.0058691,6.537e-26,0,0.0018487,0.0068747,0.25336,0.009415
3.775,1.9563,0.005,0.051877,0.005835,-5.3919e-25,0,0.0017739,0.0065511,0.25236,0.0094924
3.725,2.0063,0.005,0.056049,0.0058003,5.3582e-25,0,0.001697,0.0062218,0.25242,0.0095726
3.675,2.0563,0.005,0.060252,0.0057673,-5.1492e-25,0,0.0016186,0.0059081,0.25392,0.0096557
3.625,2.1064,0.005,0.064468,0.0057383,-2.0005e-33,0,0.0015398,0.0056255,0.25743,0.0097416
3.575,2.1564,0.005,0.068668,0.0057149,-4.3872e-25,0,0.0014626,0.0053585,0.26388,0.0098295
3.525,2.2065,0.005,0.072849,0.0056871,-2.8584e-25,0,0.001389,0.0050456,0.27475,0.0099164
3.475,2.2565,0.005,0.077087,0.0056384,-3.3155e-25,0,0.0013208,0.0045105,0.29283,0.010004
3.425,2.3066,0.005,0.081541,0.0055481,-1.8238e-38,0,0.0012613,0.0038981,0.32358,0.010092
3.375,2.3566,0.005,0.086442,0.0053892,-1.4778e-25,0,0.0012166,0.0032193,0.37792,0.010187
3.325,2.4066,0.005,0.092256,0.0051287,4.2145e-33,0,0.0011993,0.0024955,0.48058,0.010287
3.275,2.4567,0.005,0.099784,0.0047196,2.721e-25,0,0.0012353,0.0019215,0.64287,0.010394
3.225,2.5067,0.005,0.11019,0.0040812,-1.0099e-38,0,0.0013638,0.0015521,0.86306,0.010504
3.175,2.5568,0.005,0.1252,0.0031522,-3.2085e-25,0,0.0016494,0.0013148,1.1744,0.010618
3.125,2.6068,0.005,0.14678,0.0018729,3.107e-25,0,0.0021514,0.0012523,1.5462,0.010734
3.075,2.6569,0.005,0.17579,0.00029532,3.4672e-38,0,0.0028563,0.0012939,1.941,0.010856
3.025,2.7069,0.005,0.21219,-0.0013668,-6.2032e-25,0,0.0036372,0.0013597,2.3695,0.010986
2.975,2.7569,0.005,0.25579,-0.0028906,2.3438e-24,0,0.0042023,0.0013644,2.795,0.011121
2.925,2.807,0.005,0.30562,-0.0037543,-5.3539e-26,0,0.0042119,0.0012953,3.0792,0.011283
2.875,2.86,0.005,0.35898,-0.0038393,2.2943e-38,0,0.003387,0.0011375,2.9776,0.0114
2.825,2.916,0.005,0.40066,-0.0021146,-1.3023e-38,0,0.0018204,0.00067472,2.698,0.011521
2.775,2.972,0.005,0.39352,-0.00076695,-7.6007e-25,0,0.0023686,0.00030602,7.7401,0.011583
5.775,0.024,0.005,-0.17764,0.0007373,-1.3502e-25,0,0.00075926,0.00014851,5.1126,0.0079808
5.725,0.072,0.005,-0.18634,0.0012393,1.8146e-25,0,0.00070887,0.0004167,1.7011,0.0080213
5.675,0.12,0.005,-0.18185,0.0019845,-2.0243e-26,0,0.0009497,0.00092058,1.0316,0.0080342
5.625,0.168,0.005,-0.1749,0.0025004,-1.0202e-25,0,0.0011718,0.0014685,0.79798,0.0080638
5.575,0.216,0.005,-0.16738,0.0030207,2.4439e-25,0,0.0013597,0.001986,0.68463,0.0080861
5.525,0.264,0.005,-0.15966,0.0034983,-1.3975e-26,0,0.0015226,0.0024578,0.61951,0.0081079
5.475,0.312,0.005,-0.15181,0.0039538,4.8381e-41,0,0.0016687,0.0028841,0.5786,0.0081278
5.425,0.36,0.005,-0.14387,0.0043901,-2.6898e-25,0,0.0018033,0.0032689,0.55167,0.008147
5.375,0.408,0.005,-0.13586,0.0048066,6.7993e-26,0,0.0019294,0.0036164,0.53352,0.0081663
5.325,0.456,0.005,-0.1276,0.0051785,1.6171e-25,0,0.0020503,0.0037492,0.52054,0.0081751
5.275,0.50502,0.005,-0.11876,0.0055003,-8.0822e-27,0,0.0021705,0.003761,0.50966,0.0081725
5.225,0.55506,0.005,-0.10933,0.0057336,-1.9318e-25,0,0.0022861,0.0038202,0.49861,0.0081713
5.175,0.60511,0.005,-0.099787,0.0058887,-5.239e-25,0,0.0023889,0.0039733,0.48606,0.0081749
5.125,0.65515,0.005,-0.0904,0.005987,-1.3899e-25,0,0.0024752,0.0042112,0.47169,0.0081834
5.075,0.70519,0.005,-0.081371,0.0060457,-2.3522e-34,0,0.0025438,0.0045106,0.45603,0.0081962
5.025,0.75523,0.005,-0.072797,0.0060774,-1.9961e-25,0,0.0025959,0.0048481,0.43982,0.0082128
4.975,0.80528,0.005,-0.064707,0.0060904,-1.9728e-25,0,0.0026331,0.0052057,0.4237,0.008233
4.925,0.85532,0.005,-0.057089,0.0060906,-6.8599e-26,0,0.0026576,0.0055702,0.40813,0.0082566
4.875,0.90536,0.005,-0.049914,0.0060827,-5.5275e-26,0,0.0026711,0.0059319,0.39337,0.0082835
4.825,0.9554,0.005,-0.043144,0.0060701,-1.4577e-25,0,0.0026752,0.0062833,0.37955,0.0083136
4.775,1.0054,0.005,-0.036739,0.0060557,-3.2457e-26,0,0.0026713,0.0066181,0.36673,0.0083469
4.725,1.0555,0.005,-0.03066,0.0060413,-2.3048e-25,0,0.0026605,0.0069311,0.35488,0.0083831
4.675,1.1055,0.005,-0.02487,0.0060276,-1.8337e-25,0,0.0026437,0.0072179,0.34396,0.0084222
4.625,1.1556,0.005,-0.019335,0.006015,0,0,0.0026216,0.0074751,0.33391,0.0084641
4.575,1.2056,0.005,-0.014026,0.0060032,1.8258e-25,0,0.0025949,0.0077001,0.32466,0.0085086
4.525,1.2557,0.005,-0.0089167,0.005992,1.8305e-25,0,0.002564,0.0078912,0.31615,0.0085556
4.475,1.3057,0.005,-0.0039821,0.0059812,-1.7239e-25,0,0.0025292,0.0080467,0.30831,0.008605
4.425,1.3557,0.005,0.00079896,0.0059706,-1.8573e-25,0,0.0024908,0.0081651,0.30109,0.0086566
4.375,1.4058,0.005,0.0054462,0.00596,2.3135e-41,0,0.002449,0.008245,0.29443,0.0087105
4.325,1.4558,0.005,0.0099775,0.005949,0,0,0.002404,0.0082857,0.28831,0.0087663
4.275,1.5059,0.005,0.014409,0.005937,-2.9647e-39,0,0.0023558,0.0082875,0.28268,0.0088241
4.225,1.5559,0.005,0.018755,0.0059234,1.9221e-25,0,0.0023045,0.0082505,0.2775,0.0088837
4.175,1.606,0.005,0.023029,0.0059076,-1.0548e-25,0,0.0022501,0.0081752,0.27276,0.0089451
4.125,1.656,0.005,0.027243,0.0058892,-4.1321e-40,0,0.0021928,0.0080617,0.26844,0.0090084
4.075,1.706,0.005,0.031411,0.0058679,4.2325e-26,0,0.0021326,0.0079099,0.26456,0.0090736
4.025,1.7561,0.005,0.035544,0.0058436,-2.1599e-25,0,0.0020694,0.0077192,0.26114,0.0091407
3.975,1.8061,0.005,0.039658,0.0058163,5.1259e-26,0,0.0020035,0.00749,0.25823,0.0092099
3.925,1.8562,0.005,0.043766,0.0057862,2.3624e-25,0,0.0019347,0.007224,0.25589,0.0092813
3.875,1.9062,0.005,0.047885,0.0057537,-3.1245e-25,0,0.0018632,0.0069261,0.25423,0.0093549
3.825,1.9563,0.005,0.052027,0.0057192,3.3498e-25,0,0.0017892,0.0066064,0.25342,0.0094311
3.775,2.0063,0.005,0.0562,0.005684,-1.9843e-25,0,0.001713,0.0062814,0.25371,0.0095099
3.725,2.0563,0.005,0.060401,0.0056502,1.7919e-25,0,0.0016354,0.0059719,0.25549,0.0095916
3.675,2.1064,0.005,0.064613,0.0056201,-8.2033e-25,0,0.0015575,0.0056905,0.25935,0.0096759
3.625,2.1564,0.005,0.068814,0.0055956,-8.9966e-26,0,0.0014811,0.005415,0.26625,0.009762
3.575,2.2065,0.005,0.073009,0.0055646,3.6525e-25,0,0.0014084,0.0050712,0.27772,0.0098464
3.525,2.2565,0.005,0.077284,0.0055138,4.1117e-25,0,0.0013412,0.0045207,0.29667,0.0099311
3.475,2.3066,0.005,0.0818,0.0054182,4.6695e-25,0,0.0012827,0.0039026,0.32869,0.010018
3.425,2.3566,0.005,0.086791,0.005253,1.4443e-25,0,0.0012396,0.0032206,0.38489,0.01011
3.375,2.4066,0.005,0.09274,0.0049839,-8.6183e-25,0,0.0012248,0.0024985,0.49022,0.010209
3.325,2.4567,0.005,0.10046,0.0045682,4.9113e-25,0,0.0012648,0.001932,0.65467,0.010314
3.275,2.5067,0.005,0.11112,0.0039256,-2.9862e-25,0,0.0013986,0.0015584,0.87452,0.010422
3.225,2.5568,0.005,0.12646,0.0029946,8.896e-25,0,0.0016899,0.0013259,1.1827,0.010533
3.175,2.6068,0.005,0.14835,0.0017152,-3.0938e-25,0,0.0021929,0.0012653,1.5475,0.010647
3.125,2.6569,0.005,0.17753,0.00015832,3.1716e-25,0,0.0028903,0.0013086,1.9354,0.010767
3.075,2.7069,0.005,0.21384,-0.001467,1.3157e-24,0,0.0036468,0.0013726,2.355,0.010895
3.025,2.7569,0.005,0.25704,-0.0029408,-1.6304e-24,0,0.0041804,0.0013763,2.766,0.011026
2.975,2.807,0.005,0.30604,-0.0037549,-3.6058e-25,0,0.0041712,0.0013078,3.0362,0.011184
2.925,2.86,0.005,0.35828,-0.0038111,1.3441e-25,0,0.0033566,0.0011413,2.9411,0.011297
2.875,2.916,0.005,0.39924,-0.002122,-1.6629e-39,0,0.0018249,0.00067522,2.7027,0.011413
2.825,2.972,0.005,0.39227,-0.00076603,-2.7167e-38,0,0.0023627,0.00030564,7.7304,0.011473
5.825,0.024,0.005,-0.17862,0.00074739,1.0328e-39,0,0.00076637,0.0001492,5.1365,0.0079719
5.775,0.072,0.005,-0.18707,0.0012436,2.0611e-25,0,0.000719,0.00042119,1.7071,0.0080126
5.725,0.12,0.005,-0.18246,0.0019756,8.738e-26,0,0.00096174,0.00092927,1.0349,0.008023
5.675,0.168,0.005,-0.17544,0.0024868,-2.0718e-25,0,0.0011838,0.0014793,0.80021,0.0080499
5.625,0.216,0.005,-0.16787,0.0029989,1.0083e-38,0,0.0013705,0.0019971,0.68626,0.0080701
5.575,0.264,0.005,-0.16011,0.0034679,1.0165e-25,0,0.0015319,0.0024678,0.62074,0.0080898
5.525,0.312,0.005,-0.15223,0.0039136,1.0822e-26,0,0.0016762,0.002892,0.57958,0.0081076
5.475,0.36,0.005,-0.14426,0.0043449,-3.385e-26,0,0.001809,0.0032742,0.5525,0.0081247
5.425,0.408,0.005,-0.13621,0.0047533,-2.6985e-25,0,0.0019335,0.003619,0.53427,0.0081411
5.375,0.456,0.005,-0.12789,0.0051134,-4.6913e-25,0,0.0020531,0.0037138,0.52119,0.0081474
5.325,0.50502,0.005,-0.11895,0.0054227,-2.0562e-25,0,0.0021725,0.0037195,0.51013,0.0081426
5.275,0.55506,0.005,-0.10943,0.0056422,1.8656e-25,0,0.0022873,0.0037828,0.49878,0.0081398
5.225,0.60511,0.005,-0.099807,0.0057856,-1.9272e-25,0,0.0023892,0.0039419,0.48588,0.0081422
5.175,0.65515,0.005,-0.090365,0.0058753,-1.2865e-38,0,0.0024746,0.0041852,0.4712,0.0081495
5.125,0.70519,0.005,-0.081297,0.005928,3.1374e-25,0,0.0025428,0.004489,0.4553,0.0081611
5.075,0.75523,0.005,-0.072696,0.0059551,2.9444e-25,0,0.0025947,0.0048301,0.43893,0.0081766
5.025,0.80528,0.005,-0.064587,0.0059648,2.4373e-26,0,0.0026321,0.005191,0.42273,0.0081956
4.975,0.85532,0.005,-0.056956,0.0059625,-3.7985e-25,0,0.0026569,0.0055589,0.40712,0.0082181
4.925,0.90536,0.005,-0.049773,0.0059525,-2.4304e-25,0,0.0026709,0.0059242,0.39237,0.0082439
4.875,0.9554,0.005,-0.042998,0.0059382,1.4132e-25,0,0.0026756,0.0062793,0.37859,0.008273
4.825,1.0054,0.005,-0.036592,0.0059225,3.2537e-26,0,0.0026723,0.0066182,0.36582,0.0083052
4.775,1.0555,0.005,-0.030512,0.0059071,1.5781e-25,0,0.0026622,0.0069353,0.35404,0.0083405
4.725,1.1055,0.005,-0.024723,0.0058932,-1.5074e-25,0,0.0026461,0.0072264,0.3432,0.0083787
4.675,1.1556,0.005,-0.01919,0.005881,0,0,0.0026248,0.0074877,0.33323,0.0084197
4.625,1.2056,0.005,-0.013883,0.0058703,-1.7862e-25,0,0.0025988,0.0077166,0.32406,0.0084633
4.575,1.2557,0.005,-0.0087753,0.0058605,-1.7307e-25,0,0.0025686,0.0079113,0.31564,0.0085094
4.525,1.3057,0.005,-0.0038428,0.0058514,2.0415e-25,0,0.0025345,0.0080703,0.30788,0.0085579
4.475,1.3557,0.005,0.00093629,0.0058427,-5.6269e-25,0,0.0024969,0.0081921,0.30075,0.0086088
4.425,1.4058,0.005,0.0055817,0.0058341,-1.6077e-25,0,0.0024558,0.0082751,0.29418,0.0086617
4.375,1.4558,0.005,0.010111,0.0058252,2.5037e-26,0,0.0024115,0.0083185,0.28814,0.0087167
4.325,1.5059,0.005,0.014542,0.0058154,1.8524e-25,0,0.002364,0.0083224,0.2826,0.0087736
4.275,1.5559,0.005,0.018888,0.0058039,-1.8832e-25,0,0.0023135,0.0082872,0.27752,0.0088323
4.225,1.606,0.005,0.023162,0.0057901,-2.2676e-25,0,0.0022599,0.0082137,0.27287,0.0088927
4.175,1.656,0.005,0.027378,0.0057735,3.9519e-25,0,0.0022034,0.0081019,0.26865,0.0089549
4.125,1.706,0.005,0.031547,0.0057538,-4.1152e-26,0,0.0021439,0.0079519,0.26488,0.009019
4.075,1.7561,0.005,0.035682,0.0057307,2.5672e-25,0,0.0020815,0.007763,0.26158,0.0090851
4.025,1.8061,0.005,0.039798,0.0057042,2.831e-38,0,0.0020163,0.0075356,0.25879,0.0091531
3.975,1.8562,0.005,0.043909,0.0056745,5.5235e-26,0,0.0019483,0.0072718,0.2566,0.0092233
3.925,1.9062,0.005,0.04803,0.0056419,-6.6864e-25,0,0.0018776,0.0069772,0.25511,0.0092958
3.875,1.9563,0.005,0.052173,0.0056074,3.1144e-38,0,0.0018043,0.006662,0.25449,0.0093707
3.825,2.0063,0.005,0.056346,0.0055723,-2.3595e-25,0,0.0017289,0.0063422,0.25501,0.0094482
3.775,2.0563,0.005,0.060545,0.0055384,1.1553e-24,0,0.0016521,0.0060363,0.25707,0.0095285
3.725,2.1064,0.005,0.064755,0.0055078,4.3212e-25,0,0.0015751,0.0057545,0.2613,0.0096112
3.675,2.1564,0.005,0.068956,0.0054816,-8.4509e-26,0,0.0014997,0.0054686,0.26864,0.0096954
3.625,2.2065,0.005,0.073168,0.0054473,2.9128e-33,0,0.0014279,0.0050863,0.28073,0.0097776
3.575,2.2565,0.005,0.077482,0.0053928,7.7968e-26,0,0.0013616,0.0045303,0.30056,0.0098597
3.525,2.3066,0.005,0.08206,0.0052916,-5.5798e-25,0,0.0013044,0.0039071,0.33384,0.0099454
3.475,2.3566,0.005,0.087144,0.0051206,3.0905e-38,0,0.0012629,0.0032228,0.39185,0.010036
3.425,2.4066,0.005,0.093229,0.0048433,-6.384e-25,0,0.0012507,0.002503,0.49969,0.010132
3.375,2.4567,0.005,0.10114,0.0044207,0,0,0.0012948,0.001944,0.66607,0.010236
3.325,2.5067,0.005,0.11206,0.003774,8.2202e-25,0,0.0014338,0.001565,0.88558,0.010343
3.275,2.5568,0.005,0.12772,0.00284,-3.0412e-25,0,0.0017305,0.001337,1.1905,0.010451
3.225,2.6068,0.005,0.14991,0.0015612,6.1149e-25,0,0.0022339,0.0012785,1.5483,0.010563
3.175,2.6569,0.005,0.17923,2.5149e-05,-7.5937e-25,0,0.0029233,0.0013233,1.9296,0.01068
3.125,2.7069,0.005,0.21545,-0.0015632,-3.0004e-25,0,0.0036552,0.0013855,2.3405,0.010805
3.075,2.7569,0.005,0.25825,-0.0029879,-6.2032e-25,0,0.0041581,0.0013882,2.7372,0.010934
3.025,2.807,0.005,0.30642,-0.0037545,1.0363e-24,0,0.0041307,0.0013203,2.994,0.011089
2.975,2.86,0.005,0.35759,-0.0037832,6.8482e-25,0,0.0033258,0.0011447,2.9054,0.011197
2.925,2.916,0.005,0.39782,-0.0021273,-6.5127e-25,0,0.0018281,0.00067549,2.7064,0.011308
2.875,2.972,0.005,0.39101,-0.00076651,1.2829e-38,0,0.0023564,0.00030523,7.7201,0.011366
5.875,0.024,0.005,-0.17958,0.00072519,0,0,0.00077352,0.0001499,5.1604,0.0079696
5.825,0.072,0.005,-0.18779,0.0012547,2.3355e-39,0,0.00072938,0.00042585,1.7127,0.0080047
5.775,0.12,0.005,-0.18305,0.0019639,1.6603e-25,0,0.00097407,0.00093826,1.0382,0.0080149
5.725,0.168,0.005,-0.17597,0.0024725,-8.5335e-26,0,0.0011959,0.0014905,0.80238,0.008038
5.675,0.216,0.005,-0.16835,0.0029761,-1.8856e-25,0,0.0013815,0.0020085,0.68783,0.0080559
5.625,0.264,0.005,-0.16055,0.0034371,8.9115e-27,0,0.0015412,0.0024781,0.62193,0.0080733
5.575,0.312,0.005,-0.15264,0.0038729,6.5046e-39,0,0.0016836,0.0029001,0.58052,0.0080893
5.525,0.36,0.005,-0.14464,0.004298,-4.0756e-26,0,0.0018145,0.0032795,0.55329,0.0081048
5.475,0.408,0.005,-0.13655,0.0046974,-1.2711e-25,0,0.0019373,0.0036215,0.53495,0.0081174
5.425,0.456,0.005,-0.12817,0.0050455,-3.065e-25,0,0.0020556,0.0036774,0.52175,0.0081209
5.375,0.50502,0.005,-0.11912,0.0053413,-2.1937e-25,0,0.0021741,0.003678,0.51047,0.0081139
5.325,0.55506,0.005,-0.10951,0.0055471,0,0,0.0022878,0.0037459,0.49879,0.0081096
5.275,0.60511,0.005,-0.099814,0.0056792,-1.6362e-25,0,0.0023886,0.003911,0.48553,0.0081107
5.225,0.65515,0.005,-0.09032,0.0057608,1.2834e-38,0,0.0024732,0.0041595,0.47054,0.0081169
5.175,0.70519,0.005,-0.081216,0.0058079,1.193e-25,0,0.0025409,0.0044674,0.45441,0.0081273
5.125,0.75523,0.005,-0.07259,0.0058313,2.9004e-25,0,0.0025926,0.0048118,0.43789,0.0081415
5.075,0.80528,0.005,-0.064463,0.0058382,2.7216e-25,0,0.0026302,0.0051757,0.42161,0.0081593
5.025,0.85532,0.005,-0.056821,0.0058337,-6.4516e-40,0,0.0026554,0.0055468,0.40599,0.0081805
4.975,0.90536,0.005,-0.04963,0.005822,-1.1247e-25,0,0.0026699,0.0059156,0.39126,0.0082052
4.925,0.9554,0.005,-0.042851,0.0058064,-1.8058e-25,0,0.0026752,0.0062745,0.37753,0.0082333
4.875,1.0054,0.005,-0.036443,0.0057895,-1.4577e-25,0,0.0026727,0.0066173,0.36483,0.0082645
4.825,1.0555,0.005,-0.030364,0.0057734,1.538e-25,0,0.0026633,0.0069386,0.35313,0.0082989
4.775,1.1055,0.005,-0.024576,0.0057591,1.896e-25,0,0.002648,0.0072339,0.34237,0.0083362
4.725,1.1556,0.005,-0.019046,0.0057473,6.6644e-27,0,0.0026274,0.0074995,0.33249,0.0083762
4.675,1.2056,0.005,-0.013741,0.0057376,0,0,0.0026022,0.0077326,0.32342,0.0084189
4.625,1.2557,0.005,-0.008636,0.0057295,-1.7538e-25,0,0.0025727,0.0079311,0.31508,0.0084641
4.575,1.3057,0.005,-0.003706,0.0057223,1.8849e-25,0,0.0025394,0.0080937,0.30742,0.0085118
4.525,1.3557,0.005,0.0010707,0.0057156,1.6121e-25,0,0.0025025,0.0082188,0.30038,0.0085617
4.475,1.4058,0.005,0.0057139,0.0057092,-2.1165e-26,0,0.0024622,0.0083048,0.2939,0.0086138
4.425,1.4558,0.005,0.010242,0.0057026,0,0,0.0024186,0.0083507,0.28796,0.008668
4.375,1.5059,0.005,0.014671,0.0056952,0,0,0.0023719,0.0083567,0.28251,0.0087239
4.325,1.5559,0.005,0.019017,0.0056861,0,0,0.0023222,0.0083233,0.27752,0.0087817
4.275,1.606,0.005,0.023292,0.0056746,6.7048e-34,0,0.0022694,0.0082514,0.27297,0.0088411
4.225,1.656,0.005,0.027508,0.00566,-4.2379e-25,0,0.0022136,0.0081413,0.26886,0.0089023
4.175,1.706,0.005,0.031679,0.005642,2.3982e-25,0,0.0021549,0.007993,0.26519,0.0089653
4.125,1.7561,0.005,0.035817,0.0056203,-4.3872e-26,0,0.0020933,0.0078061,0.26201,0.0090303
4.075,1.8061,0.005,0.039935,0.005595,2.6441e-25,0,0.0020288,0.0075807,0.25936,0.0090972
4.025,1.8562,0.005,0.044049,0.005566,-2.2644e-25,0,0.0019616,0.0073193,0.25731,0.0091662
3.975,1.9062,0.005,0.048172,0.0055337,6.0255e-26,0,0.0018916,0.0070279,0.25598,0.0092375
3.925,1.9563,0.005,0.052316,0.0054993,-1.8339e-25,0,0.0018192,0.0067173,0.25556,0.0093112
3.875,2.0063,0.005,0.056488,0.0054643,-3.5875e-26,0,0.0017446,0.0064033,0.25632,0.0093875
3.825,2.0563,0.005,0.060685,0.0054311,-2.8141e-25,0,0.0016687,0.0061014,0.25868,0.0094665
3.775,2.1064,0.005,0.064892,0.0054005,1.2714e-25,0,0.0015927,0.0058173,0.26326,0.0095475
3.725,2.1564,0.005,0.069095,0.0053726,1.4995e-38,0,0.0015184,0.005519,0.27107,0.0096297
3.675,2.2065,0.005,0.073327,0.0053351,-9.841e-25,0,0.0014474,0.0051006,0.28378,0.00971
3.625,2.2565,0.005,0.077682,0.0052753,-3.1882e-25,0,0.0013822,0.0045394,0.30449,0.0097899
3.575,2.3066,0.005,0.082323,0.0051678,-4.687e-38,0,0.0013262,0.0039117,0.33903,0.0098739
3.525,2.3566,0.005,0.0875,0.0049912,5.2336e-25,0,0.0012865,0.0032253,0.39888,0.0099627
3.475,2.4066,0.005,0.093722,0.0047066,1.0422e-24,0,0.0012771,0.0025089,0.50903,0.010057
3.425,2.4567,0.005,0.10182,0.0042771,-2.6739e-25,0,0.0013252,0.0019572,0.6771,0.01016
3.375,2.5067,0.005,0.11299,0.0036257,-5.1309e-25,0,0.0014693,0.0015718,0.89624,0.010265
3.325,2.5568,0.005,0.12897,0.0026885,-5.3597e-25,0,0.0017711,0.0013483,1.1979,0.01037
3.275,2.6068,0.005,0.15145,0.0014116,-4.9903e-25,0,0.0022743,0.0012919,1.5486,0.01048
3.225,2.6569,0.005,0.1809,-0.00010393,-4.2421e-25,0,0.002955,0.0013382,1.9237,0.010595
3.175,2.7069,0.005,0.21701,-0.0016556,5.9014e-25,0,0.0036624,0.0013985,2.3261,0.010718
3.125,2.7569,0.005,0.2594,-0.0030325,6.6711e-33,0,0.0041352,0.0014001,2.7087,0.010844
3.075,2.807,0.005,0.30677,-0.0037534,-4.802e-26,0,0.0040906,0.0013327,2.9527,0.010995
3.025,2.86,0.005,0.35689,-0.0037558,-6.1649e-25,0,0.0032945,0.0011477,2.8705,0.0111
2.975,2.916,0.005,0.39643,-0.0021305,6.3514e-25,0,0.0018301,0.00067557,2.709,0.011207
2.925,2.972,0.005,0.38975,-0.00076819,-8.6231e-40,0,0.0023497,0.00030479,7.7091,0.011263
5.925,0.024,0.005,-0.18053,0.00069202,6.3223e-26,0,0.00078071,0.00015059,5.1843,0.0079719
5.875,0.072,0.005,-0.18851,0.0012566,7.5422e-41,0,0.00074001,0.00043067,1.7183,0.0079988
5.825,0.12,0.005,-0.18364,0.0019504,5.0669e-26,0,0.0009867,0.00094758,1.0413,0.0080088
5.775,0.168,0.005,-0.17649,0.0024566,6.5553e-26,0,0.0012083,0.001502,0.80448,0.0080286
5.725,0.216,0.005,-0.16882,0.0029518,-3.1575e-26,0,0.0013927,0.0020204,0.68935,0.0080438
5.675,0.264,0.005,-0.16098,0.003405,-9.4489e-26,0,0.0015507,0.0024888,0.62307,0.0080587
5.625,0.312,0.005,-0.15304,0.0038319,1.3087e-26,0,0.001691,0.0029084,0.58141,0.0080725
5.575,0.36,0.005,-0.14501,0.0042494,5.2456e-26,0,0.0018199,0.0032847,0.55404,0.0080867
5.525,0.408,0.005,-0.13687,0.0046367,-2.1565e-25,0,0.001941,0.003624,0.53558,0.0080951
5.475,0.456,0.005,-0.12842,0.0049747,-2.8312e-25,0,0.0020578,0.0036397,0.52223,0.0080953
5.425,0.50502,0.005,-0.11928,0.0052558,-5.3311e-26,0,0.0021751,0.0036368,0.51068,0.0080865
5.375,0.55506,0.005,-0.10957,0.0054478,3.8034e-25,0,0.0022875,0.0037096,0.49864,0.0080807
5.325,0.60511,0.005,-0.099807,0.0055693,1.474e-26,0,0.0023871,0.0038807,0.485,0.0080806
5.275,0.65515,0.005,-0.090265,0.0056432,-1.8252e-25,0,0.0024708,0.0041341,0.46969,0.0080855
5.225,0.70519,0.005,-0.081128,0.0056854,-3.0405e-25,0,0.0025379,0.0044457,0.45334,0.0080946
5.175,0.75523,0.005,-0.072479,0.0057055,-3.6672e-25,0,0.0025896,0.004793,0.43669,0.0081075
5.125,0.80528,0.005,-0.064336,0.0057102,-8.5973e-26,0,0.0026273,0.0051598,0.42036,0.008124
5.075,0.85532,0.005,-0.056683,0.0057041,2.8999e-25,0,0.002653,0.0055339,0.40473,0.0081441
5.025,0.90536,0.005,-0.049485,0.0056911,1.7056e-25,0,0.0026681,0.0059061,0.39004,0.0081676
4.975,0.9554,0.005,-0.042703,0.0056746,3.9679e-25,0,0.0026741,0.0062688,0.37638,0.0081946
4.925,1.0054,0.005,-0.036294,0.0056569,2.0721e-25,0,0.0026723,0.0066156,0.36376,0.0082248
4.875,1.0555,0.005,-0.030215,0.0056401,1.7267e-25,0,0.0026638,0.006941,0.35215,0.0082582
4.825,1.1055,0.005,-0.02443,0.0056256,1.9981e-25,0,0.0026492,0.0072405,0.34148,0.0082946
4.775,1.1556,0.005,-0.018902,0.005614,1.7075e-25,0,0.0026295,0.0075103,0.3317,0.0083337
4.725,1.2056,0.005,-0.013601,0.0056052,-1.7074e-25,0,0.002605,0.0077478,0.32272,0.0083754
4.675,1.2557,0.005,-0.0084989,0.0055987,1.7144e-25,0,0.0025764,0.0079505,0.31448,0.0084197
4.625,1.3057,0.005,-0.0035718,0.0055936,-1.174e-26,0,0.0025438,0.0081168,0.30692,0.0084665
4.575,1.3557,0.005,0.0012021,0.0055893,3.4846e-25,0,0.0025077,0.0082452,0.29997,0.0085155
4.525,1.4058,0.005,0.0058428,0.0055854,-4.2064e-26,0,0.0024682,0.0083342,0.29359,0.0085668
4.475,1.4558,0.005,0.010369,0.0055813,2.4541e-26,0,0.0024254,0.0083826,0.28774,0.0086201
4.425,1.5059,0.005,0.014797,0.0055764,-1.7761e-25,0,0.0023795,0.0083905,0.28239,0.0086751
4.375,1.5559,0.005,0.019142,0.0055698,0,0,0.0023305,0.0083587,0.27751,0.0087319
4.325,1.606,0.005,0.023418,0.0055607,1.1903e-25,0,0.0022785,0.0082884,0.27305,0.0087903
4.275,1.656,0.005,0.027635,0.0055483,-3.5694e-26,0,0.0022235,0.00818,0.26905,0.0088505
4.225,1.706,0.005,0.031808,0.0055323,7.7887e-26,0,0.0021655,0.0080334,0.2655,0.0089125
4.175,1.7561,0.005,0.035947,0.0055123,-1.603e-25,0,0.0021047,0.0078483,0.26243,0.0089763
4.125,1.8061,0.005,0.040068,0.0054884,9.4049e-26,0,0.0020411,0.0076252,0.25991,0.0090421
4.075,1.8562,0.005,0.044184,0.0054605,-3.2607e-25,0,0.0019746,0.0073666,0.25801,0.00911
4.025,1.9062,0.005,0.048309,0.005429,6.4045e-25,0,0.0019055,0.0070786,0.25686,0.0091801
3.975,1.9563,0.005,0.052455,0.0053949,2.927e-25,0,0.0018339,0.0067725,0.25665,0.0092527
3.925,2.0063,0.005,0.056626,0.0053601,-2.2384e-25,0,0.0017602,0.0064638,0.25765,0.0093278
3.875,2.0563,0.005,0.06082,0.0053273,8.1239e-26,0,0.0016852,0.0061661,0.2603,0.0094055
3.825,2.1064,0.005,0.065025,0.0052977,-2.0993e-25,0,0.0016103,0.0058787,0.26525,0.0094849
3.775,2.1564,0.005,0.069233,0.0052683,3.1465e-25,0,0.001537,0.0055663,0.27352,0.009565
3.725,2.2065,0.005,0.073486,0.005227,4.7359e-25,0,0.0014671,0.0051141,0.28687,0.0096434
3.675,2.2565,0.005,0.077884,0.0051615,-6.9748e-25,0,0.0014029,0.004548,0.30846,0.0097216
3.625,2.3066,0.005,0.082589,0.005047,-9.7859e-26,0,0.0013483,0.0039167,0.34424,0.0098038
3.575,2.3566,0.005,0.08786,0.004864,-6.0172e-38,0,0.0013104,0.0032281,0.40594,0.0098911
3.525,2.4066,0.005,0.094218,0.0045733,-6.0686e-25,0,0.001304,0.0025159,0.51828,0.009984
3.475,2.4567,0.005,0.1025,0.0041372,-2.6583e-25,0,0.0013561,0.0019718,0.68777,0.010085
3.425,2.5067,0.005,0.11393,0.0034804,-5.6497e-33,0,0.001505,0.0015789,0.9065,0.010188
3.375,2.5568,0.005,0.13022,0.00254,2.914e-25,0,0.0018118,0.0013599,1.2049,0.010292
3.325,2.6068,0.005,0.15297,0.0012662,-7.7491e-25,0,0.0023144,0.0013057,1.5489,0.0104
3.275,2.6569,0.005,0.18254,-0.00022888,1.717e-24,0,0.0029857,0.0013532,1.9177,0.010512
3.225,2.7069,0.005,0.21852,-0.0017441,-9.2868e-25,0,0.0036686,0.0014115,2.3118,0.010633
3.175,2.7569,0.005,0.2605,-0.0030744,-5.8378e-25,0,0.004112,0.0014121,2.6805,0.010757
3.125,2.807,0.005,0.30708,-0.0037515,2.1163e-25,0,0.0040508,0.001345,2.9123,0.010904
3.075,2.86,0.005,0.3562,-0.0037285,8.6185e-26,0,0.003263,0.0011504,2.8363,0.011005
3.025,2.916,0.005,0.39505,-0.0021318,4.4985e-38,0,0.0018309,0.00067544,2.7107,0.011108
2.975,2.972,0.005,0.38849,-0.00077086,7.6151e-25,0,0.0023426,0.00030433,7.6974,0.011162
5.975,0.024,0.005,-0.18148,0.00068368,0,0,0.00078794,0.00015129,5.2083,0.0079759
5.925,0.072,0.005,-0.18922,0.0012437,9.8853e-26,0,0.00075091,0.00043562,1.7238,0.007997
5.875,0.12,0.005,-0.18423,0.0019383,5.0443e-41,0,0.00099962,0.00095723,1.0443,0.0080038
5.825,0.168,0.005,-0.177,0.0024377,9.2065e-26,0,0.001221,0.0015139,0.8065,0.0080216
5.775,0.216,0.005,-0.16928,0.0029255,-2.6077e-26,0,0.0014041,0.0020326,0.69081,0.0080337
5.725,0.264,0.005,-0.1614,0.003371,2.6989e-28,0,0.0015602,0.0024997,0.62416,0.0080459
5.675,0.312,0.005,-0.15342,0.0037895,3.5859e-39,0,0.0016984,0.002917,0.58225,0.0080572
5.625,0.36,0.005,-0.14537,0.004199,5.6588e-26,0,0.0018251,0.0032899,0.55474,0.0080695
5.575,0.408,0.005,-0.13719,0.0045736,2.2184e-25,0,0.0019443,0.0036046,0.53614,0.0080743
5.525,0.456,0.005,-0.12866,0.0049012,-7.7149e-27,0,0.0020596,0.0036012,0.5226,0.0080702
5.475,0.50502,0.005,-0.11942,0.0051656,0,0,0.0021757,0.0035959,0.51075,0.0080603
5.425,0.55506,0.005,-0.10962,0.005344,0,0,0.0022866,0.003674,0.49833,0.0080532
5.375,0.60511,0.005,-0.099788,0.0054554,1.4567e-38,0,0.0023848,0.0038509,0.48429,0.0080517
5.325,0.65515,0.005,-0.090201,0.0055224,1.7595e-25,0,0.0024674,0.0041089,0.46867,0.0080553
5.275,0.70519,0.005,-0.081033,0.0055601,-2.433e-34,0,0.002534,0.0044237,0.4521,0.0080631
5.225,0.75523,0.005,-0.072363,0.0055775,-1.7774e-25,0,0.0025855,0.0047738,0.43534,0.0080747
5.175,0.80528,0.005,-0.064205,0.0055805,-1.7696e-25,0,0.0026235,0.0051432,0.41896,0.0080899
5.125,0.85532,0.005,-0.056542,0.0055733,-5.8964e-39,0,0.0026496,0.0055203,0.40335,0.0081087
5.075,0.90536,0.005,-0.049339,0.0055597,5.8628e-26,0,0.0026654,0.0058958,0.38871,0.008131
5.025,0.9554,0.005,-0.042554,0.0055425,-8.9225e-35,0,0.0026722,0.0062623,0.37512,0.0081568
4.975,1.0054,0.005,-0.036144,0.0055245,-3.9714e-34,0,0.0026713,0.006613,0.3626,0.008186
4.925,1.0555,0.005,-0.030067,0.0055074,-3.3737e-25,0,0.0026636,0.0069425,0.35109,0.0082184
4.875,1.1055,0.005,-0.024284,0.0054928,0,0,0.0026499,0.007246,0.34053,0.0082539
4.825,1.1556,0.005,-0.01876,0.0054813,6.5442e-27,0,0.002631,0.0075201,0.33085,0.0082921
4.775,1.2056,0.005,-0.013462,0.0054732,1.6683e-25,0,0.0026074,0.0077618,0.32198,0.0083329
4.725,1.2557,0.005,-0.0083638,0.0054681,6.1764e-27,0,0.0025795,0.007969,0.31384,0.0083763
4.675,1.3057,0.005,-0.0034402,0.0054652,-1.8056e-25,0,0.0025478,0.0081395,0.30638,0.0084221
4.625,1.3557,0.005,0.0013305,0.0054635,1.5362e-25,0,0.0025125,0.0082716,0.29953,0.0084702
4.575,1.4058,0.005,0.0059684,0.0054623,1.7069e-25,0,0.0024738,0.0083634,0.29325,0.0085206
4.525,1.4558,0.005,0.010492,0.005461,2.4332e-26,0,0.0024318,0.0084141,0.28751,0.008573
4.475,1.5059,0.005,0.014919,0.0054588,-1.4674e-25,0,0.0023867,0.0084237,0.28226,0.0086272
4.425,1.5559,0.005,0.019264,0.005455,-1.768e-25,0,0.0023385,0.0083935,0.27747,0.008683
4.375,1.606,0.005,0.023539,0.0054484,0,0,0.0022873,0.0083246,0.27312,0.0087404
4.325,1.656,0.005,0.027758,0.0054385,1.1308e-38,0,0.0022331,0.0082178,0.26922,0.0087996
4.275,1.706,0.005,0.031932,0.0054247,-1.5372e-25,0,0.0021759,0.008073,0.26579,0.0088605
4.225,1.7561,0.005,0.036074,0.0054066,-3.5598e-25,0,0.0021159,0.0078898,0.26285,0.0089232
4.175,1.8061,0.005,0.040198,0.0053842,-1.613e-25,0,0.0020531,0.007669,0.26047,0.0089879
4.125,1.8562,0.005,0.044316,0.0053576,2.0368e-33,0,0.0019874,0.0074135,0.25872,0.0090546
4.075,1.9062,0.005,0.048443,0.0053273,2.2777e-25,0,0.0019191,0.0071295,0.25774,0.0091236
4.025,1.9563,0.005,0.05259,0.0052942,1.292e-33,0,0.0018484,0.006828,0.25773,0.009195
3.975,2.0063,0.005,0.05676,0.00526,3.2599e-25,0,0.0017756,0.006524,0.25898,0.0092689
3.925,2.0563,0.005,0.060952,0.0052273,1.8955e-25,0,0.0017017,0.0062298,0.26193,0.0093454
3.875,2.1064,0.005,0.065155,0.0051984,-1.5171e-25,0,0.0016278,0.005938,0.26726,0.0094235
3.825,2.1564,0.005,0.06937,0.005168,-3.7668e-25,0,0.0015556,0.0056112,0.276,0.0095011
3.775,2.2065,0.005,0.073646,0.0051229,7.9988e-25,0,0.0014868,0.0051269,0.28999,0.0095778
3.725,2.2565,0.005,0.078089,0.0050511,-3.7724e-25,0,0.0014237,0.0045561,0.31248,0.0096545
3.675,2.3066,0.005,0.082859,0.0049298,-8.5915e-25,0,0.0013705,0.0039218,0.34946,0.0097352
3.625,2.3566,0.005,0.088225,0.004739,-5.0148e-25,0,0.0013347,0.0032328,0.41285,0.0098209
3.575,2.4066,0.005,0.094718,0.0044429,2.0087e-25,0,0.0013312,0.002524,0.52741,0.0099126
3.525,2.4567,0.005,0.10318,0.0040015,-6.8763e-25,0,0.0013875,0.0019877,0.69803,0.010011
3.475,2.5067,0.005,0.11487,0.0033381,1.0397e-24,0,0.0015411,0.0015863,0.91635,0.010113
3.425,2.5568,0.005,0.13148,0.0023942,-2.8618e-25,0,0.0018525,0.0013716,1.2116,0.010215
3.375,2.6068,0.005,0.15448,0.0011246,1.343e-24,0,0.0023542,0.00132,1.5492,0.010321
3.325,2.6569,0.005,0.18415,-0.00034977,-1.6653e-24,0,0.0030151,0.0013682,1.9119,0.010432
3.275,2.7069,0.005,0.21999,-0.0018289,5.0505e-26,0,0.0036736,0.0014246,2.2976,0.01055
3.225,2.7569,0.005,0.26155,-0.0031135,1.3825e-24,0,0.0040884,0.001424,2.6525,0.010671
3.175,2.807,0.005,0.30735,-0.0037485,4.9064e-25,0,0.0040113,0.0013572,2.8727,0.010815
3.125,2.86,0.005,0.3555,-0.0037015,2.1588e-38,0,0.0032313,0.0011528,2.8029,0.010913
3.075,2.916,0.005,0.39368,-0.0021313,-1.1736e-38,0,0.0018306,0.00067513,2.7115,0.011011
3.025,2.972,0.005,0.38723,-0.00077437,-6.7234e-25,0,0.0023352,0.00030385,7.6852,0.011063
6.025,0.024,0.005,-0.18243,0.00068507,0,0,0.00079521,0.00015198,5.2322,0.0079825
5.975,0.072,0.005,-0.18992,0.0012228,2.6092e-25,0,0.00076208,0.0004407,1.7292,0.0080003
5.925,0.12,0.005,-0.1848,0.0019285,-9.675e-27,0,0.0010128,0.00096719,1.0472,0.0080011
5.875,0.168,0.005,-0.1775,0.0024162,9.6075e-40,0,0.0012339,0.0015263,0.80845,0.008017
5.825,0.216,0.005,-0.16973,0.0028963,4.6001e-26,0,0.0014157,0.0020451,0.69222,0.008026
5.775,0.264,0.005,-0.16181,0.0033345,6.0586e-27,0,0.0015699,0.002511,0.62521,0.0080351
5.725,0.312,0.005,-0.1538,0.0037447,3.1043e-39,0,0.0017059,0.0029259,0.58304,0.0080437
5.675,0.36,0.005,-0.14572,0.0041456,-2.3842e-25,0,0.0018302,0.0032953,0.55539,0.0080535
5.625,0.408,0.005,-0.13749,0.0045103,-1.4064e-25,0,0.0019475,0.0035752,0.53663,0.008055
5.575,0.456,0.005,-0.12887,0.0048254,2.5695e-25,0,0.0020612,0.0035619,0.52286,0.0080463
5.525,0.50502,0.005,-0.11954,0.005071,2.1996e-25,0,0.0021757,0.0035553,0.51069,0.0080353
5.475,0.55506,0.005,-0.10965,0.0052358,0,0,0.0022849,0.003639,0.49784,0.008027
5.425,0.60511,0.005,-0.099757,0.0053375,-3.321e-25,0,0.0023816,0.0038215,0.4834,0.0080242
5.375,0.65515,0.005,-0.090128,0.005398,2.3475e-39,0,0.002463,0.0040837,0.46746,0.0080264
5.325,0.70519,0.005,-0.080932,0.0054318,2.9465e-25,0,0.002529,0.0044015,0.45069,0.0080328
5.275,0.75523,0.005,-0.072243,0.005447,1.7198e-25,0,0.0025804,0.0047539,0.43382,0.008043
5.225,0.80528,0.005,-0.064072,0.0054489,-1.7164e-25,0,0.0026187,0.0051259,0.41742,0.0080568
5.175,0.85532,0.005,-0.0564,0.0054412,-1.7061e-25,0,0.0026454,0.0055058,0.40184,0.0080743
5.125,0.90536,0.005,-0.049191,0.0054273,1.6917e-25,0,0.0026619,0.0058847,0.38727,0.0080954
5.075,0.9554,0.005,-0.042404,0.0054101,-1.2235e-25,0,0.0026695,0.0062549,0.37377,0.0081201
5.025,1.0054,0.005,-0.035994,0.0053921,-6.6899e-26,0,0.0026695,0.0066096,0.36135,0.0081482
4.975,1.0555,0.005,-0.029919,0.0053752,-2.1097e-25,0,0.0026627,0.0069431,0.34995,0.0081796
4.925,1.1055,0.005,-0.02414,0.0053607,-1.6364e-25,0,0.0026499,0.0072508,0.33951,0.0082141
4.875,1.1556,0.005,-0.018619,0.0053495,-1.6306e-25,0,0.0026319,0.0075288,0.32995,0.0082514
4.825,1.2056,0.005,-0.013325,0.0053419,1.6301e-25,0,0.0026092,0.0077748,0.32119,0.0082913
4.775,1.2557,0.005,-0.0082308,0.0053379,1.636e-25,0,0.0025822,0.0079863,0.31316,0.0083338
4.725,1.3057,0.005,-0.0033112,0.0053369,-1.5329e-25,0,0.0025514,0.0081614,0.3058,0.0083786
4.675,1.3557,0.005,0.0014558,0.0053379,-1.6628e-25,0,0.0025169,0.0082976,0.29906,0.0084258
4.625,1.4058,0.005,0.0060905,0.0053397,3.0125e-39,0,0.002479,0.0083927,0.29289,0.0084753
4.575,1.4558,0.005,0.010612,0.0053415,0,0,0.0024378,0.0084455,0.28724,0.0085268
4.525,1.5059,0.005,0.015037,0.0053424,1.7003e-25,0,0.0023936,0.0084566,0.2821,0.00858
4.475,1.5559,0.005,0.019381,0.0053414,6.5792e-39,0,0.0023462,0.0084276,0.27742,0.0086349
4.425,1.606,0.005,0.023657,0.0053376,-2.3956e-25,0,0.0022958,0.0083601,0.27318,0.0086914
4.375,1.656,0.005,0.027877,0.0053303,-6.3012e-41,0,0.0022424,0.0082549,0.26939,0.0087495
4.325,1.706,0.005,0.032053,0.0053188,3.6929e-26,0,0.0021861,0.0081118,0.26607,0.0088093
4.275,1.7561,0.005,0.036197,0.0053029,2.3496e-25,0,0.0021269,0.0079307,0.26326,0.008871
4.225,1.8061,0.005,0.040323,0.0052823,1.498e-38,0,0.0020648,0.0077123,0.26102,0.0089345
4.175,1.8562,0.005,0.044444,0.0052573,2.1205e-25,0,0.002,0.0074599,0.25943,0.0090002
4.125,1.9062,0.005,0.048573,0.0052283,-4.4524e-25,0,0.0019326,0.0071804,0.25863,0.009068
4.075,1.9563,0.005,0.05272,0.0051966,-4.0593e-25,0,0.0018627,0.0068841,0.25883,0.0091382
4.025,2.0063,0.005,0.05689,0.0051638,-1.0764e-25,0,0.0017909,0.0065844,0.26033,0.009211
3.975,2.0563,0.005,0.061079,0.0051315,-6.3699e-25,0,0.001718,0.0062918,0.26358,0.0092861
3.925,2.1064,0.005,0.065281,0.0051025,-2.0817e-25,0,0.0016453,0.0059941,0.26928,0.0093629
3.875,2.1564,0.005,0.069505,0.0050696,4.817e-39,0,0.0015742,0.0056521,0.27851,0.0094382
3.825,2.2065,0.005,0.073808,0.0050222,-3.9213e-25,0,0.0015065,0.0051388,0.29316,0.0095131
3.775,2.2565,0.005,0.078297,0.0049442,1.4849e-24,0,0.0014446,0.0045635,0.31656,0.0095885
3.725,2.3066,0.005,0.083132,0.0048158,7.5068e-25,0,0.001393,0.0039263,0.35478,0.0096678
3.675,2.3566,0.005,0.088593,0.0046168,-1.1237e-24,0,0.0013592,0.0032384,0.41971,0.0097519
3.625,2.4066,0.005,0.095221,0.0043154,5.7651e-25,0,0.0013588,0.002534,0.53622,0.0098429
3.575,2.4567,0.005,0.10387,0.0038667,-2.5414e-25,0,0.0014192,0.0020048,0.70789,0.0099393
3.525,2.5067,0.005,0.1158,0.0031992,-7.4586e-25,0,0.0015775,0.001594,0.92577,0.01004
3.475,2.5568,0.005,0.13272,0.002251,2.8169e-25,0,0.0018932,0.0013836,1.2178,0.010139
3.425,2.6068,0.005,0.15597,0.00098642,1.2704e-38,0,0.0023936,0.0013346,1.5493,0.010244
3.375,2.6569,0.005,0.18573,-0.00046681,1.1807e-32,0,0.0030432,0.0013833,1.906,0.010353
3.325,2.7069,0.005,0.22142,-0.0019098,2.7794e-25,0,0.0036773,0.0014375,2.2829,0.010469
3.275,2.7569,0.005,0.26256,-0.0031496,1.2326e-32,0,0.0040644,0.001436,2.6248,0.010588
3.225,2.807,0.005,0.30759,-0.0037444,-5.4274e-25,0,0.0039722,0.0013694,2.8339,0.010728
3.175,2.86,0.005,0.3548,-0.0036744,3.2823e-26,0,0.0031995,0.001155,2.7702,0.010823
3.125,2.916,0.005,0.39233,-0.0021294,5.9158e-25,0,0.0018293,0.00067465,2.7115,0.010918
3.075,2.972,0.005,0.38596,-0.00077852,-1.3321e-38,0,0.0023274,0.00030334,7.6724,0.010968
6.075,0.024,0.005,-0.18338,0.00068516,1.2047e-25,0,0.00080252,0.00015268,5.2562,0.0079924
6.025,0.072,0.005,-0.19062,0.0012235,2.4636e-25,0,0.00077353,0.00044598,1.7344,0.0080079
5.975,0.12,0.005,-0.18537,0.001915,1.4149e-25,0,0.0010263,0.00097747,1.05,0.0080027
5.925,0.168,0.005,-0.17799,0.002393,-1.4745e-26,0,0.0012471,0.001539,0.81033,0.0080148
5.875,0.216,0.005,-0.17017,0.0028638,2.0753e-42,0,0.0014274,0.002058,0.69357,0.0080207
5.825,0.264,0.005,-0.1622,0.003295,6.1043e-26,0,0.0015797,0.0025226,0.62621,0.0080264
5.775,0.312,0.005,-0.15416,0.0036969,-1.2218e-39,0,0.0017134,0.002935,0.58379,0.0080321
5.725,0.36,0.005,-0.14605,0.0040885,1.7194e-39,0,0.0018353,0.0033009,0.55598,0.0080392
5.675,0.408,0.005,-0.13777,0.0044436,-9.382e-26,0,0.0019504,0.0035451,0.53705,0.0080374
5.625,0.456,0.005,-0.12907,0.0047463,-6.0367e-25,0,0.0020625,0.0035222,0.52301,0.0080248
5.575,0.50502,0.005,-0.11963,0.0049731,-1.4063e-25,0,0.0021751,0.0035156,0.51046,0.0080118
5.525,0.55506,0.005,-0.10967,0.0051233,0,0,0.0022824,0.0036044,0.49716,0.0080022
5.475,0.60511,0.005,-0.099714,0.0052155,-1.6826e-25,0,0.0023774,0.0037924,0.48231,0.007998
5.425,0.65515,0.005,-0.090046,0.00527,-1.6232e-25,0,0.0024576,0.0040586,0.46605,0.0079988
5.375,0.70519,0.005,-0.080825,0.0053004,1.2514e-25,0,0.002523,0.0043789,0.4491,0.0080038
5.325,0.75523,0.005,-0.072118,0.0053139,3.3218e-25,0,0.0025743,0.0047335,0.43215,0.0080125
5.275,0.80528,0.005,-0.063936,0.0053151,1.8022e-34,0,0.0026129,0.0051076,0.41574,0.0080249
5.225,0.85532,0.005,-0.056256,0.0053073,-1.6557e-25,0,0.0026402,0.0054904,0.4002,0.008041
5.175,0.90536,0.005,-0.049043,0.0052937,-1.6446e-25,0,0.0026575,0.0058726,0.38571,0.0080609
5.125,0.9554,0.005,-0.042254,0.005277,1.6313e-25,0,0.002666,0.0062466,0.37232,0.0080844
5.075,1.0054,0.005,-0.035845,0.0052596,1.9565e-25,0,0.0026669,0.0066054,0.36001,0.0081114
5.025,1.0555,0.005,-0.029772,0.0052432,1.3725e-25,0,0.0026611,0.0069431,0.34874,0.0081417
4.975,1.1055,0.005,-0.023996,0.0052293,-1.3109e-25,0,0.0026493,0.0072547,0.33843,0.0081752
4.925,1.1556,0.005,-0.018479,0.0052186,0,0,0.0026323,0.0075367,0.32899,0.0082116
4.875,1.2056,0.005,-0.01319,0.0052117,-1.5907e-25,0,0.0026105,0.0077866,0.32035,0.0082506
4.825,1.2557,0.005,-0.0081,0.0052086,-1.5366e-25,0,0.0025844,0.0080024,0.31244,0.0082922
4.775,1.3057,0.005,-0.0031847,0.0052091,1.8423e-25,0,0.0025545,0.008182,0.30519,0.0083361
4.725,1.3557,0.005,0.0015782,0.0052123,-5.0324e-25,0,0.0025208,0.0083229,0.29856,0.0083824
4.675,1.4058,0.005,0.0062091,0.0052173,-1.4214e-25,0,0.0024838,0.0084218,0.29249,0.0084309
4.625,1.4558,0.005,0.010727,0.0052226,2.3977e-26,0,0.0024435,0.008477,0.28696,0.0084814
4.575,1.5059,0.005,0.015151,0.0052269,1.6623e-25,0,0.0024001,0.0084892,0.28192,0.0085338
4.525,1.5559,0.005,0.019494,0.0052291,1.6922e-25,0,0.0023536,0.0084611,0.27735,0.0085877
4.475,1.606,0.005,0.02377,0.0052283,-2.6494e-25,0,0.002304,0.0083949,0.27322,0.0086432
4.425,1.656,0.005,0.027992,0.0052237,3.5581e-25,0,0.0022514,0.0082912,0.26954,0.0087002
4.375,1.706,0.005,0.032169,0.0052147,-3.5994e-26,0,0.0021959,0.0081499,0.26635,0.008759
4.325,1.7561,0.005,0.036316,0.0052011,4.2017e-25,0,0.0021375,0.0079709,0.26366,0.0088196
4.275,1.8061,0.005,0.040445,0.0051827,-2.4178e-25,0,0.0020763,0.0077552,0.26156,0.0088821
4.225,1.8562,0.005,0.044568,0.0051595,4.8542e-26,0,0.0020124,0.0075061,0.26013,0.0089466
4.175,1.9062,0.005,0.048699,0.0051321,-4.3532e-25,0,0.0019458,0.0072308,0.25951,0.0090133
4.125,1.9563,0.005,0.052847,0.0051018,1.2328e-25,0,0.0018769,0.0069401,0.25993,0.0090824
4.075,2.0063,0.005,0.057015,0.0050706,-1.7365e-25,0,0.0018061,0.0066451,0.26168,0.0091539
4.025,2.0563,0.005,0.061203,0.0050398,5.803e-39,0,0.0017343,0.0063524,0.26524,0.0092276
3.975,2.1064,0.005,0.065405,0.0050104,-6.5718e-26,0,0.0016627,0.0060467,0.27132,0.0093028
3.925,2.1564,0.005,0.069641,0.004974,-5.4136e-26,0,0.0015928,0.0056671,0.28105,0.0093761
3.875,2.2065,0.005,0.073972,0.004924,1.0797e-25,0,0.0015262,0.0051499,0.29636,0.0094488
3.825,2.2565,0.005,0.078509,0.0048402,-3.0098e-25,0,0.0014657,0.0045703,0.3207,0.0095234
3.775,2.3066,0.005,0.08341,0.0047052,2.348e-25,0,0.0014156,0.00393,0.36021,0.0096015
3.725,2.3566,0.005,0.088967,0.0044975,4.8332e-25,0,0.001384,0.0032421,0.42689,0.009684
3.675,2.4066,0.005,0.095726,0.0041906,-9.3936e-25,0,0.0013867,0.0025452,0.54481,0.0097741
3.625,2.4567,0.005,0.10456,0.0037324,-4.1261e-25,0,0.0014512,0.0020127,0.71757,0.0098687
3.575,2.5067,0.005,0.11674,0.0030635,-7.3259e-25,0,0.0016141,0.001602,0.93479,0.0099668
3.525,2.5568,0.005,0.13397,0.0021103,2.6332e-38,0,0.0019338,0.0013958,1.2236,0.010065
3.475,2.6068,0.005,0.15745,0.00085127,2.488e-38,0,0.0024323,0.0013495,1.5493,0.010169
3.425,2.6569,0.005,0.18727,-0.00058033,1.2821e-24,0,0.0030702,0.0013985,1.9001,0.010276
3.375,2.7069,0.005,0.2228,-0.0019872,-5.4576e-25,0,0.0036797,0.0014504,2.268,0.010391
3.325,2.7569,0.005,0.26352,-0.0031829,-7.6769e-25,0,0.0040402,0.0014479,2.5973,0.010506
3.275,2.807,0.005,0.3078,-0.0037392,3.0783e-26,0,0.0039334,0.0013814,2.7959,0.010643
3.225,2.86,0.005,0.3541,-0.0036473,2.4204e-26,0,0.0031677,0.0011568,2.7383,0.010734
3.175,2.916,0.005,0.39099,-0.0021265,9.0798e-26,0,0.001827,0.00067401,2.7106,0.010826
3.125,2.972,0.005,0.38469,-0.00078318,6.4367e-25,0,0.0023193,0.00030282,7.6591,0.010874
6.125,0.024,0.005,-0.18433,0.00068467,1.174e-25,0,0.00080985,0.00015338,5.2802,0.0080049
6.075,0.072,0.005,-0.19131,0.0012193,4.1153e-25,0,0.00078526,0.00045146,1.7394,0.0080185
6.025,0.12,0.005,-0.18592,0.001891,5.6609e-26,0,0.0010402,0.00098812,1.0527,0.0080082
5.975,0.168,0.005,-0.17847,0.0023605,2.4087e-39,0,0.0012605,0.0015521,0.81213,0.0080152
5.925,0.216,0.005,-0.1706,0.0028277,-2.3757e-26,0,0.0014393,0.0020713,0.69486,0.0080177
5.875,0.264,0.005,-0.16259,0.0032517,-2.0448e-26,0,0.0015895,0.0025345,0.62717,0.0080201
5.825,0.312,0.005,-0.15451,0.0036457,-1.5205e-26,0,0.0017209,0.0029444,0.58449,0.0080225
5.775,0.36,0.005,-0.14638,0.0040277,6.6546e-26,0,0.0018403,0.0033068,0.55651,0.0080266
5.725,0.408,0.005,-0.13804,0.0043719,8.441e-26,0,0.0019531,0.0035138,0.53738,0.0080215
5.675,0.456,0.005,-0.12925,0.0046623,-1.0584e-25,0,0.0020634,0.0034822,0.52304,0.0080054
5.625,0.50502,0.005,-0.11971,0.0048721,-2.3089e-25,0,0.002174,0.0034767,0.51008,0.00799
5.575,0.55506,0.005,-0.10967,0.0050072,0,0,0.0022791,0.0035705,0.4963,0.0079789
5.525,0.60511,0.005,-0.09966,0.0050895,-1.6966e-25,0,0.0023722,0.0037636,0.48102,0.0079732
5.475,0.65515,0.005,-0.089956,0.0051383,-1.3095e-39,0,0.0024512,0.0040333,0.46445,0.0079725
5.425,0.70519,0.005,-0.080713,0.0051657,-1.5833e-25,0,0.0025159,0.0043558,0.44732,0.007976
5.375,0.75523,0.005,-0.07199,0.005178,-2.6911e-25,0,0.0025671,0.0047122,0.4303,0.0079832
5.325,0.80528,0.005,-0.063797,0.0051789,-9.1912e-26,0,0.0026061,0.0050885,0.4139,0.0079941
5.275,0.85532,0.005,-0.05611,0.0051716,6.0177e-39,0,0.002634,0.005474,0.39843,0.0080089
5.225,0.90536,0.005,-0.048894,0.0051588,-1.5966e-25,0,0.0026522,0.0058596,0.38403,0.0080274
5.175,0.9554,0.005,-0.042104,0.005143,-3.6386e-25,0,0.0026617,0.0062374,0.37076,0.0080497
5.125,1.0054,0.005,-0.035696,0.0051266,-1.2316e-25,0,0.0026636,0.0066004,0.35859,0.0080756
5.075,1.0555,0.005,-0.029626,0.0051113,2.8939e-25,0,0.0026588,0.0069422,0.34746,0.0081049
5.025,1.1055,0.005,-0.023853,0.0050984,1.7027e-25,0,0.0026481,0.007258,0.33728,0.0081373
4.975,1.1556,0.005,-0.018341,0.0050887,6.6259e-27,0,0.0026321,0.0075439,0.32798,0.0081727
4.925,1.2056,0.005,-0.013056,0.0050826,0,0,0.0026113,0.0077975,0.31947,0.0082108
4.875,1.2557,0.005,-0.0079713,0.0050805,-1.5611e-25,0,0.0025862,0.0080172,0.31168,0.0082515
4.825,1.3057,0.005,-0.0030607,0.0050821,1.6883e-25,0,0.0025571,0.0082012,0.30455,0.0082945
4.775,1.3557,0.005,0.0016977,0.0050872,1.419e-25,0,0.0025244,0.0083467,0.29803,0.0083398
4.725,1.4058,0.005,0.0063245,0.0050949,-2.059e-26,0,0.0024882,0.0084503,0.29207,0.0083874
4.675,1.4558,0.005,0.010839,0.0051038,0,0,0.0024488,0.0085086,0.28665,0.008437
4.625,1.5059,0.005,0.01526,0.0051119,0,0,0.0024063,0.008522,0.28172,0.0084884
4.575,1.5559,0.005,0.019603,0.0051178,0,0,0.0023606,0.0084944,0.27726,0.0085414
4.525,1.606,0.005,0.02388,0.0051202,1.6933e-25,0,0.0023119,0.008429,0.27324,0.0085958
4.475,1.656,0.005,0.028102,0.0051185,-3.8042e-25,0,0.0022602,0.0083267,0.26969,0.0086518
4.425,1.706,0.005,0.032282,0.0051123,7.021e-26,0,0.0022055,0.0081873,0.26661,0.0087096
4.375,1.7561,0.005,0.036431,0.0051012,-1.8627e-25,0,0.002148,0.0080105,0.26406,0.0087691
4.325,1.8061,0.005,0.040562,0.005085,2.3643e-25,0,0.0020876,0.0077977,0.2621,0.0088305
4.275,1.8562,0.005,0.044688,0.0050639,-4.7434e-26,0,0.0020245,0.0075523,0.26083,0.0088939
4.225,1.9062,0.005,0.04882,0.0050384,2.1272e-25,0,0.0019589,0.0072814,0.2604,0.0089595
4.175,1.9563,0.005,0.052969,0.0050098,1.6371e-25,0,0.0018909,0.0069955,0.26103,0.0090275
4.125,2.0063,0.005,0.057136,0.0049801,-6.6042e-26,0,0.0018212,0.0067051,0.26304,0.0090979
4.075,2.0563,0.005,0.061322,0.0049512,2.4954e-25,0,0.0017505,0.0064115,0.26692,0.0091701
4.025,2.1064,0.005,0.065527,0.0049217,2.088e-25,0,0.0016801,0.006096,0.27338,0.0092432
3.975,2.1564,0.005,0.069777,0.0048827,-3.9204e-25,0,0.0016113,0.0056813,0.28361,0.0093148
3.925,2.2065,0.005,0.07414,0.0048279,2.7248e-25,0,0.001546,0.00516,0.29961,0.0093855
3.875,2.2565,0.005,0.078723,0.0047384,7.5275e-38,0,0.0014868,0.0045765,0.32488,0.0094591
3.825,2.3066,0.005,0.083692,0.0045976,-4.0889e-25,0,0.0014385,0.0039332,0.36572,0.0095361
3.775,2.3566,0.005,0.089345,0.0043815,1.4247e-24,0,0.0014091,0.0032433,0.43447,0.0096172
3.725,2.4066,0.005,0.096236,0.0040682,1.7054e-25,0,0.001415,0.0025565,0.55347,0.009706
3.675,2.4567,0.005,0.10525,0.003602,3.9296e-38,0,0.0014835,0.0020169,0.72697,0.0097993
3.625,2.5067,0.005,0.11769,0.0029298,-5.2534e-33,0,0.0016511,0.0016103,0.94349,0.0098948
3.575,2.5568,0.005,0.13521,0.001971,-2.7761e-25,0,0.0019743,0.0014083,1.229,0.0099926
3.525,2.6068,0.005,0.15891,0.00071887,1.2684e-24,0,0.0024706,0.0013647,1.5491,0.010095
3.475,2.6569,0.005,0.18878,-0.00069091,-1.5339e-24,0,0.0030958,0.0014138,1.8941,0.010201
3.425,2.7069,0.005,0.22415,-0.0020617,8.3291e-25,0,0.0036809,0.0014633,2.2528,0.010313
3.375,2.7569,0.005,0.26444,-0.0032131,2.9006e-25,0,0.0040157,0.0014599,2.5701,0.010427
3.325,2.807,0.005,0.30799,-0.0037326,-3.3747e-25,0,0.003895,0.0013933,2.7587,0.01056
3.275,2.86,0.005,0.3534,-0.0036201,-5.6564e-25,0,0.003136,0.0011584,2.7071,0.010648
3.225,2.916,0.005,0.38967,-0.0021225,6.5935e-25,0,0.0018238,0.00067323,2.709,0.010737
3.175,2.972,0.005,0.38341,-0.00078818,6.3055e-25,0,0.0023109,0.00030227,7.6452,0.010783
6.175,0.024,0.005,-0.18527,0.00068144,1.1127e-25,0,0.00081721,0.00015407,5.3041,0.008021
6.125,0.072,0.005,-0.192,0.0012136,1.4505e-25,0,0.00079728,0.00045714,1.7441,0.0080305
6.075,0.12,0.005,-0.18646,0.0018699,1.0287e-38,0,0.0010543,0.00099916,1.0552,0.0080174
6.025,0.168,0.005,-0.17893,0.0023329,-1.409e-25,0,0.0012741,0.0015656,0.81384,0.0080191
5.975,0.216,0.005,-0.17101,0.002788,-6.1728e-27,0,0.0014514,0.002085,0.6961,0.0080174
5.925,0.264,0.005,-0.16296,0.0032041,1.054e-26,0,0.0015995,0.0025467,0.62807,0.0080162
5.875,0.312,0.005,-0.15485,0.0035908,-2.8488e-39,0,0.0017285,0.002954,0.58514,0.0080151
5.825,0.36,0.005,-0.14668,0.0039629,5.5047e-26,0,0.0018452,0.0033129,0.55698,0.0080159
5.775,0.408,0.005,-0.13829,0.0042952,1.0713e-39,0,0.0019557,0.0034814,0.53763,0.0080073
5.725,0.456,0.005,-0.1294,0.0045727,-2.2476e-25,0,0.0020639,0.0034417,0.52295,0.0079879
5.675,0.50502,0.005,-0.11977,0.0047664,3.3663e-25,0,0.0021722,0.0034388,0.50953,0.0079701
5.625,0.55506,0.005,-0.10965,0.0048873,5.2437e-25,0,0.002275,0.0035374,0.49524,0.0079572
5.575,0.60511,0.005,-0.099594,0.0049598,-3.007e-26,0,0.002366,0.003735,0.47952,0.0079499
5.525,0.65515,0.005,-0.089859,0.0050029,1.285e-39,0,0.0024436,0.0040078,0.46266,0.0079476
5.475,0.70519,0.005,-0.080595,0.0050276,1.2933e-25,0,0.0025077,0.0043322,0.44536,0.0079494
5.425,0.75523,0.005,-0.071859,0.0050391,-4.2617e-26,0,0.0025589,0.0046902,0.42829,0.0079551
5.375,0.80528,0.005,-0.063656,0.0050402,6.1136e-26,0,0.0025982,0.0050684,0.41192,0.0079646
5.325,0.85532,0.005,-0.055963,0.0050337,1.5514e-25,0,0.0026269,0.0054565,0.39653,0.0079779
5.275,0.90536,0.005,-0.048744,0.0050221,6.1619e-26,0,0.0026459,0.0058455,0.38225,0.007995
5.225,0.9554,0.005,-0.041954,0.0050078,9.4856e-35,0,0.0026565,0.0062272,0.36911,0.0080161
5.175,1.0054,0.005,-0.035547,0.004993,-1.8807e-25,0,0.0026595,0.0065944,0.35708,0.0080408
5.125,1.0555,0.005,-0.029481,0.0049792,1.1053e-38,0,0.0026558,0.0069406,0.34609,0.0080689
5.075,1.1055,0.005,-0.023712,0.0049677,3.3298e-25,0,0.0026462,0.0072605,0.33606,0.0081004
5.025,1.1556,0.005,-0.018205,0.0049594,1.5159e-25,0,0.0026313,0.0075504,0.32691,0.0081348
4.975,1.2056,0.005,-0.012925,0.0049547,-1.5183e-25,0,0.0026115,0.0078078,0.31853,0.0081719
4.925,1.2557,0.005,-0.007845,0.0049537,3.0487e-25,0,0.0025874,0.0080312,0.31087,0.0082117
4.875,1.3057,0.005,-0.0029393,0.0049565,-1.1434e-26,0,0.0025593,0.0082191,0.30387,0.0082538
4.825,1.3557,0.005,0.0018143,0.004963,3.0914e-25,0,0.0025275,0.0083691,0.29747,0.0082982
4.775,1.4058,0.005,0.0064365,0.0049728,-4.1084e-26,0,0.0024923,0.0084772,0.29162,0.0083449
4.725,1.4558,0.005,0.010947,0.0049848,2.3845e-26,0,0.0024538,0.0085397,0.28631,0.0083935
4.675,1.5059,0.005,0.015366,0.0049971,-1.5825e-25,0,0.0024121,0.0085549,0.2815,0.008444
4.625,1.5559,0.005,0.019707,0.0050071,0,0,0.0023674,0.0085276,0.27715,0.0084959
4.575,1.606,0.005,0.023985,0.0050131,1.0709e-25,0,0.0023195,0.0084627,0.27325,0.0085493
4.525,1.656,0.005,0.028208,0.0050147,-3.1527e-26,0,0.0022686,0.0083617,0.26982,0.0086043
4.475,1.706,0.005,0.03239,0.0050113,6.8529e-26,0,0.0022148,0.008224,0.26687,0.008661
4.425,1.7561,0.005,0.036541,0.0050029,-1.8219e-25,0,0.0021582,0.0080496,0.26445,0.0087194
4.375,1.8061,0.005,0.040675,0.0049892,2.727e-25,0,0.0020987,0.0078397,0.26264,0.0087797
4.325,1.8562,0.005,0.044803,0.0049704,-1.9814e-25,0,0.0020365,0.0075982,0.26153,0.0088421
4.275,1.9062,0.005,0.048938,0.0049471,7.8274e-39,0,0.0019718,0.0073321,0.26129,0.0089066
4.225,1.9563,0.005,0.053086,0.0049207,-1.1647e-25,0,0.0019048,0.0070508,0.26214,0.0089734
4.175,2.0063,0.005,0.057253,0.0048925,5.2518e-25,0,0.0018361,0.0067637,0.26441,0.0090426
4.125,2.0563,0.005,0.061439,0.0048651,-1.2352e-25,0,0.0017666,0.0064678,0.2686,0.0091136
4.075,2.1064,0.005,0.065648,0.0048353,1.5465e-25,0,0.0016974,0.0061422,0.27545,0.0091844
4.025,2.1564,0.005,0.069915,0.0047942,2.8843e-25,0,0.0016298,0.0056947,0.2862,0.0092543
3.975,2.2065,0.005,0.07431,0.0047342,-2.6795e-25,0,0.0015658,0.0051694,0.30289,0.0093235
3.925,2.2565,0.005,0.078941,0.0046383,4.1758e-25,0,0.001508,0.0045823,0.3291,0.0093958
3.875,2.3066,0.005,0.083978,0.0044921,-8.7281e-26,0,0.0014614,0.0039363,0.37127,0.0094716
3.825,2.3566,0.005,0.089728,0.004269,-9.3247e-25,0,0.0014345,0.003245,0.44205,0.0095515
3.775,2.4066,0.005,0.096749,0.0039482,7.3848e-25,0,0.0014436,0.0025676,0.56224,0.009639
3.725,2.4567,0.005,0.10595,0.0034753,1.6679e-25,0,0.001516,0.0020213,0.73569,0.009731
3.675,2.5067,0.005,0.11864,0.0027973,4.363e-25,0,0.0016884,0.0016191,0.95188,0.0098245
3.625,2.5568,0.005,0.13645,0.0018326,-2.7903e-25,0,0.0020147,0.0014211,1.2339,0.0099211
3.575,2.6068,0.005,0.16036,0.00058882,-2.903e-25,0,0.0025084,0.0013802,1.5487,0.010022
3.525,2.6569,0.005,0.19026,-0.00079884,8.9172e-25,0,0.0031201,0.001429,1.888,0.010128
3.475,2.7069,0.005,0.22545,-0.0021346,-8.1859e-25,0,0.0036811,0.0014763,2.2375,0.010238
3.425,2.7569,0.005,0.26532,-0.0032403,4.9732e-25,0,0.0039909,0.0014718,2.5431,0.01035
3.375,2.807,0.005,0.30814,-0.0037242,5.0221e-25,0,0.0038569,0.0014051,2.7223,0.010479
3.325,2.86,0.005,0.3527,-0.0035927,5.5414e-25,0,0.0031043,0.0011598,2.6765,0.010564
3.275,2.916,0.005,0.38837,-0.0021175,-4.592e-25,0,0.0018198,0.0006723,2.7067,0.01065
3.225,2.972,0.005,0.38214,-0.00079338,7.2108e-26,0,0.0023022,0.0003017,7.6308,0.010694
6.225,0.024,0.005,-0.18621,0.0006762,3.8798e-25,0,0.00082458,0.00015476,5.328,0.0080418
6.175,0.072,0.005,-0.19266,0.0012039,2.8299e-25,0,0.00080961,0.00046305,1.7484,0.0080454
6.125,0.12,0.005,-0.18698,0.0018422,-6.8578e-26,0,0.0010688,0.0010106,1.0576,0.0080297
6.075,0.168,0.005,-0.17938,0.0023014,-1.4157e-25,0,0.001288,0.0015795,0.81547,0.0080265
6.025,0.216,0.005,-0.17141,0.0027455,9.8173e-27,0,0.0014636,0.002099,0.69728,0.0080203
5.975,0.264,0.005,-0.16332,0.0031521,6.9214e-26,0,0.0016095,0.0025592,0.62893,0.0080148
5.925,0.312,0.005,-0.15517,0.0035316,7.4116e-26,0,0.0017361,0.0029638,0.58575,0.0080101
5.875,0.36,0.005,-0.14698,0.0038939,9.7865e-26,0,0.0018501,0.0033192,0.5574,0.0080073
5.825,0.408,0.005,-0.13852,0.0042134,0,0,0.001958,0.003448,0.5378,0.0079951
5.775,0.456,0.005,-0.12953,0.0044773,7.5849e-26,0,0.002064,0.003401,0.52273,0.0079723
5.725,0.50502,0.005,-0.11981,0.004655,1.0919e-25,0,0.0021698,0.0034015,0.5088,0.0079519
5.675,0.55506,0.005,-0.10962,0.0047625,1.9785e-25,0,0.00227,0.0035052,0.49398,0.0079372
5.625,0.60511,0.005,-0.099516,0.0048259,1.3206e-25,0,0.0023588,0.0037069,0.47781,0.0079282
5.575,0.65515,0.005,-0.089754,0.0048638,1.3921e-25,0,0.002435,0.0039821,0.46066,0.0079241
5.525,0.70519,0.005,-0.080472,0.0048861,-2.6317e-34,0,0.0024983,0.004308,0.44322,0.0079243
5.475,0.75523,0.005,-0.071724,0.004897,-1.1348e-25,0,0.0025495,0.0046673,0.42612,0.0079283
5.425,0.80528,0.005,-0.063513,0.0048988,-1.4902e-25,0,0.0025893,0.0050473,0.40979,0.0079362
5.375,0.85532,0.005,-0.055815,0.0048936,7.8823e-26,0,0.0026187,0.0054379,0.39449,0.007948
5.325,0.90536,0.005,-0.048593,0.0048837,1.4972e-25,0,0.0026388,0.0058302,0.38034,0.0079638
5.275,0.9554,0.005,-0.041804,0.0048713,5.1975e-39,0,0.0026504,0.006216,0.36735,0.0079835
5.225,1.0054,0.005,-0.0354,0.0048584,-3.5553e-26,0,0.0026546,0.0065875,0.35548,0.008007
5.175,1.0555,0.005,-0.029337,0.0048466,-4.6893e-25,0,0.0026521,0.006938,0.34465,0.008034
5.125,1.1055,0.005,-0.023573,0.0048371,-1.6273e-25,0,0.0026436,0.0072623,0.33478,0.0080644
5.075,1.1556,0.005,-0.01807,0.0048307,6.9114e-27,0,0.0026298,0.0075562,0.32577,0.0080978
5.025,1.2056,0.005,-0.012796,0.0048276,1.4801e-25,0,0.0026112,0.0078174,0.31755,0.008134
4.975,1.2557,0.005,-0.0077212,0.0048281,5.8935e-27,0,0.0025882,0.0080445,0.31003,0.0081727
4.925,1.3057,0.005,-0.0028206,0.0048323,-1.6129e-25,0,0.0025611,0.0082361,0.30315,0.0082139
4.875,1.3557,0.005,0.0019279,0.0048402,1.1845e-25,0,0.0025303,0.0083901,0.29687,0.0082575
4.825,1.4058,0.005,0.0065454,0.0048517,3.0243e-25,0,0.002496,0.0085025,0.29115,0.0083032
4.775,1.4558,0.005,0.011052,0.0048661,2.3849e-26,0,0.0024584,0.0085692,0.28596,0.008351
4.725,1.5059,0.005,0.015467,0.0048821,-1.2863e-25,0,0.0024176,0.0085874,0.28126,0.0084006
4.675,1.5559,0.005,0.019808,0.0048966,-1.5757e-25,0,0.0023738,0.008561,0.27703,0.0084514
4.625,1.606,0.005,0.024085,0.0049068,0,0,0.0023268,0.0084963,0.27325,0.0085037
4.575,1.656,0.005,0.02831,0.0049119,-1.9345e-38,0,0.0022768,0.0083962,0.26994,0.0085577
4.525,1.706,0.005,0.032494,0.0049118,3.3473e-26,0,0.0022239,0.0082603,0.26712,0.0086133
4.475,1.7561,0.005,0.036648,0.0049062,-1.0472e-25,0,0.0021681,0.0080882,0.26484,0.0086707
4.425,1.8061,0.005,0.040784,0.0048952,-3.7073e-25,0,0.0021095,0.0078814,0.26317,0.0087299
4.375,1.8562,0.005,0.044915,0.0048789,9.0734e-34,0,0.0020483,0.0076439,0.26224,0.0087912
4.325,1.9062,0.005,0.04905,0.004858,-7.0349e-39,0,0.0019845,0.0073826,0.26218,0.0088546
4.275,1.9563,0.005,0.053199,0.0048339,-5.6645e-26,0,0.0019185,0.007106,0.26325,0.0089203
4.225,2.0063,0.005,0.057366,0.004808,2.8563e-25,0,0.001851,0.0068206,0.26579,0.0089881
4.175,2.0563,0.005,0.061551,0.0047816,-2.4036e-25,0,0.0017827,0.0065206,0.27029,0.0090578
4.125,2.1064,0.005,0.065768,0.0047501,-9.6002e-34,0,0.0017147,0.006178,0.27754,0.0091263
4.075,2.1564,0.005,0.070055,0.0047077,-7.3148e-40,0,0.0016483,0.0057074,0.28881,0.0091944
4.025,2.2065,0.005,0.074484,0.0046426,-2.6424e-25,0,0.0015856,0.0051782,0.3062,0.0092626
3.975,2.2565,0.005,0.079163,0.0045403,-9.1372e-25,0,0.0015294,0.0045879,0.33335,0.0093337
3.925,2.3066,0.005,0.084268,0.0043881,-3.9398e-25,0,0.0014846,0.0039398,0.37682,0.0094083
3.875,2.3566,0.005,0.090116,0.004159,-1.3247e-25,0,0.00146,0.0032481,0.44951,0.0094869
3.825,2.4066,0.005,0.097267,0.0038311,1.9164e-25,0,0.0014725,0.0025796,0.57082,0.0095733
3.775,2.4567,0.005,0.10665,0.0033507,1.0999e-38,0,0.0015487,0.0020258,0.74367,0.0096641
3.725,2.5067,0.005,0.11959,0.002666,1.1856e-24,0,0.0017258,0.0016281,0.95985,0.0097558
3.675,2.5568,0.005,0.13768,0.0016956,-1.0911e-24,0,0.0020549,0.0014343,1.2384,0.0098511
3.625,2.6068,0.005,0.16179,0.00046092,-1.008e-24,0,0.0025457,0.0013961,1.5482,0.0099509
3.575,2.6569,0.005,0.1917,-0.00090383,8.7213e-25,0,0.003143,0.0014441,1.8817,0.010055
3.525,2.7069,0.005,0.22671,-0.0022064,-1.0791e-24,0,0.0036801,0.0014893,2.222,0.010164
3.475,2.7569,0.005,0.26615,-0.0032647,7.5167e-25,0,0.0039658,0.0014837,2.5163,0.010275
3.425,2.807,0.005,0.30827,-0.003715,4.5619e-25,0,0.0038192,0.0014168,2.6867,0.010399
3.375,2.86,0.005,0.352,-0.003565,5.2443e-25,0,0.0030728,0.001161,2.6467,0.010481
3.325,2.916,0.005,0.38708,-0.0021115,-4.4657e-25,0,0.0018149,0.00067125,2.7038,0.010565
3.275,2.972,0.005,0.38087,-0.00079864,-6.7886e-25,0,0.0022933,0.00030111,7.616,0.010607
6.275,0.024,0.005,-0.18713,0.0006699,-2.4383e-38,0,0.00083195,0.00015546,5.3517,0.0080676
6.225,0.072,0.005,-0.1933,0.0011908,2.7023e-25,0,0.00082226,0.00046919,1.7525,0.0080654
6.175,0.12,0.005,-0.18749,0.0018132,1.8856e-25,0,0.0010836,0.0010224,1.0598,0.0080454
6.125,0.168,0.005,-0.17982,0.0022652,6.8549e-26,0,0.0013022,0.0015939,0.81702,0.0080373
6.075,0.216,0.005,-0.1718,0.0026988,1.0221e-38,0,0.001476,0.0021134,0.6984,0.0080267
6.025,0.264,0.005,-0.16367,0.0030952,-4.3342e-26,0,0.0016196,0.0025719,0.62973,0.0080166
5.975,0.312,0.005,-0.15548,0.0034678,5.5229e-26,0,0.0017436,0.0029739,0.58631,0.0080076
5.925,0.36,0.005,-0.14725,0.0038203,0,0,0.0018549,0.0033258,0.55775,0.0080009
5.875,0.408,0.005,-0.13873,0.004126,0,0,0.0019601,0.0034137,0.53786,0.0079848
5.825,0.456,0.005,-0.12964,0.0043755,-1.5754e-25,0,0.0020637,0.0033602,0.52237,0.0079586
5.775,0.50502,0.005,-0.11983,0.0045376,2.3507e-25,0,0.0021667,0.0033648,0.5079,0.0079356
5.725,0.55506,0.005,-0.10957,0.0046319,-1.3274e-39,0,0.0022641,0.0034739,0.4925,0.0079189
5.675,0.60511,0.005,-0.099427,0.004687,-4.7387e-25,0,0.0023506,0.0036792,0.47589,0.0079081
5.625,0.65515,0.005,-0.089641,0.0047204,3.2768e-39,0,0.0024252,0.0039564,0.45845,0.0079021
5.575,0.70519,0.005,-0.080344,0.0047409,1.3649e-25,0,0.0024879,0.0042832,0.44088,0.0079005
5.525,0.75523,0.005,-0.071586,0.0047517,-2.4499e-26,0,0.002539,0.0046434,0.42377,0.0079028
5.475,0.80528,0.005,-0.063368,0.0047545,-1.958e-34,0,0.0025793,0.005025,0.40751,0.007909
5.425,0.85532,0.005,-0.055666,0.004751,-8.0607e-26,0,0.0026095,0.0054181,0.39232,0.0079193
5.375,0.90536,0.005,-0.048443,0.0047432,2.8692e-39,0,0.0026306,0.0058138,0.37831,0.0079336
5.325,0.9554,0.005,-0.041654,0.0047331,4.942e-26,0,0.0026434,0.0062036,0.36548,0.007952
5.275,1.0054,0.005,-0.035253,0.0047226,7.1651e-26,0,0.0026488,0.0065795,0.35378,0.0079742
5.225,1.0555,0.005,-0.029194,0.0047133,-1.688e-25,0,0.0026476,0.0069346,0.34313,0.0080001
5.175,1.1055,0.005,-0.023435,0.0047063,-2.7215e-25,0,0.0026403,0.0072632,0.33342,0.0080294
5.125,1.1556,0.005,-0.017938,0.0047021,-2.8756e-25,0,0.0026278,0.0075614,0.32458,0.0080617
5.075,1.2056,0.005,-0.01267,0.0047012,2.8817e-25,0,0.0026103,0.0078265,0.31651,0.0080969
5.025,1.2557,0.005,-0.0076002,0.0047037,-1.4504e-25,0,0.0025884,0.0080572,0.30914,0.0081347
4.975,1.3057,0.005,-0.0027049,0.0047096,-1.2409e-25,0,0.0025624,0.0082525,0.3024,0.008175
4.925,1.3557,0.005,0.0020385,0.0047191,-1.4728e-25,0,0.0025326,0.0084102,0.29625,0.0082176
4.875,1.4058,0.005,0.006651,0.0047321,-1.5999e-38,0,0.0024993,0.0085265,0.29066,0.0082625
4.825,1.4558,0.005,0.011153,0.0047485,0,0,0.0024627,0.0085967,0.28558,0.0083094
4.775,1.5059,0.005,0.015565,0.0047671,1.5057e-25,0,0.0024229,0.0086181,0.28101,0.0083581
4.725,1.5559,0.005,0.019904,0.0047856,5.7984e-39,0,0.0023799,0.0085939,0.27689,0.0084078
4.675,1.606,0.005,0.024181,0.0048006,-2.1363e-25,0,0.0023339,0.0085301,0.27324,0.008459
4.625,1.656,0.005,0.028408,0.0048099,-3.2413e-40,0,0.0022848,0.0084307,0.27005,0.0085119
4.575,1.706,0.005,0.032593,0.0048133,3.274e-26,0,0.0022328,0.0082963,0.26736,0.0085665
4.525,1.7561,0.005,0.03675,0.0048109,2.0995e-25,0,0.0021779,0.0081266,0.26522,0.0086228
4.475,1.8061,0.005,0.040889,0.0048028,-1.8112e-25,0,0.0021202,0.0079229,0.26371,0.008681
4.425,1.8562,0.005,0.045021,0.0047892,2.336e-25,0,0.0020599,0.0076894,0.26294,0.0087411
4.375,1.9062,0.005,0.049159,0.004771,-4.9727e-26,0,0.0019971,0.0074326,0.26308,0.0088035
4.325,1.9563,0.005,0.053308,0.0047493,-5.5069e-26,0,0.0019322,0.0071605,0.26437,0.0088681
4.275,2.0063,0.005,0.057474,0.004726,-1.0751e-25,0,0.0018657,0.0068758,0.26717,0.0089346
4.225,2.0563,0.005,0.061661,0.0047007,-1.8493e-25,0,0.0017986,0.0065701,0.27199,0.0090024
4.175,2.1064,0.005,0.065888,0.004667,-2.9802e-25,0,0.0017319,0.006193,0.27965,0.009069
4.125,2.1564,0.005,0.070197,0.0046225,-2.8078e-25,0,0.0016668,0.0057193,0.29143,0.009135
4.075,2.2065,0.005,0.074661,0.0045525,3.9869e-25,0,0.0016054,0.0051866,0.30953,0.0092025
4.025,2.2565,0.005,0.079389,0.0044442,2.2186e-39,0,0.0015507,0.0045934,0.3376,0.0092726
3.975,2.3066,0.005,0.084563,0.0042852,-5.3657e-39,0,0.0015079,0.0039437,0.38235,0.0093461
3.925,2.3566,0.005,0.090509,0.0040509,4.3659e-38,0,0.0014858,0.0032524,0.45684,0.0094238
3.875,2.4066,0.005,0.097791,0.0037168,-1.9079e-25,0,0.0015016,0.0025928,0.57915,0.0095088
3.825,2.4567,0.005,0.10735,0.0032284,-5.3222e-39,0,0.0015817,0.0020305,0.75137,0.0095984
3.775,2.5067,0.005,0.12055,0.002536,-9.0978e-25,0,0.0017634,0.0016374,0.96735,0.0096885
3.725,2.5568,0.005,0.13891,0.0015609,1.2209e-24,0,0.0020949,0.0014477,1.2423,0.0097826
3.675,2.6068,0.005,0.1632,0.00033544,-1.2606e-24,0,0.0025822,0.0014122,1.5474,0.009881
3.625,2.6569,0.005,0.19312,-0.0010058,-2.9324e-25,0,0.0031645,0.0014592,1.8751,0.0099843
3.575,2.7069,0.005,0.22793,-0.0022755,2.6998e-25,0,0.0036782,0.0015023,2.2063,0.010091
3.525,2.7569,0.005,0.26693,-0.003287,-4.726e-25,0,0.0039405,0.0014957,2.4897,0.010203
3.475,2.807,0.005,0.30837,-0.0037073,-4.4794e-25,0,0.0037818,0.0014261,2.6518,0.010321
3.425,2.86,0.005,0.3513,-0.0035368,5.3084e-25,0,0.0030415,0.001162,2.6175,0.010399
3.375,2.916,0.005,0.3858,-0.0021047,4.3556e-25,0,0.0018094,0.00067008,2.7003,0.010482
3.325,2.972,0.005,0.3796,-0.00080388,-5.224e-25,0,0.0022841,0.00030051,7.6007,0.010521
6.325,0.024,0.005,-0.18805,0.00066237,-3.1143e-25,0,0.00083933,0.00015614,5.3754,0.0080989
6.275,0.072,0.005,-0.19393,0.001176,0,0,0.00083526,0.00047558,1.7563,0.0080904
6.225,0.12,0.005,-0.18799,0.0017832,-1.6811e-25,0,0.0010987,0.0010347,1.0619,0.0080651
6.175,0.168,0.005,-0.18025,0.0022252,3.8279e-25,0,0.0013166,0.0016086,0.81848,0.0080519
6.125,0.216,0.005,-0.17217,0.002648,-5.3115e-26,0,0.0014886,0.0021282,0.69946,0.0080365
6.075,0.264,0.005,-0.164,0.0030329,1.4371e-25,0,0.0016298,0.002585,0.63049,0.0080218
6.025,0.312,0.005,-0.15577,0.0033991,3.974e-40,0,0.0017511,0.0029841,0.58683,0.0080083
5.975,0.36,0.005,-0.14751,0.0037415,0,0,0.0018597,0.0033326,0.55803,0.0079969
5.925,0.408,0.005,-0.13892,0.0040325,0,0,0.001962,0.0033786,0.53784,0.0079767
5.875,0.456,0.005,-0.12973,0.0042666,-4.8134e-25,0,0.002063,0.0033195,0.52187,0.0079468
5.825,0.50502,0.005,-0.11983,0.0044133,-4.117e-25,0,0.002163,0.0033289,0.50681,0.0079213
5.775,0.55506,0.005,-0.10951,0.0044952,1.7984e-39,0,0.0022573,0.0034434,0.49082,0.0079023
5.725,0.60511,0.005,-0.099326,0.0045424,4.0019e-39,0,0.0023413,0.003652,0.47375,0.0078896
5.675,0.65515,0.005,-0.08952,0.0045722,-8.1245e-39,0,0.0024143,0.0039307,0.45604,0.0078817
5.625,0.70519,0.005,-0.080211,0.0045915,4.0325e-25,0,0.0024762,0.004258,0.43836,0.0078781
5.575,0.75523,0.005,-0.071445,0.0046028,5.1862e-25,0,0.0025274,0.0046188,0.42125,0.0078786
5.525,0.80528,0.005,-0.063222,0.0046072,2.7293e-25,0,0.0025682,0.0050017,0.40507,0.0078832
5.475,0.85532,0.005,-0.055517,0.0046058,8.2524e-26,0,0.0025993,0.0053971,0.39002,0.0078918
5.425,0.90536,0.005,-0.048293,0.0046005,-7.6842e-27,0,0.0026215,0.0057961,0.37617,0.0079047
5.375,0.9554,0.005,-0.041506,0.0045932,3.2965e-25,0,0.0026356,0.0061899,0.36352,0.0079216
5.325,1.0054,0.005,-0.035108,0.0045856,2.7915e-25,0,0.0026422,0.0065703,0.352,0.0079426
5.275,1.0555,0.005,-0.029053,0.0045791,1.1404e-25,0,0.0026423,0.0069301,0.34153,0.0079672
5.225,1.1055,0.005,-0.0233,0.0045749,3.1294e-26,0,0.0026364,0.0072633,0.332,0.0079954
5.175,1.1556,0.005,-0.017809,0.0045735,-1.3241e-25,0,0.0026251,0.0075657,0.32333,0.0080267
5.125,1.2056,0.005,-0.012546,0.0045752,-1.4037e-25,0,0.0026088,0.0078348,0.31542,0.0080608
5.075,1.2557,0.005,-0.007482,0.0045801,5.5397e-27,0,0.0025881,0.0080694,0.3082,0.0080977
5.025,1.3057,0.005,-0.0025922,0.0045882,1.6453e-25,0,0.0025632,0.0082684,0.30161,0.0081369
4.975,1.3557,0.005,0.0021458,0.0045995,-4.4679e-25,0,0.0025345,0.0084298,0.2956,0.0081786
4.925,1.4058,0.005,0.0067531,0.0046143,-2.6803e-25,0,0.0025022,0.0085496,0.29014,0.0082226
4.875,1.4558,0.005,0.011251,0.0046324,4.6635e-26,0,0.0024666,0.0086228,0.28519,0.0082686
4.825,1.5059,0.005,0.015658,0.0046532,1.4729e-25,0,0.0024277,0.0086467,0.28073,0.0083164
4.775,1.5559,0.005,0.019995,0.0046745,1.4975e-25,0,0.0023857,0.0086207,0.27674,0.0083653
4.725,1.606,0.005,0.024273,0.004694,-2.3452e-25,0,0.0023406,0.0085635,0.27321,0.0084151
4.675,1.656,0.005,0.028501,0.0047082,3.1768e-25,0,0.0022925,0.0084655,0.27015,0.008467
4.625,1.706,0.005,0.032689,0.0047157,-3.2046e-26,0,0.0022414,0.0083324,0.26759,0.0085205
4.575,1.7561,0.005,0.036847,0.0047169,3.7516e-25,0,0.0021874,0.0081648,0.26559,0.0085758
4.525,1.8061,0.005,0.040989,0.0047119,1.3794e-25,0,0.0021307,0.0079643,0.26424,0.0086329
4.475,1.8562,0.005,0.045124,0.0047013,-1.3056e-25,0,0.0020713,0.0077347,0.26364,0.008692
4.425,1.9062,0.005,0.049263,0.004686,1.4502e-25,0,0.0020095,0.0074823,0.26397,0.0087533
4.375,1.9563,0.005,0.053412,0.004667,2.5627e-25,0,0.0019457,0.0072135,0.26549,0.0088166
4.325,2.0063,0.005,0.057579,0.0046459,-3.7962e-25,0,0.0018804,0.0069282,0.26855,0.008882
4.275,2.0563,0.005,0.06177,0.0046209,9.2129e-26,0,0.0018145,0.0066164,0.2737,0.0089475
4.225,2.1064,0.005,0.066009,0.0045867,-3.2901e-25,0,0.001749,0.0062073,0.28176,0.0090124
4.175,2.1564,0.005,0.070342,0.0045385,2.7502e-25,0,0.0016852,0.0057305,0.29409,0.0090766
4.125,2.2065,0.005,0.074843,0.0044633,-4.6119e-26,0,0.0016252,0.0051946,0.31287,0.0091433
4.075,2.2565,0.005,0.07962,0.0043498,6.7129e-25,0,0.0015722,0.0045989,0.34186,0.0092124
4.025,2.3066,0.005,0.084863,0.0041837,2.8968e-25,0,0.0015313,0.0039481,0.38785,0.009285
3.975,2.3566,0.005,0.090905,0.0039443,-1.001e-24,0,0.0015118,0.003258,0.46403,0.0093621
3.925,2.4066,0.005,0.098319,0.0036041,-3.2288e-25,0,0.001531,0.0026071,0.58725,0.0094454
3.875,2.4567,0.005,0.10806,0.0031084,1.5709e-38,0,0.001615,0.0020355,0.75889,0.0095338
3.825,2.5067,0.005,0.12152,0.0024079,-4.9866e-33,0,0.0018012,0.0016469,0.97438,0.0096226
3.775,2.5568,0.005,0.14013,0.0014287,1.2954e-24,0,0.0021345,0.0014614,1.2457,0.0097153
3.725,2.6068,0.005,0.16459,0.00021275,1.5101e-24,0,0.002618,0.0014284,1.5464,0.0098125
3.675,2.6569,0.005,0.1945,-0.0011047,-1.393e-24,0,0.0031848,0.0014744,1.8685,0.0099145
3.625,2.7069,0.005,0.22911,-0.0023415,-2.6681e-25,0,0.0036752,0.0015153,2.1906,0.01002
3.575,2.7569,0.005,0.26768,-0.0033077,-2.5409e-25,0,0.003915,0.0015076,2.4634,0.01013
3.525,2.807,0.005,0.30844,-0.0036987,6.6595e-25,0,0.0037443,0.0014303,2.6178,0.010245
3.475,2.86,0.005,0.35061,-0.0035082,-5.2562e-25,0,0.0030104,0.0011628,2.5889,0.010318
3.425,2.916,0.005,0.38454,-0.0020975,-6.2703e-25,0,0.0018032,0.0006688,2.6961,0.0104
3.375,2.972,0.005,0.37832,-0.00080904,-6.5861e-25,0,0.0022747,0.00029989,7.585,0.010438
6.375,0.024,0.005,-0.18895,0.00065352,0,0,0.0008467,0.00015683,5.3989,0.0081363
6.325,0.072,0.005,-0.19454,0.0011589,-1.0591e-25,0,0.00084861,0.00048222,1.7598,0.0081208
6.275,0.12,0.005,-0.18847,0.0017503,1.6437e-26,0,0.0011141,0.0010473,1.0638,0.0080896
6.225,0.168,0.005,-0.18065,0.0021813,0,0,0.0013313,0.0016239,0.81986,0.0080706
6.175,0.216,0.005,-0.17253,0.0025933,2.468e-25,0,0.0015014,0.0021434,0.70047,0.0080499
6.125,0.264,0.005,-0.16432,0.0029659,-1.2558e-40,0,0.00164,0.0025983,0.6312,0.0080305
6.075,0.312,0.005,-0.15605,0.0033248,4.6312e-26,0,0.0017586,0.0029944,0.5873,0.0080128
6.025,0.36,0.005,-0.14774,0.0036563,1.3447e-25,0,0.0018643,0.0033395,0.55825,0.0079954
5.975,0.408,0.005,-0.13908,0.0039325,0,0,0.0019637,0.0033427,0.5377,0.0079706
5.925,0.456,0.005,-0.1298,0.00415,0,0,0.0020618,0.0032793,0.52122,0.0079372
5.875,0.50502,0.005,-0.1198,0.0042814,5.3483e-26,0,0.0021585,0.0032938,0.50552,0.007909
5.825,0.55506,0.005,-0.10943,0.0043516,-8.1801e-39,0,0.0022495,0.0034136,0.48891,0.0078877
5.775,0.60511,0.005,-0.099214,0.0043918,-3.6353e-25,0,0.002331,0.0036251,0.47139,0.0078728
5.725,0.65515,0.005,-0.089392,0.0044185,1.4559e-38,0,0.0024023,0.0039048,0.45342,0.0078628
5.675,0.70519,0.005,-0.080074,0.0044374,-1.2024e-25,0,0.0024634,0.0042322,0.43564,0.0078573
5.625,0.75523,0.005,-0.071302,0.0044499,-1.217e-25,0,0.0025145,0.0045933,0.41856,0.0078559
5.575,0.80528,0.005,-0.063074,0.0044564,-1.2979e-25,0,0.0025559,0.0049773,0.40248,0.0078586
5.525,0.85532,0.005,-0.055367,0.0044577,-2.1688e-25,0,0.002588,0.0053749,0.38758,0.0078656
5.475,0.90536,0.005,-0.048144,0.0044554,-6.7389e-26,0,0.0026114,0.0057772,0.37391,0.0078769
5.425,0.9554,0.005,-0.041358,0.0044513,-1.3448e-25,0,0.0026268,0.006175,0.36145,0.0078924
5.375,1.0054,0.005,-0.034964,0.004447,-5.8908e-26,0,0.0026348,0.00656,0.35012,0.007912
5.325,1.0555,0.005,-0.028915,0.0044438,4.8802e-25,0,0.0026363,0.0069245,0.33984,0.0079354
5.275,1.1055,0.005,-0.023167,0.0044429,3.2185e-26,0,0.0026317,0.0072624,0.33051,0.0079624
5.225,1.1556,0.005,-0.017682,0.0044446,7.7173e-27,0,0.0026217,0.0075693,0.32202,0.0079926
5.175,1.2056,0.005,-0.012425,0.0044494,-1.3578e-25,0,0.0026068,0.0078425,0.31428,0.0080257
5.125,1.2557,0.005,-0.0073669,0.0044571,2.7507e-25,0,0.0025872,0.0080809,0.30722,0.0080615
5.075,1.3057,0.005,-0.0024828,0.0044677,2.7799e-25,0,0.0025635,0.0082837,0.30079,0.0080998
5.025,1.3557,0.005,0.0022498,0.0044814,1.2439e-25,0,0.0025359,0.0084489,0.29492,0.0081405
4.975,1.4058,0.005,0.0068517,0.0044982,-1.9935e-26,0,0.0025047,0.0085723,0.28959,0.0081835
4.925,1.4558,0.005,0.011344,0.0045183,0,0,0.0024702,0.0086481,0.28477,0.0082287
4.875,1.5059,0.005,0.015748,0.0045409,0,0,0.0024323,0.0086731,0.28044,0.0082755
4.825,1.5559,0.005,0.020083,0.0045645,0,0,0.0023913,0.0086459,0.27658,0.0083235
4.775,1.606,0.005,0.024361,0.0045871,1.497e-25,0,0.0023471,0.0085921,0.27317,0.0083724
4.725,1.656,0.005,0.02859,0.004606,-3.3843e-25,0,0.0022999,0.0085002,0.27024,0.008423
4.675,1.706,0.005,0.03278,0.0046184,6.275e-26,0,0.0022497,0.0083689,0.26782,0.0084755
4.625,1.7561,0.005,0.036941,0.0046236,-1.66e-25,0,0.0021967,0.0082032,0.26596,0.0085297
4.575,1.8061,0.005,0.041084,0.0046223,2.1089e-25,0,0.0021409,0.0080057,0.26476,0.0085858
4.525,1.8562,0.005,0.045222,0.0046151,-8.4951e-26,0,0.0020825,0.0077799,0.26434,0.0086438
4.475,1.9062,0.005,0.049362,0.0046027,3.7798e-25,0,0.0020218,0.0075314,0.26487,0.008704
4.425,1.9563,0.005,0.053513,0.0045867,-4.9153e-26,0,0.0019591,0.0072646,0.26661,0.0087661
4.375,2.0063,0.005,0.05768,0.0045676,-3.357e-38,0,0.001895,0.0069775,0.26995,0.0088299
4.325,2.0563,0.005,0.061877,0.0045418,4.5831e-25,0,0.0018303,0.0066457,0.27542,0.0088932
4.275,2.1064,0.005,0.066131,0.0045075,-1.0542e-25,0,0.0017661,0.0062209,0.2839,0.0089563
4.225,2.1564,0.005,0.07049,0.0044556,2.6944e-25,0,0.0017036,0.005741,0.29675,0.0090195
4.175,2.2065,0.005,0.075027,0.0043753,-2.499e-25,0,0.0016451,0.0052024,0.31622,0.0090849
4.125,2.2565,0.005,0.079856,0.0042567,6.1896e-26,0,0.0015937,0.0046046,0.34612,0.0091531
4.075,2.3066,0.005,0.085168,0.004084,-3.2218e-39,0,0.0015549,0.0039532,0.39332,0.0092247
4.025,2.3566,0.005,0.091305,0.0038392,-2.6302e-25,0,0.001538,0.003265,0.47106,0.0093016
3.975,2.4066,0.005,0.098851,0.0034912,6.368e-25,0,0.0015606,0.002618,0.59513,0.0093832
3.925,2.4567,0.005,0.10878,0.0029907,5.7941e-25,0,0.0016485,0.0020407,0.76619,0.00947
3.875,2.5067,0.005,0.12248,0.0022817,2.4723e-25,0,0.001839,0.0016568,0.98096,0.0095578
3.825,2.5568,0.005,0.14135,0.0012992,-1.8066e-24,0,0.0021737,0.0014754,1.2486,0.0096494
3.775,2.6068,0.005,0.16596,9.3043e-05,2.0679e-24,0,0.0026529,0.0014448,1.5451,0.0097453
3.725,2.6569,0.005,0.19585,-0.0012005,-2.7325e-25,0,0.003204,0.0014896,1.8617,0.009846
3.675,2.7069,0.005,0.23025,-0.0024045,2.6361e-25,0,0.0036713,0.0015284,2.1747,0.0099498
3.625,2.7569,0.005,0.26838,-0.0033271,-4.5714e-25,0,0.0038893,0.0015194,2.4373,0.010059
3.575,2.807,0.005,0.30849,-0.0036868,7.8215e-26,0,0.0037068,0.0014343,2.5845,0.01017
3.525,2.86,0.005,0.34991,-0.0034794,-1.018e-24,0,0.0029794,0.0011634,2.561,0.010239
3.475,2.916,0.005,0.38329,-0.0020907,-4.5318e-38,0,0.0017964,0.00066743,2.6915,0.01032
3.425,2.972,0.005,0.37705,-0.00081411,1.0773e-24,0,0.002265,0.00029925,7.5689,0.010356
6.425,0.024,0.005,-0.18984,0.0006431,8.6941e-26,0,0.00085405,0.00015751,5.4223,0.0081805
6.375,0.072,0.005,-0.19514,0.0011388,1.0313e-25,0,0.00086232,0.00048912,1.763,0.0081571
6.325,0.12,0.005,-0.18893,0.0017136,4.9787e-27,0,0.0011299,0.0010604,1.0656,0.0081191
6.275,0.168,0.005,-0.18105,0.0021327,3.6959e-27,0,0.0013463,0.0016395,0.82116,0.0080937
6.225,0.216,0.005,-0.17287,0.0025338,-2.174e-25,0,0.0015144,0.002159,0.70143,0.0080672
6.175,0.264,0.005,-0.16462,0.0028948,1.2786e-25,0,0.0016504,0.0026119,0.63187,0.0080426
6.125,0.312,0.005,-0.15632,0.0032445,1.985e-25,0,0.0017659,0.0030046,0.58774,0.0080211
6.075,0.36,0.005,-0.14796,0.0035619,-1.5761e-26,0,0.0018688,0.0033467,0.5584,0.0079966
6.025,0.408,0.005,-0.13922,0.0038251,-2.3223e-25,0,0.0019651,0.003306,0.53745,0.0079666
5.975,0.456,0.005,-0.12983,0.0040251,-3.7806e-26,0,0.0020601,0.0032397,0.5204,0.0079297
5.925,0.50502,0.005,-0.11976,0.0041413,-1.208e-25,0,0.0021533,0.0032596,0.50403,0.0078987
5.875,0.55506,0.005,-0.10933,0.0042005,2.113e-25,0,0.0022409,0.0033845,0.48679,0.007875
5.825,0.60511,0.005,-0.09909,0.0042346,-2.7689e-25,0,0.0023195,0.0035986,0.46881,0.0078577
5.775,0.65515,0.005,-0.089256,0.0042589,-1.0261e-25,0,0.0023891,0.0038788,0.45059,0.0078456
5.725,0.70519,0.005,-0.079932,0.0042781,3.3211e-39,0,0.0024494,0.0042059,0.43274,0.007838
5.675,0.75523,0.005,-0.071156,0.0042925,-2.364e-25,0,0.0025006,0.0045669,0.4157,0.0078346
5.625,0.80528,0.005,-0.062926,0.0043018,-2.1134e-25,0,0.0025426,0.0049518,0.39974,0.0078354
5.575,0.85532,0.005,-0.055218,0.0043064,3.9183e-26,0,0.0025757,0.0053515,0.38501,0.0078407
5.525,0.90536,0.005,-0.047995,0.0043077,6.9139e-26,0,0.0026003,0.0057569,0.37153,0.0078504
5.475,0.9554,0.005,-0.041212,0.0043072,-1.2923e-25,0,0.002617,0.0061589,0.35927,0.0078644
5.425,1.0054,0.005,-0.034822,0.0043066,-3.3783e-25,0,0.0026265,0.0065484,0.34815,0.0078826
5.375,1.0555,0.005,-0.028778,0.0043072,1.3879e-38,0,0.0026294,0.0069178,0.33808,0.0079047
5.325,1.1055,0.005,-0.023036,0.0043099,4.2625e-25,0,0.0026263,0.0072604,0.32895,0.0079305
5.275,1.1556,0.005,-0.017557,0.0043152,1.3166e-25,0,0.0026177,0.0075719,0.32065,0.0079595
5.225,1.2056,0.005,-0.012307,0.0043234,-1.3254e-25,0,0.0026041,0.0078494,0.31309,0.0079915
5.175,1.2557,0.005,-0.007255,0.0043343,1.3876e-25,0,0.0025859,0.0080918,0.3062,0.0080263
5.125,1.3057,0.005,-0.0023767,0.004348,-1.4568e-25,0,0.0025634,0.0082985,0.29992,0.0080636
5.075,1.3557,0.005,0.0023502,0.0043644,3.9369e-25,0,0.002537,0.0084677,0.2942,0.0081033
5.025,1.4058,0.005,0.0069467,0.0043836,9.768e-26,0,0.0025069,0.0085947,0.28902,0.0081454
4.975,1.4558,0.005,0.011434,0.004406,2.2634e-26,0,0.0024734,0.008673,0.28434,0.0081896
4.925,1.5059,0.005,0.015834,0.0044306,-1.405e-25,0,0.0024366,0.0086977,0.28014,0.0082354
4.875,1.5559,0.005,0.020167,0.0044563,0,0,0.0023965,0.0086704,0.2764,0.0082825
4.825,1.606,0.005,0.024445,0.0044811,1.2059e-25,0,0.0023533,0.0086164,0.27312,0.0083307
4.775,1.656,0.005,0.028674,0.0045034,-1.7843e-25,0,0.0023071,0.008533,0.27032,0.00838
4.725,1.706,0.005,0.032866,0.0045206,6.168e-26,0,0.0022579,0.0084052,0.26803,0.0084313
4.675,1.7561,0.005,0.037029,0.0045307,-1.6194e-25,0,0.0022058,0.0082421,0.26633,0.0084845
4.625,1.8061,0.005,0.041175,0.0045335,2.4355e-25,0,0.002151,0.0080472,0.26528,0.0085395
4.575,1.8562,0.005,0.045315,0.00453,-2.5898e-25,0,0.0020936,0.0078246,0.26503,0.0085965
4.525,1.9062,0.005,0.049457,0.0045212,-3.7779e-42,0,0.002034,0.0075795,0.26576,0.0086555
4.475,1.9563,0.005,0.053609,0.0045081,-1.5e-25,0,0.0019724,0.0073135,0.26774,0.0087165
4.425,2.0063,0.005,0.057779,0.0044902,2.9258e-25,0,0.0019095,0.0070235,0.27134,0.0087781
4.375,2.0563,0.005,0.061985,0.0044643,-3.4705e-26,0,0.0018461,0.006661,0.27715,0.0088396
4.325,2.1064,0.005,0.066256,0.0044285,2.1262e-25,0,0.0017831,0.0062337,0.28604,0.0089008
4.275,2.1564,0.005,0.070642,0.0043731,-2.6476e-25,0,0.001722,0.005751,0.29943,0.0089632
4.225,2.2065,0.005,0.075216,0.0042886,-1.9908e-25,0,0.001665,0.0052099,0.31958,0.0090277
4.175,2.2565,0.005,0.080096,0.0041648,-6.4779e-25,0,0.0016154,0.0046105,0.35037,0.0090947
4.125,2.3066,0.005,0.085479,0.003986,1.8411e-25,0,0.0015786,0.0039591,0.39873,0.0091654
4.075,2.3566,0.005,0.09171,0.0037357,-5.5321e-25,0,0.0015644,0.0032732,0.47794,0.0092417
4.025,2.4066,0.005,0.099387,0.0033796,3.1457e-25,0,0.0015904,0.0026205,0.60279,0.0093221
3.975,2.4567,0.005,0.1095,0.0028746,-2.1856e-25,0,0.0016822,0.0020462,0.77327,0.0094069
3.925,2.5067,0.005,0.12345,0.002157,-4.9271e-33,0,0.0018768,0.0016671,0.98709,0.0094941
3.875,2.5568,0.005,0.14256,0.0011722,5.4242e-25,0,0.0022124,0.0014896,1.2509,0.0095846
3.825,2.6068,0.005,0.16731,-2.3603e-05,-1.4368e-24,0,0.002687,0.0014614,1.5436,0.0096794
3.775,2.6569,0.005,0.19717,-0.001293,2.385e-24,0,0.003222,0.0015048,1.8549,0.0097788
3.725,2.7069,0.005,0.23135,-0.0024639,-5.1903e-25,0,0.0036666,0.0015416,2.1588,0.0098809
3.675,2.7569,0.005,0.26903,-0.0033449,-2.0819e-25,0,0.0038634,0.0015312,2.4115,0.0099885
3.625,2.807,0.005,0.30852,-0.0036727,-7.7821e-25,0,0.0036695,0.001438,2.5519,0.010097
3.575,2.86,0.005,0.34922,-0.0034507,4.6577e-25,0,0.0029485,0.0011638,2.5336,0.010162
3.525,2.916,0.005,0.38205,-0.0020848,9.5825e-26,0,0.001789,0.00066596,2.6864,0.010242
3.475,2.972,0.005,0.37578,-0.00081913,7.14e-25,0,0.0022552,0.0002986,7.5525,0.010276
6.475,0.024,0.005,-0.19071,0.00063098,8.0624e-26,0,0.00086138,0.00015818,5.4455,0.0082324
6.425,0.072,0.005,-0.19571,0.001115,5.5674e-25,0,0.0008764,0.00049629,1.7659,0.0082
6.375,0.12,0.005,-0.18938,0.0016723,-3.2274e-25,0,0.0011461,0.0010739,1.0672,0.0081543
6.325,0.168,0.005,-0.18142,0.0020784,-6.9892e-25,0,0.0013615,0.0016556,0.82238,0.0081218
6.275,0.216,0.005,-0.17319,0.0024683,1.2286e-25,0,0.0015275,0.0021749,0.70233,0.0080887
6.225,0.264,0.005,-0.1649,0.0028181,4.214e-26,0,0.0016608,0.0026258,0.63248,0.0080582
6.175,0.312,0.005,-0.15657,0.0031576,1.148e-25,0,0.0017732,0.003015,0.58813,0.008032
6.125,0.36,0.005,-0.14816,0.0034591,1.8391e-25,0,0.0018731,0.0033361,0.55848,0.0080009
6.075,0.408,0.005,-0.13934,0.0037099,7.0893e-27,0,0.0019663,0.0032687,0.53708,0.0079642
6.025,0.456,0.005,-0.12985,0.003891,-5.4242e-25,0,0.002058,0.003201,0.51942,0.0079246
5.975,0.50502,0.005,-0.11969,0.0039923,-9.0909e-26,0,0.0021474,0.0032264,0.50233,0.0078907
5.925,0.55506,0.005,-0.10922,0.0040412,-2.1604e-25,0,0.0022312,0.0033561,0.48444,0.0078643
5.875,0.60511,0.005,-0.098956,0.0040701,-1.9032e-25,0,0.002307,0.0035724,0.46601,0.0078446
5.825,0.65515,0.005,-0.089114,0.0040929,9.2326e-26,0,0.0023747,0.0038526,0.44756,0.0078301
5.775,0.70519,0.005,-0.079786,0.004113,1.4849e-25,0,0.0024342,0.0041791,0.42964,0.0078202
5.725,0.75523,0.005,-0.071007,0.0041299,2.3872e-25,0,0.0024854,0.0045397,0.41266,0.0078147
5.675,0.80528,0.005,-0.062776,0.0041428,2.244e-25,0,0.002528,0.0049253,0.39685,0.0078137
5.625,0.85532,0.005,-0.055068,0.0041515,2.0884e-25,0,0.0025622,0.0053269,0.3823,0.0078171
5.575,0.90536,0.005,-0.047847,0.0041569,1.2213e-25,0,0.0025881,0.0057354,0.36903,0.0078251
5.525,0.9554,0.005,-0.041067,0.0041607,-5.4516e-26,0,0.0026063,0.0061414,0.35699,0.0078376
5.475,1.0054,0.005,-0.034682,0.0041643,-1.2496e-25,0,0.0026174,0.0065356,0.3461,0.0078543
5.425,1.0555,0.005,-0.028644,0.004169,-4.0507e-25,0,0.0026218,0.0069098,0.33624,0.0078751
5.375,1.1055,0.005,-0.022908,0.0041758,-1.7183e-26,0,0.0026202,0.0072573,0.32732,0.0078996
5.325,1.1556,0.005,-0.017436,0.0041851,1.2748e-25,0,0.0026131,0.0075735,0.31922,0.0079275
5.275,1.2056,0.005,-0.012192,0.0041971,-1.2854e-25,0,0.0026008,0.0078554,0.31185,0.0079584
5.225,1.2557,0.005,-0.0071465,0.0042117,-1.2514e-25,0,0.0025839,0.008102,0.30514,0.0079921
5.175,1.3057,0.005,-0.0022741,0.0042287,-2.4291e-25,0,0.0025627,0.0083127,0.29902,0.0080283
5.125,1.3557,0.005,0.0024471,0.0042482,-1.3265e-25,0,0.0025375,0.0084859,0.29346,0.008067
5.075,1.4058,0.005,0.0070379,0.0042703,1.3345e-25,0,0.0025086,0.0086168,0.28842,0.0081081
5.025,1.4558,0.005,0.01152,0.0042953,2.2258e-26,0,0.0024762,0.0086976,0.28388,0.0081514
4.975,1.5059,0.005,0.015916,0.0043223,-1.135e-25,0,0.0024405,0.0087218,0.27982,0.0081962
4.925,1.5559,0.005,0.020247,0.0043501,-1.4019e-25,0,0.0024015,0.0086943,0.27621,0.0082423
4.875,1.606,0.005,0.024524,0.0043771,-2.5334e-26,0,0.0023593,0.0086401,0.27306,0.0082896
4.825,1.656,0.005,0.028755,0.0044015,1.4684e-25,0,0.002314,0.008558,0.27039,0.0083381
4.775,1.706,0.005,0.032948,0.0044225,3.0132e-26,0,0.0022658,0.0084399,0.26824,0.0083882
4.725,1.7561,0.005,0.037114,0.0044376,-9.117e-26,0,0.0022147,0.0082807,0.26668,0.0084403
4.675,1.8061,0.005,0.041262,0.0044453,-3.2838e-25,0,0.0021609,0.0080887,0.2658,0.0084942
4.625,1.8562,0.005,0.045404,0.0044459,-4.0117e-26,0,0.0021046,0.0078693,0.26573,0.0085502
4.575,1.9062,0.005,0.049547,0.0044409,7.8949e-42,0,0.002046,0.0076263,0.26666,0.008608
4.525,1.9563,0.005,0.053701,0.0044307,-8.0934e-34,0,0.0019856,0.0073604,0.26887,0.0086673
4.475,2.0063,0.005,0.057877,0.0044131,2.7751e-25,0,0.0019239,0.0070539,0.27274,0.0087269
4.425,2.0563,0.005,0.062093,0.004388,-4.4675e-25,0,0.0018617,0.0066755,0.27889,0.0087865
4.375,2.1064,0.005,0.066383,0.0043498,0,0,0.0018,0.0062458,0.2882,0.0088463
4.325,2.1564,0.005,0.070796,0.0042906,-2.5999e-25,0,0.0017404,0.0057606,0.30212,0.0089079
4.275,2.2065,0.005,0.075408,0.0042023,1.3665e-25,0,0.0016849,0.0052173,0.32295,0.0089714
4.225,2.2565,0.005,0.08034,0.0040739,-3.1757e-25,0,0.0016371,0.0046166,0.3546,0.0090374
4.175,2.3066,0.005,0.085794,0.0038894,-3.2718e-39,0,0.0016024,0.0039656,0.40409,0.009107
4.125,2.3566,0.005,0.092118,0.0036337,-1.331e-25,0,0.001591,0.0032826,0.48467,0.0091826
4.075,2.4066,0.005,0.099929,0.003271,-6.5164e-25,0,0.0016204,0.0026227,0.61023,0.0092621
4.025,2.4567,0.005,0.11023,0.0027593,-3.3981e-25,0,0.0017162,0.002052,0.78015,0.0093449
3.975,2.5067,0.005,0.12443,0.0020329,1.0948e-24,0,0.0019146,0.0016778,0.99282,0.0094314
3.925,2.5568,0.005,0.14377,0.0010475,-5.4041e-25,0,0.0022508,0.0015041,1.2527,0.0095211
3.875,2.6068,0.005,0.16864,-0.00013721,2.7767e-25,0,0.0027202,0.0014782,1.5419,0.0096147
3.825,2.6569,0.005,0.19846,-0.0013822,-7.6282e-25,0,0.0032389,0.0015201,1.8481,0.0097128
3.775,2.7069,0.005,0.23242,-0.0025199,2.1675e-25,0,0.003661,0.0015547,2.1428,0.0098134
3.725,2.7569,0.005,0.26965,-0.003361,1.1114e-24,0,0.0038374,0.0015429,2.3859,0.0099193
3.675,2.807,0.005,0.30853,-0.0036593,-5.0013e-25,0,0.0036325,0.0014414,2.5201,0.010025
3.625,2.86,0.005,0.34854,-0.0034223,4.8209e-25,0,0.0029179,0.001164,2.5069,0.010087
3.575,2.916,0.005,0.38082,-0.002079,-1.196e-38,0,0.0017811,0.0006644,2.6808,0.010165
3.525,2.972,0.005,0.37451,-0.00082398,-1.1111e-24,0,0.0022451,0.00029794,7.5356,0.010197
6.525,0.024,0.005,-0.19156,0.00061704,8.2092e-25,0,0.00086868,0.00015885,5.4686,0.0082923
6.475,0.072,0.005,-0.19627,0.0010882,6.8911e-26,0,0.00089087,0.00050375,1.7685,0.0082505
6.425,0.12,0.005,-0.1898,0.0016253,-2.4421e-26,0,0.0011626,0.0010878,1.0687,0.0081958
6.375,0.168,0.005,-0.18178,0.0020177,6.8027e-26,0,0.001377,0.0016721,0.82352,0.0081554
6.325,0.216,0.005,-0.17349,0.0023957,-1.1855e-25,0,0.0015408,0.0021913,0.70318,0.0081149
6.275,0.264,0.005,-0.16516,0.0027338,9.676e-42,0,0.0016713,0.0026401,0.63304,0.0080778
6.225,0.312,0.005,-0.1568,0.0030624,1.3081e-25,0,0.0017805,0.0030257,0.58847,0.0080457
6.175,0.36,0.005,-0.14833,0.0033509,5.2068e-26,0,0.0018772,0.0033078,0.55848,0.0080083
6.125,0.408,0.005,-0.13942,0.0035865,-2.6409e-25,0,0.0019672,0.0032312,0.53657,0.0079641
6.075,0.456,0.005,-0.12983,0.0037465,-2.6139e-25,0,0.0020553,0.0031631,0.51826,0.0079218
6.025,0.50502,0.005,-0.1196,0.0038337,-4.0841e-26,0,0.0021407,0.0031943,0.50043,0.007885
5.975,0.55506,0.005,-0.10909,0.0038734,-4.8421e-40,0,0.0022207,0.0033285,0.48187,0.0078557
5.925,0.60511,0.005,-0.098811,0.0038978,6.7141e-26,0,0.0022934,0.0035464,0.46299,0.0078333
5.875,0.65515,0.005,-0.088964,0.0039197,8.1475e-26,0,0.0023592,0.0038263,0.44432,0.0078163
5.825,0.70519,0.005,-0.079636,0.0039416,-9.2911e-26,0,0.0024179,0.0041516,0.42636,0.0078041
5.775,0.75523,0.005,-0.070857,0.0039618,-2.3418e-25,0,0.002469,0.0045117,0.40946,0.0077964
5.725,0.80528,0.005,-0.062626,0.0039789,-1.0821e-25,0,0.0025123,0.0048977,0.3938,0.0077933
5.675,0.85532,0.005,-0.054919,0.0039924,-9.1922e-26,0,0.0025476,0.0053012,0.37945,0.0077949
5.625,0.90536,0.005,-0.0477,0.0040027,-7.3106e-26,0,0.0025749,0.0057127,0.3664,0.0078012
5.575,0.9554,0.005,-0.040924,0.0040114,-1.1824e-25,0,0.0025946,0.0061226,0.3546,0.007812
5.525,1.0054,0.005,-0.034544,0.0040197,1.6465e-34,0,0.0026073,0.0065214,0.34394,0.0078272
5.475,1.0555,0.005,-0.028512,0.0040291,1.2102e-25,0,0.0026133,0.0069005,0.33432,0.0078466
5.425,1.1055,0.005,-0.022783,0.0040404,-2.0853e-25,0,0.0026133,0.0072531,0.32562,0.0078698
5.375,1.1556,0.005,-0.017318,0.004054,1.6171e-40,0,0.0026077,0.007574,0.31773,0.0078965
5.325,1.2056,0.005,-0.012081,0.0040702,3.7164e-25,0,0.002597,0.0078604,0.31055,0.0079262
5.275,1.2557,0.005,-0.0070415,0.0040888,-2.2311e-39,0,0.0025815,0.0081112,0.30402,0.0079588
5.225,1.3057,0.005,-0.0021752,0.0041097,9.7032e-27,0,0.0025616,0.0083261,0.29808,0.007994
5.175,1.3557,0.005,0.0025402,0.0041326,-2.5789e-25,0,0.0025377,0.0085035,0.29268,0.0080317
5.125,1.4058,0.005,0.0071253,0.0041579,-3.707e-25,0,0.00251,0.0086383,0.28779,0.0080717
5.075,1.4558,0.005,0.011602,0.0041858,2.1835e-26,0,0.0024787,0.0087219,0.2834,0.008114
5.025,1.5059,0.005,0.015994,0.0042155,1.3372e-25,0,0.0024441,0.0087453,0.27948,0.0081579
4.975,1.5559,0.005,0.020322,0.0042459,5.1928e-39,0,0.0024062,0.0087177,0.27601,0.008203
4.925,1.606,0.005,0.024599,0.0042752,-1.8979e-25,0,0.002365,0.0086632,0.27299,0.0082493
4.875,1.656,0.005,0.02883,0.0043019,1.4401e-25,0,0.0023207,0.0085806,0.27046,0.0082969
4.825,1.706,0.005,0.033025,0.0043251,-5.6975e-34,0,0.0022735,0.0084689,0.26845,0.0083459
4.775,1.7561,0.005,0.037193,0.0043441,1.864e-25,0,0.0022234,0.0083181,0.26704,0.0083969
4.725,1.8061,0.005,0.041344,0.0043569,-1.6092e-25,0,0.0021707,0.0081307,0.26632,0.0084499
4.675,1.8562,0.005,0.045488,0.0043624,1.685e-25,0,0.0021154,0.0079138,0.26643,0.0085046
4.625,1.9062,0.005,0.049634,0.0043611,-2.1544e-25,0,0.0020579,0.007672,0.26756,0.0085611
4.575,1.9563,0.005,0.053791,0.0043528,3.4702e-26,0,0.0019987,0.0074025,0.27,0.0086183
4.525,2.0063,0.005,0.057974,0.0043369,6.1259e-26,0,0.0019382,0.0070697,0.27415,0.0086762
4.475,2.0563,0.005,0.062203,0.0043117,-1.9106e-25,0,0.0018773,0.0066894,0.28063,0.008734
4.425,2.1064,0.005,0.066513,0.0042711,-2.6516e-25,0,0.0018169,0.0062572,0.29037,0.0087929
4.375,2.1564,0.005,0.070954,0.0042082,0,0,0.0017587,0.0057698,0.30481,0.0088535
4.325,2.2065,0.005,0.075605,0.004116,3.257e-25,0,0.0017048,0.0052247,0.32631,0.008916
4.275,2.2565,0.005,0.080589,0.0039833,-9.3907e-39,0,0.0016588,0.0046231,0.35882,0.0089811
4.225,2.3066,0.005,0.086113,0.0037941,-3.5213e-25,0,0.0016264,0.0039729,0.40938,0.0090498
4.175,2.3566,0.005,0.092531,0.0035331,4.7873e-39,0,0.0016178,0.0032932,0.49125,0.0091246
4.125,2.4066,0.005,0.10047,0.0031642,-9.8219e-25,0,0.0016506,0.002625,0.61746,0.0092032
4.075,2.4567,0.005,0.11097,0.0026449,5.4056e-25,0,0.0017504,0.002058,0.78684,0.0092844
4.025,2.5067,0.005,0.1254,0.0019094,2.5004e-25,0,0.0019525,0.001689,0.99823,0.0093698
3.975,2.5568,0.005,0.14497,0.00092451,-4.0803e-26,0,0.0022886,0.001519,1.2541,0.0094586
3.925,2.6068,0.005,0.16995,-0.00024791,-2.754e-25,0,0.0027524,0.0014951,1.5402,0.0095513
3.875,2.6569,0.005,0.19971,-0.0014683,-2.6347e-25,0,0.0032548,0.0015355,1.8412,0.0096481
3.825,2.7069,0.005,0.23344,-0.0025725,5.0186e-25,0,0.0036546,0.0015679,2.1267,0.0097472
3.775,2.7569,0.005,0.27024,-0.0033754,-2.2607e-25,0,0.0038112,0.0015545,2.3607,0.0098512
3.725,2.807,0.005,0.30852,-0.0036451,8.445e-25,0,0.0035958,0.0014447,2.489,0.0099536
3.675,2.86,0.005,0.34785,-0.0033947,1.8818e-26,0,0.0028874,0.001164,2.4807,0.010014
3.625,2.916,0.005,0.37961,-0.0020726,4.8463e-25,0,0.0017728,0.00066277,2.6748,0.010091
3.575,2.972,0.005,0.37324,-0.00082841,-1.1399e-38,0,0.0022349,0.00029726,7.5185,0.010121
6.575,0.024,0.005,-0.19239,0.00059975,8.4518e-25,0,0.00087594,0.00015951,5.4914,0.0083603
6.525,0.072,0.005,-0.19679,0.001056,9.4443e-26,0,0.00090572,0.00051149,1.7707,0.0083085
6.475,0.12,0.005,-0.1902,0.0015699,4.0263e-25,0,0.0011794,0.0011022,1.0701,0.0082445
6.425,0.168,0.005,-0.18211,0.0019496,9.6188e-25,0,0.0013928,0.001689,0.82459,0.008195
6.375,0.216,0.005,-0.17378,0.002315,-3.2559e-25,0,0.0015543,0.0022079,0.70398,0.0081463
6.325,0.264,0.005,-0.1654,0.0026409,2.1337e-25,0,0.0016819,0.0026547,0.63357,0.0081018
6.275,0.312,0.005,-0.15701,0.0029573,0,0,0.0017878,0.0030366,0.58876,0.0080631
6.225,0.36,0.005,-0.14848,0.003234,0,0,0.0018811,0.0032791,0.55839,0.0080191
6.175,0.408,0.005,-0.13948,0.003454,3.4242e-26,0,0.0019679,0.0031936,0.53593,0.0079678
6.125,0.456,0.005,-0.12979,0.0035927,-8.3759e-25,0,0.0020521,0.0031264,0.51691,0.0079215
6.075,0.50502,0.005,-0.11949,0.0036651,-2.691e-25,0,0.0021332,0.0031631,0.49831,0.0078816
6.025,0.55506,0.005,-0.10894,0.0036962,1.9254e-25,0,0.0022092,0.0033015,0.47908,0.0078493
5.975,0.60511,0.005,-0.098654,0.003717,-2.0144e-25,0,0.0022788,0.0035207,0.45976,0.007824
5.925,0.65515,0.005,-0.088807,0.0037389,0,0,0.0023425,0.0037997,0.44088,0.0078044
5.875,0.70519,0.005,-0.079481,0.0037633,0,0,0.0024003,0.0041236,0.4229,0.0077897
5.825,0.75523,0.005,-0.070704,0.0037876,1.3671e-25,0,0.0024515,0.0044827,0.40609,0.0077797
5.775,0.80528,0.005,-0.062475,0.0038097,-1.1548e-25,0,0.0024955,0.0048691,0.3906,0.0077745
5.725,0.85532,0.005,-0.05477,0.0038286,-2.006e-25,0,0.0025319,0.0052742,0.37647,0.0077741
5.675,0.90536,0.005,-0.047554,0.0038446,-1.0972e-25,0,0.0025606,0.0056887,0.36366,0.0077785
5.625,0.9554,0.005,-0.040783,0.0038589,5.4673e-26,0,0.002582,0.0061025,0.35211,0.0077877
5.575,1.0054,0.005,-0.034409,0.0038726,1.57e-25,0,0.0025963,0.0065059,0.3417,0.0078014
5.525,1.0555,0.005,-0.028383,0.0038872,1.4555e-25,0,0.002604,0.00689,0.33232,0.0078193
5.475,1.1055,0.005,-0.022661,0.0039034,1.3605e-25,0,0.0026056,0.0072475,0.32385,0.0078412
5.425,1.1556,0.005,-0.017203,0.0039218,-1.1885e-25,0,0.0026017,0.0075733,0.31617,0.0078665
5.375,1.2056,0.005,-0.011973,0.0039426,-4.3781e-35,0,0.0025924,0.0078644,0.30921,0.0078951
5.325,1.2557,0.005,-0.0069402,0.0039656,1.2196e-25,0,0.0025784,0.0081196,0.30287,0.0079266
5.275,1.3057,0.005,-0.00208,0.0039905,9.288e-27,0,0.0025599,0.0083387,0.2971,0.0079607
5.225,1.3557,0.005,0.0026295,0.0040174,-1.4103e-26,0,0.0025373,0.0085204,0.29187,0.0079972
5.175,1.4058,0.005,0.0072088,0.0040462,-2.8945e-25,0,0.0025109,0.0086594,0.28714,0.0080362
5.125,1.4558,0.005,0.01168,0.0040774,1.2796e-25,0,0.0024809,0.0087457,0.2829,0.0080775
5.075,1.5059,0.005,0.016068,0.0041101,2.6073e-25,0,0.0024474,0.0087682,0.27912,0.0081204
5.025,1.5559,0.005,0.020394,0.0041433,1.3354e-25,0,0.0024106,0.0087404,0.27579,0.0081645
4.975,1.606,0.005,0.024669,0.0041753,-2.0905e-25,0,0.0023704,0.0086856,0.27292,0.0082098
4.925,1.656,0.005,0.028902,0.0042045,1.4123e-25,0,0.0023272,0.0086027,0.27052,0.0082564
4.875,1.706,0.005,0.033098,0.00423,-5.3069e-34,0,0.002281,0.0084904,0.26866,0.0083044
4.825,1.7561,0.005,0.037268,0.0042513,3.3324e-25,0,0.0022319,0.0083471,0.26739,0.0083542
4.775,1.8061,0.005,0.041422,0.0042679,1.2779e-25,0,0.0021802,0.0081705,0.26683,0.008406
4.725,1.8562,0.005,0.045568,0.004278,-9.7673e-26,0,0.0021261,0.0079572,0.26712,0.0084595
4.675,1.9062,0.005,0.049717,0.0042804,-3.198e-26,0,0.0020697,0.0077096,0.26846,0.0085142
4.625,1.9563,0.005,0.05388,0.0042747,2.1788e-25,0,0.0020116,0.0074193,0.27114,0.0085698
4.575,2.0063,0.005,0.058071,0.0042609,-1.7432e-25,0,0.0019524,0.0070849,0.27557,0.0086258
4.525,2.0563,0.005,0.062315,0.004235,2.6846e-25,0,0.0018927,0.0067024,0.28239,0.0086824
4.475,2.1064,0.005,0.066646,0.004192,-2.9063e-25,0,0.0018337,0.0062682,0.29255,0.0087404
4.425,2.1564,0.005,0.071116,0.0041262,0,0,0.001777,0.0057787,0.30751,0.0088
4.375,2.2065,0.005,0.075805,0.0040298,-4.6289e-26,0,0.0017248,0.0052321,0.32966,0.0088616
4.325,2.2565,0.005,0.080842,0.0038925,9.1499e-25,0,0.0016807,0.00463,0.363,0.0089259
4.275,2.3066,0.005,0.086437,0.0036994,-9.384e-26,0,0.0016506,0.003981,0.41461,0.0089938
4.225,2.3566,0.005,0.092949,0.003434,-1.3453e-25,0,0.0016447,0.0033049,0.49767,0.0090675
4.175,2.4066,0.005,0.10103,0.0030586,-3.3957e-25,0,0.0016809,0.0026273,0.62448,0.0091452
4.125,2.4567,0.005,0.11171,0.0025314,5.2781e-25,0,0.0017848,0.0020642,0.79331,0.0092251
4.075,2.5067,0.005,0.12638,0.0017872,5.0052e-33,0,0.0019904,0.0017006,1.0034,0.0093094
4.025,2.5568,0.005,0.14616,0.00080322,8.3704e-25,0,0.0023264,0.0015344,1.2557,0.0093974
3.975,2.6068,0.005,0.17124,-0.00035591,-1.0617e-24,0,0.0027838,0.0015122,1.5383,0.0094891
3.925,2.6569,0.005,0.20094,-0.0015513,1.0086e-24,0,0.0032696,0.0015509,1.8343,0.0095845
3.875,2.7069,0.005,0.23443,-0.0026222,-9.423e-25,0,0.0036475,0.0015811,2.1107,0.0096823
3.825,2.7569,0.005,0.27078,-0.0033883,-6.4073e-25,0,0.003785,0.0015659,2.3357,0.0097845
3.775,2.807,0.005,0.30848,-0.0036291,1.2878e-24,0,0.0035595,0.0014477,2.4587,0.0098844
3.725,2.86,0.005,0.34717,-0.0033681,2.059e-27,0,0.0028572,0.0011638,2.455,0.0099426
3.675,2.916,0.005,0.37842,-0.0020657,-4.7623e-25,0,0.001764,0.00066106,2.6684,0.010018
3.625,2.972,0.005,0.37198,-0.00083236,5.3401e-25,0,0.0022246,0.00029657,7.501,0.010046
6.625,0.024,0.005,-0.1932,0.00057569,-2.7356e-26,0,0.00088316,0.00016017,5.514,0.0084372
6.575,0.072,0.005,-0.19729,0.0010186,-6.6911e-25,0,0.00092096,0.00051954,1.7726,0.0083721
6.525,0.12,0.005,-0.19057,0.0015059,-6.8111e-26,0,0.0011967,0.0011171,1.0713,0.0083007
6.475,0.168,0.005,-0.18242,0.0018732,1.2306e-41,0,0.0014088,0.0017064,0.8256,0.0082411
6.425,0.216,0.005,-0.17403,0.0022251,3.8446e-25,0,0.001568,0.0022249,0.70474,0.0081835
6.375,0.264,0.005,-0.16561,0.0025384,-1.2457e-25,0,0.0016926,0.0026695,0.63405,0.0081307
6.325,0.312,0.005,-0.15719,0.0028417,1.653e-25,0,0.0017951,0.0030479,0.58898,0.0080847
6.275,0.36,0.005,-0.1486,0.0031046,0,0,0.001885,0.0032497,0.55823,0.0080336
6.225,0.408,0.005,-0.1395,0.0033105,0,0,0.0019683,0.0031561,0.53516,0.0079757
6.175,0.456,0.005,-0.12973,0.0034299,-2.8231e-25,0,0.0020483,0.0030911,0.51538,0.0079244
6.125,0.50502,0.005,-0.11936,0.0034867,-2.8667e-25,0,0.002125,0.0031328,0.49598,0.0078809
6.075,0.55506,0.005,-0.10878,0.0035094,0,0,0.0021967,0.0032751,0.47607,0.0078452
6.025,0.60511,0.005,-0.098488,0.0035272,-4.0034e-26,0,0.002263,0.0034952,0.45632,0.0078169
5.975,0.65515,0.005,-0.088644,0.0035498,1.2188e-39,0,0.0023247,0.0037729,0.43725,0.0077944
5.925,0.70519,0.005,-0.079323,0.0035774,7.2186e-26,0,0.0023815,0.004095,0.41926,0.0077771
5.875,0.75523,0.005,-0.07055,0.0036067,2.2481e-25,0,0.0024327,0.0044529,0.40256,0.0077647
5.825,0.80528,0.005,-0.062324,0.0036346,9.2133e-26,0,0.0024774,0.0048393,0.38726,0.0077572
5.775,0.85532,0.005,-0.054622,0.0036597,-6.7387e-28,0,0.002515,0.005246,0.37336,0.0077548
5.725,0.90536,0.005,-0.04741,0.0036822,2.5401e-26,0,0.0025453,0.0056634,0.3608,0.0077573
5.675,0.9554,0.005,-0.040644,0.0037027,-3.9089e-39,0,0.0025683,0.0060812,0.34951,0.0077647
5.625,1.0054,0.005,-0.034276,0.0037225,1.3177e-25,0,0.0025843,0.0064892,0.33937,0.0077768
5.575,1.0555,0.005,-0.028257,0.0037429,2.2206e-25,0,0.0025938,0.0068782,0.33024,0.0077932
5.525,1.1055,0.005,-0.022543,0.0037646,0,0,0.0025972,0.0072408,0.32201,0.0078137
5.475,1.1556,0.005,-0.017092,0.0037882,-1.0419e-25,0,0.0025949,0.0075715,0.31456,0.0078377
5.425,1.2056,0.005,-0.011869,0.0038139,-1.1878e-25,0,0.0025873,0.0078672,0.30781,0.0078651
5.375,1.2557,0.005,-0.0068426,0.0038416,1.2532e-38,0,0.0025748,0.0081269,0.30167,0.0078953
5.325,1.3057,0.005,-0.0019887,0.0038711,3.5991e-25,0,0.0025578,0.0083504,0.29609,0.0079283
5.275,1.3557,0.005,0.0027148,0.0039022,1.0783e-25,0,0.0025365,0.0085364,0.29103,0.0079638
5.225,1.4058,0.005,0.0072884,0.0039349,1.0478e-25,0,0.0025114,0.0086796,0.28646,0.0080017
5.175,1.4558,0.005,0.011754,0.0039696,-2.0818e-26,0,0.0024826,0.008769,0.28238,0.0080419
5.125,1.5059,0.005,0.016138,0.0040056,-2.1878e-26,0,0.0024503,0.0087905,0.27875,0.0080838
5.075,1.5559,0.005,0.020461,0.004042,1.3022e-25,0,0.0024146,0.0087626,0.27556,0.0081268
5.025,1.606,0.005,0.024736,0.0040768,1.3392e-25,0,0.0023756,0.0087074,0.27283,0.0081711
4.975,1.656,0.005,0.028968,0.0041089,-3.002e-25,0,0.0023334,0.008624,0.27058,0.0082167
4.925,1.706,0.005,0.033166,0.0041371,5.0109e-26,0,0.0022883,0.0085112,0.26886,0.0082635
4.875,1.7561,0.005,0.037339,0.0041606,-1.4915e-25,0,0.0022403,0.0083672,0.26775,0.008312
4.825,1.8061,0.005,0.041495,0.0041795,1.8481e-25,0,0.0021896,0.0081901,0.26735,0.0083622
4.775,1.8562,0.005,0.045645,0.0041929,-5.6772e-26,0,0.0021366,0.0079776,0.26782,0.0084142
4.725,1.9062,0.005,0.049798,0.0041991,1.7536e-25,0,0.0020814,0.007727,0.26936,0.0084675
4.675,1.9563,0.005,0.053967,0.0041967,5.2312e-34,0,0.0020245,0.0074353,0.27228,0.0085216
4.625,2.0063,0.005,0.058169,0.0041838,0,0,0.0019664,0.0070992,0.277,0.0085762
4.575,2.0563,0.005,0.062428,0.0041573,4.2059e-25,0,0.0019081,0.0067149,0.28416,0.0086319
4.525,2.1064,0.005,0.066781,0.0041127,1.6602e-25,0,0.0018505,0.0062787,0.29473,0.0086889
4.475,2.1564,0.005,0.071281,0.0040442,-9.9702e-39,0,0.0017953,0.0057874,0.31021,0.0087475
4.425,2.2065,0.005,0.07601,0.003944,-2.2295e-25,0,0.0017448,0.0052396,0.333,0.0088082
4.375,2.2565,0.005,0.0811,0.0038017,-6.5999e-26,0,0.0017026,0.0046374,0.36715,0.0088717
4.325,2.3066,0.005,0.086764,0.0036051,6.7055e-25,0,0.0016748,0.00399,0.41976,0.0089391
4.275,2.3566,0.005,0.093371,0.0033353,-2.6626e-25,0,0.0016719,0.0033177,0.50393,0.0090114
4.225,2.4066,0.005,0.10158,0.0029542,2.8465e-25,0,0.0017115,0.0026295,0.63128,0.0090882
4.175,2.4567,0.005,0.11247,0.0024191,-1.0324e-24,0,0.0018193,0.0020707,0.79958,0.009167
4.125,2.5067,0.005,0.12736,0.0016667,-3.0318e-25,0,0.0020282,0.0017127,1.0082,0.0092502
4.075,2.5568,0.005,0.14734,0.00068368,8.2202e-25,0,0.0023638,0.0015502,1.2573,0.0093373
4.025,2.6068,0.005,0.1725,-0.00046136,7.8724e-25,0,0.0028141,0.0015294,1.5365,0.0094281
3.975,2.6569,0.005,0.20213,-0.0016314,-1.9394e-24,0,0.0032834,0.0015664,1.8273,0.0095222
3.925,2.7069,0.005,0.23538,-0.0026691,9.2339e-25,0,0.0036397,0.0015943,2.0946,0.0096186
3.875,2.7569,0.005,0.27129,-0.0033998,0,0,0.0037587,0.0015773,2.311,0.009719
3.825,2.807,0.005,0.30843,-0.0036133,-4.1463e-25,0,0.0035235,0.0014506,2.429,0.0098167
3.775,2.86,0.005,0.3465,-0.0033424,-2.1713e-26,0,0.0028272,0.0011635,2.43,0.009873
3.725,2.916,0.005,0.37723,-0.0020583,1.7176e-38,0,0.0017548,0.00065928,2.6617,0.009947
3.675,2.972,0.005,0.37071,-0.00083586,0,0,0.002214,0.00029587,7.4832,0.0099724
6.675,0.024,0.005,-0.19398,0.00054536,-1.0949e-24,0,0.00089032,0.00016082,5.5363,0.008525
6.625,0.072,0.005,-0.19774,0.00097937,-7.6539e-25,0,0.00093663,0.00052792,1.7742,0.0084435
6.575,0.12,0.005,-0.19092,0.0014335,-6.5157e-25,0,0.0012143,0.0011324,1.0723,0.008364
6.525,0.168,0.005,-0.1827,0.001787,9.8078e-26,0,0.0014251,0.0017242,0.82655,0.0082943
6.475,0.216,0.005,-0.17427,0.0021246,8.9984e-26,0,0.0015818,0.0022423,0.70546,0.008227
6.425,0.264,0.005,-0.1658,0.0024251,-1.7444e-25,0,0.0017034,0.0026846,0.63449,0.0081651
6.375,0.312,0.005,-0.15735,0.0027146,-1.6934e-25,0,0.0018024,0.0030593,0.58915,0.0081109
6.325,0.36,0.005,-0.14869,0.0029621,0,0,0.0018886,0.0032194,0.55797,0.0080522
6.275,0.408,0.005,-0.13949,0.0031533,-3.1488e-25,0,0.0019683,0.0031189,0.53424,0.0079875
6.225,0.456,0.005,-0.12963,0.0032557,-2.4076e-25,0,0.002044,0.0030572,0.51367,0.0079309
6.175,0.50502,0.005,-0.11921,0.003298,-3.0942e-25,0,0.0021159,0.0031037,0.49343,0.0078831
6.125,0.55506,0.005,-0.1086,0.0033125,4.8413e-25,0,0.0021833,0.0032492,0.47284,0.0078437
6.075,0.60511,0.005,-0.098311,0.0033277,-1.9036e-25,0,0.0022463,0.0034697,0.45267,0.007812
6.025,0.65515,0.005,-0.088475,0.0033518,-4.4684e-26,0,0.0023058,0.0037458,0.43342,0.0077864
5.975,0.70519,0.005,-0.079161,0.0033834,-3.3772e-34,0,0.0023616,0.0040658,0.41544,0.0077663
5.925,0.75523,0.005,-0.070394,0.0034183,0,0,0.0024128,0.0044222,0.39887,0.0077513
5.875,0.80528,0.005,-0.062173,0.0034529,-8.3474e-26,0,0.0024582,0.0048085,0.38377,0.0077415
5.825,0.85532,0.005,-0.054475,0.0034852,-1.0304e-26,0,0.002497,0.0052166,0.37011,0.0077369
5.775,0.90536,0.005,-0.047268,0.0035148,1.6074e-25,0,0.0025288,0.0056367,0.35783,0.0077375
5.725,0.9554,0.005,-0.040508,0.0035424,1.0035e-25,0,0.0025535,0.0060584,0.34681,0.0077431
5.675,1.0054,0.005,-0.034146,0.003569,-4.5481e-26,0,0.0025714,0.006471,0.33694,0.0077535
5.625,1.0555,0.005,-0.028134,0.0035958,-4.2367e-26,0,0.0025828,0.0068651,0.32808,0.0077684
5.575,1.1055,0.005,-0.022427,0.0036236,2.3612e-25,0,0.002588,0.0072327,0.3201,0.0077873
5.525,1.1556,0.005,-0.016984,0.0036529,9.8928e-26,0,0.0025874,0.0075684,0.31289,0.00781
5.475,1.2056,0.005,-0.011768,0.003684,-6.5283e-35,0,0.0025815,0.0078689,0.30636,0.0078361
5.425,1.2557,0.005,-0.006749,0.0037169,-1.1378e-25,0,0.0025706,0.0081332,0.30043,0.0078652
5.375,1.3057,0.005,-0.0019014,0.0037512,2.7208e-38,0,0.0025551,0.008361,0.29504,0.0078969
5.325,1.3557,0.005,0.0027962,0.0037868,2.2215e-25,0,0.0025353,0.0085514,0.29016,0.0079313
5.275,1.4058,0.005,0.007364,0.0038237,-1.7243e-26,0,0.0025115,0.008699,0.28576,0.0079681
5.225,1.4558,0.005,0.011824,0.0038622,-1.2101e-25,0,0.002484,0.0087916,0.28183,0.0080072
5.175,1.5059,0.005,0.016203,0.0039018,-8.106e-26,0,0.002453,0.0088123,0.27836,0.008048
5.125,1.5559,0.005,0.020524,0.0039415,-1.2689e-25,0,0.0024184,0.0087841,0.27532,0.00809
5.075,1.606,0.005,0.024798,0.0039795,2.3891e-25,0,0.0023806,0.0087286,0.27273,0.0081333
5.025,1.656,0.005,0.029031,0.0040147,-1.5788e-25,0,0.0023395,0.0086448,0.27062,0.0081777
4.975,1.706,0.005,0.033231,0.0040457,4.7589e-26,0,0.0022954,0.0085313,0.26905,0.0082235
4.925,1.7561,0.005,0.037405,0.0040719,-1.4567e-25,0,0.0022484,0.0083866,0.2681,0.0082706
4.875,1.8061,0.005,0.041565,0.0040929,2.0471e-25,0,0.0021989,0.0082087,0.26787,0.0083193
4.825,1.8562,0.005,0.045718,0.0041085,-2.142e-25,0,0.0021469,0.0079953,0.26852,0.0083696
4.775,1.9062,0.005,0.049877,0.0041173,-6.0844e-39,0,0.0020928,0.0077435,0.27027,0.0084214
4.725,1.9563,0.005,0.054055,0.0041172,-1.5704e-25,0,0.0020371,0.0074505,0.27342,0.0084741
4.675,2.0063,0.005,0.058268,0.0041053,4.9636e-26,0,0.0019804,0.0071127,0.27843,0.0085277
4.625,2.0563,0.005,0.062543,0.0040786,1.5083e-38,0,0.0019234,0.0067267,0.28593,0.0085824
4.575,2.1064,0.005,0.066919,0.0040327,1.9126e-25,0,0.0018672,0.0062887,0.29692,0.0086384
4.525,2.1564,0.005,0.071449,0.003962,-9.1546e-39,0,0.0018136,0.005796,0.31291,0.008696
4.475,2.2065,0.005,0.076219,0.0038585,-1.7106e-25,0,0.0017648,0.0052472,0.33633,0.0087557
4.425,2.2565,0.005,0.081361,0.0037115,-8.8141e-25,0,0.0017246,0.0046454,0.37126,0.0088183
4.375,2.3066,0.005,0.087095,0.0035111,1.8993e-25,0,0.0016992,0.004,0.42479,0.0088854
4.325,2.3566,0.005,0.093797,0.0032356,-1.2947e-25,0,0.0016992,0.0033265,0.51002,0.0089565
4.275,2.4066,0.005,0.10215,0.0028507,-3.3588e-25,0,0.0017423,0.0026317,0.63787,0.0090319
4.225,2.4567,0.005,0.11323,0.0023075,-2.1522e-38,0,0.001854,0.0020775,0.80562,0.0091098
4.175,2.5067,0.005,0.12835,0.0015478,2.5034e-25,0,0.002066,0.0017253,1.0128,0.0091921
4.125,2.5568,0.005,0.14851,0.00056604,3.8029e-38,0,0.002401,0.0015665,1.2589,0.0092783
4.075,2.6068,0.005,0.17375,-0.00056431,7.7066e-25,0,0.0028435,0.0015466,1.5347,0.0093683
4.025,2.6569,0.005,0.20329,-0.0017088,-2.5317e-25,0,0.0032959,0.0015818,1.8198,0.009461
3.975,2.7069,0.005,0.23629,-0.0027135,1.8893e-25,0,0.0036313,0.0016075,2.0785,0.009556
3.925,2.7569,0.005,0.27177,-0.0034099,-4.1775e-25,0,0.0037324,0.0015885,2.2866,0.0096547
3.875,2.807,0.005,0.30836,-0.003597,4.4049e-38,0,0.0034879,0.0014533,2.4,0.0097502
3.825,2.86,0.005,0.34582,-0.0033173,-4.7341e-26,0,0.0027974,0.001163,2.4054,0.0098048
3.775,2.916,0.005,0.37606,-0.0020502,4.5984e-25,0,0.0017452,0.00065743,2.6546,0.0098772
3.725,2.972,0.005,0.36945,-0.000839,7.9669e-26,0,0.0022034,0.00029515,7.4652,0.0099007
6.725,0.024,0.005,-0.19473,0.00051118,-1.2337e-24,0,0.00089742,0.00016146,5.5583,0.008625
6.675,0.072,0.005,-0.19815,0.00094039,8.48e-25,0,0.00095274,0.00053666,1.7753,0.0085272
6.625,0.12,0.005,-0.19124,0.0013576,6.4898e-25,0,0.0012324,0.0011481,1.0733,0.0084357
6.575,0.168,0.005,-0.18296,0.0016907,-9.6179e-25,0,0.0014417,0.0017423,0.82746,0.0083551
6.525,0.216,0.005,-0.17448,0.0020123,1.577e-25,0,0.0015958,0.0022599,0.70615,0.0082773
6.475,0.264,0.005,-0.16597,0.0022997,-4.3719e-25,0,0.0017142,0.0026999,0.6349,0.0082055
6.425,0.312,0.005,-0.15748,0.0025747,6.0635e-25,0,0.0018097,0.0030711,0.58927,0.0081422
6.375,0.36,0.005,-0.14876,0.0028062,0,0,0.0018921,0.0031885,0.55762,0.0080753
6.325,0.408,0.005,-0.13945,0.0029815,0,0,0.0019679,0.0030818,0.53319,0.0080034
6.275,0.456,0.005,-0.1295,0.0030675,-1.3127e-26,0,0.002039,0.0030247,0.51176,0.007941
6.225,0.50502,0.005,-0.11903,0.0030971,-3.4207e-25,0,0.002106,0.003076,0.49067,0.0078885
6.175,0.55506,0.005,-0.10841,0.0031046,0,0,0.0021689,0.0032242,0.4694,0.007845
6.125,0.60511,0.005,-0.098123,0.0031179,-7.3138e-40,0,0.0022285,0.0034445,0.44882,0.0078095
6.075,0.65515,0.005,-0.088298,0.003144,-5.0273e-39,0,0.0022858,0.0037186,0.42941,0.0077806
6.025,0.70519,0.005,-0.078996,0.0031805,-2.2407e-25,0,0.0023405,0.004036,0.41145,0.0077575
5.975,0.75523,0.005,-0.070237,0.0032219,-2.148e-25,0,0.0023916,0.0043908,0.39502,0.0077398
5.925,0.80528,0.005,-0.062022,0.003264,-7.433e-26,0,0.0024377,0.0047767,0.38014,0.0077275
5.875,0.85532,0.005,-0.05433,0.0033043,-2.1926e-26,0,0.0024778,0.0051859,0.36674,0.0077207
5.825,0.90536,0.005,-0.047128,0.003342,-8.9151e-26,0,0.0025112,0.0056088,0.35473,0.0077192
5.775,0.9554,0.005,-0.040374,0.0033774,-6.3908e-26,0,0.0025378,0.0060342,0.344,0.0077229
5.725,1.0054,0.005,-0.034019,0.0034117,-1.8857e-34,0,0.0025575,0.0064515,0.33442,0.0077315
5.675,1.0555,0.005,-0.028015,0.0034456,-3.3448e-25,0,0.0025708,0.0068505,0.32583,0.0077448
5.625,1.1055,0.005,-0.022316,0.00348,-1.4556e-25,0,0.0025779,0.0072234,0.31812,0.0077622
5.575,1.1556,0.005,-0.01688,0.0035156,5.5149e-39,0,0.0025792,0.0075641,0.31116,0.0077835
5.525,1.2056,0.005,-0.011671,0.0035526,-1.0736e-25,0,0.002575,0.0078695,0.30486,0.0078083
5.475,1.2557,0.005,-0.0066593,0.003591,2.4475e-27,0,0.0025658,0.0081383,0.29914,0.0078361
5.425,1.3057,0.005,-0.0018182,0.0036305,-2.2393e-25,0,0.0025518,0.0083706,0.29395,0.0078666
5.375,1.3557,0.005,0.0028735,0.0036709,2.4712e-34,0,0.0025335,0.0085654,0.28925,0.0078998
5.325,1.4058,0.005,0.0074357,0.0037123,2.3058e-25,0,0.0025111,0.0087174,0.28503,0.0079354
5.275,1.4558,0.005,0.01189,0.0037549,0,0,0.002485,0.0088134,0.28126,0.0079734
5.225,1.5059,0.005,0.016265,0.0037984,2.0706e-26,0,0.0024552,0.0088335,0.27795,0.0080132
5.175,1.5559,0.005,0.020583,0.0038416,-2.2597e-25,0,0.0024219,0.008805,0.27506,0.0080541
5.125,1.606,0.005,0.024856,0.003883,-1.2731e-25,0,0.0023852,0.0087491,0.27262,0.0080963
5.075,1.656,0.005,0.02909,0.0039214,1.3159e-25,0,0.0023453,0.0086648,0.27066,0.0081396
5.025,1.706,0.005,0.033291,0.0039554,2.2671e-26,0,0.0023023,0.0085508,0.26924,0.0081843
4.975,1.7561,0.005,0.037468,0.0039844,-9.5404e-26,0,0.0022564,0.0084054,0.26845,0.0082302
4.925,1.8061,0.005,0.041631,0.0040076,-2.9811e-25,0,0.0022079,0.0082267,0.26839,0.0082775
4.875,1.8562,0.005,0.045789,0.0040249,-2.4665e-26,0,0.0021571,0.0080122,0.26923,0.0083263
4.825,1.9062,0.005,0.049955,0.0040352,5.9103e-39,0,0.0021042,0.0077593,0.27118,0.0083765
4.775,1.9563,0.005,0.054141,0.0040365,-4.8893e-34,0,0.0020497,0.0074649,0.27458,0.0084279
4.725,2.0063,0.005,0.058367,0.0040255,2.3776e-25,0,0.0019942,0.0071257,0.27987,0.0084803
4.675,2.0563,0.005,0.06266,0.0039988,-4.0177e-25,0,0.0019386,0.006738,0.28771,0.008534
4.625,2.1064,0.005,0.067058,0.003952,0,0,0.0018839,0.0062985,0.29911,0.0085889
4.575,2.1564,0.005,0.07162,0.0038794,0,0,0.0018319,0.0058044,0.3156,0.0086455
4.525,2.2065,0.005,0.076431,0.0037729,3.5181e-25,0,0.0017849,0.0052551,0.33964,0.0087042
4.475,2.2565,0.005,0.081628,0.0036218,-2.8786e-25,0,0.0017467,0.0046539,0.37532,0.0087659
4.425,2.3066,0.005,0.087429,0.0034175,-6.4712e-25,0,0.0017237,0.0040111,0.42973,0.0088325
4.375,2.3566,0.005,0.094227,0.0031364,-2.6376e-38,0,0.0017266,0.0033277,0.51594,0.0089025
4.325,2.4066,0.005,0.10272,0.0027473,-1.6641e-25,0,0.0017732,0.0026339,0.64423,0.0089763
4.275,2.4567,0.005,0.11399,0.0021963,2.0843e-25,0,0.0018888,0.0020847,0.81142,0.0090536
4.225,2.5067,0.005,0.12933,0.0014302,5.0079e-33,0,0.0021036,0.0017384,1.0171,0.009135
4.175,2.5568,0.005,0.14967,0.00045033,-5.2044e-25,0,0.0024378,0.0015833,1.2604,0.0092205
4.125,2.6068,0.005,0.17497,-0.0006648,3.9394e-38,0,0.0028718,0.001564,1.5328,0.0093097
4.075,2.6569,0.005,0.20442,-0.0017833,9.017e-25,0,0.0033071,0.001597,1.812,0.009401
4.025,2.7069,0.005,0.23717,-0.0027557,-6.529e-25,0,0.0036223,0.0016206,2.0625,0.0094946
3.975,2.7569,0.005,0.27222,-0.0034189,4.0705e-25,0,0.0037061,0.0015996,2.2626,0.0095916
3.925,2.807,0.005,0.30828,-0.0035804,-3.9775e-25,0,0.0034528,0.0014559,2.3716,0.0096849
3.875,2.86,0.005,0.34515,-0.0032927,2.2793e-26,0,0.002768,0.0011624,2.3813,0.0097379
3.825,2.916,0.005,0.3749,-0.0020413,4.5225e-25,0,0.0017354,0.00065553,2.6473,0.0098087
3.775,2.972,0.005,0.36819,-0.00084181,0,0,0.0021926,0.00029443,7.4469,0.0098306
6.775,0.024,0.005,-0.19544,0.00047312,-2.214e-26,0,0.00090444,0.00016209,5.58,0.0087383
6.725,0.072,0.005,-0.19853,0.00089813,9.4037e-25,0,0.00096932,0.00054576,1.7761,0.0086237
6.675,0.12,0.005,-0.19152,0.0012784,-1.0614e-25,0,0.0012508,0.0011643,1.0743,0.0085183
6.625,0.168,0.005,-0.18319,0.0015852,-4.0658e-25,0,0.0014586,0.0017608,0.82834,0.0084248
6.575,0.216,0.005,-0.17466,0.0018871,-2.3009e-25,0,0.0016099,0.0022777,0.70682,0.0083351
6.525,0.264,0.005,-0.1661,0.0021607,6.2305e-25,0,0.001725,0.0027154,0.63528,0.0082525
6.475,0.312,0.005,-0.15758,0.0024206,4.6959e-25,0,0.0018169,0.003083,0.58933,0.0081791
6.425,0.36,0.005,-0.14879,0.0026356,-6.7288e-25,0,0.0018955,0.0031571,0.55718,0.0081033
6.375,0.408,0.005,-0.13938,0.002794,0,0,0.0019671,0.0030451,0.53198,0.0080236
6.325,0.456,0.005,-0.12935,0.0028638,-4.221e-25,0,0.0020334,0.0029932,0.50966,0.0079551
6.275,0.50502,0.005,-0.11883,0.002882,1.2342e-26,0,0.0020954,0.0030496,0.48769,0.0078973
6.225,0.55506,0.005,-0.1082,0.0028838,0,0,0.0021536,0.0032001,0.46575,0.0078492
6.175,0.60511,0.005,-0.097925,0.0028966,1.0209e-26,0,0.0022096,0.0034197,0.44478,0.0078096
6.125,0.65515,0.005,-0.088115,0.0029257,1.503e-26,0,0.0022647,0.0036912,0.42523,0.007777
6.075,0.70519,0.005,-0.078827,0.0029678,3.5625e-26,0,0.0023183,0.0040058,0.4073,0.0077507
6.025,0.75523,0.005,-0.070079,0.0030167,1.0551e-25,0,0.0023693,0.0043585,0.39103,0.0077302
5.975,0.80528,0.005,-0.061871,0.0030673,6.4633e-26,0,0.0024161,0.0047438,0.37637,0.0077153
5.925,0.85532,0.005,-0.054186,0.0031164,0,0,0.0024575,0.0051541,0.36324,0.0077061
5.875,0.90536,0.005,-0.046991,0.0031631,0,0,0.0024925,0.0055794,0.35153,0.0077024
5.825,0.9554,0.005,-0.040243,0.0032073,-1.5352e-25,0,0.0025209,0.0060087,0.3411,0.0077041
5.775,1.0054,0.005,-0.033895,0.0032499,-1.896e-25,0,0.0025427,0.0064305,0.33181,0.0077109
5.725,1.0555,0.005,-0.027899,0.0032917,-3.4481e-26,0,0.0025579,0.0068346,0.32351,0.0077225
5.675,1.1055,0.005,-0.022208,0.0033335,-2.4866e-25,0,0.002567,0.0072127,0.31607,0.0077384
5.625,1.1556,0.005,-0.01678,0.003376,7.4723e-39,0,0.0025701,0.0075586,0.30937,0.0077582
5.575,1.2056,0.005,-0.011579,0.0034193,3.0397e-25,0,0.0025678,0.0078688,0.30331,0.0077816
5.525,1.2557,0.005,-0.0065739,0.0034637,-1.8325e-27,0,0.0025603,0.0081423,0.29781,0.0078081
5.475,1.3057,0.005,-0.0017391,0.0035088,1.0786e-25,0,0.002548,0.008379,0.29282,0.0078374
5.425,1.3557,0.005,0.0029467,0.0035544,-1.2141e-25,0,0.0025313,0.0085782,0.28832,0.0078693
5.375,1.4058,0.005,0.0075033,0.0036006,3.1504e-26,0,0.0025104,0.0087346,0.28427,0.0079037
5.325,1.4558,0.005,0.011953,0.0036475,-9.5047e-26,0,0.0024856,0.0088341,0.28068,0.0079405
5.275,1.5059,0.005,0.016323,0.003695,-9.6684e-26,0,0.0024572,0.008854,0.27752,0.0079792
5.225,1.5559,0.005,0.020639,0.003742,2.0449e-26,0,0.0024251,0.0088253,0.27479,0.0080191
5.175,1.606,0.005,0.024911,0.003787,-2.6873e-25,0,0.0023896,0.0087691,0.27251,0.0080602
5.125,1.656,0.005,0.029145,0.0038286,-2.1405e-25,0,0.0023508,0.0086843,0.2707,0.0081024
5.075,1.706,0.005,0.033348,0.0038658,-1.3311e-25,0,0.002309,0.0085696,0.26943,0.0081459
5.025,1.7561,0.005,0.037528,0.0038976,1.6089e-25,0,0.0022642,0.0084235,0.2688,0.0081906
4.975,1.8061,0.005,0.041694,0.0039231,-1.4528e-25,0,0.0022169,0.0082439,0.26891,0.0082367
4.925,1.8562,0.005,0.045858,0.0039421,1.7626e-25,0,0.0021672,0.0080284,0.26994,0.0082841
4.875,1.9062,0.005,0.05003,0.0039534,-3.2379e-25,0,0.0021155,0.0077744,0.2721,0.0083328
4.825,1.9563,0.005,0.054227,0.0039554,-1.4805e-25,0,0.0020622,0.0074787,0.27574,0.0083828
4.775,2.0063,0.005,0.058467,0.0039449,4.9266e-26,0,0.002008,0.007138,0.28131,0.008434
4.725,2.0563,0.005,0.062778,0.003918,-1.6981e-25,0,0.0019538,0.0067489,0.28949,0.0084865
4.675,2.1064,0.005,0.067201,0.0038703,-2.4135e-25,0,0.0019006,0.006308,0.3013,0.0085404
4.625,2.1564,0.005,0.071794,0.003796,0,0,0.0018501,0.0058129,0.31828,0.008596
4.575,2.2065,0.005,0.076647,0.0036872,2.9966e-25,0,0.0018049,0.0052633,0.34293,0.0086537
4.525,2.2565,0.005,0.081897,0.0035325,2.8152e-25,0,0.0017689,0.0046631,0.37933,0.0087145
4.475,2.3066,0.005,0.087767,0.0033245,-3.1711e-25,0,0.0017483,0.0040231,0.43456,0.0087804
4.425,2.3566,0.005,0.094661,0.0030385,-3.649e-25,0,0.0017541,0.0033284,0.52167,0.0088496
4.375,2.4066,0.005,0.1033,0.0026437,-7.5852e-25,0,0.0018043,0.0026362,0.6504,0.0089218
4.325,2.4567,0.005,0.11476,0.0020848,-3.438e-38,0,0.0019237,0.0020923,0.81696,0.0089983
4.275,2.5067,0.005,0.13032,0.0013136,5.0246e-25,0,0.0021411,0.0017519,1.021,0.009079
4.225,2.5568,0.005,0.15082,0.00033656,-2.3338e-25,0,0.0024742,0.0016006,1.2619,0.0091638
4.175,2.6068,0.005,0.17616,-0.00076276,-2.0944e-25,0,0.0028989,0.0015813,1.5307,0.0092522
4.125,2.6569,0.005,0.20552,-0.001855,2.4508e-25,0,0.0033173,0.0016121,1.8038,0.0093421
4.075,2.7069,0.005,0.23802,-0.0027958,-6.3911e-25,0,0.0036126,0.0016337,2.0464,0.0094342
4.025,2.7569,0.005,0.27264,-0.003427,1.983e-25,0,0.0036799,0.0016107,2.2389,0.0095297
3.975,2.807,0.005,0.30817,-0.0035648,-7.9783e-25,0,0.0034181,0.0014584,2.3438,0.0096208
3.925,2.86,0.005,0.34448,-0.0032684,3.7453e-25,0,0.0027388,0.0011616,2.3578,0.0096722
3.875,2.916,0.005,0.37375,-0.0020319,-1.0276e-25,0,0.0017252,0.00065358,2.6396,0.0097416
3.825,2.972,0.005,0.36693,-0.00084435,-4.9593e-25,0,0.0021817,0.0002937,7.4284,0.0097619
6.825,0.024,0.005,-0.19611,0.00043088,0,0,0.00091139,0.00016271,5.6014,0.0088662
6.775,0.072,0.005,-0.19887,0.0008501,-1.3377e-24,0,0.00098641,0.00055523,1.7766,0.0087332
6.725,0.12,0.005,-0.19177,0.001191,-2.6434e-25,0,0.0012697,0.001181,1.0751,0.0086128
6.675,0.168,0.005,-0.18338,0.0014707,2.0371e-24,0,0.0014757,0.0017797,0.82919,0.0085047
6.625,0.216,0.005,-0.17481,0.0017483,-2.0733e-25,0,0.0016242,0.0022957,0.70746,0.0084014
6.575,0.264,0.005,-0.16621,0.0020065,2.1853e-25,0,0.0017359,0.0027309,0.63564,0.0083066
6.525,0.312,0.005,-0.15765,0.0022515,-5.4557e-25,0,0.0018241,0.0030951,0.58934,0.0082222
6.475,0.36,0.005,-0.14879,0.0024484,1.0044e-24,0,0.0018985,0.0031254,0.55663,0.0081367
6.425,0.408,0.005,-0.13927,0.0025891,-3.4207e-25,0,0.0019659,0.0030092,0.53063,0.0080488
6.375,0.456,0.005,-0.12916,0.0026433,-6.6959e-25,0,0.0020272,0.0029629,0.50737,0.0079734
6.325,0.50502,0.005,-0.11861,0.0026511,1.8764e-25,0,0.0020839,0.0030245,0.48451,0.0079098
6.275,0.55506,0.005,-0.10798,0.0026485,-3.3594e-25,0,0.0021374,0.003177,0.4619,0.0078566
6.225,0.60511,0.005,-0.097715,0.0026622,-2.4289e-25,0,0.0021898,0.0033954,0.44056,0.0078125
6.175,0.65515,0.005,-0.087925,0.0026956,1.702e-27,0,0.0022425,0.0036639,0.42088,0.007776
6.125,0.70519,0.005,-0.078654,0.0027443,1.899e-25,0,0.002295,0.0039753,0.40299,0.0077461
6.075,0.75523,0.005,-0.069919,0.0028017,2.4362e-25,0,0.0023459,0.0043256,0.38689,0.0077225
6.025,0.80528,0.005,-0.061721,0.0028617,5.4296e-26,0,0.0023934,0.00471,0.37246,0.0077049
5.975,0.85532,0.005,-0.054043,0.0029208,4.7405e-26,0,0.002436,0.0051211,0.35961,0.0076931
5.925,0.90536,0.005,-0.046856,0.0029774,1.6332e-25,0,0.0024727,0.0055488,0.34821,0.0076872
5.875,0.9554,0.005,-0.040115,0.0030314,2.2932e-25,0,0.002503,0.0059817,0.33809,0.0076868
5.825,1.0054,0.005,-0.033775,0.0030832,1.3629e-25,0,0.0025268,0.006408,0.32911,0.0076917
5.775,1.0555,0.005,-0.027787,0.0031336,5.3171e-26,0,0.0025441,0.0068172,0.32111,0.0077015
5.725,1.1055,0.005,-0.022104,0.0031836,4.7312e-26,0,0.0025552,0.0072005,0.31395,0.0077158
5.675,1.1556,0.005,-0.016684,0.0032335,9.5523e-26,0,0.0025604,0.0075516,0.30751,0.0077341
5.625,1.2056,0.005,-0.011491,0.0032839,-9.2868e-26,0,0.0025599,0.0078669,0.3017,0.007756
5.575,1.2557,0.005,-0.0064927,0.0033347,1.0094e-25,0,0.0025543,0.008145,0.29643,0.0077812
5.525,1.3057,0.005,-0.0016643,0.0033858,6.4797e-27,0,0.0025437,0.0083862,0.29166,0.0078092
5.475,1.3557,0.005,0.0030157,0.003437,-1.0573e-25,0,0.0025285,0.0085898,0.28735,0.0078399
5.425,1.4058,0.005,0.0075669,0.0034882,-2.1541e-25,0,0.0025091,0.0087505,0.28349,0.007873
5.375,1.4558,0.005,0.012011,0.0035398,-1.0848e-33,0,0.0024858,0.0088536,0.28007,0.0079086
5.325,1.5059,0.005,0.016377,0.0035914,2.266e-25,0,0.0024588,0.0088739,0.27708,0.0079461
5.275,1.5559,0.005,0.020691,0.0036424,1.1671e-25,0,0.002428,0.008845,0.27451,0.007985
5.225,1.606,0.005,0.024962,0.0036911,6.021e-26,0,0.0023938,0.0087884,0.27238,0.008025
5.175,1.656,0.005,0.029196,0.0037362,-4.0797e-26,0,0.0023562,0.0087031,0.27073,0.0080661
5.125,1.706,0.005,0.033401,0.0037765,2.3869e-25,0,0.0023155,0.0085879,0.26962,0.0081085
5.075,1.7561,0.005,0.037584,0.0038111,4.2678e-25,0,0.0022719,0.008441,0.26915,0.008152
5.025,1.8061,0.005,0.041755,0.0038391,1.2005e-25,0,0.0022257,0.0082605,0.26943,0.0081968
4.975,1.8562,0.005,0.045924,0.0038597,-6.6092e-26,0,0.0021771,0.008044,0.27065,0.0082429
4.925,1.9062,0.005,0.050105,0.0038721,1.9854e-38,0,0.0021266,0.0077889,0.27303,0.0082902
4.875,1.9563,0.005,0.054312,0.0038744,2.3108e-26,0,0.0020746,0.0074919,0.27691,0.0083389
4.825,2.0063,0.005,0.058567,0.0038639,-1.5443e-25,0,0.0020217,0.0071499,0.28276,0.0083889
4.775,2.0563,0.005,0.062897,0.0038366,2.4384e-25,0,0.0019689,0.0067593,0.29128,0.0084402
4.725,2.1064,0.005,0.067345,0.0037878,-2.6655e-25,0,0.0019172,0.0063172,0.30349,0.008493
4.675,2.1564,0.005,0.071971,0.0037117,0,0,0.0018684,0.0058214,0.32096,0.0085476
4.625,2.2065,0.005,0.076866,0.0036007,-4.8016e-26,0,0.0018251,0.0052718,0.34619,0.0086044
4.575,2.2565,0.005,0.082171,0.0034434,8.2317e-25,0,0.0017911,0.0046729,0.38329,0.0086641
4.525,2.3066,0.005,0.088109,0.003232,2.1179e-25,0,0.001773,0.0040361,0.43929,0.0087293
4.475,2.3566,0.005,0.095101,0.0029412,-2.496e-25,0,0.0017818,0.0033288,0.52722,0.0087977
4.425,2.4066,0.005,0.10388,0.0025402,-4.9214e-25,0,0.0018356,0.0026384,0.65633,0.0088685
4.375,2.4567,0.005,0.11554,0.0019729,9.4365e-25,0,0.0019586,0.0021004,0.82224,0.0089441
4.325,2.5067,0.005,0.1313,0.0011976,4.9968e-25,0,0.0021783,0.0017658,1.0247,0.009024
4.275,2.5568,0.005,0.15196,0.00022463,2.7314e-25,0,0.0025099,0.0016181,1.2632,0.0091081
4.225,2.6068,0.005,0.17734,-0.00085823,-1.9889e-25,0,0.0029249,0.0015986,1.5285,0.0091958
4.175,2.6569,0.005,0.20659,-0.0019241,-1.0969e-24,0,0.0033263,0.0016272,1.7954,0.0092844
4.125,2.7069,0.005,0.23883,-0.0028339,6.2538e-25,0,0.0036025,0.0016468,2.0304,0.009375
4.075,2.7569,0.005,0.27303,-0.0034342,0,0,0.0036537,0.0016216,2.2154,0.0094689
4.025,2.807,0.005,0.30806,-0.0035499,3.7129e-25,0,0.0033839,0.0014607,2.3167,0.0095579
3.975,2.86,0.005,0.34382,-0.0032445,5.9546e-27,0,0.00271,0.0011607,2.3347,0.0096077
3.925,2.916,0.005,0.37261,-0.002022,-8.7558e-25,0,0.0017148,0.00065158,2.6317,0.0096757
3.875,2.972,0.005,0.36568,-0.00084667,-1.6286e-25,0,0.0021707,0.00029296,7.4096,0.0096947
6.875,0.024,0.005,-0.19673,0.00038301,0,0,0.00091827,0.00016332,5.6225,0.0090097
6.825,0.072,0.005,-0.19918,0.00079603,-1.4135e-24,0,0.001004,0.00056507,1.7768,0.0088567
6.775,0.12,0.005,-0.19198,0.0010926,-5.284e-38,0,0.001289,0.0011981,1.0759,0.0087199
6.725,0.168,0.005,-0.18353,0.0013453,1.5513e-37,0,0.0014932,0.0017989,0.83003,0.0085956
6.675,0.216,0.005,-0.17492,0.0015949,3.0416e-25,0,0.0016385,0.002314,0.7081,0.0084777
6.625,0.264,0.005,-0.16628,0.001837,1.6711e-25,0,0.0017467,0.0027465,0.63599,0.0083693
6.575,0.312,0.005,-0.15768,0.0020656,2.8096e-25,0,0.0018312,0.0031073,0.5893,0.0082721
6.525,0.36,0.005,-0.14875,0.002243,6.1381e-25,0,0.0019014,0.0030935,0.55599,0.008176
6.475,0.408,0.005,-0.13913,0.0023649,-9.9665e-25,0,0.0019642,0.0029741,0.52912,0.0080791
6.425,0.456,0.005,-0.12894,0.0024041,0,0,0.0020203,0.0029339,0.50489,0.0079963
6.375,0.50502,0.005,-0.11836,0.0024028,-1.572e-25,0,0.0020717,0.0030006,0.48114,0.0079262
6.325,0.55506,0.005,-0.10774,0.0023973,1.976e-25,0,0.0021204,0.0031549,0.45787,0.0078674
6.275,0.60511,0.005,-0.097494,0.002413,-3.0608e-25,0,0.0021691,0.0033717,0.43617,0.0078184
6.225,0.65515,0.005,-0.087728,0.002452,1.9805e-26,0,0.0022193,0.0036368,0.41637,0.0077776
6.175,0.70519,0.005,-0.078477,0.0025088,-2.0452e-25,0,0.0022706,0.0039446,0.39855,0.0077439
6.125,0.75523,0.005,-0.069757,0.0025757,-1.7079e-25,0,0.0023213,0.0042922,0.38261,0.007717
6.075,0.80528,0.005,-0.061571,0.0026464,1.0024e-25,0,0.0023694,0.0046754,0.36843,0.0076964
6.025,0.85532,0.005,-0.053903,0.0027166,-1.1727e-25,0,0.0024133,0.005087,0.35587,0.007682
5.975,0.90536,0.005,-0.046723,0.0027843,9.3133e-26,0,0.0024517,0.0055169,0.34478,0.0076737
5.925,0.9554,0.005,-0.039991,0.0028489,7.2869e-26,0,0.0024839,0.0059533,0.33498,0.0076711
5.875,1.0054,0.005,-0.033659,0.0029109,1.3193e-25,0,0.0025098,0.0063841,0.32632,0.007674
5.825,1.0555,0.005,-0.027679,0.0029709,2.0436e-25,0,0.0025293,0.0067983,0.31862,0.0076819
5.775,1.1055,0.005,-0.022004,0.0030297,1.3716e-25,0,0.0025425,0.007187,0.31176,0.0076945
5.725,1.1556,0.005,-0.016592,0.0030879,1.4616e-26,0,0.0025498,0.0075434,0.3056,0.0077112
5.675,1.2056,0.005,-0.011407,0.0031458,-1.9337e-25,0,0.0025513,0.0078637,0.30004,0.0077317
5.625,1.2557,0.005,-0.0064158,0.0032036,1.0273e-38,0,0.0025476,0.0081466,0.29501,0.0077554
5.575,1.3057,0.005,-0.0015939,0.0032611,1.931e-25,0,0.0025388,0.0083922,0.29046,0.0077822
5.525,1.3557,0.005,0.0030804,0.0033183,1.0165e-25,0,0.0025253,0.0086,0.28635,0.0078115
5.475,1.4058,0.005,0.0076264,0.003375,0,0,0.0025075,0.008765,0.28268,0.0078434
5.425,1.4558,0.005,0.012066,0.0034313,1.2384e-25,0,0.0024857,0.0088719,0.27944,0.0078777
5.375,1.5059,0.005,0.016428,0.0034874,-3.784e-26,0,0.00246,0.0088932,0.27662,0.007914
5.325,1.5559,0.005,0.020739,0.0035425,2.2645e-25,0,0.0024306,0.008864,0.27421,0.0079518
5.275,1.606,0.005,0.025009,0.003595,-1.9425e-26,0,0.0023976,0.008807,0.27224,0.0079907
5.225,1.656,0.005,0.029244,0.0036437,-1.9623e-26,0,0.0023613,0.0087213,0.27075,0.0080307
5.175,1.706,0.005,0.033451,0.0036873,2.5254e-25,0,0.0023218,0.0086054,0.2698,0.0080719
5.125,1.7561,0.005,0.037638,0.0037248,-1.5185e-25,0,0.0022794,0.0084578,0.2695,0.0081143
5.075,1.8061,0.005,0.041814,0.0037552,1.5844e-25,0,0.0022343,0.0082765,0.26996,0.0081579
5.025,1.8562,0.005,0.04599,0.0037776,-4.185e-26,0,0.002187,0.008059,0.27137,0.0082027
4.975,1.9062,0.005,0.050179,0.0037909,3.0679e-25,0,0.0021377,0.0078027,0.27396,0.0082487
4.925,1.9563,0.005,0.054397,0.0037936,1.1847e-25,0,0.0020869,0.0075046,0.27809,0.0082961
4.875,2.0063,0.005,0.058667,0.0037828,1.5041e-25,0,0.0020354,0.0071613,0.28422,0.0083448
4.825,2.0563,0.005,0.063018,0.0037549,3.7336e-25,0,0.0019839,0.0067695,0.29307,0.0083949
4.775,2.1064,0.005,0.067491,0.0037048,1.4161e-25,0,0.0019338,0.0063263,0.30567,0.0084466
4.725,2.1564,0.005,0.07215,0.0036267,-5.212e-39,0,0.0018867,0.0058299,0.32362,0.0085002
4.675,2.2065,0.005,0.077088,0.0035132,-1.9081e-25,0,0.0018452,0.0052807,0.34943,0.0085562
4.625,2.2565,0.005,0.082447,0.0033541,-7.0422e-26,0,0.0018134,0.0046835,0.3872,0.008615
4.575,2.3066,0.005,0.088455,0.00314,6.0655e-25,0,0.0017978,0.0040501,0.44391,0.0086791
4.525,2.3566,0.005,0.095545,0.0028444,1.013e-25,0,0.0018096,0.0033288,0.53257,0.0087467
4.475,2.4066,0.005,0.10447,0.0024368,8.1927e-26,0,0.0018669,0.0026406,0.66203,0.0088164
4.425,2.4567,0.005,0.11633,0.0018614,-4.6006e-25,0,0.0019935,0.0021088,0.82723,0.008891
4.375,2.5067,0.005,0.13229,0.0010822,-4.8632e-25,0,0.0022152,0.0017801,1.028,0.0089701
4.325,2.5568,0.005,0.15308,0.00011433,1.2316e-24,0,0.0025451,0.001636,1.2644,0.0090535
4.275,2.6068,0.005,0.17849,-0.00095136,2.6141e-25,0,0.0029499,0.001616,1.5262,0.0091403
4.225,2.6569,0.005,0.20762,-0.0019908,-4.1663e-25,0,0.0033344,0.0016421,1.7868,0.0092277
4.175,2.7069,0.005,0.23961,-0.0028699,-2.2284e-25,0,0.0035918,0.0016598,2.0144,0.0093169
4.125,2.7569,0.005,0.2734,-0.0034404,-1.8774e-25,0,0.0036277,0.0016324,2.1924,0.0094092
4.075,2.807,0.005,0.30792,-0.0035353,3.2478e-25,0,0.0033503,0.0014629,2.2902,0.0094961
4.025,2.86,0.005,0.34316,-0.0032208,7.677e-39,0,0.0026815,0.0011597,2.3121,0.0095443
3.975,2.916,0.005,0.37148,-0.0020118,6.6221e-39,0,0.0017041,0.00064954,2.6236,0.009611
3.925,2.972,0.005,0.36443,-0.00084878,9.594e-25,0,0.0021596,0.00029221,7.3907,0.0096288
6.925,0.024,0.005,-0.1973,0.00032917,0,0,0.00092505,0.00016392,5.6432,0.0091701
6.875,0.072,0.005,-0.19943,0.00073657,0,0,0.0010222,0.00057529,1.7768,0.0089956
6.825,0.12,0.005,-0.19214,0.00098098,-2.315e-24,0,0.0013088,0.0012157,1.0766,0.0088405
6.775,0.168,0.005,-0.18364,0.0012064,-1.338e-24,0,0.0015109,0.0018185,0.83085,0.008698
6.725,0.216,0.005,-0.17499,0.0014272,5.2257e-25,0,0.001653,0.0023324,0.70872,0.0085644
6.675,0.264,0.005,-0.16631,0.0016506,2.827e-25,0,0.0017575,0.0027619,0.63634,0.0084423
6.625,0.312,0.005,-0.15767,0.0018602,6.2852e-25,0,0.0018381,0.0031196,0.58921,0.0083297
6.575,0.36,0.005,-0.14866,0.0020174,-5.8974e-25,0,0.001904,0.0030613,0.55524,0.0082218
6.525,0.408,0.005,-0.13894,0.0021193,2.4612e-25,0,0.001962,0.0029401,0.52745,0.0081152
6.475,0.456,0.005,-0.12869,0.0021442,-7.7486e-25,0,0.0020128,0.0029065,0.50222,0.0080243
6.425,0.50502,0.005,-0.11809,0.0021353,-3.3892e-25,0,0.0020586,0.0029782,0.47757,0.0079471
6.375,0.55506,0.005,-0.10748,0.0021283,4.1791e-25,0,0.0021025,0.0031337,0.45367,0.007882
6.325,0.60511,0.005,-0.097261,0.0021474,-2.6802e-25,0,0.0021475,0.0033485,0.43163,0.0078275
6.275,0.65515,0.005,-0.087523,0.0021933,-3.9524e-26,0,0.0021952,0.00361,0.41173,0.0077819
6.225,0.70519,0.005,-0.078296,0.0022595,2.0782e-25,0,0.0022452,0.0039139,0.39397,0.0077442
6.175,0.75523,0.005,-0.069595,0.0023375,1.6557e-25,0,0.0022956,0.0042584,0.37821,0.0077137
6.125,0.80528,0.005,-0.061422,0.0024202,-1.4966e-25,0,0.0023443,0.0046402,0.36428,0.0076899
6.075,0.85532,0.005,-0.053765,0.0025028,-7.6546e-26,0,0.0023894,0.005052,0.35202,0.0076727
6.025,0.90536,0.005,-0.046594,0.0025827,4.0363e-26,0,0.0024295,0.0054838,0.34124,0.0076618
5.975,0.9554,0.005,-0.03987,0.0026592,-1.3993e-25,0,0.0024638,0.0059235,0.33178,0.007657
5.925,1.0054,0.005,-0.033547,0.0027323,-1.2747e-25,0,0.0024918,0.0063586,0.32344,0.0076578
5.875,1.0555,0.005,-0.027575,0.0028028,3.0928e-39,0,0.0025135,0.0067779,0.31606,0.0076638
5.825,1.1055,0.005,-0.021909,0.0028713,1.6303e-25,0,0.0025289,0.0071719,0.3095,0.0076745
5.775,1.1556,0.005,-0.016505,0.0029384,-8.531e-26,0,0.0025383,0.0075336,0.30362,0.0076896
5.725,1.2056,0.005,-0.011327,0.0030046,-7.2072e-27,0,0.002542,0.0078591,0.29833,0.0077086
5.675,1.2557,0.005,-0.0063435,0.00307,-9.2325e-26,0,0.0025402,0.0081468,0.29355,0.0077309
5.625,1.3057,0.005,-0.0015279,0.0031346,-1.902e-25,0,0.0025332,0.0083969,0.28922,0.0077562
5.575,1.3557,0.005,0.0031407,0.0031981,1.9502e-25,0,0.0025215,0.0086089,0.28533,0.0077843
5.525,1.4058,0.005,0.0076817,0.0032606,-1.3079e-26,0,0.0025053,0.0087781,0.28185,0.0078148
5.475,1.4558,0.005,0.012117,0.003322,-1.6432e-26,0,0.0024851,0.0088888,0.27879,0.0078478
5.425,1.5059,0.005,0.016475,0.0033828,-8.78e-26,0,0.0024609,0.0089117,0.27614,0.0078829
5.375,1.5559,0.005,0.020783,0.0034421,-9.1012e-26,0,0.0024329,0.0088823,0.2739,0.0079195
5.325,1.606,0.005,0.025053,0.0034987,7.6126e-26,0,0.0024012,0.008825,0.2721,0.0079573
5.275,1.656,0.005,0.029289,0.003551,1.6475e-38,0,0.0023662,0.0087388,0.27077,0.0079962
5.225,1.706,0.005,0.033499,0.003598,-8.4738e-26,0,0.0023279,0.0086224,0.26998,0.0080363
5.175,1.7561,0.005,0.03769,0.0036384,-2.1793e-25,0,0.0022867,0.008474,0.26985,0.0080775
5.125,1.8061,0.005,0.041871,0.0036712,5.86e-26,0,0.0022428,0.0082918,0.27049,0.0081199
5.075,1.8562,0.005,0.046054,0.0036954,-1.6125e-25,0,0.0021967,0.0080734,0.27209,0.0081635
5.025,1.9062,0.005,0.050252,0.0037098,-1.4934e-25,0,0.0021486,0.007816,0.2749,0.0082083
4.975,1.9563,0.005,0.054482,0.0037128,2.1402e-26,0,0.0020992,0.0075167,0.27927,0.0082544
4.925,2.0063,0.005,0.058768,0.0037017,2.2884e-26,0,0.002049,0.0071722,0.28569,0.0083018
4.875,2.0563,0.005,0.063139,0.0036729,4.3786e-40,0,0.001999,0.0067794,0.29486,0.0083507
4.825,2.1064,0.005,0.06764,0.0036215,1.3683e-25,0,0.0019504,0.0063354,0.30786,0.0084013
4.775,2.1564,0.005,0.072333,0.0035414,2.142e-25,0,0.001905,0.0058387,0.32627,0.0084539
4.725,2.2065,0.005,0.077313,0.0034251,-1.3219e-25,0,0.0018654,0.0052901,0.35263,0.008509
4.675,2.2565,0.005,0.082726,0.0032644,-7.7738e-25,0,0.0018358,0.0046948,0.39104,0.0085674
4.625,2.3066,0.005,0.088804,0.0030477,1.958e-25,0,0.0018228,0.0040649,0.44842,0.00863
4.575,2.3566,0.005,0.095995,0.002748,-1.2446e-25,0,0.0018375,0.0033284,0.53774,0.0086966
4.525,2.4066,0.005,0.10507,0.0023336,-1.6273e-25,0,0.0018984,0.0026429,0.66747,0.0087653
4.475,2.4567,0.005,0.11711,0.0017504,-8.9779e-25,0,0.0020284,0.0021176,0.83194,0.008839
4.425,2.5067,0.005,0.13327,0.00096747,5.0734e-25,0,0.0022519,0.0017947,1.0309,0.0089172
4.375,2.5568,0.005,0.1542,5.4736e-06,2.7334e-25,0,0.0025796,0.0016542,1.2655,0.0089999
4.325,2.6068,0.005,0.17961,-0.0010425,6.9793e-25,0,0.002974,0.0016335,1.5239,0.0090859
4.275,2.6569,0.005,0.20863,-0.0020553,-2.3526e-25,0,0.0033415,0.001657,1.778,0.0091722
4.225,2.7069,0.005,0.24036,-0.0029039,-8.1569e-25,0,0.0035806,0.0016727,1.9984,0.00926
4.175,2.7569,0.005,0.27373,-0.0034457,5.4436e-25,0,0.0036017,0.001643,2.1696,0.0093505
4.125,2.807,0.005,0.30778,-0.0035209,3.1893e-26,0,0.0033171,0.001465,2.2642,0.0094353
4.075,2.86,0.005,0.34249,-0.0031976,-4.05e-25,0,0.0026533,0.0011587,2.29,0.0094821
4.025,2.916,0.005,0.37037,-0.0020014,4.2416e-25,0,0.0016933,0.00064745,2.6153,0.0095476
3.975,2.972,0.005,0.36318,-0.0008507,1.6411e-25,0,0.0021485,0.00029145,7.3716,0.0095641
6.975,0.024,0.005,-0.19781,0.00026906,2.0498e-24,0,0.00093176,0.00016452,5.6636,0.0093506
6.925,0.072,0.005,-0.19964,0.00067833,1.1411e-24,0,0.0010409,0.00058591,1.7766,0.0091513
6.875,0.12,0.005,-0.19225,0.00085417,1.4278e-24,0,0.0013291,0.0012337,1.0774,0.0089762
6.825,0.168,0.005,-0.1837,0.0010518,-1.7628e-24,0,0.001529,0.0018385,0.83169,0.0088133
6.775,0.216,0.005,-0.17501,0.001245,0,0,0.0016677,0.002351,0.70935,0.0086621
6.725,0.264,0.005,-0.16631,0.0014456,-5.35e-25,0,0.0017682,0.0027771,0.6367,0.0085251
6.675,0.312,0.005,-0.15761,0.0016291,3.5918e-25,0,0.0018448,0.0031318,0.58907,0.0083958
6.625,0.36,0.005,-0.14853,0.0017695,1.1751e-24,0,0.0019063,0.0030288,0.55437,0.0082744
6.575,0.408,0.005,-0.13872,0.0018498,-2.8989e-25,0,0.0019594,0.0029077,0.52561,0.0081577
6.525,0.456,0.005,-0.12841,0.0018614,-6.4881e-25,0,0.0020046,0.0028807,0.49937,0.0080578
6.475,0.50502,0.005,-0.11779,0.0018465,7.5692e-25,0,0.0020449,0.0029572,0.47383,0.0079727
6.425,0.55506,0.005,-0.1072,0.0018396,-3.1874e-25,0,0.0020838,0.0031137,0.44931,0.0079006
6.375,0.60511,0.005,-0.097016,0.0018637,-1.8231e-25,0,0.0021251,0.0033261,0.42695,0.0078401
6.325,0.65515,0.005,-0.087311,0.0019179,-6.1119e-26,0,0.0021703,0.0035835,0.40696,0.0077894
6.275,0.70519,0.005,-0.078111,0.0019949,-2.848e-26,0,0.0022188,0.0038832,0.38927,0.0077472
6.225,0.75523,0.005,-0.069431,0.0020854,1.8699e-25,0,0.0022689,0.0042246,0.37369,0.0077127
6.175,0.80528,0.005,-0.061274,0.0021816,1.7504e-25,0,0.0023181,0.0046045,0.36002,0.0076856
6.125,0.85532,0.005,-0.053628,0.0022781,1.2759e-25,0,0.0023644,0.0050163,0.34806,0.0076654
6.075,0.90536,0.005,-0.046468,0.0023717,-5.3949e-26,0,0.0024062,0.0054496,0.33761,0.0076518
6.025,0.9554,0.005,-0.039754,0.0024612,-1.1405e-25,0,0.0024425,0.0058924,0.32848,0.0076445
5.975,1.0054,0.005,-0.033439,0.0025467,2.3297e-34,0,0.0024727,0.0063317,0.32047,0.0076431
5.925,1.0555,0.005,-0.027476,0.0026287,2.6967e-39,0,0.0024967,0.006756,0.31342,0.0076471
5.875,1.1055,0.005,-0.021818,0.0027078,-2.8114e-26,0,0.0025144,0.0071553,0.30717,0.007656
5.825,1.1556,0.005,-0.016423,0.0027847,-7.995e-26,0,0.002526,0.0075225,0.30159,0.0076694
5.775,1.2056,0.005,-0.011252,0.0028599,-8.2491e-27,0,0.0025318,0.0078532,0.29657,0.0076867
5.725,1.2557,0.005,-0.0062758,0.0029335,-1.27e-27,0,0.0025321,0.0081457,0.29204,0.0077075
5.675,1.3057,0.005,-0.0014665,0.0030056,-2.7202e-25,0,0.0025271,0.0084003,0.28795,0.0077315
5.625,1.3557,0.005,0.0031967,0.003076,-8.4842e-26,0,0.0025172,0.0086164,0.28427,0.0077581
5.575,1.4058,0.005,0.007733,0.0031447,1.0795e-25,0,0.0025027,0.0087896,0.28099,0.0077873
5.525,1.4558,0.005,0.012163,0.0032116,0,0,0.0024841,0.0089043,0.27811,0.0078189
5.475,1.5059,0.005,0.016518,0.0032772,1.0239e-25,0,0.0024614,0.0089296,0.27564,0.0078528
5.425,1.5559,0.005,0.020824,0.003341,-1.0608e-25,0,0.0024348,0.0089,0.27358,0.0078883
5.375,1.606,0.005,0.025093,0.0034017,1.5935e-38,0,0.0024046,0.0088423,0.27194,0.0079249
5.325,1.656,0.005,0.029331,0.0034579,9.6326e-26,0,0.0023708,0.0087557,0.27078,0.0079627
5.275,1.706,0.005,0.033543,0.0035083,0,0,0.0023338,0.0086387,0.27016,0.0080016
5.225,1.7561,0.005,0.037739,0.0035516,3.6848e-26,0,0.0022939,0.0084897,0.2702,0.0080416
5.175,1.8061,0.005,0.041926,0.0035869,-2.614e-25,0,0.0022512,0.0083066,0.27102,0.0080828
5.125,1.8562,0.005,0.046116,0.003613,3.8088e-34,0,0.0022063,0.0080873,0.27281,0.0081252
5.075,1.9062,0.005,0.050324,0.0036285,-1.4536e-25,0,0.0021595,0.0078288,0.27584,0.0081688
5.025,1.9563,0.005,0.054568,0.0036319,2.0646e-26,0,0.0021114,0.0075284,0.28046,0.0082137
4.975,2.0063,0.005,0.05887,0.0036206,-1.203e-25,0,0.0020626,0.0071828,0.28715,0.0082599
4.925,2.0563,0.005,0.063262,0.0035909,-3.2919e-25,0,0.002014,0.006789,0.29666,0.0083076
4.875,2.1064,0.005,0.06779,0.0035381,0,0,0.001967,0.0063444,0.31004,0.008357
4.825,2.1564,0.005,0.072517,0.0034559,-6.4316e-40,0,0.0019233,0.0058476,0.32891,0.0084086
4.775,2.2065,0.005,0.077541,0.0033369,3.3511e-25,0,0.0018857,0.0052999,0.35579,0.0084627
4.725,2.2565,0.005,0.083007,0.0031743,-2.5364e-25,0,0.0018583,0.0047069,0.3948,0.0085207
4.675,2.3066,0.005,0.089156,0.0029541,-5.7766e-25,0,0.0018478,0.0040753,0.45283,0.008582
4.625,2.3566,0.005,0.09645,0.0026519,-3.165e-38,0,0.0018656,0.0033277,0.54274,0.0086473
4.575,2.4066,0.005,0.10568,0.0022308,-3.2502e-25,0,0.00193,0.0026454,0.67268,0.0087151
4.525,2.4567,0.005,0.11791,0.0016401,6.5181e-25,0,0.0020633,0.0021268,0.83636,0.008788
4.475,2.5067,0.005,0.13425,0.00085373,2.5408e-25,0,0.0022881,0.0018097,1.0335,0.0088654
4.425,2.5568,0.005,0.1553,-0.00010191,-9.0537e-25,0,0.0026133,0.0016725,1.2664,0.0089473
4.375,2.6068,0.005,0.18071,-0.0011321,2.5954e-25,0,0.002997,0.0016511,1.5215,0.0090325
4.325,2.6569,0.005,0.20961,-0.0021185,7.8933e-25,0,0.0033477,0.0016719,1.769,0.0091178
4.275,2.7069,0.005,0.24107,-0.0029358,-4.2736e-25,0,0.003569,0.0016855,1.9825,0.0092043
4.225,2.7569,0.005,0.27404,-0.0034497,3.524e-33,0,0.0035759,0.0016536,2.1472,0.0092928
4.175,2.807,0.005,0.30762,-0.0035066,-3.1921e-25,0,0.0032844,0.001467,2.2388,0.0093756
4.125,2.86,0.005,0.34183,-0.0031747,-8.391e-25,0,0.0026255,0.0011575,2.2683,0.009421
4.075,2.916,0.005,0.36927,-0.0019908,-1.0509e-25,0,0.0016822,0.00064534,2.6067,0.0094854
4.025,2.972,0.005,0.36194,-0.00085243,-4.6504e-25,0,0.0021372,0.00029069,7.3523,0.0095007
7.025,0.024,0.005,-0.19825,0.00020014,-4.5019e-40,0,0.00093838,0.0001651,5.6837,0.0095513
6.975,0.072,0.005,-0.19978,0.00059236,1.2151e-24,0,0.0010603,0.00059695,1.7763,0.0093254
6.925,0.12,0.005,-0.1923,0.00071169,2.3517e-24,0,0.00135,0.0012521,1.0781,0.0091291
6.875,0.168,0.005,-0.18371,0.0008824,3.2441e-25,0,0.0015474,0.0018587,0.83255,0.0089429
6.825,0.216,0.005,-0.17499,0.0010421,-1.5241e-24,0,0.0016825,0.0023697,0.70999,0.0087721
6.775,0.264,0.005,-0.16626,0.001219,3.6035e-25,0,0.0017789,0.0027924,0.63706,0.0086178
6.725,0.312,0.005,-0.15752,0.0013755,-1.7278e-38,0,0.0018513,0.0031146,0.58888,0.0084714
6.675,0.36,0.005,-0.14836,0.0014974,7.758e-25,0,0.0019083,0.0029965,0.55339,0.0083337
6.625,0.408,0.005,-0.13845,0.0015537,-4.7136e-25,0,0.0019562,0.0028769,0.52362,0.008207
6.575,0.456,0.005,-0.12809,0.0015535,-6.9919e-25,0,0.0019957,0.0028568,0.49634,0.0080973
6.525,0.50502,0.005,-0.11747,0.0015342,0,0,0.0020304,0.0029377,0.46993,0.0080035
6.475,0.55506,0.005,-0.1069,0.0015292,3.3834e-25,0,0.0020644,0.0030947,0.44482,0.0079237
6.425,0.60511,0.005,-0.096758,0.0015597,-1.2915e-25,0,0.0021019,0.0033044,0.42215,0.0078566
6.375,0.65515,0.005,-0.08709,0.0016238,0,0,0.0021444,0.0035576,0.40208,0.0078001
6.325,0.70519,0.005,-0.077921,0.001713,-2.2991e-25,0,0.0021915,0.0038529,0.38447,0.007753
6.275,0.75523,0.005,-0.069265,0.0018176,-1.7774e-25,0,0.0022411,0.0041907,0.36907,0.0077144
6.225,0.80528,0.005,-0.061126,0.001929,-9.6194e-27,0,0.0022908,0.0045685,0.35565,0.0076836
6.175,0.85532,0.005,-0.053494,0.002041,-1.3351e-25,0,0.0023383,0.0049799,0.34399,0.0076602
6.125,0.90536,0.005,-0.046345,0.0021499,-1.8796e-40,0,0.0023818,0.0054146,0.33387,0.0076437
6.075,0.9554,0.005,-0.039641,0.002254,1.6337e-34,0,0.0024201,0.0058601,0.32508,0.0076339
6.025,1.0054,0.005,-0.033336,0.0023531,-1.2231e-25,0,0.0024526,0.0063035,0.31742,0.0076301
5.975,1.0555,0.005,-0.027382,0.0024477,-8.3937e-26,0,0.0024788,0.0067325,0.31071,0.007632
5.925,1.1055,0.005,-0.021732,0.0025385,2.9886e-26,0,0.0024989,0.0071371,0.30477,0.0076389
5.875,1.1556,0.005,-0.016345,0.0026261,7.4397e-26,0,0.0025128,0.0075098,0.29949,0.0076505
5.825,1.2056,0.005,-0.011182,0.002711,1.5724e-25,0,0.0025209,0.0078458,0.29475,0.0076662
5.775,1.2557,0.005,-0.0062128,0.0027936,-1.6255e-43,0,0.0025232,0.0081433,0.29048,0.0076854
5.725,1.3057,0.005,-0.0014098,0.0028738,8.9464e-26,0,0.0025203,0.0084023,0.28663,0.0077079
5.675,1.3557,0.005,0.0032482,0.0029517,-1.9308e-25,0,0.0025123,0.0086225,0.28318,0.0077331
5.625,1.4058,0.005,0.00778,0.003027,1.1092e-26,0,0.0024996,0.0087996,0.2801,0.0077609
5.575,1.4558,0.005,0.012207,0.0030997,0,0,0.0024826,0.0089183,0.27742,0.0077911
5.525,1.5059,0.005,0.016558,0.0031705,-9.8611e-26,0,0.0024615,0.0089467,0.27513,0.0078237
5.475,1.5559,0.005,0.020862,0.003239,1.1994e-25,0,0.0024365,0.0089169,0.27324,0.007858
5.425,1.606,0.005,0.025131,0.003304,-1.5894e-25,0,0.0024077,0.008859,0.27178,0.0078934
5.375,1.656,0.005,0.02937,0.0033641,7.8946e-39,0,0.0023753,0.0087719,0.27078,0.0079301
5.325,1.706,0.005,0.033585,0.003418,1.6844e-25,0,0.0023396,0.0086544,0.27034,0.0079678
5.275,1.7561,0.005,0.037785,0.0034644,-8.5807e-26,0,0.0023009,0.0085047,0.27054,0.0080067
5.225,1.8061,0.005,0.041979,0.0035022,-1.2708e-25,0,0.0022595,0.0083208,0.27155,0.0080468
5.175,1.8562,0.005,0.046178,0.0035302,1.3379e-25,0,0.0022159,0.0081006,0.27354,0.008088
5.125,1.9062,0.005,0.050396,0.0035469,-1.4144e-25,0,0.0021703,0.0078412,0.27679,0.0081304
5.075,1.9563,0.005,0.054653,0.0035507,-1.5023e-25,0,0.0021235,0.0075397,0.28165,0.008174
5.025,2.0063,0.005,0.058972,0.0035392,4.3491e-26,0,0.0020761,0.0071931,0.28863,0.008219
4.975,2.0563,0.005,0.063386,0.0035087,-1.4769e-25,0,0.0020291,0.0067985,0.29846,0.0082656
4.925,2.1064,0.005,0.067942,0.0034545,-2.1621e-25,0,0.0019836,0.0063534,0.31221,0.0083139
4.875,2.1564,0.005,0.072704,0.0033704,-2.0363e-25,0,0.0019417,0.0058568,0.33153,0.0083643
4.825,2.2065,0.005,0.077771,0.0032487,3.311e-25,0,0.001906,0.0053103,0.35893,0.0084175
4.775,2.2565,0.005,0.08329,0.0030841,2.4839e-25,0,0.0018808,0.0047199,0.3985,0.0084749
4.725,2.3066,0.005,0.089511,0.0028602,-2.8198e-25,0,0.001873,0.0040765,0.45713,0.008535
4.675,2.3566,0.005,0.09691,0.0025554,-3.3267e-25,0,0.0018937,0.0033269,0.54759,0.0085986
4.625,2.4066,0.005,0.10629,0.0021277,-7.0989e-25,0,0.0019617,0.0026482,0.67766,0.0086659
4.575,2.4567,0.005,0.11871,0.0015302,4.2758e-25,0,0.0020981,0.0021366,0.84053,0.008738
4.525,2.5067,0.005,0.13523,0.00074104,2.547e-25,0,0.002324,0.001825,1.0359,0.0088147
4.475,2.5568,0.005,0.15639,-0.00020767,1.05e-25,0,0.0026464,0.0016911,1.2673,0.0088958
4.425,2.6068,0.005,0.18179,-0.00122,-1.5638e-25,0,0.0030191,0.0016686,1.519,0.0089802
4.375,2.6569,0.005,0.21055,-0.002181,2.2037e-39,0,0.0033531,0.0016868,1.7599,0.0090645
4.325,2.7069,0.005,0.24176,-0.0029656,-2.0825e-25,0,0.003557,0.0016982,1.9667,0.0091502
4.275,2.7569,0.005,0.27433,-0.0034523,-1.7857e-25,0,0.0035502,0.0016641,2.1251,0.0092362
4.225,2.807,0.005,0.30744,-0.0034921,-3.1368e-25,0,0.0032523,0.001469,2.214,0.0093169
4.175,2.86,0.005,0.34117,-0.0031523,3.9169e-25,0,0.002598,0.0011562,2.247,0.009361
4.125,2.916,0.005,0.36817,-0.0019801,-2.0795e-38,0,0.001671,0.00064319,2.598,0.0094242
4.075,2.972,0.005,0.3607,-0.00085395,-4.5805e-25,0,0.0021259,0.00028992,7.3328,0.0094384
7.075,0.024,0.005,-0.19862,0.00012449,-9.5278e-38,0,0.00094492,0.00016567,5.7035,0.0097753
7.025,0.072,0.005,-0.19986,0.00051494,-1.9694e-24,0,0.0010804,0.00060835,1.776,0.0095201
6.975,0.12,0.005,-0.19229,0.0005537,-1.8093e-24,0,0.0013713,0.001271,1.0789,0.0092996
6.925,0.168,0.005,-0.18366,0.0006921,3.6867e-24,0,0.0015661,0.0018791,0.83345,0.0090887
6.875,0.216,0.005,-0.17491,0.00081583,-3.8186e-25,0,0.0016975,0.0023886,0.71065,0.0088961
6.825,0.264,0.005,-0.16617,0.00096581,-2.6882e-25,0,0.0017896,0.0028076,0.63741,0.0087218
6.775,0.312,0.005,-0.15737,0.0011001,-8.697e-26,0,0.0018576,0.0030903,0.58864,0.0085574
6.725,0.36,0.005,-0.14812,0.0011983,-4.5261e-25,0,0.00191,0.0029649,0.55228,0.0084021
6.675,0.408,0.005,-0.13813,0.001229,7.8382e-25,0,0.0019525,0.0028477,0.52147,0.0082637
6.625,0.456,0.005,-0.12773,0.0012182,-1.0175e-24,0,0.0019861,0.0028347,0.49315,0.0081434
6.575,0.50502,0.005,-0.11712,0.0011961,-1.3882e-25,0,0.0020152,0.0029197,0.46588,0.00804
6.525,0.55506,0.005,-0.10659,0.0011947,2.188e-25,0,0.0020444,0.003077,0.44021,0.0079517
6.475,0.60511,0.005,-0.096486,0.0012333,-3.1883e-25,0,0.002078,0.0032837,0.41727,0.0078771
6.425,0.65515,0.005,-0.08686,0.0013088,0,0,0.0021179,0.0035323,0.39712,0.0078144
6.375,0.70519,0.005,-0.077726,0.001412,3.1273e-25,0,0.0021634,0.003823,0.37958,0.007762
6.325,0.75523,0.005,-0.069097,0.0015324,-7.3186e-26,0,0.0022124,0.004157,0.36436,0.0077187
6.275,0.80528,0.005,-0.060978,0.0016606,-6.0819e-39,0,0.0022625,0.0045325,0.3512,0.007684
6.225,0.85532,0.005,-0.053363,0.0017899,-1.5065e-25,0,0.0023111,0.0049432,0.33984,0.0076571
6.175,0.90536,0.005,-0.046226,0.0019158,8.4271e-26,0,0.0023562,0.0053788,0.33005,0.0076376
6.125,0.9554,0.005,-0.039533,0.0020361,-7.1264e-27,0,0.0023966,0.0058268,0.32161,0.007625
6.075,1.0054,0.005,-0.033237,0.0021505,-2.5692e-34,0,0.0024313,0.0062739,0.31429,0.0076188
6.025,1.0555,0.005,-0.027292,0.002259,-1.6028e-25,0,0.0024599,0.0067076,0.30792,0.0076184
5.975,1.1055,0.005,-0.021651,0.0023625,-9.5104e-26,0,0.0024824,0.0071174,0.30231,0.0076234
5.925,1.1556,0.005,-0.016272,0.0024618,-7.4898e-39,0,0.0024987,0.0074955,0.29733,0.007633
5.875,1.2056,0.005,-0.011118,0.0025574,1.0634e-26,0,0.0025091,0.007837,0.29288,0.007647
5.825,1.2557,0.005,-0.0061548,0.0026496,7.7541e-26,0,0.0025137,0.0081395,0.28888,0.0076646
5.775,1.3057,0.005,-0.0013578,0.0027388,8.6288e-26,0,0.0025128,0.008403,0.28528,0.0076855
5.725,1.3557,0.005,0.0032951,0.0028246,-1.758e-25,0,0.0025068,0.0086272,0.28205,0.0077093
5.675,1.4058,0.005,0.0078228,0.0029071,-8.7559e-26,0,0.002496,0.0088081,0.27919,0.0077356
5.625,1.4558,0.005,0.012246,0.0029861,-1.3638e-26,0,0.0024807,0.0089308,0.27671,0.0077644
5.575,1.5059,0.005,0.016594,0.0030624,1.895e-25,0,0.0024613,0.0089629,0.27461,0.0077957
5.525,1.5559,0.005,0.020896,0.0031357,0,0,0.0024378,0.0089331,0.2729,0.0078287
5.475,1.606,0.005,0.025165,0.0032052,6.9249e-26,0,0.0024104,0.0088749,0.2716,0.007863
5.425,1.656,0.005,0.029406,0.0032694,9.0565e-26,0,0.0023795,0.0087875,0.27078,0.0078984
5.375,1.706,0.005,0.033625,0.0033269,1.2264e-38,0,0.0023451,0.0086694,0.27051,0.007935
5.325,1.7561,0.005,0.03783,0.0033764,1.3449e-25,0,0.0023078,0.0085191,0.27089,0.0079728
5.275,1.8061,0.005,0.04203,0.0034169,1.2344e-25,0,0.0022677,0.0083345,0.27208,0.0080116
5.225,1.8562,0.005,0.046238,0.0034468,-5.2589e-26,0,0.0022253,0.0081134,0.27428,0.0080517
5.175,1.9062,0.005,0.050468,0.0034649,1.3756e-25,0,0.0021811,0.007853,0.27774,0.0080929
5.125,1.9563,0.005,0.054738,0.0034692,1.9393e-26,0,0.0021356,0.0075506,0.28284,0.0081354
5.075,2.0063,0.005,0.059075,0.0034574,-1.3473e-25,0,0.0020896,0.0072032,0.2901,0.0081793
5.025,2.0563,0.005,0.063512,0.0034261,1.921e-25,0,0.0020441,0.0068078,0.30025,0.0082246
4.975,2.1064,0.005,0.068096,0.0033707,-2.4051e-25,0,0.0020003,0.0063625,0.31439,0.0082718
4.925,2.1564,0.005,0.072894,0.0032848,0,0,0.0019601,0.0058662,0.33413,0.0083212
4.875,2.2065,0.005,0.078004,0.0031607,-5.4099e-26,0,0.0019264,0.0053211,0.36203,0.0083733
4.825,2.2565,0.005,0.083576,0.0029939,7.274e-25,0,0.0019035,0.0047336,0.40212,0.0084299
4.775,2.3066,0.005,0.089869,0.0027671,1.8464e-25,0,0.0018982,0.0040767,0.46133,0.0084891
4.725,2.3566,0.005,0.097377,0.0024582,-2.4324e-25,0,0.0019221,0.0033258,0.55231,0.008551
4.675,2.4066,0.005,0.10691,0.0020239,-1.6513e-25,0,0.0019934,0.0026513,0.68247,0.0086176
4.625,2.4567,0.005,0.11951,0.0014205,-2.0118e-25,0,0.0021328,0.0021468,0.84451,0.0086889
4.575,2.5067,0.005,0.1362,0.00062946,2.5574e-25,0,0.0023596,0.0018408,1.038,0.008765
4.525,2.5568,0.005,0.15746,-0.0003117,6.985e-25,0,0.0026787,0.0017098,1.2681,0.0088453
4.475,2.6068,0.005,0.18285,-0.0013059,-1.472e-25,0,0.0030402,0.0016862,1.5165,0.0089288
4.425,2.6569,0.005,0.21147,-0.0022424,-9.8842e-25,0,0.0033576,0.0017017,1.7507,0.0090121
4.375,2.7069,0.005,0.24241,-0.0029941,3.4725e-25,0,0.0035446,0.0017109,1.951,0.0090976
4.325,2.7569,0.005,0.2746,-0.0034556,0,0,0.0035247,0.0016745,2.1034,0.0091805
4.275,2.807,0.005,0.30726,-0.0034775,3.1626e-27,0,0.0032206,0.0014708,2.1896,0.0092591
4.225,2.86,0.005,0.34052,-0.0031303,3.892e-25,0,0.002571,0.0011549,2.2262,0.009302
4.175,2.916,0.005,0.36709,-0.0019693,-1.0248e-38,0,0.0016597,0.00064102,2.5892,0.0093642
4.125,2.972,0.005,0.35946,-0.00085525,-5.3416e-25,0,0.0021146,0.00028915,7.3133,0.0093773
7.125,0.024,0.005,-0.1989,3.5619e-05,-1.0597e-37,0,0.0009514,0.00016624,5.723,0.010026
7.075,0.072,0.005,-0.19987,0.00042104,-7.5755e-25,0,0.0011012,0.00062015,1.7757,0.0097375
7.025,0.12,0.005,-0.19221,0.0003749,3.9133e-25,0,0.0013932,0.0012902,1.0799,0.0094912
6.975,0.168,0.005,-0.18355,0.00047703,-1.2296e-24,0,0.0015852,0.0018997,0.83444,0.0092519
6.925,0.216,0.005,-0.17477,0.00056265,2.4311e-24,0,0.0017126,0.0024075,0.71136,0.0090352
6.875,0.264,0.005,-0.16601,0.00068342,3.044e-25,0,0.0018003,0.0028229,0.63777,0.0088389
6.825,0.312,0.005,-0.15716,0.00079327,4.9984e-25,0,0.0018638,0.0030663,0.58836,0.0086548
6.775,0.36,0.005,-0.14783,0.00086899,-1.06e-24,0,0.0019113,0.0029343,0.55106,0.0084816
6.725,0.408,0.005,-0.13777,0.00087562,4.5471e-25,0,0.0019481,0.0028207,0.51918,0.0083291
6.675,0.456,0.005,-0.12734,0.00085341,-1.0707e-25,0,0.0019759,0.0028145,0.48981,0.0081968
6.625,0.50502,0.005,-0.11674,0.00082984,-4.6932e-25,0,0.0019993,0.0029034,0.46172,0.0080827
6.575,0.55506,0.005,-0.10625,0.0008335,0,0,0.0020237,0.0030606,0.43551,0.007985
6.525,0.60511,0.005,-0.0962,0.00088196,-1.4478e-25,0,0.0020535,0.003264,0.41231,0.0079023
6.475,0.65515,0.005,-0.08662,0.00097062,1.3982e-25,0,0.0020907,0.0035079,0.3921,0.0078326
6.425,0.70519,0.005,-0.077525,0.0010895,-9.3726e-26,0,0.0021345,0.0037938,0.37463,0.0077743
6.375,0.75523,0.005,-0.068926,0.0012274,1.6203e-25,0,0.0021829,0.0041237,0.35959,0.007726
6.325,0.80528,0.005,-0.060831,0.0013744,1.2854e-25,0,0.0022332,0.0044965,0.34667,0.007687
6.275,0.85532,0.005,-0.053233,0.0015229,1.4719e-25,0,0.0022828,0.0049062,0.33561,0.0076564
6.225,0.90536,0.005,-0.046111,0.0016677,-1.1666e-25,0,0.0023295,0.0053425,0.32614,0.0076336
6.175,0.9554,0.005,-0.039429,0.0018062,-1.1976e-25,0,0.0023719,0.0057927,0.31805,0.0076181
6.125,1.0054,0.005,-0.033143,0.0019374,9.4697e-26,0,0.0024089,0.0062433,0.31108,0.0076093
6.075,1.0555,0.005,-0.027208,0.0020614,1.4909e-25,0,0.00244,0.0066814,0.30505,0.0076066
6.025,1.1055,0.005,-0.021576,0.002179,-4.5524e-26,0,0.0024649,0.0070963,0.29977,0.0076093
5.975,1.1556,0.005,-0.016205,0.0022911,-8.4368e-26,0,0.0024837,0.0074798,0.29511,0.007617
5.925,1.2056,0.005,-0.011058,0.0023982,-7.9802e-26,0,0.0024964,0.0078266,0.29096,0.0076292
5.875,1.2557,0.005,-0.0061017,0.0025011,5.1476e-39,0,0.0025033,0.0081343,0.28724,0.0076451
5.825,1.3057,0.005,-0.0013107,0.0025998,1.5204e-25,0,0.0025046,0.0084023,0.28389,0.0076645
5.775,1.3557,0.005,0.0033373,0.0026944,1.4886e-25,0,0.0025007,0.0086304,0.2809,0.0076867
5.725,1.4058,0.005,0.0078612,0.0027846,7.4266e-26,0,0.0024918,0.008815,0.27826,0.0077115
5.675,1.4558,0.005,0.012281,0.0028703,1.2637e-26,0,0.0024784,0.0089418,0.27597,0.0077388
5.625,1.5059,0.005,0.016627,0.0029525,-1.0634e-25,0,0.0024606,0.0089783,0.27406,0.0077687
5.575,1.5559,0.005,0.020927,0.003031,9.4903e-26,0,0.0024388,0.0089484,0.27254,0.0078006
5.525,1.606,0.005,0.025196,0.0031052,0,0,0.0024129,0.0088901,0.27142,0.0078336
5.475,1.656,0.005,0.029439,0.0031736,-2.0752e-25,0,0.0023834,0.0088023,0.27077,0.0078678
5.425,1.706,0.005,0.033662,0.0032348,-6.0086e-26,0,0.0023505,0.0086838,0.27068,0.0079032
5.375,1.7561,0.005,0.037872,0.0032876,8.0979e-39,0,0.0023145,0.0085329,0.27124,0.0079398
5.325,1.8061,0.005,0.04208,0.0033307,3.4291e-25,0,0.0022757,0.0083476,0.27262,0.0079775
5.275,1.8562,0.005,0.046298,0.0033628,-3.3713e-26,0,0.0022347,0.0081257,0.27501,0.0080164
5.225,1.9062,0.005,0.050539,0.0033822,1.3369e-25,0,0.0021918,0.0078645,0.2787,0.0080564
5.175,1.9563,0.005,0.054824,0.0033871,1.0438e-25,0,0.0021477,0.0075612,0.28404,0.0080978
5.125,2.0063,0.005,0.059179,0.0033751,2.6161e-25,0,0.0021031,0.0072129,0.29158,0.0081405
5.075,2.0563,0.005,0.063639,0.003343,4.8905e-25,0,0.0020591,0.0068171,0.30205,0.0081848
5.025,2.1064,0.005,0.068251,0.0032864,1.1746e-25,0,0.0020169,0.0063716,0.31655,0.0082308
4.975,2.1564,0.005,0.073085,0.003199,-1.3455e-39,0,0.0019786,0.0058759,0.33672,0.0082791
4.925,2.2065,0.005,0.07824,0.0030726,-1.5795e-25,0,0.0019469,0.0053325,0.36509,0.0083302
4.875,2.2565,0.005,0.083864,0.0029038,-7.3805e-26,0,0.0019262,0.004748,0.40569,0.008386
4.825,2.3066,0.005,0.090232,0.0026741,5.3714e-25,0,0.0019235,0.0040763,0.46543,0.0084443
4.775,2.3566,0.005,0.097851,0.0023606,7.3019e-26,0,0.0019505,0.0033243,0.55691,0.0085048
4.725,2.4066,0.005,0.10754,0.0019193,-1.3607e-25,0,0.0020253,0.0026548,0.6871,0.0085703
4.675,2.4567,0.005,0.12031,0.0013108,1.4384e-38,0,0.0021675,0.0021576,0.84835,0.0086408
4.625,2.5067,0.005,0.13717,0.0005189,-4.2325e-25,0,0.002395,0.0018572,1.0404,0.0087163
4.575,2.5568,0.005,0.15852,-0.00041395,1.0988e-24,0,0.0027102,0.0017287,1.2689,0.0087959
4.525,2.6068,0.005,0.18388,-0.0013897,6.4599e-25,0,0.0030604,0.0017039,1.514,0.0088784
4.475,2.6569,0.005,0.21236,-0.0023017,-6.0099e-25,0,0.0033613,0.0017166,1.7414,0.0089605
4.425,2.7069,0.005,0.24303,-0.0030217,-3.9767e-25,0,0.0035319,0.0017235,1.9353,0.0090455
4.375,2.7569,0.005,0.27484,-0.0034596,1.8696e-25,0,0.0034992,0.0016807,2.082,0.0091259
4.325,2.807,0.005,0.30706,-0.0034627,6.5605e-25,0,0.0031895,0.0014726,2.1658,0.0092017
4.275,2.86,0.005,0.33986,-0.0031088,3.871e-25,0,0.0025443,0.0011535,2.2058,0.009244
4.225,2.916,0.005,0.36602,-0.0019584,-3.9906e-25,0,0.0016483,0.00063882,2.5802,0.0093053
4.175,2.972,0.005,0.35823,-0.00085632,3.613e-25,0,0.0021032,0.00028837,7.2936,0.0093173
7.175,0.024,0.005,-0.19908,-5.9434e-05,1.1737e-37,0,0.00095783,0.0001668,5.7423,0.010305
7.125,0.072,0.005,-0.19979,0.00030919,4.4686e-25,0,0.0011228,0.00063232,1.7757,0.0099792
7.075,0.12,0.005,-0.19205,0.00017007,-2.725e-24,0,0.0014157,0.0013096,1.081,0.0097049
7.025,0.168,0.005,-0.18337,0.00023675,5.0387e-25,0,0.0016046,0.0019205,0.83552,0.0094346
6.975,0.216,0.005,-0.17457,0.00027949,-5.7584e-25,0,0.0017279,0.0024263,0.71213,0.0091911
6.925,0.264,0.005,-0.16579,0.00036861,1.3478e-24,0,0.0018111,0.002838,0.63815,0.0089703
6.875,0.312,0.005,-0.15689,0.00045155,5.4803e-25,0,0.0018697,0.0030422,0.58805,0.0087649
6.825,0.36,0.005,-0.14748,0.00050398,-6.053e-25,0,0.0019122,0.0029049,0.54976,0.0085727
6.775,0.408,0.005,-0.13735,0.00049064,-1.6479e-24,0,0.0019432,0.0027961,0.51675,0.0084043
6.725,0.456,0.005,-0.12691,0.00045736,4.4592e-25,0,0.001965,0.0027961,0.48634,0.0082584
6.675,0.50502,0.005,-0.11634,0.00043299,-3.8731e-25,0,0.0019829,0.0028885,0.45746,0.0081323
6.625,0.55506,0.005,-0.10589,0.00044304,8.2581e-25,0,0.0020024,0.0030454,0.43076,0.0080241
6.575,0.60511,0.005,-0.095899,0.00050295,-2.3385e-25,0,0.0020285,0.0032455,0.40731,0.0079325
6.525,0.65515,0.005,-0.08637,0.00060651,-7.3357e-39,0,0.0020629,0.0034846,0.38703,0.0078551
6.475,0.70519,0.005,-0.077318,0.00074293,-2.7333e-25,0,0.0021049,0.0037655,0.36964,0.0077903
6.425,0.75523,0.005,-0.068753,0.0009004,1.5583e-25,0,0.0021525,0.0040911,0.35476,0.0077365
6.375,0.80528,0.005,-0.060684,0.0010682,-1.4725e-25,0,0.0022029,0.004461,0.34208,0.0076928
6.325,0.85532,0.005,-0.053106,0.0012379,-1.7272e-25,0,0.0022534,0.0048692,0.3313,0.0076581
6.275,0.90536,0.005,-0.045999,0.0014037,2.4568e-25,0,0.0023017,0.0053059,0.32217,0.0076319
6.225,0.9554,0.005,-0.039329,0.0015623,1.8979e-34,0,0.002346,0.005758,0.31441,0.0076132
6.175,1.0054,0.005,-0.033054,0.0017123,-1.4296e-25,0,0.0023853,0.0062117,0.3078,0.0076016
6.125,1.0555,0.005,-0.027128,0.0018536,1.0412e-25,0,0.0024189,0.0066541,0.30211,0.0075964
6.075,1.1055,0.005,-0.021505,0.0019868,2.2191e-25,0,0.0024464,0.0070739,0.29717,0.0075969
6.025,1.1556,0.005,-0.016143,0.002113,5.6446e-26,0,0.0024677,0.0074626,0.29284,0.0076026
5.975,1.2056,0.005,-0.011003,0.0022329,-6.2126e-26,0,0.0024829,0.0078148,0.28899,0.0076128
5.925,1.2557,0.005,-0.0060539,0.0023472,-6.7159e-26,0,0.0024922,0.0081276,0.28554,0.007627
5.875,1.3057,0.005,-0.0012686,0.0024564,3.6242e-28,0,0.0024957,0.0084002,0.28246,0.0076447
5.825,1.3557,0.005,0.0033747,0.0025604,1.5092e-25,0,0.0024939,0.0086323,0.27971,0.0076654
5.775,1.4058,0.005,0.0078952,0.002659,-1.5911e-26,0,0.0024871,0.0088203,0.27729,0.0076887
5.725,1.4558,0.005,0.012313,0.002752,0,0,0.0024755,0.0089511,0.27522,0.0077144
5.675,1.5059,0.005,0.016656,0.0028405,-1.5882e-25,0,0.0024596,0.0089928,0.2735,0.0077429
5.625,1.5559,0.005,0.020955,0.0029246,-9.1036e-26,0,0.0024394,0.0089629,0.27216,0.0077734
5.575,1.606,0.005,0.025224,0.0030037,1.599e-25,0,0.0024151,0.0089044,0.27123,0.0078052
5.525,1.656,0.005,0.029469,0.0030764,2.8536e-38,0,0.0023871,0.0088164,0.27076,0.0078382
5.475,1.706,0.005,0.033696,0.0031415,1.5531e-26,0,0.0023556,0.0086975,0.27084,0.0078724
5.425,1.7561,0.005,0.037913,0.0031977,1.5615e-26,0,0.002321,0.008546,0.27159,0.0079078
5.375,1.8061,0.005,0.042129,0.0032436,3.1639e-26,0,0.0022836,0.0083601,0.27316,0.0079443
5.325,1.8562,0.005,0.046356,0.0032779,-1.2257e-25,0,0.0022439,0.0081374,0.27575,0.007982
5.275,1.9062,0.005,0.05061,0.0032987,-2.5965e-25,0,0.0022024,0.0078755,0.27966,0.008021
5.225,1.9563,0.005,0.054911,0.0033044,-3.6709e-34,0,0.0021597,0.0075714,0.28525,0.0080612
5.175,2.0063,0.005,0.059285,0.0032923,4.8386e-25,0,0.0021166,0.0072225,0.29306,0.0081028
5.125,2.0563,0.005,0.063768,0.0032594,-2.0692e-25,0,0.0020741,0.0068262,0.30384,0.008146
5.075,2.1064,0.005,0.068409,0.0032015,2.8316e-25,0,0.0020336,0.0063808,0.31871,0.008191
5.025,2.1564,0.005,0.073278,0.0031128,1.8689e-25,0,0.0019971,0.0058859,0.33929,0.0082382
4.975,2.2065,0.005,0.078477,0.0029847,-9.6268e-26,0,0.0019674,0.0053443,0.36813,0.0082881
4.925,2.2565,0.005,0.084155,0.0028137,-6.9019e-25,0,0.001949,0.0047631,0.4092,0.0083431
4.875,2.3066,0.005,0.090597,0.0025809,1.8029e-25,0,0.0019489,0.0040752,0.46945,0.0084005
4.825,2.3566,0.005,0.09833,0.0022627,-1.2041e-25,0,0.001979,0.0033226,0.56136,0.0084598
4.775,2.4066,0.005,0.10817,0.0018146,-3.3605e-25,0,0.0020571,0.0026586,0.69155,0.0085242
4.725,2.4567,0.005,0.12112,0.0012008,3.9426e-25,0,0.0022022,0.0021688,0.85204,0.0085938
4.675,2.5067,0.005,0.13814,0.0004091,4.1077e-25,0,0.0024302,0.0018742,1.0431,0.0086686
4.625,2.5568,0.005,0.15956,-0.00051451,-1.6697e-38,0,0.0027409,0.0017478,1.2698,0.0087476
4.575,2.6068,0.005,0.18488,-0.0014715,6.3265e-25,0,0.0030795,0.0017216,1.5113,0.008829
4.525,2.6569,0.005,0.21322,-0.0023587,1.2642e-25,0,0.0033643,0.0017315,1.7321,0.00891
4.475,2.7069,0.005,0.24362,-0.0030484,-5.3125e-25,0,0.0035188,0.001736,1.9196,0.008994
4.425,2.7569,0.005,0.27506,-0.0034616,-1.8953e-25,0,0.0034736,0.0016855,2.0609,0.0090724
4.375,2.807,0.005,0.30686,-0.0034478,1.5998e-26,0,0.0031588,0.0014743,2.1426,0.0091451
4.325,2.86,0.005,0.33921,-0.0030882,-3.7378e-25,0,0.0025179,0.001152,2.1857,0.009187
4.275,2.916,0.005,0.36495,-0.0019475,1.6957e-39,0,0.0016367,0.00063661,2.571,0.0092474
4.225,2.972,0.005,0.35701,-0.00085718,4.3797e-25,0,0.0020918,0.00028758,7.2738,0.0092584
7.225,0.024,0.005,-0.19915,-0.00017087,2.9221e-25,0,0.00096425,0.00016736,5.7615,0.010616
7.175,0.072,0.005,-0.19961,0.00018176,-3.2174e-24,0,0.0011454,0.00064481,1.7763,0.010248
7.125,0.12,0.005,-0.1918,-5.9202e-05,-1.4914e-24,0,0.0014388,0.0013294,1.0823,0.0099424
7.075,0.168,0.005,-0.18311,-3.4129e-05,5.7927e-25,0,0.0016243,0.0019413,0.83673,0.0096381
7.025,0.216,0.005,-0.17429,-3.6572e-05,-1.1858e-24,0,0.0017433,0.0024451,0.71299,0.0093654
6.975,0.264,0.005,-0.16551,1.8232e-05,-7.7883e-25,0,0.0018218,0.002853,0.63856,0.0091177
6.925,0.312,0.005,-0.15656,7.219e-05,5.9945e-25,0,0.0018755,0.0030181,0.58772,0.008889
6.875,0.36,0.005,-0.14707,0.00010023,1.3173e-24,0,0.0019127,0.0028767,0.54837,0.0086764
6.825,0.408,0.005,-0.13689,6.8379e-05,-1.2057e-24,0,0.0019378,0.0027741,0.51421,0.0084903
6.775,0.456,0.005,-0.12644,2.6635e-05,-1.0768e-24,0,0.0019536,0.0027799,0.48277,0.0083292
6.725,0.50502,0.005,-0.1159,2.799e-06,4.4862e-25,0,0.0019659,0.0028754,0.45313,0.0081897
6.675,0.55506,0.005,-0.10552,2.046e-05,0,0,0.0019807,0.0030317,0.42596,0.0080698
6.625,0.60511,0.005,-0.095581,9.3346e-05,-2.4581e-38,0,0.0020031,0.0032283,0.40229,0.0079681
6.575,0.65515,0.005,-0.086108,0.0002136,-2.0734e-25,0,0.0020346,0.0034626,0.38196,0.0078823
6.525,0.70519,0.005,-0.077103,0.00036951,4.4051e-25,0,0.0020748,0.0037384,0.36462,0.0078103
6.475,0.75523,0.005,-0.068576,0.00054858,-2.4538e-25,0,0.0021214,0.0040596,0.3499,0.0077505
6.425,0.80528,0.005,-0.060536,0.00073935,-1.3893e-25,0,0.0021718,0.0044261,0.33744,0.0077016
6.375,0.85532,0.005,-0.05298,0.00093254,-1.3021e-25,0,0.0022231,0.0048326,0.32694,0.0076626
6.325,0.90536,0.005,-0.04589,0.0011216,1.2965e-25,0,0.0022728,0.0052692,0.31812,0.0076325
6.275,0.9554,0.005,-0.039234,0.0013025,1.6184e-26,0,0.0023191,0.0057228,0.31071,0.0076105
6.225,1.0054,0.005,-0.032971,0.0014734,9.7944e-26,0,0.0023606,0.0061795,0.30444,0.0075959
6.175,1.0555,0.005,-0.027055,0.001634,-6.712e-26,0,0.0023967,0.0066258,0.29911,0.0075881
6.125,1.1055,0.005,-0.021441,0.0017846,-7.7547e-26,0,0.0024267,0.0070503,0.29451,0.0075862
6.075,1.1556,0.005,-0.016086,0.0019264,1.7911e-39,0,0.0024506,0.0074442,0.2905,0.0075897
6.025,1.2056,0.005,-0.010954,0.0020603,-5.6224e-26,0,0.0024684,0.0078016,0.28696,0.0075979
5.975,1.2557,0.005,-0.0060113,0.0021872,0,0,0.0024801,0.0081195,0.2838,0.0076103
5.925,1.3057,0.005,-0.0012317,0.0023078,-6.5937e-26,0,0.0024861,0.0083968,0.28099,0.0076262
5.875,1.3557,0.005,0.0034073,0.002422,7.323e-35,0,0.0024865,0.0086327,0.27849,0.0076453
5.825,1.4058,0.005,0.0079246,0.0025297,6.9013e-27,0,0.0024817,0.0088241,0.2763,0.007667
5.775,1.4558,0.005,0.01234,0.0026308,2.1076e-26,0,0.0024722,0.0089588,0.27444,0.0076912
5.725,1.5059,0.005,0.016681,0.0027261,1.3869e-26,0,0.0024581,0.0090063,0.27293,0.0077182
5.675,1.5559,0.005,0.020979,0.0028161,-1.7419e-25,0,0.0024396,0.0089765,0.27178,0.0077474
5.625,1.606,0.005,0.025249,0.0029004,-7.6833e-26,0,0.002417,0.0089179,0.27103,0.0077779
5.575,1.656,0.005,0.029497,0.0029778,9.6156e-39,0,0.0023906,0.0088297,0.27074,0.0078096
5.525,1.706,0.005,0.033729,0.0030469,0,0,0.0023606,0.0087104,0.27101,0.0078426
5.475,1.7561,0.005,0.037952,0.0031065,1.216e-25,0,0.0023274,0.0085585,0.27194,0.0078768
5.425,1.8061,0.005,0.042176,0.0031553,-2.4e-25,0,0.0022914,0.0083721,0.2737,0.0079122
5.375,1.8562,0.005,0.046414,0.0031919,1.5666e-26,0,0.0022531,0.0081487,0.2765,0.0079487
5.325,1.9062,0.005,0.050681,0.0032144,4.5674e-39,0,0.002213,0.0078861,0.28062,0.0079865
5.275,1.9563,0.005,0.054998,0.0032209,0,0,0.0021717,0.0075813,0.28645,0.0080256
5.225,2.0063,0.005,0.059391,0.0032089,-1.0274e-25,0,0.0021301,0.0072319,0.29454,0.0080661
5.175,2.0563,0.005,0.063898,0.0031752,-4.3817e-25,0,0.0020891,0.0068353,0.30563,0.0081082
5.125,2.1064,0.005,0.068568,0.0031158,3.0181e-26,0,0.0020503,0.0063901,0.32085,0.0081522
5.075,2.1564,0.005,0.073474,0.0030255,5.759e-39,0,0.0020156,0.0058962,0.34185,0.0081985
5.025,2.2065,0.005,0.078717,0.0028966,3.0947e-25,0,0.001988,0.0053566,0.37113,0.0082474
4.975,2.2565,0.005,0.084448,0.0027238,-2.238e-25,0,0.001972,0.0047788,0.41265,0.0083012
4.925,2.3066,0.005,0.090967,0.0024877,-5.1167e-25,0,0.0019745,0.0040734,0.47337,0.0083577
4.875,2.3566,0.005,0.098815,0.0021648,1.9565e-41,0,0.0020077,0.0033208,0.56569,0.0084158
4.825,2.4066,0.005,0.10881,0.00171,-1.6877e-25,0,0.0020891,0.0026629,0.69583,0.0084793
4.775,2.4567,0.005,0.12193,0.001091,-1.623e-25,0,0.0022366,0.0021806,0.85558,0.008548
4.725,2.5067,0.005,0.1391,0.00030007,5.2004e-25,0,0.0024651,0.0018918,1.0458,0.008622
4.675,2.5568,0.005,0.16059,-0.00061343,-7.7939e-25,0,0.0027707,0.001767,1.2707,0.0087004
4.625,2.6068,0.005,0.18587,-0.0015511,2.4848e-25,0,0.0030975,0.0017391,1.5081,0.0087806
4.575,2.6569,0.005,0.21406,-0.0024135,6.9728e-25,0,0.0033665,0.0017464,1.7226,0.0088605
4.525,2.7069,0.005,0.24419,-0.0030742,-3.8132e-25,0,0.0035054,0.0017483,1.9041,0.0089432
4.475,2.7569,0.005,0.27527,-0.003462,-1.8939e-25,0,0.0034482,0.0016901,2.0402,0.0090199
4.425,2.807,0.005,0.30665,-0.0034334,-6.2968e-25,0,0.0031286,0.0014759,2.1198,0.00909
4.375,2.86,0.005,0.33855,-0.0030689,-4.0431e-25,0,0.002492,0.0011505,2.1661,0.009131
4.325,2.916,0.005,0.3639,-0.0019368,1.7572e-25,0,0.0016251,0.00063438,2.5618,0.0091905
4.275,2.972,0.005,0.35579,-0.00085784,-3.4778e-25,0,0.0020804,0.0002868,7.2539,0.0092005
7.275,0.024,0.005,-0.19911,-0.00027348,-3.6971e-24,0,0.00097069,0.00016792,5.7808,0.010959
7.225,0.072,0.005,-0.19933,4.057e-05,-3.6058e-24,0,0.0011687,0.00065737,1.7779,0.010547
7.175,0.12,0.005,-0.19146,-0.00031415,3.8474e-24,0,0.0014624,0.0013488,1.0842,0.010206
7.125,0.168,0.005,-0.18276,-0.00033723,-1.0192e-24,0,0.0016442,0.0019615,0.83824,0.0098646
7.075,0.216,0.005,-0.17393,-0.00038947,-1.3164e-24,0,0.0017588,0.0024632,0.71402,0.0095596
7.025,0.264,0.005,-0.16514,-0.00037109,1.0563e-24,0,0.0018325,0.0028674,0.63906,0.0092827
6.975,0.312,0.005,-0.15616,-0.00034819,6.5432e-25,0,0.001881,0.0029943,0.58741,0.0090284
6.925,0.36,0.005,-0.14659,-0.00034573,1.0764e-25,0,0.0019127,0.0028497,0.54694,0.0087936
6.875,0.408,0.005,-0.13636,-0.00039519,3.7243e-26,0,0.0019317,0.0027542,0.5116,0.008588
6.825,0.456,0.005,-0.12593,-0.00044352,-1.7555e-24,0,0.0019415,0.0027662,0.47916,0.0084101
6.775,0.50502,0.005,-0.11543,-0.00046459,5.3565e-25,0,0.0019484,0.0028644,0.4488,0.0082556
6.725,0.55506,0.005,-0.10511,-0.00043751,0,0,0.0019587,0.0030198,0.4212,0.0081227
6.675,0.60511,0.005,-0.095245,-0.00035002,3.2432e-25,0,0.0019773,0.0032128,0.39731,0.0080099
6.625,0.65515,0.005,-0.085834,-0.00021129,4.3585e-39,0,0.002006,0.0034421,0.3769,0.0079147
6.575,0.70519,0.005,-0.076881,-3.3883e-05,-4.9273e-25,0,0.0020442,0.0037127,0.35961,0.0078347
6.525,0.75523,0.005,-0.068395,0.00016899,-1.0312e-38,0,0.0020897,0.0040293,0.34503,0.0077682
6.475,0.80528,0.005,-0.060388,0.00038508,2.1511e-25,0,0.0021399,0.0043923,0.33278,0.0077137
6.425,0.85532,0.005,-0.052857,0.00060422,1.7357e-25,0,0.0021918,0.0047967,0.32255,0.0076698
6.375,0.90536,0.005,-0.045786,0.00081896,-2.4612e-26,0,0.0022429,0.0052327,0.31403,0.0076356
6.325,0.9554,0.005,-0.039144,0.0010246,3.9319e-27,0,0.002291,0.0056875,0.30694,0.0076101
6.275,1.0054,0.005,-0.032893,0.0012187,-1.6027e-25,0,0.0023348,0.0061467,0.30102,0.0075923
6.225,1.0555,0.005,-0.026987,0.0014007,1.2467e-39,0,0.0023733,0.0065968,0.29603,0.0075816
6.175,1.1055,0.005,-0.021382,0.0015708,-2.8307e-26,0,0.002406,0.0070258,0.29178,0.0075772
6.125,1.1556,0.005,-0.016036,0.00173,-4.3164e-26,0,0.0024326,0.0074246,0.2881,0.0075784
6.075,1.2056,0.005,-0.01091,0.0018795,1.3345e-25,0,0.0024529,0.0077871,0.28487,0.0075845
6.025,1.2557,0.005,-0.0059742,0.0020202,-9.9391e-40,0,0.0024672,0.00811,0.28202,0.007595
5.975,1.3057,0.005,-0.0012,0.0021531,-5.9499e-26,0,0.0024756,0.0083919,0.27948,0.0076092
5.925,1.3557,0.005,0.0034348,0.0022785,6.5759e-26,0,0.0024784,0.0086318,0.27723,0.0076266
5.875,1.4058,0.005,0.0079493,0.0023962,-3.7202e-39,0,0.0024758,0.0088265,0.27528,0.0076467
5.825,1.4558,0.005,0.012363,0.002506,0,0,0.0024683,0.008965,0.27364,0.0076693
5.775,1.5059,0.005,0.016702,0.0026089,1.8633e-40,0,0.0024561,0.0090187,0.27233,0.0076947
5.725,1.5559,0.005,0.021,0.0027051,9.7211e-26,0,0.0024395,0.0089891,0.27138,0.0077225
5.675,1.606,0.005,0.025271,0.0027951,-2.9148e-25,0,0.0024186,0.0089306,0.27082,0.0077516
5.625,1.656,0.005,0.029522,0.0028772,-7.8421e-26,0,0.0023938,0.0088422,0.27072,0.0077821
5.575,1.706,0.005,0.033759,0.0029506,1.2608e-25,0,0.0023653,0.0087227,0.27117,0.0078139
5.525,1.7561,0.005,0.037989,0.0030138,-1.0289e-25,0,0.0023336,0.0085704,0.27229,0.0078468
5.475,1.8061,0.005,0.042222,0.0030657,1.233e-25,0,0.0022991,0.0083834,0.27424,0.007881
5.425,1.8562,0.005,0.046471,0.0031047,9.9831e-26,0,0.0022622,0.0081595,0.27724,0.0079164
5.375,1.9062,0.005,0.050751,0.003129,1.2204e-25,0,0.0022235,0.0078962,0.28159,0.007953
5.325,1.9563,0.005,0.055085,0.0031365,-1.6508e-25,0,0.0021836,0.007591,0.28766,0.007991
5.275,2.0063,0.005,0.059498,0.0031247,4.0056e-26,0,0.0021435,0.0072411,0.29602,0.0080304
5.225,2.0563,0.005,0.06403,0.0030905,4.7972e-26,0,0.0021042,0.0068444,0.30743,0.0080715
5.175,2.1064,0.005,0.06873,0.0030297,-3.8466e-25,0,0.002067,0.0063996,0.32299,0.0081145
5.125,2.1564,0.005,0.073671,0.0029375,-3.5253e-25,0,0.0020342,0.0059068,0.34438,0.0081599
5.075,2.2065,0.005,0.078959,0.0028079,4.937e-25,0,0.0020087,0.0053694,0.3741,0.0082081
5.025,2.2565,0.005,0.084744,0.002634,2.1738e-25,0,0.001995,0.0047951,0.41605,0.0082604
4.975,2.3066,0.005,0.09134,0.0023945,-2.5007e-25,0,0.0020001,0.0040709,0.47722,0.0083159
4.925,2.3566,0.005,0.099307,0.0020666,-2.9155e-25,0,0.0020364,0.0033189,0.56988,0.008373
4.875,2.4066,0.005,0.10945,0.0016055,-6.7516e-25,0,0.002121,0.0026676,0.69993,0.0084354
4.825,2.4567,0.005,0.12274,0.00098158,9.1623e-39,0,0.0022709,0.0021928,0.85896,0.0085033
4.775,2.5067,0.005,0.14005,0.00019198,5.2124e-25,0,0.0024996,0.0019097,1.0486,0.0085765
4.725,2.5568,0.005,0.1616,-0.00071064,1.5718e-25,0,0.0027995,0.0017863,1.2715,0.0086541
4.675,2.6068,0.005,0.18683,-0.0016287,-1.1466e-25,0,0.0031144,0.0017565,1.5045,0.0087333
4.625,2.6569,0.005,0.21486,-0.0024662,2.6137e-38,0,0.003368,0.0017613,1.7131,0.008812
4.575,2.7069,0.005,0.24472,-0.0030989,-1.8675e-25,0,0.0034918,0.0017605,1.8887,0.0088934
4.525,2.7569,0.005,0.27545,-0.0034616,4.3851e-25,0,0.0034228,0.0016946,2.0198,0.0089684
4.475,2.807,0.005,0.30642,-0.0034191,-3.4052e-25,0,0.0030988,0.0014774,2.0974,0.0090365
4.425,2.86,0.005,0.3379,-0.0030508,7.2312e-25,0,0.0024664,0.0011489,2.1468,0.0090764
4.375,2.916,0.005,0.36286,-0.0019263,-4.8169e-39,0,0.0016135,0.00063213,2.5525,0.0091346
4.325,2.972,0.005,0.35457,-0.00085834,-5.0857e-25,0,0.0020689,0.00028601,7.2339,0.0091437
7.325,0.024,0.005,-0.19894,-0.00038602,4.4498e-24,0,0.0009771,0.00016847,5.7998,0.011336
7.275,0.072,0.005,-0.19892,-0.00011414,-1.4491e-24,0,0.0011929,0.00066965,1.7814,0.010879
7.225,0.12,0.005,-0.19102,-0.0005983,1.0943e-24,0,0.0014864,0.001368,1.0865,0.010498
7.175,0.168,0.005,-0.18232,-0.00067593,3.7135e-24,0,0.0016644,0.0019815,0.83998,0.010116
7.125,0.216,0.005,-0.17349,-0.00078219,-2.0902e-37,0,0.0017743,0.0024808,0.71523,0.009776
7.075,0.264,0.005,-0.1647,-0.00080329,6.8213e-25,0,0.0018431,0.0028812,0.63968,0.0094668
7.025,0.312,0.005,-0.15568,-0.00081345,0,0,0.0018863,0.002971,0.58715,0.0091848
6.975,0.36,0.005,-0.14604,-0.00083783,-8.8814e-25,0,0.0019123,0.0028243,0.54553,0.0089256
6.925,0.408,0.005,-0.13578,-0.00090414,7.8008e-25,0,0.0019251,0.0027365,0.509,0.0086987
6.875,0.456,0.005,-0.12537,-0.0009573,-1.237e-24,0,0.001929,0.002755,0.47558,0.008502
6.825,0.50502,0.005,-0.11493,-0.00097369,-6.0173e-25,0,0.0019306,0.0028557,0.44454,0.008331
6.775,0.55506,0.005,-0.10468,-0.00093496,5.1357e-25,0,0.0019364,0.0030099,0.41653,0.0081837
6.725,0.60511,0.005,-0.09489,-0.00083082,0,0,0.0019513,0.0031991,0.39242,0.0080585
6.675,0.65515,0.005,-0.085545,-0.00067163,0,0,0.0019771,0.0034234,0.37194,0.0079528
6.625,0.70519,0.005,-0.076648,-0.00047063,6.6497e-25,0,0.0020132,0.0036889,0.35466,0.007864
6.575,0.75523,0.005,-0.068209,-0.00024169,-3.1506e-25,0,0.0020575,0.0040007,0.34018,0.0077901
6.525,0.80528,0.005,-0.060238,2.1827e-06,-2.2891e-25,0,0.0021074,0.0043599,0.32812,0.0077294
6.475,0.85532,0.005,-0.052734,0.00024989,1.8433e-25,0,0.0021597,0.0047618,0.31813,0.0076802
6.425,0.90536,0.005,-0.045684,0.00049303,1.0512e-25,0,0.002212,0.0051969,0.3099,0.0076415
6.375,0.9554,0.005,-0.039059,0.00072606,1.6962e-26,0,0.0022619,0.0056524,0.30313,0.007612
6.325,1.0054,0.005,-0.03282,0.00094598,-1.7022e-25,0,0.0023078,0.0061138,0.29755,0.0075909
6.275,1.0555,0.005,-0.026925,0.0011517,-1.5483e-26,0,0.0023488,0.0065673,0.2929,0.0075772
6.225,1.1055,0.005,-0.021329,0.0013435,2.6811e-26,0,0.0023841,0.0070006,0.28899,0.0075701
6.175,1.1556,0.005,-0.015991,0.0015222,6.3963e-40,0,0.0024134,0.0074042,0.28564,0.0075689
6.125,1.2056,0.005,-0.010873,0.001689,1.8656e-26,0,0.0024365,0.0077716,0.28274,0.0075728
6.075,1.2557,0.005,-0.0059427,0.0018451,5.0192e-26,0,0.0024534,0.0080993,0.28018,0.0075812
6.025,1.3057,0.005,-0.0011736,0.0019916,-5.9157e-26,0,0.0024643,0.0083856,0.27792,0.0075936
5.975,1.3557,0.005,0.0034572,0.0021291,-1.2137e-25,0,0.0024695,0.0086295,0.27594,0.0076092
5.925,1.4058,0.005,0.0079692,0.0022577,-6.0035e-26,0,0.0024692,0.0088275,0.27423,0.0076277
5.875,1.4558,0.005,0.012382,0.0023771,-1.6578e-34,0,0.0024638,0.0089696,0.27282,0.0076486
5.825,1.5059,0.005,0.01672,0.0024882,1.4818e-25,0,0.0024536,0.00903,0.27172,0.0076725
5.775,1.5559,0.005,0.021017,0.0025914,7.8977e-26,0,0.0024389,0.0090006,0.27097,0.0076988
5.725,1.606,0.005,0.025291,0.0026873,-3.9927e-26,0,0.0024198,0.0089422,0.2706,0.0077265
5.675,1.656,0.005,0.029545,0.0027746,1.6402e-25,0,0.0023967,0.0088538,0.27069,0.0077557
5.625,1.706,0.005,0.033787,0.0028524,-1.3604e-26,0,0.0023698,0.0087342,0.27133,0.0077861
5.575,1.7561,0.005,0.038024,0.0029194,9.9132e-26,0,0.0023396,0.0085816,0.27263,0.0078179
5.525,1.8061,0.005,0.042266,0.0029745,1.0487e-25,0,0.0023066,0.0083942,0.27478,0.0078509
5.475,1.8562,0.005,0.046527,0.003016,-2.9321e-26,0,0.0022711,0.0081698,0.27799,0.0078851
5.425,1.9062,0.005,0.050822,0.0030422,1.181e-25,0,0.0022339,0.007906,0.28256,0.0079206
5.375,1.9563,0.005,0.055172,0.003051,-1.7188e-26,0,0.0021955,0.0076003,0.28888,0.0079574
5.325,2.0063,0.005,0.059607,0.0030397,1.7449e-25,0,0.0021569,0.0072501,0.29751,0.0079957
5.275,2.0563,0.005,0.064163,0.0030051,2.3882e-26,0,0.0021192,0.0068535,0.30921,0.0080357
5.225,2.1064,0.005,0.068894,0.0029432,-2.181e-25,0,0.0020838,0.0064092,0.32513,0.0080777
5.175,2.1564,0.005,0.073871,0.0028491,-1.2977e-25,0,0.0020528,0.0059178,0.34689,0.0081222
5.125,2.2065,0.005,0.079201,0.0027185,-2.9659e-25,0,0.0020294,0.0053828,0.37702,0.00817
5.075,2.2565,0.005,0.085042,0.0025424,8.4375e-25,0,0.0020181,0.0048119,0.41939,0.0082207
5.025,2.3066,0.005,0.091718,0.0023012,1.555e-25,0,0.0020258,0.0040681,0.48098,0.008275
4.975,2.3566,0.005,0.099803,0.0019682,-2.4012e-25,0,0.0020652,0.003317,0.57394,0.0083311
4.925,2.4066,0.005,0.1101,0.001501,-3.4101e-25,0,0.0021529,0.0026728,0.70385,0.0083926
4.875,2.4567,0.005,0.12356,0.0008726,3.5971e-25,0,0.002305,0.0022055,0.86216,0.0084597
4.825,2.5067,0.005,0.14099,8.4985e-05,3.731e-25,0,0.0025335,0.001928,1.0513,0.0085321
4.775,2.5568,0.005,0.16259,-0.00080609,6.3255e-25,0,0.0028274,0.0018056,1.2723,0.0086089
4.725,2.6068,0.005,0.18777,-0.0017044,-1.0692e-25,0,0.0031302,0.0017739,1.5006,0.0086869
4.675,2.6569,0.005,0.21564,-0.002517,-8.8342e-25,0,0.0033689,0.0017762,1.7035,0.0087645
4.625,2.7069,0.005,0.24523,-0.0031227,3.1466e-25,0,0.0034779,0.0017726,1.8733,0.0088446
4.575,2.7569,0.005,0.27561,-0.0034609,0,0,0.0033976,0.001699,1.9998,0.0089179
4.525,2.807,0.005,0.3062,-0.0034048,3.0868e-25,0,0.0030694,0.0014788,2.0756,0.0089843
4.475,2.86,0.005,0.33724,-0.0030335,6.3121e-27,0,0.0024412,0.0011473,2.1278,0.0090232
4.425,2.916,0.005,0.36182,-0.0019158,-4.8012e-25,0,0.0016018,0.00062987,2.543,0.0090798
4.375,2.972,0.005,0.35336,-0.0008587,-8.3811e-26,0,0.0020575,0.00028521,7.2138,0.009088
7.375,0.024,0.005,-0.19863,-0.00051192,4.5151e-25,0,0.0009835,0.00016902,5.8188,0.011753
7.325,0.072,0.005,-0.19838,-0.00027333,2.7872e-24,0,0.0012181,0.00068234,1.7852,0.011244
7.275,0.12,0.005,-0.19045,-0.00091697,-4.2627e-24,0,0.0015111,0.0013876,1.089,0.010823
7.225,0.168,0.005,-0.18177,-0.0010536,1.4542e-37,0,0.001685,0.0020015,0.84187,0.010396
7.175,0.216,0.005,-0.17295,-0.001219,4.8499e-24,0,0.00179,0.0024981,0.71657,0.010017
7.125,0.264,0.005,-0.16417,-0.0012822,-2.0607e-24,0,0.0018536,0.0028946,0.64038,0.0096722
7.075,0.312,0.005,-0.15512,-0.001328,7.7786e-25,0,0.0018913,0.0029483,0.58693,0.0093598
7.025,0.36,0.005,-0.14542,-0.0013806,1.0013e-24,0,0.0019115,0.0028007,0.5441,0.009074
6.975,0.408,0.005,-0.13514,-0.0014631,-8.817e-25,0,0.001918,0.0027212,0.50639,0.0088235
6.925,0.456,0.005,-0.12476,-0.0015193,-5.8224e-38,0,0.0019161,0.0027462,0.47202,0.008606
6.875,0.50502,0.005,-0.11439,-0.001529,-6.7636e-25,0,0.0019125,0.0028494,0.44035,0.0084168
6.825,0.55506,0.005,-0.10422,-0.0014766,0,0,0.0019139,0.0030023,0.41196,0.0082535
6.775,0.60511,0.005,-0.094512,-0.0013535,-4.8534e-25,0,0.0019252,0.0031877,0.38764,0.0081146
6.725,0.65515,0.005,-0.08524,-0.0011715,3.3811e-25,0,0.0019481,0.003407,0.36707,0.0079972
6.675,0.70519,0.005,-0.076405,-0.00094456,2.569e-25,0,0.001982,0.0036672,0.3498,0.0078987
6.625,0.75523,0.005,-0.068017,-0.00068708,-4.8728e-25,0,0.0020249,0.0039742,0.3354,0.0078166
6.575,0.80528,0.005,-0.060085,-0.00041281,2.4388e-25,0,0.0020742,0.0043294,0.32349,0.0077489
6.525,0.85532,0.005,-0.052612,-0.00013377,-4.1701e-39,0,0.0021269,0.0047284,0.31371,0.007694
6.475,0.90536,0.005,-0.045585,0.00014063,5.7703e-26,0,0.0021801,0.0051622,0.30575,0.0076503
6.425,0.9554,0.005,-0.038978,0.00040396,-8.8476e-26,0,0.0022317,0.0056179,0.29929,0.0076166
6.375,1.0054,0.005,-0.032753,0.00065249,1.8115e-25,0,0.0022798,0.0060811,0.29403,0.0075918
6.325,1.0555,0.005,-0.026869,0.00088472,-5.0451e-26,0,0.0023232,0.0065376,0.28972,0.0075749
6.275,1.1055,0.005,-0.021282,0.0011006,2.9652e-26,0,0.0023611,0.006975,0.28615,0.0075649
6.225,1.1556,0.005,-0.015952,0.001301,0,0,0.0023931,0.0073832,0.28313,0.0075611
6.175,1.2056,0.005,-0.010841,0.0014872,-7.3768e-26,0,0.0024189,0.0077554,0.28055,0.0075627
6.125,1.2557,0.005,-0.005917,0.0016605,6.4093e-39,0,0.0024386,0.0080877,0.2783,0.0075691
6.075,1.3057,0.005,-0.0011528,0.0018222,1.5101e-25,0,0.0024521,0.0083783,0.27633,0.0075795
6.025,1.3557,0.005,0.0034744,0.001973,-5.5933e-26,0,0.0024598,0.0086258,0.27462,0.0075933
5.975,1.4058,0.005,0.0079842,0.0021134,3.9118e-27,0,0.0024619,0.0088271,0.27316,0.0076101
5.925,1.4558,0.005,0.012396,0.0022434,0,0,0.0024587,0.0089727,0.27197,0.0076293
5.875,1.5059,0.005,0.016734,0.0023635,-1.2462e-39,0,0.0024506,0.0090399,0.27109,0.0076515
5.825,1.5559,0.005,0.021032,0.0024743,0,0,0.0024379,0.0090109,0.27054,0.0076762
5.775,1.606,0.005,0.025307,0.0025766,6.7332e-26,0,0.0024206,0.0089528,0.27038,0.0077025
5.725,1.656,0.005,0.029565,0.0026695,-1.27e-26,0,0.0023992,0.0088645,0.27066,0.0077303
5.675,1.706,0.005,0.033813,0.002752,-6.4077e-26,0,0.002374,0.0087448,0.27148,0.0077595
5.625,1.7561,0.005,0.038058,0.002823,-9.5332e-26,0,0.0023454,0.008592,0.27298,0.00779
5.575,1.8061,0.005,0.04231,0.0028814,1.0105e-25,0,0.0023139,0.0084043,0.27533,0.0078218
5.525,1.8562,0.005,0.046582,0.0029256,-1.4219e-26,0,0.00228,0.0081795,0.27874,0.0078548
5.475,1.9062,0.005,0.050892,0.0029539,1.1413e-25,0,0.0022442,0.0079153,0.28353,0.0078891
5.425,1.9563,0.005,0.05526,0.0029641,1.2185e-25,0,0.0022074,0.0076093,0.2901,0.0079248
5.375,2.0063,0.005,0.059716,0.0029535,-1.8943e-25,0,0.0021704,0.007259,0.29899,0.0079621
5.325,2.0563,0.005,0.064298,0.0029189,6.1084e-25,0,0.0021343,0.0068625,0.311,0.008001
5.275,2.1064,0.005,0.069059,0.0028562,-9.1222e-26,0,0.0021006,0.0064189,0.32725,0.008042
5.225,2.1564,0.005,0.074073,0.0027606,1.667e-25,0,0.0020715,0.0059291,0.34939,0.0080855
5.175,2.2065,0.005,0.079446,0.0026288,-2.5461e-25,0,0.0020502,0.0053967,0.3799,0.0081327
5.125,2.2565,0.005,0.085343,0.0024496,-2.0488e-25,0,0.0020412,0.0048134,0.42269,0.0081821
5.075,2.3066,0.005,0.0921,0.0022073,4.8099e-25,0,0.0020517,0.0040649,0.48468,0.0082347
5.025,2.3566,0.005,0.10031,0.0018693,3.5804e-26,0,0.002094,0.0033154,0.57788,0.0082903
4.975,2.4066,0.005,0.11075,0.0013963,-2.5933e-26,0,0.0021848,0.0026784,0.70758,0.0083509
4.925,2.4567,0.005,0.12437,0.0007641,-3.4848e-25,0,0.0023389,0.0022188,0.86521,0.0084172
4.875,2.5067,0.005,0.14193,-2.0822e-05,-3.6083e-25,0,0.002567,0.0019466,1.054,0.0084888
4.825,2.5568,0.005,0.16356,-0.0008998,9.7404e-25,0,0.0028544,0.001825,1.2731,0.0085647
4.775,2.6068,0.005,0.18868,-0.0017781,5.7963e-25,0,0.0031451,0.0017911,1.4964,0.0086416
4.725,2.6569,0.005,0.21639,-0.0025661,-5.4084e-25,0,0.003369,0.0017909,1.6939,0.008718
4.675,2.7069,0.005,0.2457,-0.0031456,-1.7938e-25,0,0.0034638,0.0017846,1.8581,0.0087967
4.625,2.7569,0.005,0.27575,-0.0034601,-1.1857e-25,0,0.0033727,0.0017033,1.9801,0.0088684
4.575,2.807,0.005,0.30596,-0.0033907,5.909e-25,0,0.0030405,0.0014801,2.0542,0.0089333
4.525,2.86,0.005,0.33659,-0.0030167,3.2178e-27,0,0.0024163,0.0011456,2.1093,0.008971
4.475,2.916,0.005,0.3608,-0.0019051,-4.7375e-25,0,0.0015901,0.00062761,2.5336,0.0090263
4.425,2.972,0.005,0.35215,-0.00085895,3.2663e-25,0,0.002046,0.00028442,7.1937,0.0090334
7.425,0.024,0.005,-0.19816,-0.00065329,-5.9535e-24,0,0.00098986,0.00016957,5.8376,0.012213
7.375,0.072,0.005,-0.19767,-0.00047582,3.9594e-24,0,0.0012444,0.00069555,1.789,0.011646
7.325,0.12,0.005,-0.18975,-0.0012759,-3.8532e-24,0,0.0015365,0.0014075,1.0916,0.011182
7.275,0.168,0.005,-0.18111,-0.001474,-3.6515e-25,0,0.001706,0.0020215,0.84391,0.010705
7.225,0.216,0.005,-0.17232,-0.0017041,-9.262e-25,0,0.0018059,0.002515,0.71805,0.010284
7.175,0.264,0.005,-0.16354,-0.0018126,2.2817e-24,0,0.0018642,0.0029075,0.64117,0.0099009
7.125,0.312,0.005,-0.15446,-0.0018964,8.481e-25,0,0.0018962,0.0029262,0.58674,0.0095552
7.075,0.36,0.005,-0.14471,-0.0019787,-1.1259e-24,0,0.0019103,0.002779,0.54269,0.0092402
7.025,0.408,0.005,-0.13443,-0.0020768,-8.2296e-25,0,0.0019106,0.0027085,0.5038,0.0089638
6.975,0.456,0.005,-0.1241,-0.0021343,-7.3246e-25,0,0.0019028,0.0027403,0.46852,0.0087235
6.925,0.50502,0.005,-0.11381,-0.0021353,-7.5945e-25,0,0.0018942,0.0028458,0.43625,0.0085141
6.875,0.55506,0.005,-0.10373,-0.0020671,1.1997e-24,0,0.0018914,0.0029973,0.4075,0.008333
6.825,0.60511,0.005,-0.09411,-0.0019228,-1.0221e-24,0,0.0018991,0.0031788,0.38299,0.008179
6.775,0.65515,0.005,-0.084916,-0.0017156,3.9109e-25,0,0.001919,0.0033932,0.36232,0.0080487
6.725,0.70519,0.005,-0.076149,-0.0014601,0,0,0.0019506,0.0036482,0.34503,0.0079393
6.675,0.75523,0.005,-0.067816,-0.0011713,4.5068e-25,0,0.001992,0.0039503,0.3307,0.0078481
6.625,0.80528,0.005,-0.059929,-0.00086381,-5.2094e-25,0,0.0020406,0.0043011,0.31891,0.0077728
6.575,0.85532,0.005,-0.05249,-0.00055048,-1.1516e-25,0,0.0020933,0.004697,0.30933,0.0077115
6.525,0.90536,0.005,-0.045489,-0.00024173,2.4145e-25,0,0.0021474,0.005129,0.3016,0.0076624
6.475,0.9554,0.005,-0.038901,5.5024e-05,-8.0765e-26,0,0.0022004,0.0055844,0.29542,0.0076241
6.425,1.0054,0.005,-0.032691,0.00033529,0,0,0.0022505,0.006049,0.29047,0.0075952
6.375,1.0555,0.005,-0.026819,0.00059697,1.3773e-25,0,0.0022963,0.0065082,0.28649,0.0075748
6.325,1.1055,0.005,-0.021242,0.00083975,1.2068e-25,0,0.0023369,0.0069492,0.28325,0.0075618
6.275,1.1556,0.005,-0.01592,0.0010644,2.0357e-26,0,0.0023717,0.0073618,0.28057,0.0075552
6.225,1.2056,0.005,-0.010815,0.0012723,2.973e-26,0,0.0024003,0.0077387,0.27831,0.0075544
6.175,1.2557,0.005,-0.0058972,0.0014648,-3.7621e-26,0,0.0024227,0.0080755,0.27637,0.0075585
6.125,1.3057,0.005,-0.0011376,0.0016434,9.201e-39,0,0.002439,0.0083702,0.27469,0.0075669
6.075,1.3557,0.005,0.0034862,0.0018091,1.0148e-25,0,0.0024493,0.0086212,0.27325,0.0075789
6.025,1.4058,0.005,0.0079942,0.0019625,5.2052e-26,0,0.0024538,0.0088254,0.27205,0.0075938
5.975,1.4558,0.005,0.012406,0.002104,0,0,0.002453,0.0089743,0.2711,0.0076115
5.925,1.5059,0.005,0.016744,0.002234,-6.5053e-26,0,0.0024471,0.0090485,0.27044,0.0076318
5.875,1.5559,0.005,0.021042,0.0023532,1.1266e-26,0,0.0024364,0.00902,0.27011,0.0076549
5.825,1.606,0.005,0.025321,0.0024627,6.4137e-26,0,0.0024211,0.0089623,0.27014,0.0076797
5.775,1.656,0.005,0.029583,0.0025615,-9.2781e-26,0,0.0024015,0.0088742,0.27062,0.0077061
5.725,1.706,0.005,0.033837,0.0026491,2.4524e-26,0,0.002378,0.0087545,0.27163,0.007734
5.675,1.7561,0.005,0.03809,0.0027244,-7.8861e-26,0,0.0023511,0.0086017,0.27333,0.0077632
5.625,1.8061,0.005,0.042352,0.0027863,-8.4107e-26,0,0.0023211,0.0084138,0.27587,0.0077937
5.575,1.8562,0.005,0.046637,0.0028334,0,0,0.0022887,0.0081887,0.2795,0.0078256
5.525,1.9062,0.005,0.050962,0.0028639,-1.3997e-25,0,0.0022545,0.0079242,0.28451,0.0078588
5.475,1.9563,0.005,0.055348,0.0028757,2.5208e-25,0,0.0022192,0.0076179,0.29132,0.0078934
5.425,2.0063,0.005,0.059826,0.002866,-8.7409e-26,0,0.0021838,0.0072676,0.30048,0.0079295
5.375,2.0563,0.005,0.064434,0.0028316,4.2374e-38,0,0.0021493,0.0068715,0.31279,0.0079673
5.325,2.1064,0.005,0.069226,0.0027684,2.0448e-25,0,0.0021174,0.0064288,0.32937,0.0080073
5.275,2.1564,0.005,0.074277,0.0026715,1.6167e-25,0,0.0020903,0.0059406,0.35186,0.0080498
5.225,2.2065,0.005,0.079692,0.0025386,1.1136e-25,0,0.0020711,0.005411,0.38275,0.0080962
5.175,2.2565,0.005,0.085646,0.0023573,-8.626e-25,0,0.0020644,0.0048135,0.42594,0.0081446
5.125,2.3066,0.005,0.092488,0.0021121,1.7676e-25,0,0.0020776,0.0040613,0.48834,0.0081954
5.075,2.3566,0.005,0.10081,0.0017692,1.4736e-25,0,0.002123,0.0033141,0.58172,0.0082503
5.025,2.4066,0.005,0.11141,0.0012914,-3.4651e-25,0,0.0022166,0.0026847,0.71115,0.0083103
4.975,2.4567,0.005,0.12518,0.00065604,1.0061e-38,0,0.0023724,0.0022325,0.86812,0.0083758
4.925,2.5067,0.005,0.14286,-0.00012542,2.6082e-25,0,0.0025998,0.0019655,1.0567,0.0084466
4.875,2.5568,0.005,0.16452,-0.00099177,2.6291e-25,0,0.0028805,0.0018444,1.2737,0.0085216
4.825,2.6068,0.005,0.18957,-0.0018501,5.6675e-25,0,0.003159,0.0018083,1.492,0.0085974
4.775,2.6569,0.005,0.21711,-0.0026137,9.6041e-26,0,0.0033685,0.0018057,1.6841,0.0086725
4.725,2.7069,0.005,0.24616,-0.0031677,-6.5102e-25,0,0.0034495,0.0017964,1.843,0.0087498
4.675,2.7569,0.005,0.27587,-0.0034593,1.1582e-25,0,0.0033479,0.0017075,1.9607,0.0088199
4.625,2.807,0.005,0.30572,-0.0033768,-1.0589e-27,0,0.003012,0.0014814,2.0333,0.0088834
4.575,2.86,0.005,0.33594,-0.0030003,-2.5265e-26,0,0.0023918,0.0011438,2.091,0.00892
4.525,2.916,0.005,0.35978,-0.0018943,1.0822e-38,0,0.0015783,0.00062533,2.524,0.0089738
4.475,2.972,0.005,0.35095,-0.00085912,4.8647e-25,0,0.0020346,0.00028362,7.1735,0.00898
7.475,0.024,0.005,-0.19753,-0.00081208,-6.1407e-25,0,0.00099621,0.00017011,5.8562,0.01272
7.425,0.072,0.005,-0.19678,-0.00070231,3.2927e-24,0,0.0012717,0.00070928,1.7929,0.012089
7.375,0.12,0.005,-0.1889,-0.0016734,9.7188e-25,0,0.0015626,0.0014279,1.0943,0.011578
7.325,0.168,0.005,-0.18033,-0.0019424,-4.9865e-24,0,0.0017274,0.0020415,0.84612,0.011048
7.275,0.216,0.005,-0.17156,-0.0022423,-1.0185e-24,0,0.001822,0.0025316,0.7197,0.01058
7.225,0.264,0.005,-0.1628,-0.0023994,2.1238e-25,0,0.0018748,0.0029199,0.64208,0.010155
7.175,0.312,0.005,-0.15371,-0.0025241,9.2492e-25,0,0.0019009,0.0029049,0.58662,0.0097731
7.125,0.36,0.005,-0.14392,-0.0026377,-3.2677e-25,0,0.0019087,0.0027596,0.5413,0.009426
7.075,0.408,0.005,-0.13365,-0.0027507,-1.1154e-24,0,0.0019028,0.0026986,0.50125,0.0091212
7.025,0.456,0.005,-0.12338,-0.0028076,9.2694e-25,0,0.0018894,0.0027373,0.4651,0.0088557
6.975,0.50502,0.005,-0.11319,-0.0027978,-8.8754e-25,0,0.0018759,0.002845,0.43228,0.008624
6.925,0.55506,0.005,-0.10321,-0.0027117,-7.0472e-25,0,0.0018689,0.0029951,0.40321,0.0084234
6.875,0.60511,0.005,-0.093681,-0.0025439,1.7616e-38,0,0.0018732,0.0031729,0.37849,0.0082525
6.825,0.65515,0.005,-0.084572,-0.0023088,-4.4946e-25,0,0.0018901,0.0033825,0.35771,0.008108
6.775,0.70519,0.005,-0.075878,-0.002022,-8.2341e-34,0,0.0019193,0.0036324,0.34039,0.0079865
6.725,0.75523,0.005,-0.067606,-0.0016991,6.0682e-25,0,0.0019589,0.0039294,0.32609,0.0078852
6.675,0.80528,0.005,-0.059768,-0.0013552,-4.7485e-25,0,0.0020065,0.0042758,0.31441,0.0078014
6.625,0.85532,0.005,-0.052367,-0.0010044,3.6422e-25,0,0.0020592,0.0046681,0.30499,0.007733
6.575,0.90536,0.005,-0.045395,-0.00065798,7.8282e-26,0,0.0021139,0.0050978,0.29748,0.007678
6.525,0.9554,0.005,-0.038828,-0.00032442,-6.3662e-26,0,0.0021683,0.0055527,0.29155,0.0076345
6.475,1.0054,0.005,-0.032635,-9.0528e-06,0,0,0.0022203,0.0060181,0.28689,0.0076014
6.425,1.0555,0.005,-0.026775,0.00028539,1.8711e-25,0,0.0022684,0.0064795,0.28323,0.0075772
6.375,1.1055,0.005,-0.021208,0.00055817,-5.819e-26,0,0.0023115,0.0069238,0.28031,0.0075608
6.325,1.1556,0.005,-0.015894,0.00080993,1.1765e-26,0,0.0023491,0.0073404,0.27796,0.0075514
6.275,1.2056,0.005,-0.010796,0.0010421,-2.2133e-26,0,0.0023805,0.0077218,0.27602,0.0075479
6.225,1.2557,0.005,-0.0058835,0.0012562,0,0,0.0024058,0.008063,0.27439,0.0075497
6.175,1.3057,0.005,-0.0011283,0.0014537,-7.6523e-26,0,0.0024249,0.0083615,0.27301,0.0075559
6.125,1.3557,0.005,0.0034925,0.001636,-1.9486e-27,0,0.0024378,0.0086158,0.27185,0.0075659
6.075,1.4058,0.005,0.007999,0.001804,4.9728e-26,0,0.002445,0.0088227,0.27091,0.0075791
6.025,1.4558,0.005,0.012411,0.0019581,0,0,0.0024465,0.0089744,0.27021,0.007595
5.975,1.5059,0.005,0.01675,0.0020989,-7.7222e-27,0,0.0024429,0.0090538,0.26977,0.0076134
5.925,1.5559,0.005,0.02105,0.0022275,6.6275e-26,0,0.0024343,0.0090277,0.26965,0.0076348
5.875,1.606,0.005,0.025331,0.0023447,0,0,0.0024211,0.0089705,0.26989,0.0076581
5.825,1.656,0.005,0.029599,0.0024502,-7.6824e-26,0,0.0024034,0.0088828,0.27057,0.0076831
5.775,1.706,0.005,0.033859,0.0025432,2.3109e-26,0,0.0023817,0.0087633,0.27178,0.0077095
5.725,1.7561,0.005,0.038121,0.0026232,6.2243e-39,0,0.0023565,0.0086105,0.27367,0.0077375
5.675,1.8061,0.005,0.042394,0.0026889,-1.0591e-25,0,0.0023282,0.0084225,0.27642,0.0077668
5.625,1.8562,0.005,0.046692,0.002739,2.6815e-34,0,0.0022974,0.0081973,0.28026,0.0077974
5.575,1.9062,0.005,0.051032,0.0027719,-1.4651e-26,0,0.0022647,0.0079326,0.28549,0.0078295
5.525,1.9563,0.005,0.055437,0.0027854,9.701e-26,0,0.002231,0.0076263,0.29254,0.0078629
5.475,2.0063,0.005,0.059937,0.0027769,2.6331e-25,0,0.0021972,0.007276,0.30197,0.0078979
5.425,2.0563,0.005,0.064571,0.002743,-3.713e-25,0,0.0021644,0.0068804,0.31457,0.0079347
5.375,2.1064,0.005,0.069395,0.0026796,9.1555e-26,0,0.0021343,0.0064387,0.33148,0.0079736
5.325,2.1564,0.005,0.074483,0.0025818,-3.1312e-25,0,0.0021091,0.0059523,0.35433,0.0080151
5.275,2.2065,0.005,0.079941,0.0024478,1.6886e-25,0,0.002092,0.0054256,0.38558,0.0080606
5.225,2.2565,0.005,0.085953,0.0022648,-1.0773e-39,0,0.0020877,0.004813,0.42915,0.0081081
5.175,2.3066,0.005,0.092881,0.002016,-4.4974e-25,0,0.0021036,0.0040572,0.49197,0.0081575
5.125,2.3566,0.005,0.10133,0.0016676,-1.3651e-25,0,0.0021519,0.0033132,0.58549,0.0082115
5.075,2.4066,0.005,0.11207,0.0011858,-6.4997e-25,0,0.0022483,0.0026916,0.71459,0.0082707
5.025,2.4567,0.005,0.126,0.00054834,5.5297e-25,0,0.0024057,0.0022468,0.87093,0.0083355
4.975,2.5067,0.005,0.14378,-0.00022882,2.6064e-25,0,0.002632,0.0019847,1.0594,0.0084056
4.925,2.5568,0.005,0.16546,-0.0010821,-6.6359e-25,0,0.0029057,0.0018639,1.2743,0.0084796
4.875,2.6068,0.005,0.19043,-0.0019204,2.3546e-25,0,0.003172,0.0018254,1.4874,0.0085542
4.825,2.6569,0.005,0.2178,-0.0026598,6.0686e-25,0,0.0033674,0.0018203,1.6742,0.0086281
4.775,2.7069,0.005,0.24659,-0.003189,-3.4504e-25,0,0.003435,0.0018081,1.828,0.008704
4.725,2.7569,0.005,0.27598,-0.0034586,1.1329e-25,0,0.0033234,0.0017116,1.9417,0.0087725
4.675,2.807,0.005,0.30546,-0.0033633,-5.7451e-25,0,0.0029839,0.0014825,2.0127,0.0088347
4.625,2.86,0.005,0.33529,-0.0029842,-3.9534e-25,0,0.0023676,0.0011421,2.0731,0.0088701
4.575,2.916,0.005,0.35877,-0.0018833,-2.1464e-25,0,0.0015666,0.00062305,2.5144,0.0089225
4.525,2.972,0.005,0.34975,-0.00085923,-3.1153e-25,0,0.0020231,0.00028282,7.1533,0.0089278
7.525,0.024,0.005,-0.19669,-0.00099402,-7.2006e-25,0,0.0010026,0.00017065,5.8749,0.013279
7.475,0.072,0.005,-0.1957,-0.00095025,-2.3959e-24,0,0.0013001,0.00072353,1.7969,0.012575
7.425,0.12,0.005,-0.18789,-0.0021088,3.5847e-24,0,0.0015896,0.0014487,1.0972,0.012014
7.375,0.168,0.005,-0.1794,-0.002464,1.1887e-24,0,0.0017492,0.0020614,0.84855,0.011427
7.325,0.216,0.005,-0.17069,-0.0028385,-1.0619e-24,0,0.0018383,0.0025476,0.72157,0.010909
7.275,0.264,0.005,-0.16196,-0.0030482,1.7855e-24,0,0.0018854,0.0029317,0.64313,0.010437
7.225,0.312,0.005,-0.15286,-0.0032168,1.0092e-24,0,0.0019054,0.0028844,0.58657,0.010015
7.175,0.36,0.005,-0.14304,-0.0033633,1.4129e-24,0,0.0019069,0.0027425,0.53997,0.0096334
7.125,0.408,0.005,-0.1328,-0.0034904,-9.6925e-25,0,0.0018947,0.0026918,0.49879,0.0092973
7.075,0.456,0.005,-0.12261,-0.0035449,-1.9763e-24,0,0.0018759,0.0027374,0.46183,0.009004
7.025,0.50502,0.005,-0.11252,-0.0035222,3.3432e-26,0,0.0018577,0.0028473,0.4285,0.0087477
6.975,0.55506,0.005,-0.10265,-0.0034159,7.0473e-25,0,0.0018467,0.002996,0.39911,0.0085255
6.925,0.60511,0.005,-0.093221,-0.0032222,-6.1416e-25,0,0.0018475,0.0031702,0.37419,0.0083361
6.875,0.65515,0.005,-0.084204,-0.0029567,-2.9864e-38,0,0.0018614,0.0033752,0.35329,0.0081757
6.825,0.70519,0.005,-0.075589,-0.0026357,-8.4631e-25,0,0.001888,0.0036202,0.33591,0.0080409
6.775,0.75523,0.005,-0.067385,-0.0022755,6.1639e-25,0,0.0019258,0.0039123,0.32162,0.0079284
6.725,0.80528,0.005,-0.0596,-0.001892,5.9799e-34,0,0.0019723,0.004254,0.31001,0.0078353
6.675,0.85532,0.005,-0.052242,-0.0015001,-4.1135e-39,0,0.0020245,0.0046424,0.30072,0.007759
6.625,0.90536,0.005,-0.045301,-0.0011125,-8.4502e-40,0,0.0020797,0.0050695,0.2934,0.0076973
6.575,0.9554,0.005,-0.038759,-0.00073846,-2.9022e-34,0,0.0021352,0.0055232,0.28771,0.0076483
6.525,1.0054,0.005,-0.032583,-0.00038435,-1.1029e-25,0,0.0021889,0.005989,0.28331,0.0076104
6.475,1.0555,0.005,-0.026737,-5.3555e-05,2.9697e-26,0,0.0022392,0.0064521,0.27994,0.0075821
6.425,1.1055,0.005,-0.02118,0.0002527,2.3376e-26,0,0.0022849,0.0068993,0.27733,0.0075622
6.375,1.1556,0.005,-0.015874,0.00053477,-2.5654e-27,0,0.0023252,0.0073195,0.2753,0.0075496
6.325,1.2056,0.005,-0.010783,0.00079402,3.2077e-28,0,0.0023596,0.007705,0.27368,0.0075434
6.275,1.2557,0.005,-0.005876,0.0010322,0,0,0.0023878,0.0080504,0.27236,0.0075427
6.225,1.3057,0.005,-0.0011249,0.0012511,4.0787e-26,0,0.0024097,0.0083527,0.27129,0.0075466
6.175,1.3557,0.005,0.0034932,0.0014521,3.2546e-27,0,0.0024255,0.00861,0.27041,0.0075546
6.125,1.4058,0.005,0.0079985,0.0016364,-4.3641e-26,0,0.0024352,0.0088194,0.26974,0.0075658
6.075,1.4558,0.005,0.012411,0.0018047,6.7857e-27,0,0.0024394,0.0089733,0.26928,0.0075799
6.025,1.5059,0.005,0.016752,0.0019576,-4.9257e-26,0,0.0024381,0.0090555,0.26909,0.0075965
5.975,1.5559,0.005,0.021054,0.0020964,-7.0397e-26,0,0.0024318,0.0090339,0.26918,0.007616
5.925,1.606,0.005,0.025339,0.0022222,5.7664e-26,0,0.0024206,0.0089774,0.26963,0.0076377
5.875,1.656,0.005,0.029612,0.0023348,-1.0209e-26,0,0.0024049,0.0088901,0.27051,0.0076612
5.825,1.706,0.005,0.03388,0.002434,8.8936e-26,0,0.0023851,0.008771,0.27193,0.0076862
5.775,1.7561,0.005,0.03815,0.0025189,1.141e-26,0,0.0023616,0.0086184,0.27402,0.0077128
5.725,1.8061,0.005,0.042434,0.0025888,1.0015e-40,0,0.002335,0.0084305,0.27697,0.0077409
5.675,1.8562,0.005,0.046746,0.0026422,-2.6083e-26,0,0.0023058,0.0082052,0.28102,0.0077703
5.625,1.9062,0.005,0.051102,0.0026777,1.1649e-25,0,0.0022748,0.0079406,0.28648,0.0078012
5.575,1.9563,0.005,0.055526,0.0026931,-3.4455e-25,0,0.0022427,0.0076342,0.29377,0.0078336
5.525,2.0063,0.005,0.060048,0.0026858,1.7592e-25,0,0.0022105,0.0072842,0.30347,0.0078675
5.475,2.0563,0.005,0.06471,0.0026528,1.2701e-25,0,0.0021795,0.0068892,0.31636,0.0079032
5.425,2.1064,0.005,0.069566,0.0025896,-2.3003e-25,0,0.0021512,0.0064487,0.33358,0.0079411
5.375,2.1564,0.005,0.074691,0.0024911,-7.6312e-39,0,0.0021279,0.0059643,0.35678,0.0079815
5.325,2.2065,0.005,0.080191,0.0023562,5.0421e-25,0,0.002113,0.0054405,0.38838,0.0080262
5.275,2.2565,0.005,0.086263,0.0021714,2.3473e-39,0,0.0021111,0.0048117,0.43234,0.0080727
5.225,2.3066,0.005,0.09328,0.0019192,-2.1758e-25,0,0.0021296,0.0040528,0.49556,0.0081209
5.175,2.3566,0.005,0.10185,0.0015654,-6.3468e-25,0,0.002181,0.0033127,0.58922,0.0081738
5.125,2.4066,0.005,0.11274,0.0010793,-3.555e-25,0,0.00228,0.002699,0.71796,0.0082322
5.075,2.4567,0.005,0.12681,0.0004408,3.1547e-25,0,0.0024387,0.0022617,0.87372,0.0082963
5.025,2.5067,0.005,0.14469,-0.00033109,5.2084e-25,0,0.0026635,0.0020041,1.0621,0.0083656
4.975,2.5568,0.005,0.16638,-0.0011708,1.9811e-25,0,0.00293,0.0018834,1.2748,0.0084387
4.925,2.6068,0.005,0.19128,-0.0019892,-7.5363e-26,0,0.0031842,0.0018425,1.4826,0.0085121
4.875,2.6569,0.005,0.21848,-0.0027046,1.8514e-39,0,0.0033658,0.0018349,1.6643,0.0085848
4.825,2.7069,0.005,0.24699,-0.0032096,-1.6928e-25,0,0.0034205,0.0018198,1.8132,0.0086593
4.775,2.7569,0.005,0.27607,-0.003458,1.1091e-25,0,0.0032991,0.0017156,1.923,0.0087262
4.725,2.807,0.005,0.3052,-0.0033502,-2.8006e-25,0,0.0029563,0.0014836,1.9926,0.008787
4.675,2.86,0.005,0.33464,-0.0029683,-2.9963e-26,0,0.0023438,0.0011403,2.0555,0.0088213
4.625,2.916,0.005,0.35776,-0.0018724,-1.0755e-25,0,0.0015549,0.00062077,2.5048,0.0088724
4.575,2.972,0.005,0.34855,-0.00085928,-3.8756e-25,0,0.0020117,0.00028202,7.133,0.0088768
7.575,0.024,0.005,-0.19563,-0.0012031,-8.2881e-25,0,0.0010089,0.00017119,5.8935,0.0139
7.525,0.072,0.005,-0.1944,-0.0012272,-2.7401e-24,0,0.0013296,0.00073828,1.8009,0.01311
7.475,0.12,0.005,-0.18671,-0.0025844,2.7429e-24,0,0.0016173,0.0014698,1.1004,0.012493
7.425,0.168,0.005,-0.17833,-0.0030407,1.0369e-23,0,0.0017717,0.0020812,0.85127,0.011845
7.375,0.216,0.005,-0.16969,-0.0034977,-4.7599e-24,0,0.0018549,0.002563,0.7237,0.011272
7.325,0.264,0.005,-0.16098,-0.0037655,1.9757e-24,0,0.0018961,0.0029426,0.64436,0.01075
7.275,0.312,0.005,-0.15189,-0.0039808,1.7483e-24,0,0.0019098,0.0028647,0.58665,0.010285
7.225,0.36,0.005,-0.14206,-0.0041621,0,0,0.0019049,0.0027282,0.53875,0.0098643
7.175,0.408,0.005,-0.13187,-0.0043022,1.3938e-24,0,0.0018865,0.0026884,0.49646,0.0094939
7.125,0.456,0.005,-0.12177,-0.0043523,-4.0532e-24,0,0.0018623,0.002741,0.45874,0.0091701
7.075,0.50502,0.005,-0.11179,-0.0043145,3.0191e-24,0,0.0018397,0.002853,0.42494,0.0088867
7.025,0.55506,0.005,-0.10205,-0.0041858,-7.6488e-25,0,0.0018249,0.0030004,0.39526,0.0086407
6.975,0.60511,0.005,-0.092728,-0.0039637,-6.6579e-25,0,0.0018222,0.0031712,0.37014,0.0084309
6.925,0.65515,0.005,-0.08381,-0.0036651,-6.0843e-38,0,0.001833,0.0033719,0.34909,0.008253
6.875,0.70519,0.005,-0.075281,-0.0033069,9.5996e-25,0,0.0018571,0.0036122,0.33162,0.0081033
6.825,0.75523,0.005,-0.067149,-0.0029061,-1.0682e-24,0,0.0018928,0.0038994,0.3173,0.0079784
6.775,0.80528,0.005,-0.059424,-0.0024795,2.7008e-25,0,0.0019379,0.0042364,0.30573,0.0078749
6.725,0.85532,0.005,-0.052113,-0.0020429,-2.5661e-25,0,0.0019896,0.0046207,0.29655,0.0077899
6.675,0.90536,0.005,-0.045208,-0.0016101,3.4697e-25,0,0.0020449,0.0050447,0.28938,0.0077209
6.625,0.9554,0.005,-0.038692,-0.0011917,-5.28e-26,0,0.0021013,0.0054967,0.28389,0.0076658
6.575,1.0054,0.005,-0.032535,-0.00079488,-3.5425e-25,0,0.0021566,0.0059623,0.27974,0.0076226
6.525,1.0555,0.005,-0.026704,-0.00042384,-9.9796e-28,0,0.002209,0.0064268,0.27664,0.0075899
6.475,1.1055,0.005,-0.021158,-8.031e-05,7.0039e-26,0,0.0022572,0.0068764,0.27433,0.0075661
6.425,1.1556,0.005,-0.015861,0.0002357,-3.0525e-26,0,0.0023002,0.0072998,0.27261,0.0075502
6.375,1.2056,0.005,-0.010777,0.00052538,-1.9658e-26,0,0.0023374,0.0076889,0.2713,0.007541
6.325,1.2557,0.005,-0.0058749,0.00079064,-1.9225e-26,0,0.0023686,0.0080381,0.2703,0.0075376
6.275,1.3057,0.005,-0.0011277,0.0010335,-4.9577e-26,0,0.0023934,0.0083441,0.26952,0.0075392
6.225,1.3557,0.005,0.003488,0.0012556,4.634e-27,0,0.0024121,0.0086043,0.26894,0.0075449
6.175,1.4058,0.005,0.0079927,0.0014582,5.4719e-39,0,0.0024246,0.0088157,0.26853,0.0075541
6.125,1.4558,0.005,0.012406,0.0016423,-2.176e-27,0,0.0024314,0.0089714,0.26834,0.0075663
6.075,1.5059,0.005,0.016749,0.0018088,1.0532e-25,0,0.0024326,0.0090558,0.26837,0.007581
6.025,1.5559,0.005,0.021055,0.001959,-1.1359e-25,0,0.0024286,0.0090384,0.2687,0.0075986
5.975,1.606,0.005,0.025344,0.0020942,8.5708e-27,0,0.0024196,0.0089827,0.26936,0.0076186
5.925,1.656,0.005,0.029623,0.0022149,-3.7491e-39,0,0.002406,0.0088962,0.27045,0.0076405
5.875,1.706,0.005,0.033898,0.0023207,-1.0039e-26,0,0.0023881,0.0087776,0.27207,0.0076641
5.825,1.7561,0.005,0.038178,0.0024112,1.5923e-25,0,0.0023665,0.0086253,0.27437,0.0076894
5.775,1.8061,0.005,0.042474,0.0024856,-1.1609e-26,0,0.0023416,0.0084376,0.27752,0.0077161
5.725,1.8562,0.005,0.046799,0.0025428,0,0,0.0023142,0.0082125,0.28179,0.0077443
5.675,1.9062,0.005,0.051172,0.002581,-9.8019e-26,0,0.0022848,0.0079479,0.28747,0.007774
5.625,1.9563,0.005,0.055616,0.0025985,-1.052e-25,0,0.0022543,0.0076418,0.295,0.0078053
5.575,2.0063,0.005,0.060161,0.0025926,-9.3616e-26,0,0.0022238,0.0072921,0.30496,0.0078382
5.525,2.0563,0.005,0.06485,0.0025604,1.9505e-25,0,0.0021945,0.0068978,0.31815,0.0078728
5.475,2.1064,0.005,0.069738,0.0024979,-3.0933e-26,0,0.0021681,0.0064586,0.33569,0.0079096
5.425,2.1564,0.005,0.074901,0.0023993,1.4588e-25,0,0.0021468,0.0059763,0.35922,0.007949
5.375,2.2065,0.005,0.080444,0.0022636,-1.7277e-25,0,0.002134,0.0054556,0.39116,0.0079927
5.325,2.2565,0.005,0.086576,0.002077,7.2636e-25,0,0.0021345,0.0048097,0.4355,0.0080384
5.275,2.3066,0.005,0.093684,0.0018216,-8.8599e-26,0,0.0021557,0.0040481,0.49913,0.0080855
5.225,2.3566,0.005,0.10237,0.0014626,-1.2941e-26,0,0.00221,0.0033126,0.59291,0.0081374
5.175,2.4066,0.005,0.11341,0.00097208,-2.6047e-25,0,0.0023116,0.002707,0.72129,0.0081949
5.125,2.4567,0.005,0.12762,0.00033322,-5.1243e-38,0,0.0024715,0.0022773,0.8768,0.0082582
5.075,2.5067,0.005,0.14559,-0.00043242,2.6027e-25,0,0.0026943,0.0020238,1.0648,0.0083268
5.025,2.5568,0.005,0.16728,-0.001258,5.6678e-25,0,0.0029533,0.0019029,1.2752,0.0083988
4.975,2.6068,0.005,0.19209,-0.0020564,-6.7597e-26,0,0.0031955,0.0018594,1.4777,0.0084711
4.925,2.6569,0.005,0.21912,-0.0027482,-7.7925e-25,0,0.0033636,0.0018494,1.6544,0.0085426
4.875,2.7069,0.005,0.24738,-0.0032297,4.4189e-25,0,0.0034058,0.0018313,1.7984,0.0086156
4.825,2.7569,0.005,0.27614,-0.0034576,-2.7205e-25,0,0.0032751,0.0017196,1.9046,0.008681
4.775,2.807,0.005,0.30494,-0.0033374,2.7507e-25,0,0.0029291,0.0014846,1.9729,0.0087405
4.725,2.86,0.005,0.33399,-0.0029526,3.5224e-27,0,0.0023204,0.0011384,2.0382,0.0087735
4.675,2.916,0.005,0.35677,-0.0018615,-1.0766e-25,0,0.0015432,0.00061849,2.4951,0.0088234
4.625,2.972,0.005,0.34737,-0.00085928,0,0,0.0020002,0.00028122,7.1128,0.0088269
7.625,0.024,0.005,-0.19432,-0.0014301,-9.5028e-25,0,0.0010153,0.00017173,5.9122,0.014584
7.575,0.072,0.005,-0.19285,-0.0015459,-3.1696e-24,0,0.00136,0.00075353,1.8048,0.013705
7.525,0.12,0.005,-0.18534,-0.0030983,-8.7836e-38,0,0.001646,0.0014912,1.1038,0.01302
7.475,0.168,0.005,-0.17709,-0.0036753,1.451e-24,0,0.0017947,0.0021007,0.85432,0.012306
7.425,0.216,0.005,-0.16853,-0.0042244,1.354e-24,0,0.0018717,0.0025775,0.72614,0.011675
7.375,0.264,0.005,-0.15988,-0.0045587,-1.2171e-24,0,0.0019068,0.0029525,0.64581,0.011096
7.325,0.312,0.005,-0.15079,-0.0048232,3.146e-24,0,0.001914,0.0028459,0.58687,0.010583
7.275,0.36,0.005,-0.14098,-0.0050411,1.7557e-24,0,0.0019026,0.0027168,0.53766,0.010121
7.225,0.408,0.005,-0.13085,-0.0051928,0,0,0.0018782,0.0026885,0.49432,0.0097129
7.175,0.456,0.005,-0.12086,-0.0052365,-1.0181e-24,0,0.001849,0.0027482,0.4559,0.0093555
7.125,0.50502,0.005,-0.11102,-0.0051815,8.5824e-25,0,0.0018221,0.0028624,0.42167,0.0090423
7.075,0.55506,0.005,-0.1014,-0.0050281,-1.172e-24,0,0.0018035,0.0030086,0.3917,0.0087703
7.025,0.60511,0.005,-0.092198,-0.0047749,-7.2215e-25,0,0.0017974,0.0031763,0.36637,0.0085378
6.975,0.65515,0.005,-0.083385,-0.0044402,-1.1126e-37,0,0.0018052,0.0033731,0.34515,0.0083407
6.925,0.70519,0.005,-0.07495,-0.0040416,-5.1896e-25,0,0.0018266,0.0036089,0.32757,0.0081747
6.875,0.75523,0.005,-0.066897,-0.0035968,-4.2795e-25,0,0.0018601,0.0038914,0.31318,0.0080359
6.825,0.80528,0.005,-0.059238,-0.0031235,1.385e-33,0,0.0019036,0.0042237,0.30162,0.0079208
6.775,0.85532,0.005,-0.051978,-0.0026384,4.7038e-25,0,0.0019544,0.0046037,0.29249,0.0078262
6.725,0.90536,0.005,-0.045112,-0.0021564,-2.1611e-25,0,0.0020096,0.0050243,0.28545,0.0077491
6.675,0.9554,0.005,-0.038626,-0.0016893,1.2514e-25,0,0.0020668,0.0054741,0.28013,0.0076872
6.625,1.0054,0.005,-0.032492,-0.0012454,2.5321e-25,0,0.0021234,0.005939,0.2762,0.0076383
6.575,1.0555,0.005,-0.026676,-0.00082988,-2.7036e-25,0,0.0021777,0.0064042,0.27335,0.0076007
6.525,1.1055,0.005,-0.021142,-0.00044498,1.0509e-25,0,0.0022282,0.0068558,0.27132,0.0075727
6.475,1.1556,0.005,-0.015854,-9.1057e-05,6.7268e-26,0,0.0022739,0.007282,0.26988,0.0075531
6.425,1.2056,0.005,-0.010777,0.00023283,3.8701e-27,0,0.002314,0.0076742,0.26888,0.0075407
6.375,1.2557,0.005,-0.0058802,0.0005285,-7.1447e-40,0,0.0023481,0.0080267,0.26819,0.0075345
6.325,1.3057,0.005,-0.0011366,0.00079819,3.4859e-26,0,0.002376,0.008336,0.26771,0.0075336
6.275,1.3557,0.005,0.0034769,0.001044,-2.556e-26,0,0.0023976,0.008599,0.26742,0.007537
6.225,1.4058,0.005,0.0079812,0.0012674,-1.8259e-27,0,0.002413,0.0088121,0.26729,0.0075441
6.175,1.4558,0.005,0.012396,0.0014694,9.2238e-28,0,0.0024225,0.008969,0.26736,0.0075543
6.125,1.5059,0.005,0.016743,0.0016512,-3.1482e-27,0,0.0024263,0.009055,0.26764,0.0075671
6.075,1.5559,0.005,0.021052,0.0018142,1.0355e-25,0,0.0024248,0.0090411,0.2682,0.0075826
6.025,1.606,0.005,0.025346,0.0019599,-1.2383e-25,0,0.0024181,0.0089864,0.26908,0.0076008
5.975,1.656,0.005,0.029631,0.0020894,-5.5891e-26,0,0.0024066,0.0089008,0.27038,0.007621
5.925,1.706,0.005,0.033915,0.0022027,-6.064e-26,0,0.0023908,0.0087829,0.27221,0.0076432
5.875,1.7561,0.005,0.038205,0.0022994,5.4634e-39,0,0.0023711,0.0086311,0.27471,0.007667
5.825,1.8061,0.005,0.042513,0.0023789,1.6263e-25,0,0.002348,0.0084438,0.27808,0.0076925
5.775,1.8562,0.005,0.046853,0.0024401,-2.4631e-26,0,0.0023223,0.008219,0.28256,0.0077194
5.725,1.9062,0.005,0.051243,0.0024816,6.8754e-39,0,0.0022947,0.0079547,0.28847,0.007748
5.675,1.9563,0.005,0.055706,0.0025014,1.01e-25,0,0.0022659,0.0076488,0.29624,0.0077781
5.625,2.0063,0.005,0.060275,0.0024971,-5.9118e-26,0,0.0022371,0.0072998,0.30646,0.0078099
5.575,2.0563,0.005,0.064992,0.0024658,3.5309e-25,0,0.0022096,0.0069063,0.31993,0.0078436
5.525,2.1064,0.005,0.069912,0.0024039,6.4099e-26,0,0.002185,0.0064685,0.33779,0.0078794
5.475,2.1564,0.005,0.075113,0.002306,1.0714e-38,0,0.0021657,0.0059884,0.36166,0.0079176
5.425,2.2065,0.005,0.0807,0.0021698,1.8506e-26,0,0.0021551,0.0054708,0.39393,0.0079603
5.375,2.2565,0.005,0.086893,0.0019815,-6.7342e-26,0,0.002158,0.0048071,0.43864,0.0080051
5.325,2.3066,0.005,0.094092,0.0017228,6.1201e-25,0,0.0021819,0.0040434,0.50268,0.0080511
5.275,2.3566,0.005,0.1029,0.0013592,-3.9238e-25,0,0.002239,0.0033132,0.59656,0.0081021
5.225,2.4066,0.005,0.11408,0.00086452,-2.7687e-25,0,0.002343,0.0027156,0.72459,0.0081588
5.175,2.4567,0.005,0.12842,0.00022568,-2.9241e-25,0,0.002504,0.0022934,0.88009,0.0082213
5.125,2.5067,0.005,0.14647,-0.0005329,-1.0389e-32,0,0.0027244,0.0020436,1.0675,0.0082892
5.075,2.5568,0.005,0.16817,-0.0013437,1.1504e-24,0,0.0029757,0.0019223,1.2753,0.00836
5.025,2.6068,0.005,0.19289,-0.0021223,5.1759e-25,0,0.003206,0.0018763,1.4726,0.0084312
4.975,2.6569,0.005,0.21974,-0.0027909,-4.8248e-25,0,0.0033609,0.0018638,1.6444,0.0085014
4.925,2.7069,0.005,0.24774,-0.0032494,-3.2675e-25,0,0.003391,0.0018427,1.7838,0.0085731
4.875,2.7569,0.005,0.2762,-0.0034575,1.5812e-25,0,0.0032514,0.0017235,1.8866,0.0086369
4.825,2.807,0.005,0.30467,-0.003325,5.3525e-25,0,0.0029023,0.0014856,1.9536,0.0086951
4.775,2.86,0.005,0.33335,-0.0029374,3.5685e-27,0,0.0022973,0.0011366,2.0213,0.0087269
4.725,2.916,0.005,0.35578,-0.0018507,3.4401e-39,0,0.0015315,0.0006162,2.4854,0.0087756
4.675,2.972,0.005,0.34618,-0.00085924,3.7263e-25,0,0.0019888,0.00028042,7.0925,0.0087781
7.675,0.024,0.005,-0.19272,-0.0016777,-1.094e-24,0,0.0010218,0.00017228,5.931,0.015335
7.625,0.072,0.005,-0.19112,-0.0018996,-1.8364e-24,0,0.0013912,0.00076924,1.8085,0.014363
7.575,0.12,0.005,-0.18376,-0.0036551,-4.73e-24,0,0.0016756,0.0015129,1.1075,0.013599
7.525,0.168,0.005,-0.17566,-0.0043734,-2.0373e-24,0,0.0018184,0.0021199,0.85776,0.012814
7.475,0.216,0.005,-0.16722,-0.005023,4.3523e-24,0,0.0018888,0.002591,0.72897,0.012118
7.425,0.264,0.005,-0.15862,-0.0054372,-1.3486e-24,0,0.0019175,0.0029608,0.64753,0.011479
7.375,0.312,0.005,-0.14956,-0.0057517,2.6344e-24,0,0.0019182,0.002828,0.58729,0.010913
7.325,0.36,0.005,-0.13978,-0.0060084,-6.385e-25,0,0.0019003,0.0027087,0.53678,0.010406
7.275,0.408,0.005,-0.12974,-0.0061699,-1.2477e-24,0,0.00187,0.0026927,0.49244,0.0099562
7.225,0.456,0.005,-0.11989,-0.006205,3.8012e-25,0,0.0018359,0.0027594,0.45336,0.0095621
7.175,0.50502,0.005,-0.11018,-0.0061304,-1.3811e-24,0,0.0018049,0.0028758,0.41873,0.0092162
7.125,0.55506,0.005,-0.1007,-0.0059499,9.0202e-25,0,0.0017827,0.003021,0.38849,0.0089155
7.075,0.60511,0.005,-0.091626,-0.0056628,-7.8345e-25,0,0.0017733,0.0031861,0.36293,0.0086582
7.025,0.65515,0.005,-0.082927,-0.0052888,-4.8833e-38,0,0.001778,0.0033793,0.34152,0.0084398
6.975,0.70519,0.005,-0.074592,-0.0048465,-1.1221e-33,0,0.0017966,0.003611,0.32379,0.0082557
6.925,0.75523,0.005,-0.066626,-0.0043542,9.3232e-25,0,0.0018277,0.003889,0.3093,0.0081017
6.875,0.80528,0.005,-0.059038,-0.0038303,-7.4745e-25,0,0.0018694,0.0042167,0.2977,0.0079738
6.825,0.85532,0.005,-0.051835,-0.0032926,-2.7318e-25,0,0.0019191,0.0045922,0.28859,0.0078685
6.775,0.90536,0.005,-0.045014,-0.0027571,2.3234e-25,0,0.001974,0.0050091,0.28163,0.0077825
6.725,0.9554,0.005,-0.038561,-0.0022369,1.7903e-25,0,0.0020316,0.0054564,0.27644,0.007713
6.675,1.0054,0.005,-0.032451,-0.0017414,2.8176e-26,0,0.0020893,0.0059201,0.2727,0.0076578
6.625,1.0555,0.005,-0.026653,-0.0012767,-2.23e-26,0,0.0021453,0.0063854,0.27008,0.0076148
6.575,1.1055,0.005,-0.021132,-0.00084587,-5.2569e-28,0,0.0021981,0.0068383,0.2683,0.0075823
6.525,1.1556,0.005,-0.015854,-0.00044974,-5.434e-41,0,0.0022464,0.0072668,0.26715,0.0075587
6.475,1.2056,0.005,-0.010784,-8.7509e-05,6.4631e-26,0,0.0022893,0.0076618,0.26644,0.0075429
6.425,1.2557,0.005,-0.005892,0.00024248,-2.0842e-27,0,0.0023264,0.0080171,0.26604,0.0075336
6.375,1.3057,0.005,-0.0011518,0.00054243,4.3373e-26,0,0.0023574,0.0083288,0.26587,0.00753
6.325,1.3557,0.005,0.0034599,0.00081478,3.3622e-26,0,0.002382,0.0085943,0.26586,0.007531
6.275,1.4058,0.005,0.0079641,0.0010616,-2.6098e-26,0,0.0024004,0.008809,0.26602,0.0075358
6.225,1.4558,0.005,0.012381,0.0012841,-4.1944e-28,0,0.0024127,0.0089664,0.26635,0.0075439
6.175,1.5059,0.005,0.016731,0.0014832,-7.79e-26,0,0.0024192,0.0090533,0.26688,0.0075547
6.125,1.5559,0.005,0.021045,0.0016606,3.7545e-27,0,0.0024202,0.0090417,0.26767,0.0075681
6.075,1.606,0.005,0.025345,0.0018182,4.1912e-26,0,0.0024159,0.0089884,0.26879,0.0075843
6.025,1.656,0.005,0.029638,0.0019576,5.9728e-26,0,0.0024067,0.0089038,0.2703,0.0076029
5.975,1.706,0.005,0.03393,0.0020792,0,0,0.002393,0.0087868,0.27234,0.0076234
5.925,1.7561,0.005,0.038231,0.0021829,-7.1346e-26,0,0.0023753,0.0086357,0.27506,0.0076459
5.875,1.8061,0.005,0.042551,0.0022681,1.0613e-26,0,0.0023542,0.008449,0.27863,0.00767
5.825,1.8562,0.005,0.046906,0.0023339,-1.197e-26,0,0.0023303,0.0082246,0.28333,0.0076957
5.775,1.9062,0.005,0.051313,0.002379,6.2214e-26,0,0.0023044,0.0079607,0.28947,0.007723
5.725,1.9563,0.005,0.055798,0.0024015,1.9348e-25,0,0.0022774,0.0076554,0.29749,0.007752
5.675,2.0063,0.005,0.060391,0.0023991,-8.4681e-26,0,0.0022503,0.007307,0.30797,0.0077827
5.625,2.0563,0.005,0.065135,0.0023689,-1.1319e-25,0,0.0022246,0.0069146,0.32172,0.0078153
5.575,2.1064,0.005,0.070087,0.0023075,2.1268e-25,0,0.0022019,0.0064784,0.33989,0.0078503
5.525,2.1564,0.005,0.075326,0.0022107,1.3343e-25,0,0.0021847,0.0060005,0.36408,0.0078877
5.475,2.2065,0.005,0.080958,0.0020747,5.807e-26,0,0.0021763,0.0054861,0.39669,0.007929
5.425,2.2565,0.005,0.087213,0.0018846,-5.1162e-25,0,0.0021815,0.0048038,0.44176,0.0079728
5.375,2.3066,0.005,0.094506,0.0016229,9.0215e-26,0,0.0022081,0.0040387,0.5062,0.0080179
5.325,2.3566,0.005,0.10344,0.0012549,1.9231e-25,0,0.002268,0.0033142,0.60017,0.008068
5.275,2.4066,0.005,0.11475,0.00075657,-3.6836e-25,0,0.0023743,0.0027249,0.72786,0.0081238
5.225,2.4567,0.005,0.12922,0.00011831,0,0,0.0025362,0.0023101,0.88349,0.0081856
5.175,2.5067,0.005,0.14735,-0.00063253,1.0675e-24,0,0.0027536,0.0020635,1.0701,0.0082527
5.125,2.5568,0.005,0.16903,-0.0014282,-8.278e-25,0,0.0029971,0.0019416,1.275,0.0083224
5.075,2.6068,0.005,0.19367,-0.0021869,7.8478e-25,0,0.0032158,0.0018931,1.4674,0.0083923
5.025,2.6569,0.005,0.22034,-0.0028326,6.4361e-26,0,0.0033577,0.0018782,1.6344,0.0084614
4.975,2.7069,0.005,0.24808,-0.0032688,-4.2084e-25,0,0.0033761,0.001854,1.7694,0.0085316
4.925,2.7569,0.005,0.27624,-0.0034578,1.0489e-25,0,0.003228,0.0017273,1.8688,0.008594
4.875,2.807,0.005,0.30438,-0.0033129,-1.0801e-27,0,0.0028759,0.0014865,1.9347,0.0086508
4.825,2.86,0.005,0.3327,-0.0029223,-3.3682e-25,0,0.0022745,0.0011347,2.0046,0.0086814
4.775,2.916,0.005,0.35479,-0.00184,-8.1938e-39,0,0.0015199,0.00061392,2.4757,0.0087289
4.725,2.972,0.005,0.345,-0.00085914,4.4816e-25,0,0.0019775,0.00027961,7.0722,0.0087305
7.725,0.024,0.005,-0.19083,-0.0019539,-1.2528e-24,0,0.0010285,0.00017284,5.9503,0.016154
7.675,0.072,0.005,-0.1891,-0.0022802,-2.1107e-24,0,0.0014234,0.00078543,1.8122,0.015081
7.625,0.12,0.005,-0.18194,-0.0042735,-1.8713e-24,0,0.0017063,0.0015349,1.1117,0.014237
7.575,0.168,0.005,-0.17403,-0.0051438,-6.2112e-24,0,0.0018428,0.0021387,0.86166,0.013372
7.525,0.216,0.005,-0.16573,-0.0059048,0,0,0.0019063,0.0026035,0.7322,0.012604
7.475,0.264,0.005,-0.15721,-0.0064033,-1.1759e-24,0,0.0019282,0.0029408,0.64955,0.011901
7.425,0.312,0.005,-0.14818,-0.0067743,-9.3835e-25,0,0.0019223,0.0028113,0.58794,0.011277
7.375,0.36,0.005,-0.13845,-0.0070722,2.8558e-24,0,0.0018979,0.0027041,0.53615,0.010721
7.325,0.408,0.005,-0.12853,-0.0072415,-1.9039e-24,0,0.001862,0.002701,0.49086,0.010226
7.275,0.456,0.005,-0.11883,-0.0072658,1.5938e-24,0,0.0018232,0.0027749,0.45119,0.0097917
7.225,0.50502,0.005,-0.10928,-0.0071692,-2.637e-24,0,0.0017884,0.0028936,0.41619,0.0094101
7.175,0.55506,0.005,-0.099946,-0.0069589,2.4831e-24,0,0.0017627,0.0030382,0.38567,0.0090778
7.125,0.60511,0.005,-0.091008,-0.006635,-6.7548e-25,0,0.0017501,0.0032011,0.35987,0.0087934
7.075,0.65515,0.005,-0.082432,-0.0062184,-8.3411e-25,0,0.0017516,0.0033913,0.33825,0.0085516
7.025,0.70519,0.005,-0.074205,-0.0057287,-1.2143e-33,0,0.0017673,0.0036194,0.32033,0.0083476
6.975,0.75523,0.005,-0.066332,-0.005185,-1.0284e-24,0,0.0017959,0.0038931,0.30571,0.0081767
6.925,0.80528,0.005,-0.058823,-0.0046066,1.6123e-33,0,0.0018356,0.0042162,0.29401,0.0080346
6.875,0.85532,0.005,-0.051683,-0.0040122,3.2015e-25,0,0.0018839,0.0045873,0.28488,0.0079174
6.825,0.90536,0.005,-0.04491,-0.0034187,5.1257e-25,0,0.0019382,0.0050003,0.27796,0.0078214
6.775,0.9554,0.005,-0.038494,-0.0028406,-3.5409e-25,0,0.0019959,0.0054446,0.27287,0.0077437
6.725,1.0054,0.005,-0.032411,-0.0022886,-1.1676e-33,0,0.0020545,0.0059067,0.26927,0.0076815
6.675,1.0555,0.005,-0.026633,-0.0017698,3.8897e-25,0,0.002112,0.0063715,0.26684,0.0076326
6.625,1.1055,0.005,-0.021127,-0.0012881,-2.9006e-25,0,0.0021668,0.0068251,0.26529,0.0075951
6.575,1.1556,0.005,-0.015859,-0.00084506,5.7514e-26,0,0.0022176,0.0072552,0.2644,0.0075672
6.525,1.2056,0.005,-0.010797,-0.00044004,2.4955e-26,0,0.0022633,0.0076525,0.26397,0.0075476
6.475,1.2557,0.005,-0.0059102,-7.1433e-05,-1.064e-26,0,0.0023034,0.0080102,0.26386,0.0075351
6.425,1.3057,0.005,-0.0011734,0.00026285,-1.2348e-27,0,0.0023375,0.0083237,0.26398,0.0075285
6.375,1.3557,0.005,0.0034369,0.00056519,-1.8243e-34,0,0.0023652,0.0085906,0.26427,0.0075269
6.325,1.4058,0.005,0.0079414,0.00083825,3.8596e-26,0,0.0023866,0.0088066,0.26471,0.0075294
6.275,1.4558,0.005,0.01236,0.0010839,1.9614e-27,0,0.0024019,0.008964,0.26531,0.0075352
6.225,1.5059,0.005,0.016715,0.0013028,6.8679e-26,0,0.0024112,0.0090512,0.2661,0.0075439
6.175,1.5559,0.005,0.021035,0.0014965,8.864e-39,0,0.0024149,0.00904,0.26713,0.0075551
6.125,1.606,0.005,0.025342,0.0016677,4.0916e-27,0,0.0024131,0.0089883,0.26847,0.0075693
6.075,1.656,0.005,0.029642,0.0018183,-1.1857e-26,0,0.0024063,0.008905,0.27022,0.007586
6.025,1.706,0.005,0.033944,0.0019492,6.1206e-26,0,0.0023948,0.0087891,0.27247,0.007605
5.975,1.7561,0.005,0.038256,0.0020607,0,0,0.0023792,0.008639,0.2754,0.0076259
5.925,1.8061,0.005,0.042589,0.0021524,-7.2955e-26,0,0.00236,0.008453,0.27919,0.0076486
5.875,1.8562,0.005,0.046959,0.0022235,1.164e-26,0,0.002338,0.0082294,0.28411,0.0076731
5.825,1.9062,0.005,0.051384,0.0022727,-9.9038e-26,0,0.0023139,0.0079661,0.29047,0.0076992
5.775,1.9563,0.005,0.055889,0.0022984,9.2411e-26,0,0.0022887,0.0076614,0.29874,0.007727
5.725,2.0063,0.005,0.060507,0.0022983,1.9939e-26,0,0.0022635,0.0073138,0.30948,0.0077566
5.675,2.0563,0.005,0.065279,0.0022696,-3.0054e-25,0,0.0022396,0.0069226,0.32352,0.0077882
5.625,2.1064,0.005,0.070265,0.0022089,-5.0354e-26,0,0.0022188,0.0064881,0.34198,0.0078222
5.575,2.1564,0.005,0.075541,0.002113,-8.4183e-26,0,0.0022036,0.0060125,0.3665,0.007859
5.525,2.2065,0.005,0.081218,0.0019769,1.1349e-25,0,0.0021974,0.0055013,0.39944,0.0078988
5.475,2.2565,0.005,0.087537,0.0017863,1.6563e-25,0,0.002205,0.0048001,0.44488,0.0079415
5.425,2.3066,0.005,0.094925,0.0015215,-3.8137e-25,0,0.0022344,0.0040341,0.50971,0.0079857
5.375,2.3566,0.005,0.10398,0.0011496,1.3481e-25,0,0.002297,0.0033159,0.60375,0.008035
5.325,2.4066,0.005,0.11543,0.00064815,-8.0871e-25,0,0.0024054,0.0027348,0.7311,0.0080901
5.275,2.4567,0.005,0.13002,1.1154e-05,2.3478e-25,0,0.002568,0.0023271,0.88697,0.0081511
5.225,2.5067,0.005,0.14821,-0.00073129,5.1728e-25,0,0.002782,0.0020835,1.0728,0.0082173
5.175,2.5568,0.005,0.16988,-0.0015115,-3.2864e-25,0,0.0030174,0.0019608,1.2743,0.0082859
5.125,2.6068,0.005,0.19442,-0.0022503,-4.4169e-26,0,0.0032247,0.0019098,1.462,0.0083546
5.075,2.6569,0.005,0.22092,-0.0028735,5.7552e-25,0,0.0033541,0.0018924,1.6243,0.0084225
5.025,2.7069,0.005,0.24839,-0.0032879,-6.4882e-26,0,0.0033612,0.0018652,1.755,0.0084913
4.975,2.7569,0.005,0.27627,-0.0034582,-1.4729e-25,0,0.0032049,0.0017311,1.8513,0.0085522
4.925,2.807,0.005,0.3041,-0.0033014,-5.0102e-25,0,0.0028499,0.0014874,1.9161,0.0086077
4.875,2.86,0.005,0.33205,-0.0029073,-3.3733e-25,0,0.0022521,0.0011327,1.9882,0.008637
4.825,2.916,0.005,0.35382,-0.0018295,3.1764e-25,0,0.0015083,0.00061164,2.466,0.0086834
4.775,2.972,0.005,0.34383,-0.00085898,8.2962e-26,0,0.0019661,0.00027881,7.0519,0.008684
7.775,0.024,0.005,-0.18861,-0.0022626,1.0868e-23,0,0.0010354,0.00017342,5.9703,0.01705
7.725,0.072,0.005,-0.18679,-0.0026925,-1.0103e-23,0,0.0014569,0.00080215,1.8162,0.015866
7.675,0.12,0.005,-0.17986,-0.0049651,-1.8585e-24,0,0.0017381,0.0015569,1.1164,0.014935
7.625,0.168,0.005,-0.17217,-0.0059963,8.2871e-24,0,0.001868,0.0021568,0.8661,0.013985
7.575,0.216,0.005,-0.16404,-0.0068798,-8.7897e-24,0,0.0019243,0.0026149,0.73589,0.01314
7.525,0.264,0.005,-0.15561,-0.0074651,4.5974e-24,0,0.0019391,0.0029206,0.65195,0.012367
7.475,0.312,0.005,-0.14664,-0.007902,-2.642e-24,0,0.0019264,0.0027963,0.58887,0.011678
7.425,0.36,0.005,-0.137,-0.0082408,6.3219e-24,0,0.0018956,0.0027029,0.53585,0.011069
7.375,0.408,0.005,-0.12722,-0.0084164,-1.4815e-24,0,0.0018543,0.0027137,0.48968,0.010525
7.325,0.456,0.005,-0.11768,-0.0084276,-1.8708e-24,0,0.0018112,0.0027949,0.44945,0.010046
7.275,0.50502,0.005,-0.1083,-0.0083065,-1.587e-24,0,0.0017727,0.0029162,0.4141,0.0096256
7.225,0.55506,0.005,-0.099131,-0.0080636,1.3745e-24,0,0.0017436,0.0030607,0.38331,0.0092589
7.175,0.60511,0.005,-0.09034,-0.0076996,-1.8428e-24,0,0.0017277,0.0032221,0.35725,0.0089446
7.125,0.65515,0.005,-0.081895,-0.0072369,9.3088e-25,0,0.0017262,0.0034099,0.33538,0.0086772
7.075,0.70519,0.005,-0.073785,-0.0066959,-6.5755e-25,0,0.0017389,0.0036347,0.31724,0.0084513
7.025,0.75523,0.005,-0.066013,-0.0060969,5.9649e-25,0,0.0017648,0.0039046,0.30244,0.0082618
6.975,0.80528,0.005,-0.058588,-0.0054597,0,0,0.0018022,0.0042234,0.29061,0.0081041
6.925,0.85532,0.005,-0.051518,-0.0048041,-2.5726e-38,0,0.0018489,0.00459,0.28141,0.0079736
6.875,0.90536,0.005,-0.044799,-0.0041481,-2.6946e-25,0,0.0019023,0.0049989,0.27447,0.0078666
6.825,0.9554,0.005,-0.038424,-0.0035072,-3.2527e-28,0,0.0019598,0.00544,0.26942,0.0077797
6.775,1.0054,0.005,-0.032372,-0.0028935,3.0813e-25,0,0.0020191,0.0058999,0.26593,0.0077098
6.725,1.0555,0.005,-0.026617,-0.0023153,-1.2183e-25,0,0.0020779,0.0063637,0.26366,0.0076544
6.675,1.1055,0.005,-0.021127,-0.0017775,7.1225e-26,0,0.0021345,0.0068173,0.26231,0.0076114
6.625,1.1556,0.005,-0.01587,-0.0012823,5.6488e-26,0,0.0021876,0.0072484,0.26166,0.0075788
6.575,1.2056,0.005,-0.010816,-0.00082956,-6.7008e-26,0,0.0022361,0.0076472,0.26149,0.0075552
6.525,1.2557,0.005,-0.0059347,-0.00041779,1.8624e-39,0,0.0022791,0.0080068,0.26166,0.0075391
6.475,1.3057,0.005,-0.0012012,-4.474e-05,-2.7668e-27,0,0.0023162,0.008322,0.26207,0.0075293
6.425,1.3557,0.005,0.0034079,0.00029184,-1.3994e-26,0,0.0023471,0.0085892,0.26264,0.0075249
6.375,1.4058,0.005,0.0079131,0.0005945,-1.1043e-26,0,0.0023716,0.0088054,0.26336,0.007525
6.325,1.4558,0.005,0.012335,0.00086613,-2.3783e-26,0,0.00239,0.0089621,0.26423,0.0075286
6.275,1.5059,0.005,0.016695,0.0011074,-2.8533e-26,0,0.0024022,0.0090491,0.26528,0.0075347
6.225,1.5559,0.005,0.021022,0.0013198,3.6489e-26,0,0.0024087,0.0090359,0.26657,0.0075437
6.175,1.606,0.005,0.025336,0.0015065,-5.0365e-26,0,0.0024095,0.0089859,0.26815,0.0075557
6.125,1.656,0.005,0.029645,0.0016699,5.0535e-26,0,0.0024052,0.0089043,0.27011,0.0075705
6.075,1.706,0.005,0.033956,0.0018115,6.9601e-26,0,0.002396,0.0087898,0.27259,0.0075878
6.025,1.7561,0.005,0.038279,0.0019319,-4.6546e-26,0,0.0023826,0.0086408,0.27574,0.0076072
5.975,1.8061,0.005,0.042626,0.002031,-1.3725e-25,0,0.0023655,0.0084559,0.27975,0.0076285
5.925,1.8562,0.005,0.047012,0.0021081,-1.1335e-26,0,0.0023455,0.008233,0.28489,0.0076516
5.875,1.9062,0.005,0.051455,0.0021622,6.0236e-39,0,0.0023233,0.0079706,0.29149,0.0076765
5.825,1.9563,0.005,0.055982,0.0021916,-1.7598e-25,0,0.0023,0.0076667,0.29999,0.0077031
5.775,2.0063,0.005,0.060624,0.0021942,1.7589e-25,0,0.0022765,0.0073202,0.311,0.0077316
5.725,2.0563,0.005,0.065426,0.0021674,-7.836e-26,0,0.0022545,0.0069303,0.32532,0.0077622
5.675,2.1064,0.005,0.070444,0.0021078,-2.9621e-25,0,0.0022357,0.0064975,0.34408,0.0077951
5.625,2.1564,0.005,0.075757,0.0020129,8.7942e-39,0,0.0022226,0.0060246,0.36892,0.0078312
5.575,2.2065,0.005,0.081481,0.0018762,3.3179e-25,0,0.0022186,0.0055072,0.40219,0.0078697
5.525,2.2565,0.005,0.087866,0.0016857,1.6067e-25,0,0.0022286,0.0047963,0.44799,0.0079111
5.475,2.3066,0.005,0.095349,0.0014182,9.7868e-39,0,0.0022606,0.0040298,0.51322,0.0079547
5.425,2.3566,0.005,0.10452,0.0010429,-5.6189e-25,0,0.0023259,0.0033182,0.60732,0.0080032
5.375,2.4066,0.005,0.1161,0.00053912,-2.3919e-25,0,0.0024362,0.0027454,0.73433,0.0080576
5.325,2.4567,0.005,0.13081,-9.5846e-05,0,0,0.0025992,0.0023446,0.89048,0.0081178
5.275,2.5067,0.005,0.14906,-0.00082926,5.1581e-25,0,0.0028096,0.0021036,1.0753,0.0081831
5.225,2.5568,0.005,0.17071,-0.0015938,7.6275e-25,0,0.0030368,0.0019798,1.2732,0.0082505
5.175,2.6068,0.005,0.19515,-0.0023129,-5.1833e-25,0,0.0032329,0.0019265,1.4566,0.0083179
5.125,2.6569,0.005,0.22147,-0.0029137,-5.0191e-26,0,0.00335,0.0019066,1.6143,0.0083847
5.075,2.7069,0.005,0.24869,-0.0033064,-1.5519e-25,0,0.0033462,0.0018764,1.7409,0.0084521
5.025,2.7569,0.005,0.27628,-0.003459,3.4548e-25,0,0.003182,0.0017348,1.8342,0.0085115
4.975,2.807,0.005,0.3038,-0.0032903,-2.5332e-25,0,0.0028244,0.0014882,1.8979,0.0085656
4.925,2.86,0.005,0.33141,-0.0028925,5.7893e-25,0,0.00223,0.0011308,1.9721,0.0085938
4.875,2.916,0.005,0.35285,-0.0018191,4.1778e-25,0,0.0014968,0.00060937,2.4563,0.008639
4.825,2.972,0.005,0.34266,-0.00085878,8.2933e-26,0,0.0019548,0.00027801,7.0316,0.0086386
7.825,0.024,0.005,-0.18602,-0.0026071,8.5147e-37,0,0.0010426,0.00017402,5.9909,0.018026
7.775,0.072,0.005,-0.18414,-0.0031549,-5.4754e-24,0,0.0014918,0.00081941,1.8206,0.016722
7.725,0.12,0.005,-0.17749,-0.0057302,4.1154e-24,0,0.0017712,0.001579,1.1218,0.0157
7.675,0.168,0.005,-0.17005,-0.0069392,1.434e-23,0,0.001894,0.002174,0.87117,0.014656
7.625,0.216,0.005,-0.16213,-0.0079585,-3.8528e-24,0,0.0019427,0.0026249,0.74012,0.013727
7.575,0.264,0.005,-0.15382,-0.0086387,1.8121e-24,0,0.0019501,0.0029,0.65478,0.012879
7.525,0.312,0.005,-0.14492,-0.0091426,1.7407e-24,0,0.0019306,0.0027833,0.59019,0.012122
7.475,0.36,0.005,-0.13541,-0.0095215,-4.3219e-24,0,0.0018935,0.002706,0.53595,0.011452
7.425,0.408,0.005,-0.1258,-0.0097038,6.2327e-24,0,0.0018471,0.0027308,0.48895,0.010855
7.375,0.456,0.005,-0.11645,-0.0097001,-6.336e-24,0,0.0017999,0.0028195,0.44821,0.010328
7.325,0.50502,0.005,-0.10725,-0.009552,3.6589e-24,0,0.0017579,0.002944,0.41253,0.0098646
7.275,0.55506,0.005,-0.09825,-0.0092732,-1.1536e-24,0,0.0017256,0.0030892,0.38145,0.0094603
7.225,0.60511,0.005,-0.089615,-0.0088655,-9.983e-25,0,0.0017065,0.0032497,0.35512,0.0091134
7.175,0.65515,0.005,-0.081311,-0.0083527,1.8842e-24,0,0.0017018,0.0034358,0.33297,0.008818
7.125,0.70519,0.005,-0.073327,-0.0077564,7.1118e-25,0,0.0017114,0.0036581,0.31457,0.008568
7.075,0.75523,0.005,-0.065664,-0.0070976,-1.9223e-24,0,0.0017345,0.0039246,0.29954,0.0083581
7.025,0.80528,0.005,-0.058332,-0.0063973,9.4002e-34,0,0.0017695,0.0042393,0.28754,0.008183
6.975,0.85532,0.005,-0.051337,-0.005676,-4.097e-25,0,0.0018144,0.0046016,0.27821,0.008038
6.925,0.90536,0.005,-0.044679,-0.0049526,1.1862e-24,0,0.0018665,0.0050063,0.2712,0.0079188
6.875,0.9554,0.005,-0.03835,-0.0042439,8.9165e-34,0,0.0019236,0.0054439,0.26615,0.0078216
6.825,1.0054,0.005,-0.032332,-0.0035632,-6.8783e-25,0,0.0019831,0.0059012,0.26272,0.0077432
6.775,1.0555,0.005,-0.026602,-0.00292,1.3491e-25,0,0.0020429,0.0063635,0.26056,0.0076806
6.725,1.1055,0.005,-0.02113,-0.0023205,2.8557e-25,0,0.0021012,0.0068165,0.25938,0.0076315
6.675,1.1556,0.005,-0.015886,-0.0017674,-1.3887e-25,0,0.0021565,0.0072478,0.25893,0.0075938
6.625,1.2056,0.005,-0.01084,-0.0012615,-1.8891e-33,0,0.0022075,0.0076473,0.25901,0.0075657
6.575,1.2557,0.005,-0.0059651,-0.00080147,-3.213e-26,0,0.0022534,0.0080078,0.25944,0.0075458
6.525,1.3057,0.005,-0.0012351,-0.00038508,-5.7927e-27,0,0.0022936,0.008324,0.26012,0.0075327
6.475,1.3557,0.005,0.0033728,-9.6333e-06,-1.3914e-26,0,0.0023277,0.0085916,0.26098,0.0075252
6.425,1.4058,0.005,0.0078792,0.00032701,-1.159e-26,0,0.0023554,0.0088062,0.26199,0.0075225
6.375,1.4558,0.005,0.012304,0.00062793,1.3446e-26,0,0.0023769,0.0089607,0.26313,0.0075238
6.325,1.5059,0.005,0.016671,0.00089409,1.6888e-26,0,0.0023922,0.0090461,0.26444,0.0075272
6.275,1.5559,0.005,0.021005,0.001128,-6.3231e-26,0,0.0024015,0.009029,0.26598,0.0075337
6.225,1.606,0.005,0.025327,0.0013326,7.7997e-26,0,0.0024051,0.0089812,0.2678,0.0075435
6.175,1.656,0.005,0.029645,0.0015107,4.2724e-26,0,0.0024034,0.0089014,0.27,0.0075564
6.125,1.706,0.005,0.033967,0.0016646,-5.7518e-26,0,0.0023967,0.0087885,0.27271,0.007572
6.075,1.7561,0.005,0.038302,0.0017953,7.2877e-26,0,0.0023856,0.008641,0.27607,0.0075898
6.025,1.8061,0.005,0.042663,0.0019029,-6.4182e-26,0,0.0023706,0.0084573,0.28031,0.0076096
5.975,1.8562,0.005,0.047065,0.001987,0,0,0.0023527,0.0082356,0.28567,0.0076314
5.925,1.9062,0.005,0.051527,0.0020467,-1.333e-26,0,0.0023325,0.0079741,0.2925,0.007655
5.875,1.9563,0.005,0.056076,0.0020805,-1.628e-26,0,0.002311,0.0076713,0.30126,0.0076804
5.825,2.0063,0.005,0.060743,0.0020864,4.0563e-26,0,0.0022895,0.0073259,0.31252,0.0077078
5.775,2.0563,0.005,0.065573,0.002062,5.1804e-26,0,0.0022694,0.0069375,0.32712,0.0077372
5.725,2.1064,0.005,0.070625,0.0020039,-1.7872e-25,0,0.0022525,0.0065067,0.34619,0.0077692
5.675,2.1564,0.005,0.075976,0.0019102,2.0884e-25,0,0.0022415,0.0060363,0.37133,0.0078044
5.625,2.2065,0.005,0.081747,0.0017733,-3.7372e-25,0,0.0022397,0.0055079,0.40495,0.0078418
5.575,2.2565,0.005,0.088199,0.0015823,3.9263e-25,0,0.0022522,0.004792,0.45113,0.0078816
5.525,2.3066,0.005,0.095778,0.0013125,8.0864e-26,0,0.0022868,0.0040259,0.51673,0.0079247
5.475,2.3566,0.005,0.10507,0.00093467,2.6782e-25,0,0.0023546,0.0033212,0.61088,0.0079726
5.425,2.4066,0.005,0.11678,0.00042927,-3.8359e-25,0,0.0024668,0.0027566,0.73758,0.0080262
5.375,2.4567,0.005,0.13159,-0.00020282,-2.4693e-25,0,0.0026299,0.0023625,0.89402,0.0080857
5.325,2.5067,0.005,0.14989,-0.00092657,5.1445e-25,0,0.0028364,0.0021237,1.0777,0.00815
5.275,2.5568,0.005,0.17152,-0.0016752,4.9359e-25,0,0.0030553,0.0019987,1.2719,0.0082163
5.225,2.6068,0.005,0.19586,-0.0023746,2.2194e-25,0,0.0032404,0.001943,1.451,0.0082825
5.175,2.6569,0.005,0.222,-0.0029533,-1.1193e-24,0,0.0033456,0.0019208,1.6043,0.0083481
5.125,2.7069,0.005,0.24897,-0.0033247,-1.3909e-38,0,0.0033313,0.0018874,1.7268,0.0084141
5.075,2.7569,0.005,0.27627,-0.0034599,3.366e-25,0,0.0031595,0.0017385,1.8173,0.0084717
5.025,2.807,0.005,0.3035,-0.0032796,2.417e-25,0,0.0027993,0.0014889,1.8801,0.0085247
4.975,2.86,0.005,0.33076,-0.0028779,3.2315e-25,0,0.0022083,0.0011288,1.9562,0.0085517
4.925,2.916,0.005,0.35189,-0.0018088,-1.1492e-38,0,0.0014853,0.0006071,2.4466,0.0085958
4.875,2.972,0.005,0.34149,-0.00085851,-3.4197e-25,0,0.0019436,0.00027721,7.0113,0.0085944
7.875,0.024,0.005,-0.18303,-0.002992,-1.3142e-23,0,0.0010501,0.00017465,6.0126,0.019086
7.825,0.072,0.005,-0.18113,-0.0036675,-2.242e-39,0,0.0015282,0.00083717,1.8254,0.017655
7.775,0.12,0.005,-0.17479,-0.0065778,-2.3242e-24,0,0.0018056,0.0016009,1.1279,0.016535
7.725,0.168,0.005,-0.16766,-0.0079809,-5.2217e-24,0,0.0019209,0.0021903,0.87699,0.015391
7.675,0.216,0.005,-0.15997,-0.0091505,1.2718e-23,0,0.0019617,0.0026332,0.74499,0.014372
7.625,0.264,0.005,-0.15181,-0.0099355,-9.1912e-24,0,0.0019614,0.0028781,0.65814,0.013442
7.575,0.312,0.005,-0.14303,-0.01051,1.9156e-24,0,0.0019349,0.0027723,0.59197,0.012611
7.525,0.36,0.005,-0.13366,-0.010925,-1.8535e-24,0,0.0018918,0.0027131,0.53653,0.011875
7.475,0.408,0.005,-0.12425,-0.011113,2.5316e-24,0,0.0018405,0.0027521,0.48877,0.011219
7.425,0.456,0.005,-0.11511,-0.011093,6.3144e-25,0,0.0017896,0.002849,0.44756,0.010639
7.375,0.50502,0.005,-0.10611,-0.010916,1.8558e-24,0,0.0017443,0.0029775,0.41155,0.010129
7.325,0.55506,0.005,-0.097297,-0.010598,-2.9153e-24,0,0.0017088,0.0031243,0.38017,0.0096838
7.275,0.60511,0.005,-0.088829,-0.010142,0,0,0.0016866,0.0032849,0.35353,0.0093014
7.225,0.65515,0.005,-0.080676,-0.009575,-1.143e-24,0,0.0016787,0.00347,0.33107,0.0089753
7.175,0.70519,0.005,-0.072826,-0.008919,-3.071e-33,0,0.0016852,0.0036906,0.31237,0.008699
7.125,0.75523,0.005,-0.065282,-0.0081959,1.261e-24,0,0.0017053,0.0039543,0.29707,0.0084665
7.075,0.80528,0.005,-0.05805,-0.0074276,-6.7543e-25,0,0.0017377,0.0042652,0.28484,0.0082723
7.025,0.85532,0.005,-0.051138,-0.0066357,-1.8421e-39,0,0.0017803,0.0046233,0.27533,0.0081113
6.975,0.90536,0.005,-0.044546,-0.00584,-3.1309e-25,0,0.001831,0.0050238,0.2682,0.0079786
6.925,0.9554,0.005,-0.038267,-0.0050582,-2.4029e-25,0,0.0018873,0.0054577,0.26309,0.0078701
6.875,1.0054,0.005,-0.032288,-0.004305,1.8192e-25,0,0.0019468,0.0059121,0.25966,0.0077822
6.825,1.0555,0.005,-0.026586,-0.0035911,2.7174e-34,0,0.0020073,0.0063723,0.25757,0.0077117
6.775,1.1055,0.005,-0.021135,-0.0029239,-1.2696e-38,0,0.002067,0.0068241,0.25652,0.007656
6.725,1.1556,0.005,-0.015905,-0.0023071,-8.83e-26,0,0.0021242,0.0072549,0.25625,0.0076126
6.675,1.2056,0.005,-0.01087,-0.0017421,2.9427e-25,0,0.0021776,0.0076543,0.25654,0.0075796
6.625,1.2557,0.005,-0.0060012,-0.0012281,4.5511e-40,0,0.0022264,0.0080148,0.25722,0.0075555
6.575,1.3057,0.005,-0.0012747,-0.00076309,-1.318e-25,0,0.0022696,0.0083307,0.25816,0.0075387
6.525,1.3557,0.005,0.003332,-0.00034424,2.9582e-26,0,0.0023068,0.0085974,0.2593,0.0075281
6.475,1.4058,0.005,0.0078399,3.1451e-05,1.4038e-26,0,0.0023378,0.00881,0.26058,0.0075223
6.425,1.4558,0.005,0.012269,0.0003658,2.3028e-26,0,0.0023625,0.0089608,0.26199,0.0075208
6.375,1.5059,0.005,0.016643,0.00065978,5.3102e-26,0,0.002381,0.0090334,0.26357,0.0075214
6.325,1.5559,0.005,0.020986,0.00091821,2.665e-26,0,0.0023933,0.0090191,0.26536,0.0075252
6.275,1.606,0.005,0.025317,0.0011432,-3.4107e-26,0,0.0023998,0.0089737,0.26743,0.0075328
6.225,1.656,0.005,0.029644,0.0013384,-8.1951e-26,0,0.0024008,0.0088961,0.26987,0.0075437
6.175,1.706,0.005,0.033977,0.0015067,-3.4442e-26,0,0.0023967,0.0087852,0.27281,0.0075575
6.125,1.7561,0.005,0.038324,0.0016493,3.8062e-39,0,0.002388,0.0086394,0.2764,0.0075737
6.075,1.8061,0.005,0.042699,0.0017668,1.7009e-25,0,0.0023753,0.0084572,0.28086,0.0075921
6.025,1.8562,0.005,0.047117,0.001859,-1.0835e-26,0,0.0023595,0.0082368,0.28646,0.0076124
5.975,1.9062,0.005,0.051599,0.0019253,-1.4412e-25,0,0.0023413,0.0079765,0.29353,0.0076347
5.925,1.9563,0.005,0.05617,0.0019643,-2.568e-39,0,0.0023219,0.007675,0.30253,0.0076589
5.875,2.0063,0.005,0.060863,0.0019743,-2.0532e-26,0,0.0023023,0.007331,0.31406,0.0076851
5.825,2.0563,0.005,0.065723,0.0019527,3.0916e-25,0,0.0022842,0.0069442,0.32894,0.0077135
5.775,2.1064,0.005,0.070808,0.0018966,-3.0954e-27,0,0.0022693,0.0065155,0.3483,0.0077443
5.725,2.1564,0.005,0.076196,0.0018043,-4.5597e-26,0,0.0022604,0.0060478,0.37376,0.0077786
5.675,2.2065,0.005,0.082017,0.0016679,-1.8115e-26,0,0.0022609,0.0055078,0.40771,0.007815
5.625,2.2565,0.005,0.088537,0.001476,-2.1811e-25,0,0.0022757,0.0047875,0.45428,0.0078535
5.575,2.3066,0.005,0.096211,0.0012038,5.0952e-25,0,0.002313,0.0040227,0.52027,0.0078959
5.525,2.3566,0.005,0.10562,0.0008243,-9.1605e-26,0,0.0023833,0.0033249,0.61447,0.0079431
5.475,2.4066,0.005,0.11745,0.00031838,2.4169e-26,0,0.0024971,0.0027686,0.74091,0.0079961
5.425,2.4567,0.005,0.13237,-0.00030997,-2.3552e-25,0,0.00266,0.0023807,0.89756,0.0080548
5.375,2.5067,0.005,0.15071,-0.0010234,-2.4361e-25,0,0.0028623,0.0021439,1.08,0.0081182
5.325,2.5568,0.005,0.17231,-0.0017559,9.7798e-25,0,0.0030729,0.0020175,1.2703,0.0081834
5.275,2.6068,0.005,0.19654,-0.0024358,2.2076e-25,0,0.0032472,0.0019595,1.4452,0.0082483
5.225,2.6569,0.005,0.22251,-0.0029925,-1.9709e-25,0,0.0033408,0.0019349,1.5943,0.0083127
5.175,2.7069,0.005,0.24923,-0.0033433,-2.4042e-38,0,0.0033163,0.0018984,1.7129,0.0083774
5.125,2.7569,0.005,0.27626,-0.0034611,-6.5234e-25,0,0.0031372,0.0017422,1.8007,0.0084333
5.075,2.807,0.005,0.30319,-0.0032698,7.0333e-25,0,0.0027745,0.0014896,1.8625,0.0084849
5.025,2.86,0.005,0.33012,-0.0028636,-2.4105e-25,0,0.0021869,0.0011269,1.9407,0.0085108
4.975,2.916,0.005,0.35093,-0.0017988,-1.0713e-25,0,0.0014739,0.00060484,2.4369,0.0085538
4.925,2.972,0.005,0.34033,-0.0008582,-8.2974e-26,0,0.0019324,0.00027641,6.991,0.0085513
7.925,0.024,0.005,-0.17958,-0.0034228,-2.1421e-24,0,0.0010581,0.00017531,6.0353,0.020237
7.875,0.072,0.005,-0.17772,-0.0042368,-3.5319e-24,0,0.0015661,0.00085541,1.8309,0.018668
7.825,0.12,0.005,-0.17174,-0.0075137,-9.9436e-24,0,0.0018414,0.0016225,1.1349,0.017443
7.775,0.168,0.005,-0.16496,-0.0091328,2.6495e-24,0,0.0019487,0.0022052,0.88366,0.016192
7.725,0.216,0.005,-0.15755,-0.010466,2.3366e-24,0,0.0019812,0.0026396,0.75059,0.015077
7.675,0.264,0.005,-0.14958,-0.011368,4.4086e-24,0,0.001973,0.0028544,0.6621,0.014059
7.625,0.312,0.005,-0.14093,-0.012017,6.7788e-25,0,0.0019394,0.0027631,0.5943,0.013148
7.575,0.36,0.005,-0.13176,-0.012467,-3.166e-24,0,0.0018905,0.0027243,0.53769,0.01234
7.525,0.408,0.005,-0.12257,-0.012658,-4.6884e-24,0,0.0018349,0.0027779,0.48922,0.011619
7.475,0.456,0.005,-0.11366,-0.012618,4.0739e-24,0,0.0017805,0.0028835,0.44756,0.010982
7.425,0.50502,0.005,-0.10488,-0.012409,-5.9222e-24,0,0.001732,0.003017,0.41122,0.010421
7.375,0.55506,0.005,-0.096263,-0.012048,1.3544e-24,0,0.0016935,0.003167,0.37952,0.0099311
7.325,0.60511,0.005,-0.087976,-0.01154,0,0,0.0016681,0.0033289,0.35254,0.00951
7.275,0.65515,0.005,-0.079985,-0.010914,-1.2571e-24,0,0.001657,0.0035139,0.32974,0.0091505
7.225,0.70519,0.005,-0.072279,-0.010193,1.8567e-24,0,0.0016603,0.0037332,0.3107,0.0088454
7.175,0.75523,0.005,-0.064862,-0.0094007,1.4918e-25,0,0.0016772,0.003995,0.29508,0.0085883
7.125,0.80528,0.005,-0.057738,-0.0085594,-5.4744e-25,0,0.0017068,0.0043028,0.28256,0.0083732
7.075,0.85532,0.005,-0.050916,-0.0076918,-8.6697e-26,0,0.0017471,0.0046569,0.27281,0.0081944
7.025,0.90536,0.005,-0.044397,-0.0068185,2.6911e-25,0,0.001796,0.0050532,0.26551,0.0080468
6.975,0.9554,0.005,-0.038175,-0.0059583,2.5869e-25,0,0.0018511,0.0054833,0.26029,0.0079258
6.925,1.0054,0.005,-0.032239,-0.0051269,-3.9135e-25,0,0.0019103,0.0059345,0.25681,0.0078275
6.875,1.0555,0.005,-0.02657,-0.0043364,-3.3107e-25,0,0.0019712,0.0063922,0.25474,0.0077483
6.825,1.1055,0.005,-0.021141,-0.0035952,1.079e-25,0,0.0020319,0.006842,0.25376,0.0076851
6.775,1.1556,0.005,-0.015928,-0.0029084,2.1275e-25,0,0.0020909,0.0072716,0.25363,0.0076355
6.725,1.2056,0.005,-0.010904,-0.0022781,-5.5535e-26,0,0.0021466,0.0076701,0.2541,0.0075972
6.675,1.2557,0.005,-0.0060422,-0.0017041,6.1392e-39,0,0.002198,0.0080293,0.255,0.0075685
6.625,1.3057,0.005,-0.0013196,-0.0011845,-1.5154e-26,0,0.0022442,0.0083434,0.25619,0.0075477
6.575,1.3557,0.005,0.003286,-0.00071672,-6.1029e-26,0,0.0022846,0.008608,0.25759,0.0075336
6.525,1.4058,0.005,0.0077957,-0.00029738,1.366e-26,0,0.0023189,0.0088174,0.25914,0.0075249
6.475,1.4558,0.005,0.012229,7.499e-05,1.232e-26,0,0.0023468,0.0089652,0.26083,0.0075197
6.425,1.5059,0.005,0.016611,0.00040095,-3.6364e-26,0,0.0023685,0.0090169,0.26268,0.0075174
6.375,1.5559,0.005,0.020964,0.00068694,2.1169e-26,0,0.002384,0.0090057,0.26472,0.0075181
6.325,1.606,0.005,0.025305,0.00093529,4.191e-26,0,0.0023935,0.0089631,0.26704,0.0075235
6.275,1.656,0.005,0.029642,0.0011505,3.5996e-26,0,0.0023974,0.0088881,0.26973,0.0075324
6.225,1.706,0.005,0.033985,0.0013355,3.2504e-27,0,0.0023959,0.0087795,0.2729,0.0075444
6.175,1.7561,0.005,0.038345,0.0014921,-4.2836e-26,0,0.0023898,0.0086357,0.27673,0.0075589
6.125,1.8061,0.005,0.042735,0.0016212,8.3157e-27,0,0.0023795,0.0084553,0.28142,0.0075758
6.075,1.8562,0.005,0.04717,0.001723,-1.0673e-26,0,0.0023659,0.0082365,0.28725,0.0075947
6.025,1.9062,0.005,0.051672,0.0017971,-2.2571e-39,0,0.0023499,0.0079778,0.29456,0.0076157
5.975,1.9563,0.005,0.056265,0.0018423,-7.4011e-26,0,0.0023325,0.0076777,0.30381,0.0076387
5.925,2.0063,0.005,0.060984,0.001857,-3.9541e-26,0,0.002315,0.0073352,0.3156,0.0076637
5.875,2.0563,0.005,0.065874,0.0018391,2.6654e-26,0,0.0022989,0.0069502,0.33076,0.0076909
5.825,2.1064,0.005,0.070992,0.0017854,6.2242e-26,0,0.0022861,0.0065237,0.35043,0.0077207
5.775,2.1564,0.005,0.076419,0.0016948,-1.0863e-25,0,0.0022793,0.0060587,0.37619,0.0077539
5.725,2.2065,0.005,0.082289,0.0015593,2.3251e-25,0,0.002282,0.0055072,0.41049,0.0077894
5.675,2.2565,0.005,0.088879,0.0013666,-5.6438e-25,0,0.0022993,0.0047827,0.45747,0.0078269
5.625,2.3066,0.005,0.096649,0.0010922,-5.7844e-26,0,0.0023391,0.0040198,0.52384,0.0078684
5.575,2.3566,0.005,0.10617,0.00071141,3.3331e-25,0,0.0024119,0.0033293,0.61812,0.0079149
5.525,2.4066,0.005,0.11813,0.00020609,-4.0663e-25,0,0.0025272,0.0027813,0.74444,0.0079672
5.475,2.4567,0.005,0.13314,-0.00041752,2.2409e-25,0,0.0026895,0.0023992,0.90108,0.0080252
5.425,2.5067,0.005,0.15152,-0.00112,2.5613e-25,0,0.0028874,0.002164,1.0821,0.0080876
5.375,2.5568,0.005,0.17309,-0.0018361,-2.4411e-25,0,0.0030897,0.0020363,1.2685,0.0081516
5.325,2.6068,0.005,0.19721,-0.0024964,9.0589e-25,0,0.0032533,0.0019758,1.4393,0.0082153
5.275,2.6569,0.005,0.22299,-0.0030314,-1.9624e-25,0,0.0033356,0.0019489,1.5843,0.0082786
5.225,2.7069,0.005,0.24947,-0.0033623,-3.679e-25,0,0.0033013,0.0019092,1.6992,0.0083418
5.175,2.7569,0.005,0.27622,-0.003463,-2.4885e-25,0,0.0031152,0.0017458,1.7844,0.0083962
5.125,2.807,0.005,0.30287,-0.0032606,-2.2289e-25,0,0.0027502,0.0014903,1.8454,0.0084464
5.075,2.86,0.005,0.32947,-0.0028497,-2.9974e-25,0,0.0021658,0.0011249,1.9254,0.008471
5.025,2.916,0.005,0.34998,-0.001789,-2.8749e-25,0,0.0014626,0.00060259,2.4272,0.008513
4.975,2.972,0.005,0.33918,-0.00085786,3.2584e-25,0,0.0019212,0.0002756,6.9708,0.0085095
7.975,0.024,0.005,-0.17563,-0.0039067,-2.4555e-24,0,0.0010665,0.00017601,6.0594,0.02148
7.925,0.072,0.005,-0.17386,-0.0048678,6.8974e-24,0,0.0016057,0.00087408,1.837,0.019765
7.875,0.12,0.005,-0.16831,-0.0085474,4.7886e-37,0,0.0018786,0.0016437,1.1429,0.018428
7.825,0.168,0.005,-0.16192,-0.010404,-6.2029e-24,0,0.0019774,0.0022185,0.89132,0.017064
7.775,0.216,0.005,-0.15483,-0.011918,0,0,0.0020014,0.0026437,0.75704,0.015846
7.725,0.264,0.005,-0.14708,-0.012951,6.7934e-24,0,0.0019848,0.0028278,0.66677,0.014734
7.675,0.312,0.005,-0.13862,-0.013679,2.3337e-24,0,0.0019443,0.0027553,0.59728,0.013736
7.625,0.36,0.005,-0.12967,-0.014161,-4.6817e-24,0,0.0018899,0.0027393,0.53953,0.012849
7.575,0.408,0.005,-0.12074,-0.014351,-3.9243e-24,0,0.0018302,0.0028086,0.49038,0.012058
7.525,0.456,0.005,-0.11208,-0.014289,-7.5526e-25,0,0.0017726,0.0029234,0.44829,0.011359
7.475,0.50502,0.005,-0.10354,-0.014044,-2.2772e-24,0,0.0017213,0.0030633,0.41162,0.010743
7.425,0.55506,0.005,-0.095143,-0.013636,1.9829e-24,0,0.0016798,0.0032179,0.37958,0.010204
7.375,0.60511,0.005,-0.087049,-0.013071,-1.2609e-24,0,0.0016513,0.0033826,0.35223,0.009741
7.325,0.65515,0.005,-0.079232,-0.012379,0,0,0.0016369,0.0035687,0.32904,0.009345
7.275,0.70519,0.005,-0.071681,-0.011588,-8.9276e-25,0,0.0016368,0.0037877,0.30961,0.0090087
7.225,0.75523,0.005,-0.064399,-0.010721,-1.3006e-37,0,0.0016506,0.0040481,0.29361,0.0087247
7.175,0.80528,0.005,-0.057393,-0.0098021,1.4656e-24,0,0.0016771,0.0043537,0.28075,0.0084866
7.125,0.85532,0.005,-0.050669,-0.0088531,-3.52e-25,0,0.0017147,0.0047043,0.27071,0.0082884
7.075,0.90536,0.005,-0.044229,-0.0078968,-3.6275e-25,0,0.0017615,0.0050964,0.26317,0.0081244
7.025,0.9554,0.005,-0.03807,-0.0069527,-5.5611e-34,0,0.0018153,0.0055227,0.25777,0.0079896
6.975,1.0054,0.005,-0.032183,-0.0060373,-6.4766e-26,0,0.0018737,0.0059706,0.25419,0.0078797
6.925,1.0555,0.005,-0.026549,-0.005164,1.573e-25,0,0.0019347,0.0064251,0.25208,0.0077908
6.875,1.1055,0.005,-0.021147,-0.0043426,-1.6416e-25,0,0.0019962,0.0068725,0.25114,0.0077195
6.825,1.1556,0.005,-0.015952,-0.0035793,8.4312e-26,0,0.0020566,0.0072996,0.25109,0.0076629
6.775,1.2056,0.005,-0.010941,-0.0028771,-9.6114e-26,0,0.0021143,0.0076961,0.25171,0.0076188
6.725,1.2557,0.005,-0.0060874,-0.0022364,3.1471e-26,0,0.0021682,0.0080526,0.2528,0.0075851
6.675,1.3057,0.005,-0.0013693,-0.0016558,2.1379e-25,0,0.0022173,0.0083634,0.25422,0.00756
6.625,1.3557,0.005,0.0032355,-0.0011326,-9.4638e-26,0,0.0022609,0.008624,0.25587,0.0075421
6.575,1.4058,0.005,0.0077465,-0.00066479,-1.4314e-27,0,0.0022984,0.0088293,0.25768,0.0075299
6.525,1.4558,0.005,0.012186,-0.00025136,-1.4522e-26,0,0.0023297,0.0089732,0.25964,0.0075205
6.475,1.5059,0.005,0.016578,0.00011254,-3.2313e-26,0,0.0023547,0.0089963,0.26175,0.0075149
6.425,1.5559,0.005,0.020941,0.0004302,-2.2409e-27,0,0.0023735,0.0089885,0.26406,0.0075128
6.375,1.606,0.005,0.025292,0.0007054,7.131e-26,0,0.0023861,0.0089492,0.26663,0.0075157
6.325,1.656,0.005,0.029639,0.00094377,3.247e-26,0,0.002393,0.0088772,0.26956,0.0075226
6.275,1.706,0.005,0.033993,0.0011484,-2.2376e-27,0,0.0023944,0.0087712,0.27298,0.0075327
6.225,1.7561,0.005,0.038366,0.0013215,8.7601e-26,0,0.0023909,0.0086298,0.27705,0.0075456
6.175,1.8061,0.005,0.042771,0.0014643,-5.7932e-26,0,0.0023831,0.0084515,0.28198,0.0075609
6.125,1.8562,0.005,0.047223,0.0015775,1.0606e-26,0,0.0023719,0.0082346,0.28804,0.0075784
6.075,1.9062,0.005,0.051745,0.0016608,3.5503e-26,0,0.0023582,0.0079776,0.2956,0.007598
6.025,1.9563,0.005,0.056361,0.0017133,1.2118e-25,0,0.0023429,0.0076792,0.3051,0.0076197
5.975,2.0063,0.005,0.061107,0.0017338,-9.7463e-26,0,0.0023275,0.0073385,0.31716,0.0076435
5.925,2.0563,0.005,0.066027,0.0017202,2.7153e-26,0,0.0023134,0.0069555,0.33261,0.0076696
5.875,2.1064,0.005,0.07118,0.0016697,3.6694e-26,0,0.0023027,0.0065313,0.35257,0.0076982
5.825,2.1564,0.005,0.076645,0.0015812,-1.0307e-25,0,0.0022981,0.0060691,0.37865,0.0077304
5.775,2.2065,0.005,0.082565,0.0014468,1.7165e-25,0,0.002303,0.0055061,0.4133,0.007765
5.725,2.2565,0.005,0.089226,0.0012539,-5.6911e-26,0,0.0023227,0.004778,0.46069,0.0078016
5.675,2.3066,0.005,0.097091,0.00097775,-4.6007e-25,0,0.0023652,0.0040176,0.52745,0.0078423
5.625,2.3566,0.005,0.10673,0.00059591,-2.5284e-26,0,0.0024402,0.0033344,0.62183,0.0078881
5.575,2.4066,0.005,0.11881,9.208e-05,-2.6313e-38,0,0.002557,0.0027947,0.74817,0.0079396
5.525,2.4567,0.005,0.13391,-0.00052571,1.726e-38,0,0.0027183,0.0024179,0.90456,0.0079969
5.475,2.5067,0.005,0.15232,-0.0012165,2.2064e-25,0,0.0029116,0.0021842,1.084,0.0080582
5.425,2.5568,0.005,0.17384,-0.0019161,2.1553e-26,0,0.0031056,0.0020549,1.2666,0.0081211
5.375,2.6068,0.005,0.19786,-0.0025569,-2.1932e-25,0,0.0032588,0.0019921,1.4334,0.0081836
5.325,2.6569,0.005,0.22346,-0.0030703,6.5537e-25,0,0.0033301,0.0019628,1.5743,0.0082457
5.275,2.7069,0.005,0.24969,-0.0033815,-1.4807e-25,0,0.0032863,0.00192,1.6856,0.0083076
5.225,2.7569,0.005,0.27618,-0.0034657,3.0712e-25,0,0.0030936,0.0017494,1.7683,0.0083605
5.175,2.807,0.005,0.30254,-0.003252,-6.6144e-25,0,0.0027263,0.001491,1.8285,0.0084092
5.125,2.86,0.005,0.32883,-0.0028362,-3.3253e-25,0,0.0021451,0.0011229,1.9103,0.0084325
5.075,2.916,0.005,0.34904,-0.0017794,6.0783e-40,0,0.0014514,0.00060034,2.4176,0.0084734
5.025,2.972,0.005,0.33803,-0.00085752,0,0,0.0019101,0.00027481,6.9506,0.0084688
8.025,0.024,0.005,-0.17112,-0.0044535,0,0,0.0010756,0.00017676,6.0852,0.02282
7.975,0.072,0.005,-0.16951,-0.0055682,-2.0975e-23,0,0.0016469,0.00089313,1.844,0.020949
7.925,0.12,0.005,-0.16444,-0.0096877,8.6476e-24,0,0.0019172,0.0016641,1.1521,0.019495
7.875,0.168,0.005,-0.15851,-0.011805,-3.5246e-24,0,0.002007,0.0022298,0.90011,0.018011
7.825,0.216,0.005,-0.15178,-0.013518,-2.7082e-24,0,0.0020221,0.0026451,0.76445,0.016684
7.775,0.264,0.005,-0.14431,-0.014699,0,0,0.0019971,0.0027964,0.67228,0.01547
7.725,0.312,0.005,-0.13607,-0.015514,8.5164e-24,0,0.0019496,0.0027484,0.60102,0.014378
7.675,0.36,0.005,-0.1274,-0.016025,7.525e-24,0,0.0018902,0.0027578,0.54214,0.013406
7.625,0.408,0.005,-0.11876,-0.016208,-5.5608e-24,0,0.0018269,0.0028438,0.49235,0.012539
7.575,0.456,0.005,-0.11038,-0.016119,-2.8086e-24,0,0.0017664,0.0029691,0.44984,0.011773
7.525,0.50502,0.005,-0.10209,-0.015833,1.8889e-24,0,0.0017123,0.0031169,0.41282,0.011096
7.475,0.55506,0.005,-0.093927,-0.015374,-3.7315e-24,0,0.0016679,0.0032781,0.38041,0.010505
7.425,0.60511,0.005,-0.086043,-0.014746,-1.3585e-24,0,0.0016363,0.0034475,0.35265,0.0099961
7.375,0.65515,0.005,-0.078412,-0.013982,1.4967e-24,0,0.0016186,0.0036363,0.32903,0.0095606
7.325,0.70519,0.005,-0.071026,-0.013114,-1.9188e-24,0,0.0016151,0.003856,0.30916,0.0091902
7.275,0.75523,0.005,-0.06389,-0.012168,2.7931e-24,0,0.0016254,0.0041156,0.29274,0.008877
7.225,0.80528,0.005,-0.05701,-0.011165,-1.4409e-24,0,0.0016487,0.0044197,0.27947,0.0086139
7.175,0.85532,0.005,-0.050392,-0.010129,6.4341e-25,0,0.0016834,0.004768,0.26908,0.0083942
7.125,0.90536,0.005,-0.044038,-0.009084,5.0773e-25,0,0.0017279,0.0051562,0.26123,0.0082122
7.075,0.9554,0.005,-0.037949,-0.0080502,9.9324e-26,0,0.0017799,0.0055782,0.2556,0.0080623
7.025,1.0054,0.005,-0.032115,-0.0070451,8.5191e-26,0,0.0018373,0.0060229,0.25185,0.0079396
6.975,1.0555,0.005,-0.026522,-0.0060828,-4.1205e-25,0,0.0018979,0.0064739,0.24964,0.0078399
6.925,1.1055,0.005,-0.02115,-0.0051748,2.4891e-33,0,0.0019599,0.0069174,0.24867,0.0077596
6.875,1.1556,0.005,-0.015977,-0.0043281,-1.0474e-38,0,0.0020215,0.0073413,0.24867,0.0076954
6.825,1.2056,0.005,-0.010979,-0.003547,6.3428e-26,0,0.002081,0.0077332,0.24939,0.0076449
6.775,1.2557,0.005,-0.0061356,-0.0028325,0,0,0.0021372,0.0080857,0.25064,0.0076058
6.725,1.3057,0.005,-0.0014223,-0.0021837,1.5414e-39,0,0.002189,0.0083927,0.25226,0.007576
6.675,1.3557,0.005,0.0031809,-0.0015992,4.6496e-26,0,0.0022356,0.0086486,0.25414,0.0075539
6.625,1.4058,0.005,0.0076947,-0.0010782,-2.765e-26,0,0.0022764,0.0088489,0.2562,0.0075364
6.575,1.4558,0.005,0.012142,-0.00061796,-2.8716e-26,0,0.0023111,0.0089434,0.25842,0.0075229
6.525,1.5059,0.005,0.016542,-0.00021132,-2.633e-27,0,0.0023395,0.0089709,0.26079,0.0075134
6.475,1.5559,0.005,0.020917,0.00014288,0,0,0.0023616,0.0089672,0.26337,0.007509
6.425,1.606,0.005,0.025278,0.00044946,-3.6517e-26,0,0.0023776,0.0089315,0.2662,0.0075096
6.375,1.656,0.005,0.029635,0.00071472,-5.6981e-26,0,0.0023875,0.0088629,0.26938,0.0075144
6.325,1.706,0.005,0.034001,0.00094237,4.0622e-27,0,0.0023919,0.00876,0.27305,0.0075226
6.275,1.7561,0.005,0.038387,0.0011349,-3.3771e-26,0,0.0023912,0.0086214,0.27736,0.0075337
6.225,1.8061,0.005,0.042806,0.001294,4.8048e-39,0,0.0023861,0.0084455,0.28253,0.0075475
6.175,1.8562,0.005,0.047276,0.0014206,-2.1339e-26,0,0.0023774,0.0082309,0.28884,0.0075635
6.125,1.9062,0.005,0.051818,0.0015148,5.7202e-26,0,0.002366,0.0079759,0.29664,0.0075817
6.075,1.9563,0.005,0.056458,0.0015763,-1.7275e-26,0,0.002353,0.0076795,0.3064,0.0076021
6.025,2.0063,0.005,0.061231,0.0016037,1.1453e-25,0,0.0023398,0.0073408,0.31873,0.0076247
5.975,2.0563,0.005,0.066181,0.0015954,-7.8637e-26,0,0.0023278,0.0069598,0.33446,0.0076496
5.925,2.1064,0.005,0.071369,0.0015486,-7.4732e-26,0,0.0023193,0.0065381,0.35473,0.0076771
5.875,2.1564,0.005,0.076874,0.0014627,9.7312e-26,0,0.0023168,0.0060788,0.38113,0.0077082
5.825,2.2065,0.005,0.082845,0.0013299,1.6839e-25,0,0.002324,0.0055047,0.41613,0.0077418
5.775,2.2565,0.005,0.089578,0.0011372,-6.8042e-39,0,0.0023462,0.0047733,0.46395,0.0077776
5.725,2.3066,0.005,0.097537,0.00086016,-1.4495e-25,0,0.0023911,0.0040161,0.53111,0.0078175
5.675,2.3566,0.005,0.10729,0.00047776,-3.3309e-25,0,0.0024684,0.0033403,0.62562,0.0078626
5.625,2.4066,0.005,0.11948,-2.3886e-05,1.5082e-38,0,0.0025864,0.0028086,0.75204,0.0079134
5.575,2.4567,0.005,0.13466,-0.00063487,-2.1436e-38,0,0.0027464,0.0024368,0.908,0.0079699
5.525,2.5067,0.005,0.1531,-0.0013133,4.6553e-26,0,0.0029349,0.0022042,1.0856,0.0080302
5.475,2.5568,0.005,0.17458,-0.0019961,4.5328e-25,0,0.0031207,0.0020734,1.2644,0.0080919
5.425,2.6068,0.005,0.19848,-0.0026174,-1.9661e-25,0,0.0032637,0.0020082,1.4273,0.0081532
5.375,2.6569,0.005,0.2239,-0.0031095,5.8691e-25,0,0.0033242,0.0019767,1.5643,0.0082141
5.325,2.7069,0.005,0.2499,-0.0034014,-4.9507e-25,0,0.0032713,0.0019307,1.6721,0.0082747
5.275,2.7569,0.005,0.27612,-0.0034692,2.9766e-25,0,0.0030722,0.001753,1.7525,0.0083261
5.225,2.807,0.005,0.30221,-0.0032441,-3.6664e-27,0,0.0027028,0.0014916,1.812,0.0083732
5.175,2.86,0.005,0.32819,-0.002823,2.5459e-25,0,0.0021247,0.0011209,1.8955,0.0083954
5.125,2.916,0.005,0.3481,-0.0017701,-1.0603e-25,0,0.0014402,0.0005981,2.4079,0.008435
5.075,2.972,0.005,0.33688,-0.00085721,-5.3391e-25,0,0.001899,0.00027401,6.9304,0.0084293
8.075,0.024,0.005,-0.16599,-0.0050756,-3.2659e-24,0,0.0010854,0.00017756,6.1128,0.02426
8.025,0.072,0.005,-0.16463,-0.0063506,-5.2148e-24,0,0.0016899,0.00091248,1.8519,0.022221
7.975,0.12,0.005,-0.16011,-0.010946,-3.5775e-24,0,0.0019572,0.0016834,1.1627,0.020643
7.925,0.168,0.005,-0.15469,-0.013343,1.4648e-23,0,0.0020375,0.0022385,0.9102,0.019037
7.875,0.216,0.005,-0.14838,-0.015282,-3.1256e-24,0,0.0020433,0.0026435,0.77295,0.017595
7.825,0.264,0.005,-0.14122,-0.016629,5.9963e-24,0,0.0020096,0.0027579,0.67873,0.016273
7.775,0.312,0.005,-0.13327,-0.017541,-4.6498e-24,0,0.0019555,0.0027413,0.60565,0.015078
7.725,0.36,0.005,-0.12493,-0.018077,8.1616e-24,0,0.0018914,0.0027794,0.54565,0.014013
7.675,0.408,0.005,-0.11662,-0.018248,1.0189e-24,0,0.0018249,0.0028834,0.49524,0.013063
7.625,0.456,0.005,-0.10853,-0.018124,-4.445e-24,0,0.0017619,0.0030205,0.4523,0.012224
7.575,0.50502,0.005,-0.10052,-0.017793,7.7624e-25,0,0.0017053,0.0031785,0.41491,0.011484
7.525,0.55506,0.005,-0.092609,-0.017276,-1.6859e-37,0,0.001658,0.0033488,0.3821,0.010835
7.475,0.60511,0.005,-0.08495,-0.016578,-1.9425e-24,0,0.0016234,0.0035252,0.35389,0.010277
7.425,0.65515,0.005,-0.077519,-0.015736,-1.6291e-37,0,0.0016023,0.0037185,0.32978,0.0097987
7.375,0.70519,0.005,-0.07031,-0.014784,1.0291e-24,0,0.0015953,0.0039405,0.30941,0.0093913
7.325,0.75523,0.005,-0.063329,-0.01375,-2.1848e-24,0,0.001602,0.0042004,0.29251,0.0090464
7.275,0.80528,0.005,-0.056584,-0.012658,6.7859e-25,0,0.0016219,0.0045033,0.27878,0.008756
7.225,0.85532,0.005,-0.050081,-0.01153,-7.0835e-25,0,0.0016535,0.0048501,0.26797,0.0085131
7.175,0.90536,0.005,-0.043822,-0.01039,4.1882e-25,0,0.0016952,0.0052359,0.25975,0.0083112
7.125,0.9554,0.005,-0.037808,-0.0092601,-4.4379e-25,0,0.0017451,0.0056532,0.25381,0.0081445
7.075,1.0054,0.005,-0.032034,-0.0081595,-2.4224e-25,0,0.0018011,0.0060934,0.24983,0.0080078
7.025,1.0555,0.005,-0.026486,-0.0071021,5.5196e-25,0,0.0018612,0.0065406,0.24746,0.0078963
6.975,1.1055,0.005,-0.021148,-0.0061004,1.3254e-25,0,0.0019233,0.0069787,0.24641,0.007806
6.925,1.1556,0.005,-0.015999,-0.0051635,-7.6882e-26,0,0.0019856,0.0073964,0.2464,0.0077337
6.875,1.2056,0.005,-0.011018,-0.0042958,-6.8001e-26,0,0.0020466,0.0077842,0.24718,0.0076761
6.825,1.2557,0.005,-0.0061848,-0.0035,-1.573e-25,0,0.0021049,0.008132,0.24855,0.0076312
6.775,1.3057,0.005,-0.0014776,-0.0027765,-7.8711e-26,0,0.0021593,0.0084345,0.25033,0.0075959
6.725,1.3557,0.005,0.0031238,-0.0021257,1.7282e-25,0,0.0022089,0.008685,0.25242,0.0075677
6.675,1.4058,0.005,0.0076418,-0.0015459,-3.2855e-39,0,0.0022529,0.0088448,0.25472,0.0075446
6.625,1.4558,0.005,0.012096,-0.0010303,2.2483e-26,0,0.002291,0.008908,0.25718,0.0075265
6.575,1.5059,0.005,0.016508,-0.00057663,-6.8599e-26,0,0.0023228,0.0089403,0.25982,0.0075134
6.525,1.5559,0.005,0.020893,-0.00018099,-1.013e-26,0,0.0023484,0.0089412,0.26265,0.0075067
6.475,1.606,0.005,0.025263,0.00016247,-3.7974e-26,0,0.0023677,0.0089098,0.26574,0.0075051
6.425,1.656,0.005,0.029631,0.00045926,-4.4079e-26,0,0.0023809,0.0088449,0.26918,0.0075077
6.375,1.706,0.005,0.034008,0.00071386,2.6702e-26,0,0.0023884,0.0087455,0.2731,0.007514
6.325,1.7561,0.005,0.038407,0.00092929,4.5269e-27,0,0.0023907,0.0086101,0.27766,0.0075234
6.275,1.8061,0.005,0.042842,0.0011076,-3.1451e-26,0,0.0023884,0.0084371,0.28308,0.0075355
6.225,1.8562,0.005,0.04733,0.0012502,0,0,0.0023823,0.008225,0.28964,0.0075501
6.175,1.9062,0.005,0.051892,0.0013576,-1.4114e-26,0,0.0023734,0.0079725,0.2977,0.0075669
6.125,1.9563,0.005,0.056556,0.0014296,-5.8317e-26,0,0.0023628,0.0076783,0.30772,0.0075859
6.075,2.0063,0.005,0.061356,0.0014654,9.006e-26,0,0.0023517,0.0073418,0.32032,0.0076072
6.025,2.0563,0.005,0.066338,0.0014635,-1.9039e-25,0,0.002342,0.0069632,0.33634,0.0076309
5.975,2.1064,0.005,0.071562,0.0014215,-4.3394e-26,0,0.0023356,0.0065439,0.35692,0.0076572
5.925,2.1564,0.005,0.077106,0.0013388,-1.6376e-38,0,0.0023354,0.0060875,0.38363,0.0076872
5.875,2.2065,0.005,0.083128,0.0012079,-6.182e-26,0,0.0023449,0.0055031,0.419,0.00772
5.825,2.2565,0.005,0.089934,0.001016,3.5277e-25,0,0.0023695,0.004769,0.46726,0.007755
5.775,2.3066,0.005,0.097987,0.00073892,2.1097e-26,0,0.0024169,0.0040153,0.53484,0.0077942
5.725,2.3566,0.005,0.10785,0.00035672,-3.1921e-25,0,0.0024963,0.0033469,0.62948,0.0078385
5.675,2.4066,0.005,0.12015,-0.00014199,-4.1622e-25,0,0.0026153,0.0028231,0.756,0.0078886
5.625,2.4567,0.005,0.13541,-0.00074529,-5.5453e-26,0,0.0027738,0.0024559,0.91138,0.0079442
5.575,2.5067,0.005,0.15387,-0.0014107,1.9713e-25,0,0.0029574,0.0022242,1.0868,0.0080034
5.525,2.5568,0.005,0.1753,-0.0020764,2.4276e-25,0,0.003135,0.0020919,1.2621,0.0080641
5.475,2.6068,0.005,0.19909,-0.0026782,4.1631e-25,0,0.0032679,0.0020243,1.4211,0.0081242
5.425,2.6569,0.005,0.22433,-0.0031491,-9.716e-25,0,0.0033181,0.0019905,1.5543,0.0081839
5.375,2.7069,0.005,0.25009,-0.003422,1.9164e-25,0,0.0032564,0.0019413,1.6588,0.0082432
5.325,2.7569,0.005,0.27605,-0.0034737,6.7854e-25,0,0.0030511,0.0017565,1.737,0.0082931
5.275,2.807,0.005,0.30187,-0.003237,-2.2722e-27,0,0.0026796,0.0014922,1.7957,0.0083387
5.225,2.86,0.005,0.32754,-0.0028103,6.861e-27,0,0.0021046,0.0011189,1.881,0.0083597
5.175,2.916,0.005,0.34717,-0.0017611,-1.5613e-25,0,0.0014291,0.00059588,2.3983,0.008398
5.125,2.972,0.005,0.33574,-0.000857,-1.661e-25,0,0.0018879,0.00027321,6.9102,0.0083911
8.125,0.024,0.005,-0.16016,-0.0057874,0,0,0.001096,0.00017843,6.1425,0.0258
8.075,0.072,0.005,-0.15915,-0.0072341,-5.9721e-24,0,0.0017346,0.00093203,1.8611,0.023584
8.025,0.12,0.005,-0.15527,-0.01234,-1.0062e-23,0,0.0019987,0.0017014,1.1747,0.021874
7.975,0.168,0.005,-0.15042,-0.015025,-4.0039e-24,0,0.0020687,0.0022442,0.92178,0.020143
7.925,0.216,0.005,-0.14458,-0.017231,6.5719e-24,0,0.0020648,0.0026382,0.78264,0.018581
7.875,0.264,0.005,-0.13778,-0.018759,2.2295e-37,0,0.0020226,0.00271,0.68626,0.017143
7.825,0.312,0.005,-0.13019,-0.019782,-1.8696e-24,0,0.0019621,0.0027323,0.61131,0.015839
7.775,0.36,0.005,-0.12223,-0.020338,-1.4205e-24,0,0.0018938,0.0028034,0.55019,0.014673
7.725,0.408,0.005,-0.11428,-0.02049,6.5437e-24,0,0.0018246,0.0029269,0.49914,0.013634
7.675,0.456,0.005,-0.10653,-0.020324,-2.4692e-24,0,0.0017594,0.0030777,0.45576,0.012717
7.625,0.50502,0.005,-0.098823,-0.019938,-8.9497e-26,0,0.0017004,0.0032484,0.41797,0.011906
7.575,0.55506,0.005,-0.091181,-0.019356,-1.8397e-24,0,0.0016505,0.003431,0.38472,0.011197
7.525,0.60511,0.005,-0.083764,-0.018581,-3.1387e-24,0,0.0016127,0.0036171,0.35601,0.010585
7.475,0.65515,0.005,-0.076548,-0.017654,-1.3534e-37,0,0.0015882,0.0038173,0.33136,0.010061
7.425,0.70519,0.005,-0.069529,-0.01661,-1.1009e-24,0,0.0015775,0.0040435,0.31044,0.0096133
7.375,0.75523,0.005,-0.062714,-0.015481,9.008e-25,0,0.0015806,0.0043053,0.29298,0.0092339
7.325,0.80528,0.005,-0.056113,-0.014291,7.2458e-25,0,0.0015968,0.0046076,0.27874,0.0089141
7.275,0.85532,0.005,-0.049732,-0.013066,-5.7306e-25,0,0.001625,0.0049522,0.26743,0.008646
7.225,0.90536,0.005,-0.043576,-0.011826,-1.6336e-41,0,0.0016638,0.0053361,0.25877,0.0084225
7.175,0.9554,0.005,-0.037645,-0.010593,1.5119e-25,0,0.0017113,0.0057502,0.25246,0.0082373
7.125,1.0054,0.005,-0.031935,-0.0093894,6.4827e-25,0,0.0017656,0.0061841,0.24817,0.0080852
7.075,1.0555,0.005,-0.026438,-0.0082307,-5.0282e-25,0,0.0018246,0.0066248,0.24558,0.0079611
7.025,1.1055,0.005,-0.021138,-0.0071283,1.0894e-25,0,0.0018864,0.0070575,0.24439,0.00786
6.975,1.1556,0.005,-0.016016,-0.0060933,-1.3181e-38,0,0.0019492,0.0074709,0.24431,0.0077785
6.925,1.2056,0.005,-0.011054,-0.0051321,8.0669e-26,0,0.0020114,0.0078541,0.24509,0.0077135
6.875,1.2557,0.005,-0.006234,-0.0042484,-4.7829e-39,0,0.0020715,0.0081976,0.24653,0.0076609
6.825,1.3057,0.005,-0.0015338,-0.0034462,-6.1247e-26,0,0.0021283,0.0084929,0.24845,0.0076181
6.775,1.3557,0.005,0.0030679,-0.0027228,5.5439e-26,0,0.0021806,0.0086976,0.25072,0.0075827
6.725,1.4058,0.005,0.0075901,-0.0020744,2.1053e-40,0,0.0022278,0.0087976,0.25323,0.0075539
6.675,1.4558,0.005,0.012053,-0.0014976,4.4652e-26,0,0.0022692,0.0088665,0.25593,0.0075311
6.625,1.5059,0.005,0.016474,-0.00099035,1.305e-26,0,0.0023046,0.0089042,0.25882,0.0075154
6.575,1.5559,0.005,0.020868,-0.00054724,-1.2438e-27,0,0.0023337,0.0089101,0.26191,0.0075061
6.525,1.606,0.005,0.025248,-0.00016123,-6.6844e-27,0,0.0023564,0.0088834,0.26526,0.0075022
6.475,1.656,0.005,0.029626,0.00017256,-1.4011e-26,0,0.002373,0.0088229,0.26896,0.0075028
6.425,1.706,0.005,0.034014,0.00045881,2.0569e-26,0,0.0023838,0.0087275,0.27313,0.0075071
6.375,1.7561,0.005,0.038427,0.00070122,4.9898e-26,0,0.0023892,0.0085957,0.27795,0.0075148
6.325,1.8061,0.005,0.042877,0.00090236,5.8788e-26,0,0.0023898,0.008426,0.28363,0.0075252
6.275,1.8562,0.005,0.047383,0.001064,-2.2774e-26,0,0.0023865,0.0082169,0.29044,0.0075382
6.225,1.9062,0.005,0.051967,0.001187,3.4648e-39,0,0.0023802,0.0079671,0.29876,0.0075535
6.175,1.9563,0.005,0.056655,0.0012717,-1.6211e-39,0,0.0023721,0.0076754,0.30905,0.0075712
6.125,2.0063,0.005,0.061483,0.0013176,-4.6788e-26,0,0.0023634,0.0073414,0.32193,0.0075912
6.075,2.0563,0.005,0.066497,0.0013236,3.2683e-25,0,0.002356,0.0069653,0.33824,0.0076137
6.025,2.1064,0.005,0.071757,0.0012874,-1.9246e-25,0,0.0023519,0.0065488,0.35913,0.0076387
5.975,2.1564,0.005,0.077342,0.0012085,-5.1861e-26,0,0.0023539,0.0060953,0.38617,0.0076676
5.925,2.2065,0.005,0.083416,0.0010803,2.2572e-25,0,0.0023657,0.0055014,0.42192,0.0076995
5.875,2.2565,0.005,0.090295,0.0008898,-8.5408e-26,0,0.0023927,0.0047651,0.47062,0.0077338
5.825,2.3066,0.005,0.098441,0.00061345,2.5431e-25,0,0.0024426,0.0040153,0.53863,0.0077723
5.775,2.3566,0.005,0.10841,0.00023239,-4.9312e-25,0,0.0025239,0.0033544,0.63347,0.0078159
5.725,2.4066,0.005,0.12081,-0.0002625,-9.681e-26,0,0.0026438,0.002838,0.76002,0.0078653
5.675,2.4567,0.005,0.13615,-0.00085731,-1.6883e-38,0,0.0028005,0.002475,0.91465,0.0079199
5.625,2.5067,0.005,0.15462,-0.0015092,5.1261e-33,0,0.0029789,0.0022441,1.0877,0.0079781
5.575,2.5568,0.005,0.176,-0.0021575,1.8747e-25,0,0.0031486,0.0021102,1.2596,0.0080376
5.525,2.6068,0.005,0.19968,-0.0027394,2.1975e-25,0,0.0032716,0.0020403,1.4148,0.0080966
5.475,2.6569,0.005,0.22474,-0.0031894,3.7921e-25,0,0.0033117,0.0020043,1.5443,0.0081551
5.425,2.7069,0.005,0.25026,-0.0034438,-2.9377e-25,0,0.0032414,0.0019519,1.6456,0.0082131
5.375,2.7569,0.005,0.27597,-0.0034794,-1.8622e-25,0,0.0030302,0.00176,1.7217,0.0082615
5.325,2.807,0.005,0.30152,-0.003231,3.8803e-25,0,0.0026569,0.0014928,1.7798,0.0083056
5.275,2.86,0.005,0.3269,-0.0027981,-1.9914e-25,0,0.0020848,0.0011169,1.8667,0.0083255
5.225,2.916,0.005,0.34624,-0.0017525,4.1776e-26,0,0.0014181,0.00059366,2.3888,0.0083624
5.175,2.972,0.005,0.3346,-0.00085693,1.6599e-25,0,0.001877,0.00027241,6.8901,0.0083542
8.175,0.024,0.005,-0.15355,-0.0066061,2.3003e-23,0,0.0011075,0.00017936,6.1747,0.02744
8.125,0.072,0.005,-0.153,-0.0082332,-1.5009e-23,0,0.0017809,0.00095156,1.8716,0.025038
8.075,0.12,0.005,-0.14987,-0.013894,-1.8952e-24,0,0.0020417,0.0017177,1.1886,0.023189
8.025,0.168,0.005,-0.14566,-0.016873,-2.1335e-23,0,0.0021005,0.0022465,0.935,0.021327
7.975,0.216,0.005,-0.14033,-0.019385,-7.1522e-24,0,0.0020862,0.0026028,0.79363,0.019641
7.925,0.264,0.005,-0.13395,-0.021111,1.0006e-23,0,0.0020357,0.0026511,0.69499,0.018082
7.875,0.312,0.005,-0.1268,-0.022261,1.2641e-23,0,0.0019693,0.0027182,0.61818,0.016663
7.825,0.36,0.005,-0.11929,-0.022835,-1.2817e-23,0,0.0018975,0.0028279,0.5559,0.015388
7.775,0.408,0.005,-0.11176,-0.022956,7.0224e-39,0,0.0018262,0.0029736,0.50419,0.014253
7.725,0.456,0.005,-0.10437,-0.022739,3.4708e-24,0,0.0017591,0.0031403,0.46032,0.013251
7.675,0.50502,0.005,-0.096981,-0.022289,-3.1325e-24,0,0.001698,0.0033271,0.4221,0.012366
7.625,0.55506,0.005,-0.089634,-0.021631,-6.7237e-25,0,0.0016454,0.0035249,0.38836,0.011591
7.575,0.60511,0.005,-0.082479,-0.02077,-1.676e-24,0,0.0016045,0.0037233,0.35911,0.010922
7.525,0.65515,0.005,-0.075495,-0.019749,1.8611e-24,0,0.0015765,0.0039327,0.33386,0.010348
7.475,0.70519,0.005,-0.068678,-0.018605,-1.5455e-24,0,0.0015621,0.0041656,0.31232,0.0098577
7.425,0.75523,0.005,-0.06204,-0.017371,1.2731e-24,0,0.0015612,0.0044311,0.29424,0.0094412
7.375,0.80528,0.005,-0.055592,-0.016076,-7.6734e-25,0,0.0015736,0.0047344,0.27939,0.0090895
7.325,0.85532,0.005,-0.049342,-0.014744,4.2367e-38,0,0.0015982,0.005077,0.26752,0.0087942
7.275,0.90536,0.005,-0.043295,-0.013398,4.7072e-25,0,0.0016338,0.0054572,0.25835,0.0085476
7.225,0.9554,0.005,-0.037454,-0.012058,-1.872e-25,0,0.0016786,0.0058682,0.25159,0.0083427
7.175,1.0054,0.005,-0.031816,-0.010743,-4.3774e-25,0,0.0017307,0.0062989,0.24693,0.0081734
7.125,1.0555,0.005,-0.026375,-0.0094756,-4.9037e-25,0,0.0017883,0.0067344,0.24405,0.0080355
7.075,1.1055,0.005,-0.021116,-0.0082671,2e-25,0,0.0018495,0.0071643,0.24264,0.0079227
7.025,1.1556,0.005,-0.016025,-0.0071276,-4.9559e-39,0,0.0019124,0.0075732,0.24243,0.0078304
6.975,1.2056,0.005,-0.011087,-0.006068,1.6335e-25,0,0.0019755,0.0079497,0.24317,0.0077551
6.925,1.2557,0.005,-0.0062802,-0.0050936,-9.4477e-26,0,0.0020371,0.008285,0.24464,0.0076926
6.875,1.3057,0.005,-0.0015853,-0.0042035,-1.7081e-25,0,0.002096,0.0084979,0.24665,0.007641
6.825,1.3557,0.005,0.0030155,-0.0033973,7.7741e-26,0,0.002151,0.0086365,0.24905,0.0075982
6.775,1.4058,0.005,0.0075423,-0.0026725,3.8385e-26,0,0.0022011,0.0087432,0.25175,0.0075637
6.725,1.4558,0.005,0.012013,-0.0020284,-7.4747e-26,0,0.0022459,0.0088185,0.25468,0.0075375
6.675,1.5059,0.005,0.016442,-0.0014604,5.0807e-26,0,0.0022847,0.0088621,0.25781,0.0075191
6.625,1.5559,0.005,0.020844,-0.0009622,-4.7259e-26,0,0.0023174,0.0088735,0.26115,0.0075074
6.575,1.606,0.005,0.025232,-0.00052754,5.2538e-26,0,0.0023437,0.008852,0.26476,0.0075012
6.525,1.656,0.005,0.02962,-0.00015081,2.082e-26,0,0.0023638,0.0087964,0.26872,0.0074996
6.475,1.706,0.005,0.03402,0.00017261,0,0,0.002378,0.0087055,0.27316,0.007502
6.425,1.7561,0.005,0.038446,0.00044671,-2.0813e-26,0,0.0023866,0.0085777,0.27823,0.0075079
6.375,1.8061,0.005,0.042912,0.00067474,7.1576e-26,0,0.0023904,0.0084118,0.28417,0.0075166
6.325,1.8562,0.005,0.047437,0.00085892,-4.5527e-26,0,0.00239,0.0082061,0.29125,0.007528
6.275,1.9062,0.005,0.052042,0.0010006,-2.6779e-39,0,0.0023864,0.0079594,0.29983,0.0075419
6.225,1.9563,0.005,0.056755,0.0011006,-4.6237e-26,0,0.0023809,0.0076706,0.31039,0.0075581
6.175,2.0063,0.005,0.061612,0.0011587,7.3518e-26,0,0.0023747,0.0073394,0.32356,0.0075767
6.125,2.0563,0.005,0.066658,0.0011741,-3.0565e-26,0,0.0023697,0.006966,0.34017,0.0075979
6.075,2.1064,0.005,0.071954,0.001145,1.7694e-26,0,0.0023679,0.0065524,0.36137,0.0076217
6.025,2.1564,0.005,0.077581,0.001071,7.8508e-26,0,0.0023722,0.006102,0.38875,0.0076493
5.975,2.2065,0.005,0.083707,0.00094613,-1.574e-25,0,0.0023863,0.0055,0.42488,0.0076804
5.925,2.2565,0.005,0.090659,0.00075778,1.3426e-38,0,0.0024158,0.0047618,0.47405,0.007714
5.875,2.3066,0.005,0.098898,0.00048316,1.2483e-25,0,0.002468,0.0040161,0.54251,0.0077519
5.825,2.3566,0.005,0.10898,0.00010432,1.3507e-25,0,0.0025513,0.0033627,0.63759,0.0077949
5.775,2.4066,0.005,0.12148,-0.00038575,-5.8215e-25,0,0.0026717,0.0028533,0.76402,0.0078435
5.725,2.4567,0.005,0.13688,-0.00097122,0,0,0.0028264,0.0024943,0.91779,0.0078972
5.675,2.5067,0.005,0.15536,-0.0016091,3.4289e-25,0,0.0029997,0.0022639,1.0884,0.0079543
5.625,2.5568,0.005,0.17669,-0.0022398,-1.7542e-25,0,0.0031614,0.0021285,1.2569,0.0080126
5.575,2.6068,0.005,0.20024,-0.0028015,3.4851e-25,0,0.0032747,0.0020563,1.4085,0.0080704
5.525,2.6569,0.005,0.22512,-0.0032307,1.7283e-25,0,0.003305,0.0020179,1.5344,0.0081277
5.475,2.7069,0.005,0.25041,-0.003467,-1.7326e-25,0,0.0032266,0.0019624,1.6326,0.0081843
5.425,2.7569,0.005,0.27587,-0.0034867,-3.4274e-25,0,0.0030097,0.0017634,1.7067,0.0082314
5.375,2.807,0.005,0.30117,-0.0032265,1.6668e-26,0,0.0026345,0.0014933,1.7641,0.0082742
5.325,2.86,0.005,0.32625,-0.0027866,-2.1633e-25,0,0.0020654,0.0011149,1.8526,0.0082929
5.275,2.916,0.005,0.34532,-0.0017442,-9.7315e-39,0,0.0014072,0.00059145,2.3793,0.0083283
5.225,2.972,0.005,0.33347,-0.00085708,-2.7796e-25,0,0.001866,0.00027162,6.87,0.0083188
8.225,0.024,0.005,-0.14604,-0.0075558,1.7846e-36,0,0.0011201,0.00018038,6.2096,0.029174
8.175,0.072,0.005,-0.14611,-0.0093565,8.326e-24,0,0.0018287,0.0009708,1.8837,0.026579
8.125,0.12,0.005,-0.14384,-0.015623,-8.2896e-37,0,0.002086,0.0017316,1.2046,0.024593
8.075,0.168,0.005,-0.14035,-0.018945,-6.5949e-37,0,0.0021326,0.0022452,0.94985,0.022592
8.025,0.216,0.005,-0.13558,-0.021764,-4.3748e-24,0,0.0021071,0.0024979,0.80606,0.020777
7.975,0.264,0.005,-0.12968,-0.023717,4.2115e-24,0,0.0020489,0.0025807,0.70502,0.019089
7.925,0.312,0.005,-0.12307,-0.025001,7.9854e-24,0,0.0019775,0.0026949,0.62642,0.017552
7.875,0.36,0.005,-0.1161,-0.025595,-1.4257e-24,0,0.0019027,0.0028501,0.56295,0.01616
7.825,0.408,0.005,-0.10902,-0.025676,-4.3381e-24,0,0.0018298,0.0030216,0.5105,0.014922
7.775,0.456,0.005,-0.10202,-0.025391,-1.2077e-25,0,0.0017612,0.0032078,0.46611,0.013829
7.725,0.50502,0.005,-0.094989,-0.024863,-2.4825e-24,0,0.0016982,0.0034157,0.42739,0.012864
7.675,0.55506,0.005,-0.08796,-0.024117,2.8009e-24,0,0.0016431,0.0036329,0.39313,0.01202
7.625,0.60511,0.005,-0.081087,-0.023158,-4.1413e-24,0,0.0015991,0.003847,0.36326,0.011291
7.575,0.65515,0.005,-0.074349,-0.022032,-1.9769e-24,0,0.0015675,0.0040677,0.33735,0.010664
7.525,0.70519,0.005,-0.067749,-0.020778,-4.9361e-33,0,0.0015492,0.0043091,0.31511,0.010127
7.475,0.75523,0.005,-0.0613,-0.019432,-1.363e-24,0,0.0015443,0.0045808,0.29633,0.0096708
7.425,0.80528,0.005,-0.055015,-0.018022,1.9296e-24,0,0.0015526,0.0048882,0.28081,0.0092847
7.375,0.85532,0.005,-0.048904,-0.016575,-6.4532e-25,0,0.0015734,0.0052324,0.2683,0.0089599
7.325,0.90536,0.005,-0.042975,-0.015114,5.0681e-25,0,0.0016054,0.005612,0.25854,0.0086882
7.275,0.9554,0.005,-0.03723,-0.013661,-5.8871e-25,0,0.0016471,0.0060226,0.25126,0.008462
7.225,1.0054,0.005,-0.031669,-0.012232,-1.6157e-25,0,0.0016968,0.0064531,0.24614,0.0082742
7.175,1.0555,0.005,-0.026291,-0.010848,6.1e-25,0,0.0017526,0.0068849,0.2429,0.0081191
7.125,1.1055,0.005,-0.021082,-0.0095297,-4.8457e-25,0,0.0018127,0.0073052,0.24122,0.0079915
7.075,1.1556,0.005,-0.016026,-0.0082846,-4.9617e-26,0,0.0018754,0.0077061,0.24081,0.0078854
7.025,1.2056,0.005,-0.01111,-0.0071205,2.9046e-25,0,0.001939,0.0080308,0.24144,0.0077973
6.975,1.2557,0.005,-0.0063169,-0.006044,-1.1853e-25,0,0.0020018,0.008242,0.24288,0.0077243
6.925,1.3057,0.005,-0.00163,-0.0050559,0,0,0.0020625,0.0084207,0.24493,0.0076634
6.875,1.3557,0.005,0.002971,-0.0041583,2.9947e-26,0,0.0021199,0.0085671,0.24745,0.0076142
6.825,1.4058,0.005,0.007501,-0.0033515,2.5379e-26,0,0.002173,0.0086812,0.25031,0.0075753
6.775,1.4558,0.005,0.011976,-0.0026319,0,0,0.002221,0.0087634,0.25344,0.0075462
6.725,1.5059,0.005,0.016411,-0.0019945,2.5164e-26,0,0.0022633,0.0088135,0.2568,0.0075251
6.675,1.5559,0.005,0.02082,-0.0014333,1.5833e-26,0,0.0022995,0.008831,0.26039,0.0075108
6.625,1.606,0.005,0.025217,-0.00094256,-2.8649e-26,0,0.0023294,0.0088152,0.26425,0.0075023
6.575,1.656,0.005,0.029614,-0.00051689,4.0988e-27,0,0.0023532,0.0087649,0.26848,0.0074985
6.525,1.706,0.005,0.034026,-0.00014987,5.8098e-28,0,0.0023709,0.008679,0.27317,0.0074989
6.475,1.7561,0.005,0.038464,0.00016129,-2.7691e-26,0,0.0023829,0.0085559,0.27851,0.0075029
6.425,1.8061,0.005,0.042946,0.00042097,-1.057e-26,0,0.0023899,0.0083942,0.28471,0.0075099
6.375,1.8562,0.005,0.04749,0.00063183,1.3321e-26,0,0.0023926,0.0081924,0.29206,0.0075197
6.325,1.9062,0.005,0.052117,0.00079578,-3.2903e-26,0,0.002392,0.0079492,0.30091,0.007532
6.275,1.9563,0.005,0.056855,0.00091394,2.0988e-26,0,0.0023892,0.0076637,0.31175,0.0075467
6.225,2.0063,0.005,0.061741,0.00098669,-4.6399e-26,0,0.0023856,0.0073356,0.32521,0.007564
6.175,2.0563,0.005,0.066821,0.0010137,-4.3726e-26,0,0.002383,0.0069652,0.34213,0.0075838
6.125,2.1064,0.005,0.072155,0.00099324,1.2383e-25,0,0.0023836,0.0065546,0.36365,0.0076063
6.075,2.1564,0.005,0.077824,0.00092514,-1.4306e-25,0,0.0023903,0.0061073,0.39138,0.0076326
6.025,2.2065,0.005,0.084003,0.00080454,5.4434e-26,0,0.0024068,0.0054989,0.4279,0.0076627
5.975,2.2565,0.005,0.091027,0.0006192,2.3016e-27,0,0.0024387,0.0047592,0.47754,0.0076959
5.925,2.3066,0.005,0.099358,0.00034736,-1.0767e-25,0,0.0024932,0.0040179,0.54647,0.0077331
5.875,2.3566,0.005,0.10954,-2.803e-05,1.7488e-25,0,0.0025784,0.0033718,0.64185,0.0077754
5.825,2.4066,0.005,0.12213,-0.00051215,-7.1674e-25,0,0.0026991,0.0028689,0.76798,0.0078232
5.775,2.4567,0.005,0.13759,-0.0010874,2.5088e-25,0,0.0028516,0.0025136,0.92077,0.007876
5.725,2.5067,0.005,0.15608,-0.0017108,6.7789e-25,0,0.0030196,0.0022837,1.0888,0.0079319
5.675,2.5568,0.005,0.17736,-0.0023238,-7.9306e-26,0,0.0031734,0.0021467,1.254,0.0079891
5.625,2.6068,0.005,0.20079,-0.0028652,-3.8597e-25,0,0.0032773,0.0020722,1.402,0.0080459
5.575,2.6569,0.005,0.22549,-0.0032732,2.8548e-25,0,0.0032981,0.0020315,1.5245,0.0081019
5.525,2.7069,0.005,0.25055,-0.0034908,2.9407e-26,0,0.0032117,0.0019729,1.6198,0.0081571
5.475,2.7569,0.005,0.27577,-0.0034962,7.1639e-26,0,0.0029894,0.0017669,1.6919,0.0082029
5.425,2.807,0.005,0.30081,-0.003224,-1.7349e-25,0,0.0026124,0.0014939,1.7488,0.0082443
5.375,2.86,0.005,0.3256,-0.0027762,-2.9392e-26,0,0.0020463,0.0011129,1.8388,0.0082621
5.325,2.916,0.005,0.34441,-0.0017364,-5.3168e-39,0,0.0013964,0.00058926,2.3698,0.0082959
5.275,2.972,0.005,0.33233,-0.00085755,2.6594e-25,0,0.0018552,0.00027083,6.85,0.008285
8.275,0.024,0.005,-0.13756,-0.0086609,-6.061e-24,0,0.0011339,0.00018149,6.2479,0.030989
8.225,0.072,0.005,-0.13836,-0.010618,1.7353e-23,0,0.0018778,0.0009894,1.898,0.028205
8.175,0.12,0.005,-0.13712,-0.017537,1.2517e-23,0,0.0021312,0.0017423,1.2232,0.026081
8.125,0.168,0.005,-0.13444,-0.021286,1.5345e-23,0,0.0021648,0.0022398,0.9665,0.023938
8.075,0.216,0.005,-0.13025,-0.024409,-1.8484e-23,0,0.0021274,0.0023865,0.82009,0.021987
8.025,0.264,0.005,-0.12493,-0.026611,-7.4549e-24,0,0.0020619,0.0025011,0.71649,0.020167
7.975,0.312,0.005,-0.11896,-0.028023,4.4773e-24,0,0.0019864,0.0026589,0.63625,0.018504
7.925,0.36,0.005,-0.11261,-0.02865,1.5039e-23,0,0.0019095,0.0028621,0.57153,0.016991
7.875,0.408,0.005,-0.10605,-0.028679,-8.2651e-24,0,0.0018355,0.0030675,0.51822,0.015641
7.825,0.456,0.005,-0.099487,-0.02831,-6.9627e-24,0,0.0017659,0.0032773,0.47322,0.014451
7.775,0.50502,0.005,-0.09284,-0.027686,3.6013e-24,0,0.0017014,0.0035128,0.43397,0.013401
7.725,0.55506,0.005,-0.086156,-0.026832,6.421e-25,0,0.0016439,0.0037576,0.39912,0.012483
7.675,0.60511,0.005,-0.079586,-0.025759,-1.3968e-24,0,0.0015968,0.003996,0.36857,0.01169
7.625,0.65515,0.005,-0.073111,-0.024515,-2.9469e-38,0,0.0015615,0.0042352,0.34192,0.011008
7.575,0.70519,0.005,-0.06674,-0.023142,-2.6678e-33,0,0.0015391,0.0044906,0.3189,0.010423
7.525,0.75523,0.005,-0.06049,-0.021673,3.1595e-25,0,0.00153,0.0047728,0.29935,0.0099236
7.475,0.80528,0.005,-0.054379,-0.020141,0,0,0.0015341,0.0050867,0.28306,0.0094999
7.425,0.85532,0.005,-0.048417,-0.018572,7.191e-25,0,0.0015507,0.0054339,0.26982,0.0091422
7.375,0.90536,0.005,-0.042615,-0.01699,-1.3333e-24,0,0.0015788,0.0058129,0.2594,0.0088418
7.325,0.9554,0.005,-0.036975,-0.015418,7.3326e-25,0,0.0016171,0.0062191,0.25151,0.0085905
7.275,1.0054,0.005,-0.031501,-0.013873,1.8578e-25,0,0.001664,0.0066452,0.24587,0.0083811
7.225,1.0555,0.005,-0.026188,-0.012373,5.5168e-26,0,0.0017177,0.0070751,0.24218,0.0082061
7.175,1.1055,0.005,-0.021027,-0.010935,5.3855e-25,0,0.0017764,0.0073973,0.24014,0.008061
7.125,1.1556,0.005,-0.016008,-0.0095731,-5.5686e-39,0,0.0018384,0.0076769,0.23948,0.0079395
7.075,1.2056,0.005,-0.011118,-0.0082952,-1.6179e-25,0,0.0019021,0.0079276,0.23993,0.0078383
7.025,1.2557,0.005,-0.0063407,-0.0071063,6.5303e-39,0,0.0019658,0.0081471,0.24128,0.0077551
6.975,1.3057,0.005,-0.0016606,-0.0060139,1.7127e-39,0,0.0020281,0.0083344,0.24333,0.007687
6.925,1.3557,0.005,0.0029361,-0.0050194,-7.5494e-26,0,0.0020876,0.0084891,0.24592,0.0076326
6.875,1.4058,0.005,0.0074654,-0.0041213,5.2841e-39,0,0.0021434,0.0086112,0.24891,0.0075901
6.825,1.4558,0.005,0.011942,-0.0033167,-5.4451e-26,0,0.0021945,0.0087008,0.25222,0.0075575
6.775,1.5059,0.005,0.016382,-0.0026007,3.7428e-26,0,0.0022402,0.0087579,0.25579,0.0075335
6.725,1.5559,0.005,0.020797,-0.0019682,-3.7134e-43,0,0.00228,0.0087821,0.25962,0.0075165
6.675,1.606,0.005,0.025201,-0.0014134,3.1719e-26,0,0.0023136,0.0087725,0.26373,0.0075055
6.625,1.656,0.005,0.029607,-0.00093077,2.7845e-27,0,0.002341,0.0087281,0.26822,0.0074995
6.575,1.706,0.005,0.03403,-0.00051393,0,0,0.0023624,0.0086477,0.27318,0.0074979
6.525,1.7561,0.005,0.038482,-0.00015997,6.9132e-27,0,0.002378,0.0085298,0.27879,0.0075
6.475,1.8061,0.005,0.04298,0.00013674,-3.6364e-26,0,0.0023884,0.0083728,0.28526,0.0075052
6.425,1.8562,0.005,0.047542,0.00037901,5.299e-26,0,0.0023943,0.0081754,0.29287,0.0075133
6.375,1.9062,0.005,0.052191,0.00056928,-4.5288e-40,0,0.0023968,0.0079362,0.302,0.007524
6.325,1.9563,0.005,0.056956,0.00070913,-3.2098e-26,0,0.0023968,0.0076544,0.31313,0.0075372
6.275,2.0063,0.005,0.061872,0.00079944,2.7655e-26,0,0.002396,0.0073297,0.32689,0.007553
6.225,2.0563,0.005,0.066985,0.00084029,1.2772e-26,0,0.002396,0.0069626,0.34412,0.0075714
6.175,2.1064,0.005,0.072358,0.00083048,-8.5453e-26,0,0.0023991,0.0065552,0.36598,0.0075925
6.125,2.1564,0.005,0.078071,0.0007697,-6.4066e-26,0,0.0024082,0.0061112,0.39406,0.0076174
6.075,2.2065,0.005,0.084304,0.00065445,3.7917e-25,0,0.002427,0.0054983,0.43098,0.0076467
6.025,2.2565,0.005,0.0914,0.00047313,-2.5183e-25,0,0.0024613,0.0047576,0.48111,0.0076793
5.975,2.3066,0.005,0.099821,0.00020527,-9.7063e-26,0,0.0025182,0.0040206,0.55054,0.007716
5.925,2.3566,0.005,0.1101,-0.00016533,-6.916e-26,0,0.0026051,0.0033816,0.64621,0.0077577
5.875,2.4066,0.005,0.12279,-0.00064222,-9.8108e-26,0,0.0027258,0.002885,0.77192,0.0078047
5.825,2.4567,0.005,0.1383,-0.0012063,-1.8745e-38,0,0.002876,0.002533,0.92356,0.0078564
5.775,2.5067,0.005,0.15679,-0.0018147,3.7622e-25,0,0.0030387,0.0023033,1.089,0.0079112
5.725,2.5568,0.005,0.17801,-0.0024096,4.9796e-25,0,0.0031847,0.0021648,1.251,0.0079673
5.675,2.6068,0.005,0.20132,-0.002931,-4.514e-25,0,0.0032793,0.0020882,1.3955,0.0080231
5.625,2.6569,0.005,0.22584,-0.003317,4.9719e-26,0,0.0032909,0.0020451,1.5146,0.0080781
5.575,2.7069,0.005,0.25068,-0.0035149,1.5333e-25,0,0.0031969,0.0019836,1.607,0.0081315
5.525,2.7569,0.005,0.27565,-0.0035073,1.5827e-25,0,0.0029693,0.0017703,1.6773,0.008176
5.475,2.807,0.005,0.30044,-0.0032243,1.5046e-25,0,0.0025908,0.0014944,1.7337,0.0082161
5.425,2.86,0.005,0.32495,-0.0027676,1.9529e-25,0,0.0020275,0.0011109,1.8252,0.0082334
5.375,2.916,0.005,0.3435,-0.001729,9.2767e-39,0,0.0013858,0.00058707,2.3604,0.0082656
5.325,2.972,0.005,0.33121,-0.00085844,-1.7003e-25,0,0.0018444,0.00027004,6.83,0.0082528
8.325,0.024,0.005,-0.12799,-0.009955,7.1126e-24,0,0.0011495,0.00018273,6.2907,0.032865
8.275,0.072,0.005,-0.12966,-0.012003,-1.8518e-23,0,0.0019276,0.0010067,1.9148,0.029906
8.225,0.12,0.005,-0.12958,-0.019705,-6.9677e-25,0,0.0021772,0.0017495,1.2445,0.027651
8.175,0.168,0.005,-0.12783,-0.023934,-4.7033e-24,0,0.0021959,0.00216,0.98516,0.025362
8.125,0.216,0.005,-0.12431,-0.027395,-9.3442e-24,0,0.0021468,0.0022672,0.83587,0.023269
8.075,0.264,0.005,-0.11967,-0.029823,-2.6663e-24,0,0.0020744,0.0024138,0.72971,0.021314
8.025,0.312,0.005,-0.11443,-0.031349,1.0099e-23,0,0.001996,0.0026078,0.64785,0.019517
7.975,0.36,0.005,-0.10879,-0.032026,-4.5886e-24,0,0.0019181,0.0028521,0.58185,0.017879
7.925,0.408,0.005,-0.10284,-0.03201,5.7297e-24,0,0.0018435,0.0030998,0.52751,0.016411
7.875,0.456,0.005,-0.096746,-0.031532,-6.9064e-24,0,0.0017734,0.0033429,0.48178,0.015116
7.825,0.50502,0.005,-0.090516,-0.030791,3.5191e-24,0,0.0017077,0.0036062,0.44193,0.013975
7.775,0.55506,0.005,-0.084213,-0.029807,-5.5427e-24,0,0.001648,0.0038868,0.40644,0.012977
7.725,0.60511,0.005,-0.077976,-0.028606,2.5264e-24,0,0.0015977,0.0041524,0.37514,0.012115
7.675,0.65515,0.005,-0.071787,-0.02723,-8.6208e-38,0,0.0015587,0.0044168,0.34767,0.011372
7.625,0.70519,0.005,-0.065661,-0.025725,1.2824e-24,0,0.0015321,0.0046936,0.32379,0.010734
7.575,0.75523,0.005,-0.059622,-0.024126,-4.2601e-24,0,0.0015186,0.0049932,0.30336,0.010188
7.525,0.80528,0.005,-0.053691,-0.022463,2.0609e-33,0,0.0015181,0.0053042,0.28621,0.0097245
7.475,0.85532,0.005,-0.047883,-0.020763,-1.0732e-37,0,0.0015303,0.005623,0.27215,0.0093314
7.425,0.90536,0.005,-0.04221,-0.019051,1.3851e-24,0,0.0015543,0.0059561,0.26096,0.0089996
7.375,0.9554,0.005,-0.036679,-0.01735,-3.02e-26,0,0.0015889,0.0062957,0.25238,0.0087206
7.325,1.0054,0.005,-0.031292,-0.015678,-1.8472e-27,0,0.0016326,0.0066332,0.24612,0.0084867
7.275,1.0555,0.005,-0.02605,-0.014054,-3.6663e-25,0,0.0016838,0.0069603,0.24191,0.0082909
7.225,1.1055,0.005,-0.020944,-0.012489,3.2042e-25,0,0.0017407,0.0072696,0.23944,0.008128
7.175,1.1556,0.005,-0.015964,-0.011,-2.23e-25,0,0.0018017,0.0075557,0.23845,0.0079929
7.125,1.2056,0.005,-0.011101,-0.0095997,-4.3527e-33,0,0.0018651,0.0078143,0.23867,0.0078805
7.075,1.2557,0.005,-0.0063443,-0.0082957,-3.4161e-26,0,0.0019293,0.0080425,0.23989,0.0077885
7.025,1.3057,0.005,-0.0016787,-0.0070915,-2.3851e-26,0,0.0019928,0.0082387,0.24189,0.0077145
6.975,1.3557,0.005,0.0029099,-0.0059901,1.0493e-25,0,0.0020543,0.0084022,0.2445,0.0076551
6.925,1.4058,0.005,0.0074354,-0.0049908,-1.4492e-38,0,0.0021126,0.0085327,0.24759,0.0076083
6.875,1.4558,0.005,0.011912,-0.0040911,-5.5145e-26,0,0.0021666,0.0086303,0.25104,0.0075721
6.825,1.5059,0.005,0.016353,-0.0032873,-7.4823e-26,0,0.0022155,0.0086951,0.2548,0.0075447
6.775,1.5559,0.005,0.020773,-0.0025745,6.9955e-26,0,0.0022588,0.0087264,0.25885,0.0075249
6.725,1.606,0.005,0.025183,-0.0019473,3.7895e-26,0,0.0022962,0.0087236,0.26322,0.0075114
6.675,1.656,0.005,0.029599,-0.0013999,-1.7308e-26,0,0.0023274,0.0086856,0.26796,0.0075031
6.625,1.706,0.005,0.034032,-0.0009266,-1.3171e-26,0,0.0023525,0.0086112,0.27319,0.0074993
6.575,1.7561,0.005,0.038497,-0.00052239,1.2517e-26,0,0.0023717,0.0084989,0.27906,0.0074994
6.525,1.8061,0.005,0.043011,-0.0001827,-2.1444e-26,0,0.0023857,0.0083472,0.28581,0.0075028
6.475,1.8562,0.005,0.047593,9.633e-05,-1.7108e-26,0,0.002395,0.0081547,0.2937,0.0075091
6.425,1.9062,0.005,0.052265,0.00031759,1.7261e-26,0,0.0024007,0.00792,0.30312,0.0075182
6.375,1.9563,0.005,0.057056,0.00048317,2.49e-26,0,0.0024038,0.0076423,0.31454,0.0075298
6.325,2.0063,0.005,0.062003,0.00059443,-1.1518e-27,0,0.0024058,0.0073214,0.3286,0.007544
6.275,2.0563,0.005,0.067152,0.00065197,-3.8382e-26,0,0.0024085,0.006958,0.34615,0.0075609
6.225,2.1064,0.005,0.072565,0.00065502,2.0239e-27,0,0.0024142,0.006554,0.36835,0.0075806
6.175,2.1564,0.005,0.078322,0.00060323,1.12e-25,0,0.0024258,0.0061134,0.3968,0.007604
6.125,2.2065,0.005,0.084609,0.00049464,-2.482e-25,0,0.0024471,0.0054985,0.43413,0.0076323
6.075,2.2565,0.005,0.091776,0.00031854,2.9663e-25,0,0.0024838,0.004757,0.48475,0.0076646
6.025,2.3066,0.005,0.10029,5.6022e-05,-2.2991e-25,0,0.0025429,0.0040244,0.55471,0.0077007
5.975,2.3566,0.005,0.11066,-0.00030836,-1.8722e-25,0,0.0026313,0.0033922,0.6506,0.0077417
5.925,2.4066,0.005,0.12343,-0.00077659,-3.4564e-25,0,0.0027519,0.0029013,0.77581,0.0077879
5.875,2.4567,0.005,0.139,-0.0013285,-2.571e-25,0,0.0028997,0.0025524,0.92612,0.0078385
5.825,2.5067,0.005,0.15749,-0.0019211,2.6393e-25,0,0.003057,0.0023229,1.089,0.0078922
5.775,2.5568,0.005,0.17864,-0.0024976,6.4017e-25,0,0.0031953,0.0021829,1.2478,0.0079471
5.725,2.6068,0.005,0.20183,-0.0029988,0,0,0.0032808,0.0021042,1.3889,0.0080018
5.675,2.6569,0.005,0.22617,-0.0033622,-8.04e-25,0,0.0032834,0.0020586,1.5047,0.0080561
5.625,2.7069,0.005,0.25079,-0.0035411,-5.2239e-39,0,0.0031821,0.0019943,1.5944,0.0081073
5.575,2.7569,0.005,0.27552,-0.003519,1.5075e-25,0,0.0029495,0.0017736,1.663,0.0081504
5.525,2.807,0.005,0.30006,-0.0032269,1.7335e-25,0,0.0025694,0.0014949,1.7188,0.0081895
5.475,2.86,0.005,0.3243,-0.0027642,-3.4502e-27,0,0.002009,0.0011088,1.8118,0.0082066
5.425,2.916,0.005,0.34259,-0.0017219,-2.8452e-25,0,0.0013752,0.0005849,2.3511,0.0082382
5.375,2.972,0.005,0.33008,-0.00085967,-3.2161e-25,0,0.0018336,0.00026925,6.8101,0.0082224
8.375,0.024,0.005,-0.11716,-0.011505,-3.2618e-23,0,0.0011677,0.00018417,6.3403,0.034792
8.325,0.072,0.005,-0.11986,-0.013493,3.8612e-24,0,0.0019772,0.0010217,1.9352,0.031662
8.275,0.12,0.005,-0.12117,-0.022217,-2.1509e-23,0,0.0022233,0.0017486,1.2681,0.029291
8.225,0.168,0.005,-0.12034,-0.026941,7.0736e-24,0,0.0022252,0.0020067,1.0061,0.026859
8.175,0.216,0.005,-0.11768,-0.03081,3.655e-24,0,0.0021646,0.002139,0.85356,0.02462
8.125,0.264,0.005,-0.11387,-0.03342,-6.231e-24,0,0.0020861,0.002318,0.74487,0.022523
8.075,0.312,0.005,-0.10945,-0.035022,-9.5459e-40,0,0.0020061,0.0025383,0.66139,0.020588
8.025,0.36,0.005,-0.1046,-0.035752,5.1541e-24,0,0.0019282,0.0028085,0.59409,0.018823
7.975,0.408,0.005,-0.099324,-0.035707,3.4986e-37,0,0.0018538,0.0031018,0.53854,0.017232
7.925,0.456,0.005,-0.093771,-0.035113,4.0349e-25,0,0.0017836,0.0033851,0.4919,0.015823
7.875,0.50502,0.005,-0.087997,-0.034217,-6.8017e-25,0,0.0017172,0.0036766,0.4514,0.014584
7.825,0.55506,0.005,-0.082105,-0.033103,-3.5402e-24,0,0.0016556,0.003988,0.41514,0.013498
7.775,0.60511,0.005,-0.076213,-0.031751,-5.0157e-24,0,0.0016021,0.0041831,0.383,0.01256
7.725,0.65515,0.005,-0.070325,-0.030225,-1.7333e-37,0,0.0015592,0.004397,0.3546,0.011749
7.675,0.70519,0.005,-0.064461,-0.028568,1.7998e-24,0,0.0015282,0.0046343,0.32977,0.011053
7.625,0.75523,0.005,-0.058649,-0.026819,-3.3993e-37,0,0.0015101,0.0048969,0.30837,0.010458
7.575,0.80528,0.005,-0.052913,-0.025008,-1.1979e-24,0,0.0015049,0.0051845,0.29027,0.0099509
7.525,0.85532,0.005,-0.047271,-0.023164,1.9606e-24,0,0.0015125,0.0054939,0.2753,0.0095209
7.475,0.90536,0.005,-0.041737,-0.02131,8.1575e-25,0,0.001532,0.0058197,0.26325,0.0091574
7.425,0.9554,0.005,-0.036322,-0.019468,-1.9176e-24,0,0.0015626,0.0061548,0.25388,0.008851
7.375,1.0054,0.005,-0.031031,-0.017658,4.8413e-26,0,0.0016028,0.0064907,0.24693,0.0085938
7.325,1.0555,0.005,-0.025865,-0.015897,4.9615e-25,0,0.0016511,0.0068193,0.24212,0.0083782
7.275,1.1055,0.005,-0.020819,-0.014201,4.599e-26,0,0.0017059,0.0071328,0.23916,0.0081984
7.225,1.1556,0.005,-0.015887,-0.012582,2.535e-25,0,0.0017655,0.0074251,0.23778,0.0080504
7.175,1.2056,0.005,-0.011062,-0.011053,2.0607e-25,0,0.0018283,0.0076913,0.23771,0.0079285
7.125,1.2557,0.005,-0.0063317,-0.0096231,1.1156e-38,0,0.0018927,0.0079282,0.23873,0.0078283
7.075,1.3057,0.005,-0.0016845,-0.0082978,-4.2115e-25,0,0.0019571,0.0081334,0.24063,0.0077472
7.025,1.3557,0.005,0.0028918,-0.0070791,1.1654e-25,0,0.0020202,0.008306,0.24322,0.0076822
6.975,1.4058,0.005,0.0074102,-0.0059684,1.242e-26,0,0.0020806,0.0084454,0.24636,0.0076305
6.925,1.4558,0.005,0.011884,-0.004964,0,0,0.0021373,0.0085516,0.24993,0.0075902
6.875,1.5059,0.005,0.016325,-0.0040628,-5.8994e-26,0,0.0021894,0.0086245,0.25386,0.0075593
6.825,1.5559,0.005,0.020748,-0.0032605,4.703e-26,0,0.0022362,0.0086635,0.25811,0.0075364
6.775,1.606,0.005,0.025164,-0.0025519,-1.0407e-26,0,0.0022771,0.008668,0.26271,0.0075201
6.725,1.656,0.005,0.029587,-0.0019315,2.9174e-26,0,0.0023121,0.0086369,0.2677,0.0075094
6.675,1.706,0.005,0.034031,-0.0013933,5.8969e-27,0,0.002341,0.0085691,0.27319,0.0075035
6.625,1.7561,0.005,0.03851,-0.00093194,-1.1596e-26,0,0.0023641,0.008463,0.27935,0.0075015
6.575,1.8061,0.005,0.04304,-0.00054252,-1.0962e-26,0,0.0023818,0.008317,0.28637,0.0075029
6.525,1.8562,0.005,0.047642,-0.00022078,-4.1214e-26,0,0.0023946,0.0081299,0.29455,0.0075074
6.475,1.9062,0.005,0.052338,3.6747e-05,8.097e-27,0,0.0024037,0.0079002,0.30425,0.0075147
6.425,1.9563,0.005,0.057156,0.00023267,2.2873e-27,0,0.00241,0.0076271,0.31597,0.0075246
6.375,2.0063,0.005,0.062134,0.00036881,-5.3283e-26,0,0.002415,0.0073105,0.33034,0.0075372
6.325,2.0563,0.005,0.067319,0.00044629,8.8601e-26,0,0.0024205,0.006951,0.34823,0.0075525
6.275,2.1064,0.005,0.072773,0.00046485,-1.3069e-25,0,0.0024289,0.0065508,0.37078,0.0075706
6.225,2.1564,0.005,0.078578,0.00042403,1.1117e-25,0,0.002443,0.0061137,0.3996,0.0075924
6.175,2.2065,0.005,0.084918,0.00032371,1.2201e-25,0,0.0024668,0.0054995,0.43736,0.0076198
6.125,2.2565,0.005,0.092155,0.00015424,-1.1686e-25,0,0.002506,0.0047578,0.48848,0.0076517
6.075,2.3066,0.005,0.10075,-0.00010139,2.2071e-25,0,0.0025673,0.0040293,0.55896,0.0076874
6.025,2.3566,0.005,0.11122,-0.00045793,-6.4512e-25,0,0.002657,0.0034035,0.65497,0.0077277
5.975,2.4066,0.005,0.12408,-0.00091603,2.3455e-25,0,0.0027774,0.002918,0.77962,0.0077729
5.925,2.4567,0.005,0.13969,-0.0014545,-1.0901e-25,0,0.0029225,0.0025719,0.92847,0.0078225
5.875,2.5067,0.005,0.15817,-0.0020306,1.1749e-25,0,0.0030745,0.0023425,1.0888,0.0078751
5.825,2.5568,0.005,0.17926,-0.002588,2.4542e-25,0,0.0032051,0.0022009,1.2445,0.0079287
5.775,2.6068,0.005,0.20232,-0.0030687,3.6056e-25,0,0.0032818,0.0021203,1.3823,0.0079822
5.725,2.6569,0.005,0.22648,-0.0034092,-3.2482e-25,0,0.0032758,0.0020721,1.4949,0.0080358
5.675,2.7069,0.005,0.25088,-0.0035696,-1.3222e-25,0,0.0031672,0.0020021,1.582,0.0080848
5.625,2.7569,0.005,0.27538,-0.0035314,-1.4313e-25,0,0.00293,0.001777,1.6489,0.008126
5.575,2.807,0.005,0.29968,-0.0032298,1.608e-25,0,0.0025484,0.0014953,1.7043,0.008164
5.525,2.86,0.005,0.32365,-0.0027663,-1.7767e-25,0,0.0019908,0.0011068,1.7987,0.0081803
5.475,2.916,0.005,0.34169,-0.0017177,1.1851e-39,0,0.0013647,0.00058275,2.3418,0.0082158
5.425,2.972,0.005,0.32896,-0.00086121,2.2467e-25,0,0.0018229,0.00026846,6.7902,0.0081939
8.425,0.024,0.005,-0.10476,-0.013362,0,0,0.0011887,0.00018582,6.3972,0.036753
8.375,0.072,0.005,-0.10874,-0.015297,0,0,0.0020297,0.0010369,1.9574,0.03346
8.325,0.12,0.005,-0.1116,-0.025097,1.6851e-23,0,0.002267,0.0015953,1.2943,0.030986
8.275,0.168,0.005,-0.1119,-0.030408,-4.723e-24,0,0.0022524,0.0018542,1.0298,0.028418
8.225,0.216,0.005,-0.11028,-0.034703,-2.641e-23,0,0.0021804,0.0020054,0.87365,0.026037
8.175,0.264,0.005,-0.10748,-0.037468,9.4641e-24,0,0.0020968,0.0022139,0.76228,0.02379
8.125,0.312,0.005,-0.10398,-0.039111,0,0,0.0020163,0.0024512,0.67705,0.021712
8.075,0.36,0.005,-0.099973,-0.039868,8.8119e-25,0,0.0019396,0.0027289,0.6084,0.019818
8.025,0.408,0.005,-0.095467,-0.039812,-5.0773e-24,0,0.0018661,0.0030557,0.55148,0.018104
7.975,0.456,0.005,-0.090526,-0.039101,1.5311e-37,0,0.0017964,0.0033874,0.50369,0.016576
7.925,0.50502,0.005,-0.085238,-0.038039,-3.6194e-24,0,0.0017298,0.0037097,0.46238,0.015228
7.875,0.55506,0.005,-0.079773,-0.036766,3.3645e-24,0,0.0016664,0.0039185,0.42528,0.01405
7.825,0.60511,0.005,-0.074253,-0.035244,-2.658e-24,0,0.0016102,0.0041054,0.39221,0.013029
7.775,0.65515,0.005,-0.068685,-0.033546,2.2729e-24,0,0.0015634,0.0043094,0.36279,0.012148
7.725,0.70519,0.005,-0.063104,-0.031715,-1.925e-24,0,0.001528,0.0045354,0.3369,0.011391
7.675,0.75523,0.005,-0.057538,-0.029792,3.1887e-24,0,0.001505,0.0047864,0.31444,0.010742
7.625,0.80528,0.005,-0.052014,-0.027812,-2.6929e-24,0,0.001495,0.0050625,0.2953,0.01019
7.575,0.85532,0.005,-0.046554,-0.025804,-1.064e-24,0,0.0014976,0.0053618,0.27932,0.009721
7.525,0.90536,0.005,-0.041176,-0.023792,1.8257e-24,0,0.0015125,0.0056794,0.26632,0.0093246
7.475,0.9554,0.005,-0.035892,-0.021796,-1.4883e-33,0,0.0015388,0.0060087,0.25609,0.0089905
7.425,1.0054,0.005,-0.030709,-0.019835,-1.2526e-24,0,0.0015751,0.0063419,0.24837,0.0087099
7.375,1.0555,0.005,-0.025632,-0.017928,8.7267e-25,0,0.0016202,0.0066708,0.24288,0.0084751
7.325,1.1055,0.005,-0.020659,-0.016089,-7.8095e-25,0,0.0016725,0.0069875,0.23936,0.0082793
7.275,1.1556,0.005,-0.015783,-0.014331,5.9587e-25,0,0.0017303,0.0072852,0.23751,0.0081172
7.225,1.2056,0.005,-0.011,-0.012663,4.8867e-33,0,0.0017921,0.0075587,0.23709,0.0079841
7.175,1.2557,0.005,-0.0063021,-0.011097,-1.9914e-25,0,0.0018563,0.007804,0.23786,0.0078749
7.125,1.3057,0.005,-0.0016789,-0.0096402,-1.6414e-25,0,0.0019212,0.0080184,0.2396,0.0077861
7.075,1.3557,0.005,0.002881,-0.0082948,1.0904e-25,0,0.0019855,0.0082002,0.24213,0.0077145
7.025,1.4058,0.005,0.0073888,-0.0070627,1.1008e-25,0,0.0020478,0.0083489,0.24528,0.0076575
6.975,1.4558,0.005,0.011857,-0.0059438,-5.4395e-26,0,0.0021069,0.0084642,0.24893,0.0076125
6.925,1.5059,0.005,0.016296,-0.0049355,-3.4983e-26,0,0.0021619,0.0085457,0.25299,0.0075778
6.875,1.5559,0.005,0.02072,-0.0040342,-6.1162e-26,0,0.002212,0.008593,0.25742,0.0075515
6.825,1.606,0.005,0.025141,-0.003235,2.226e-26,0,0.0022566,0.0086054,0.26223,0.0075323
6.775,1.656,0.005,0.029572,-0.0025325,-1.4679e-39,0,0.0022953,0.0085818,0.26746,0.007519
6.725,1.706,0.005,0.034026,-0.001921,5.0421e-26,0,0.0023281,0.008521,0.27322,0.0075106
6.675,1.7561,0.005,0.038519,-0.0013947,6.2545e-26,0,0.002355,0.0084215,0.27964,0.0075065
6.625,1.8061,0.005,0.043066,-0.00094836,6.821e-27,0,0.0023765,0.0082819,0.28695,0.0075059
6.575,1.8562,0.005,0.047688,-0.00057733,-6.1467e-26,0,0.0023931,0.0081006,0.29542,0.0075084
6.525,1.9062,0.005,0.052408,-0.00027763,7.7418e-41,0,0.0024056,0.0078764,0.30542,0.0075138
6.475,1.9563,0.005,0.057254,-4.6158e-05,3.1023e-26,0,0.0024153,0.0076084,0.31745,0.0075219
6.425,2.0063,0.005,0.062265,0.00011937,2.4235e-26,0,0.0024235,0.0072965,0.33214,0.0075327
6.375,2.0563,0.005,0.067488,0.00022057,-6.3017e-26,0,0.002432,0.0069414,0.35036,0.0075464
6.325,2.1064,0.005,0.072985,0.00025771,-7.0319e-26,0,0.0024432,0.0065452,0.37328,0.0075629
6.275,2.1564,0.005,0.078837,0.00023022,-5.0539e-39,0,0.00246,0.0061118,0.40249,0.0075829
6.225,2.2065,0.005,0.085233,0.00014008,1.4168e-25,0,0.0024863,0.0055017,0.44068,0.0076092
6.175,2.2565,0.005,0.092538,-2.1096e-05,-1.0424e-25,0,0.0025278,0.0047601,0.49232,0.0076408
6.125,2.3066,0.005,0.10122,-0.0002681,1.6101e-25,0,0.0025913,0.0040354,0.56325,0.0076761
6.075,2.3566,0.005,0.11178,-0.000615,-5.9466e-26,0,0.0026822,0.0034154,0.65932,0.0077157
6.025,2.4066,0.005,0.12471,-0.0010614,-5.6448e-25,0,0.0028023,0.0029351,0.78334,0.00776
5.975,2.4567,0.005,0.14037,-0.0015853,3.3145e-39,0,0.0029446,0.0025914,0.93064,0.0078086
5.925,2.5067,0.005,0.15884,-0.0021438,2.7182e-25,0,0.0030912,0.002362,1.0884,0.0078599
5.875,2.5568,0.005,0.17986,-0.0026814,2.5942e-25,0,0.0032143,0.002219,1.241,0.0079123
5.825,2.6068,0.005,0.2028,-0.0031407,3.5062e-25,0,0.0032823,0.0021364,1.3756,0.0079647
5.775,2.6569,0.005,0.22677,-0.0034583,-2.0222e-25,0,0.0032678,0.0020857,1.4851,0.008017
5.725,2.7069,0.005,0.25096,-0.0035987,-1.1956e-25,0,0.0031523,0.0020083,1.5697,0.0080642
5.675,2.7569,0.005,0.27523,-0.0035443,-2.9783e-25,0,0.0029107,0.0017803,1.635,0.0081029
5.625,2.807,0.005,0.29929,-0.0032333,-1.0004e-25,0,0.0025278,0.0014957,1.69,0.0081399
5.575,2.86,0.005,0.32301,-0.0027682,-1.76e-25,0,0.0019728,0.0011048,1.7858,0.008154
5.525,2.916,0.005,0.34077,-0.0017168,1.8365e-25,0,0.0013543,0.00058062,2.3325,0.0081929
5.475,2.972,0.005,0.32785,-0.00086071,3.1106e-25,0,0.0018123,0.00026768,6.7703,0.0081672
8.475,0.024,0.005,-0.090457,-0.015597,-1.2167e-23,0,0.0012125,0.00018767,6.4609,0.03869
8.425,0.072,0.005,-0.096221,-0.017488,3.8178e-23,0,0.002085,0.001052,1.9818,0.035283
8.375,0.12,0.005,-0.10067,-0.028349,9.8364e-24,0,0.0023085,0.0014537,1.3249,0.032719
8.325,0.168,0.005,-0.10238,-0.034463,-2.3851e-23,0,0.0022765,0.0017046,1.0562,0.030031
8.275,0.216,0.005,-0.10206,-0.039114,4.6523e-37,0,0.0021938,0.0018685,0.89677,0.027508
8.225,0.264,0.005,-0.10046,-0.042033,-1.871e-24,0,0.0021062,0.0020959,0.78236,0.025108
8.175,0.312,0.005,-0.097976,-0.043699,-8.5582e-24,0,0.002026,0.0023445,0.69503,0.022886
8.125,0.36,0.005,-0.094867,-0.044433,-1.0175e-36,0,0.0019516,0.0026217,0.62489,0.020859
8.075,0.408,0.005,-0.091201,-0.044361,1.1661e-23,0,0.0018802,0.0029573,0.5665,0.019024
8.025,0.456,0.005,-0.086965,-0.043552,-1.4434e-23,0,0.0018115,0.0033362,0.51729,0.017374
7.975,0.50502,0.005,-0.082211,-0.042308,4.2842e-24,0,0.0017453,0.0036747,0.47496,0.015912
7.925,0.55506,0.005,-0.077188,-0.04084,3.7823e-24,0,0.001681,0.003847,0.43697,0.014636
7.875,0.60511,0.005,-0.072067,-0.03914,-2.8505e-24,0,0.0016222,0.0040267,0.40286,0.013531
7.825,0.65515,0.005,-0.066858,-0.037246,-2.555e-24,0,0.0015719,0.0042213,0.37237,0.012577
7.775,0.70519,0.005,-0.06159,-0.035212,-4.1125e-27,0,0.0015321,0.0044363,0.34536,0.011756
7.725,0.75523,0.005,-0.056296,-0.033087,-1.7657e-24,0,0.0015043,0.0046753,0.32176,0.011052
7.675,0.80528,0.005,-0.051006,-0.030912,1.4535e-24,0,0.0014891,0.0049396,0.30147,0.010452
7.625,0.85532,0.005,-0.045745,-0.028716,-7.3672e-38,0,0.0014866,0.0052277,0.28438,0.0099416
7.575,0.90536,0.005,-0.040537,-0.026524,9.9799e-25,0,0.0014965,0.0055359,0.27034,0.00951
7.525,0.9554,0.005,-0.035396,-0.024356,-8.3378e-25,0,0.0015181,0.0058583,0.25914,0.0091461
7.475,1.0054,0.005,-0.030333,-0.022229,-1.4836e-26,0,0.0015502,0.0061875,0.25054,0.0088404
7.425,1.0555,0.005,-0.025354,-0.02016,-5.2466e-25,0,0.0015917,0.0065155,0.2443,0.0085845
7.375,1.1055,0.005,-0.02046,-0.018165,1.2657e-24,0,0.001641,0.0068342,0.24012,0.0083712
7.325,1.1556,0.005,-0.015649,-0.016254,-6.7572e-25,0,0.0016966,0.0071365,0.23774,0.0081943
7.275,1.2056,0.005,-0.010917,-0.014438,0,0,0.0017569,0.0074166,0.23689,0.0080485
7.225,1.2557,0.005,-0.0062571,-0.012726,2.3398e-25,0,0.0018204,0.00767,0.23734,0.007929
7.175,1.3057,0.005,-0.0016628,-0.011127,1.9416e-25,0,0.0018854,0.0078934,0.23886,0.0078316
7.125,1.3557,0.005,0.0028761,-0.0096452,-3.2119e-25,0,0.0019505,0.0080848,0.24126,0.0077528
7.075,1.4058,0.005,0.0073699,-0.0082823,-1.8714e-25,0,0.0020143,0.0082431,0.24437,0.0076897
7.025,1.4558,0.005,0.011829,-0.007039,5.2796e-26,0,0.0020756,0.0083678,0.24805,0.0076397
6.975,1.5059,0.005,0.016265,-0.0059139,3.223e-26,0,0.0021333,0.0084584,0.25221,0.0076007
6.925,1.5559,0.005,0.020689,-0.0049038,-7.7681e-26,0,0.0021864,0.0085145,0.25679,0.0075707
6.875,1.606,0.005,0.025114,-0.0040045,-6.5164e-26,0,0.0022345,0.0085353,0.26179,0.0075483
6.825,1.656,0.005,0.029552,-0.0032107,-6.5042e-27,0,0.0022769,0.0085197,0.26725,0.0075322
6.775,1.706,0.005,0.034017,-0.0025169,0,0,0.0023136,0.0084665,0.27326,0.0075213
6.725,1.7561,0.005,0.038523,-0.0019172,1.9857e-26,0,0.0023444,0.0083743,0.27996,0.0075148
6.675,1.8061,0.005,0.043087,-0.0014062,3.2964e-26,0,0.0023698,0.0082415,0.28755,0.007512
6.625,1.8562,0.005,0.04773,-0.00097874,-2.1241e-26,0,0.0023902,0.0080666,0.29631,0.0075125
6.575,1.9062,0.005,0.052474,-0.00063039,2.5354e-40,0,0.0024065,0.0078483,0.30662,0.0075159
6.525,1.9563,0.005,0.05735,-0.00035753,6.6511e-27,0,0.0024196,0.0075859,0.31897,0.0075221
6.475,2.0063,0.005,0.062395,-0.00015748,7.9393e-26,0,0.0024312,0.0072791,0.33399,0.007531
6.425,2.0563,0.005,0.067657,-2.8196e-05,-2.6001e-26,0,0.0024428,0.0069287,0.35257,0.0075428
6.375,2.1064,0.005,0.073198,3.1096e-05,1.7365e-25,0,0.002457,0.006537,0.37586,0.0075575
6.325,2.1564,0.005,0.079101,1.9693e-05,9.015e-26,0,0.0024765,0.0061075,0.40548,0.0075757
6.275,2.2065,0.005,0.085552,-5.8032e-05,1.3857e-25,0,0.0025054,0.0055053,0.44412,0.0076009
6.225,2.2565,0.005,0.092924,-0.00020898,-9.6523e-26,0,0.0025494,0.0047641,0.49623,0.0076322
6.175,2.3066,0.005,0.10169,-0.00044538,-4.6638e-26,0,0.0026148,0.0040426,0.56755,0.007667
6.125,2.3566,0.005,0.11233,-0.00078071,4.2124e-25,0,0.0027069,0.0034281,0.66365,0.0077059
6.075,2.4066,0.005,0.12534,-0.0012137,-1.0591e-24,0,0.0028264,0.0029524,0.78697,0.0077493
6.025,2.4567,0.005,0.14104,-0.0017216,4.2559e-25,0,0.0029659,0.002611,0.93263,0.0077967
5.975,2.5067,0.005,0.1595,-0.0022614,-3.6235e-25,0,0.0031071,0.0023815,1.0879,0.0078469
5.925,2.5568,0.005,0.18044,-0.0027784,2.648e-25,0,0.0032228,0.002237,1.2374,0.0078981
5.875,2.6068,0.005,0.20325,-0.0032155,9.2879e-40,0,0.0032823,0.0021526,1.3688,0.0079492
5.825,2.6569,0.005,0.22704,-0.0035099,2.9928e-25,0,0.0032597,0.0020992,1.4753,0.0080002
5.775,2.7069,0.005,0.25102,-0.0036288,-1.4271e-25,0,0.0031374,0.0020144,1.5575,0.0080458
5.725,2.7569,0.005,0.27507,-0.0035586,-2.0022e-33,0,0.0028915,0.0017835,1.6213,0.0080821
5.675,2.807,0.005,0.2989,-0.0032386,-1.4497e-25,0,0.0025074,0.0014962,1.6759,0.0081176
5.625,2.86,0.005,0.32236,-0.0027684,1.5977e-25,0,0.0019551,0.0011027,1.773,0.0081294
5.575,2.916,0.005,0.33984,-0.0017164,1.9565e-25,0,0.001344,0.00057849,2.3232,0.0081658
5.525,2.972,0.005,0.32674,-0.00085672,-1.1471e-25,0,0.0018017,0.0002669,6.7505,0.0081408
8.525,0.024,0.005,-0.074164,-0.018244,-1.4396e-23,0,0.0012378,0.00018962,6.5279,0.040454
8.475,0.072,0.005,-0.082052,-0.020222,2.2922e-23,0,0.0021429,0.0010668,2.0088,0.037089
8.425,0.12,0.005,-0.088336,-0.032052,1.1608e-23,0,0.0023464,0.0013238,1.3603,0.034464
8.375,0.168,0.005,-0.09173,-0.039054,2.6791e-23,0,0.0022967,0.0015557,1.0872,0.031683
8.325,0.216,0.005,-0.092944,-0.044107,-2.1043e-23,0,0.0022042,0.0017294,0.92341,0.029013
8.275,0.264,0.005,-0.092721,-0.047199,-2.0628e-23,0,0.0021139,0.0019596,0.80554,0.026469
8.225,0.312,0.005,-0.091396,-0.048876,8.6113e-24,0,0.0020348,0.0022149,0.71564,0.024102
8.175,0.36,0.005,-0.089255,-0.049534,-7.5013e-24,0,0.0019634,0.002494,0.64368,0.021941
8.125,0.408,0.005,-0.086477,-0.049392,-9.0346e-37,0,0.0018952,0.0028204,0.58375,0.019984
8.075,0.456,0.005,-0.083042,-0.048504,2.2559e-25,0,0.0018286,0.0032246,0.5329,0.018219
8.025,0.50502,0.005,-0.078887,-0.047067,-4.6608e-24,0,0.0017635,0.0036043,0.48928,0.01664
7.975,0.55506,0.005,-0.074345,-0.045379,0,0,0.0016991,0.0037732,0.4503,0.015262
7.925,0.60511,0.005,-0.069663,-0.043466,0,0,0.0016385,0.003947,0.41513,0.01407
7.875,0.65515,0.005,-0.064845,-0.041349,0,0,0.0015851,0.004133,0.38351,0.013039
7.825,0.70519,0.005,-0.05992,-0.039084,-1.7983e-26,0,0.0015412,0.0043375,0.35532,0.01215
7.775,0.75523,0.005,-0.054923,-0.03673,-1.9638e-24,0,0.0015086,0.0045647,0.33049,0.011388
7.725,0.80528,0.005,-0.049886,-0.03433,1.6303e-24,0,0.0014881,0.0048165,0.30896,0.010737
7.675,0.85532,0.005,-0.044843,-0.03192,-1.0869e-37,0,0.0014802,0.0050927,0.29066,0.010183
7.625,0.90536,0.005,-0.039818,-0.029524,-1.0937e-24,0,0.0014848,0.0053904,0.27545,0.0097144
7.575,0.9554,0.005,-0.034833,-0.027162,8.8893e-25,0,0.0015012,0.0057046,0.26316,0.0093186
7.525,1.0054,0.005,-0.0299,-0.024851,-6.9735e-25,0,0.0015287,0.0060284,0.25359,0.008986
7.475,1.0555,0.005,-0.02503,-0.022605,-5.9256e-25,0,0.0015661,0.006354,0.24647,0.0087073
7.425,1.1055,0.005,-0.020225,-0.020438,8.9719e-25,0,0.001612,0.0066735,0.24155,0.0084749
7.375,1.1556,0.005,-0.015487,-0.018362,-3.9953e-25,0,0.0016648,0.0069794,0.23854,0.0082819
7.325,1.2056,0.005,-0.010812,-0.016386,2.7238e-25,0,0.0017232,0.0072654,0.23718,0.0081225
7.275,1.2557,0.005,-0.0061977,-0.014519,2.7378e-25,0,0.0017855,0.0075264,0.23723,0.0079916
7.225,1.3057,0.005,-0.0016375,-0.012768,1.3551e-38,0,0.0018501,0.0077587,0.23846,0.0078847
7.175,1.3557,0.005,0.0028761,-0.011139,-1.9074e-25,0,0.0019156,0.0079595,0.24067,0.0077979
7.125,1.4058,0.005,0.0073521,-0.0096354,7.7934e-26,0,0.0019805,0.0081276,0.24368,0.0077282
7.075,1.4558,0.005,0.0118,-0.0082581,-1.8443e-25,0,0.0020436,0.0082621,0.24735,0.0076726
7.025,1.5059,0.005,0.01623,-0.0070063,1.4212e-25,0,0.0021036,0.0083623,0.25156,0.0076288
6.975,1.5559,0.005,0.020653,-0.0058776,-1.9382e-25,0,0.0021597,0.0084277,0.25626,0.0075947
6.925,1.606,0.005,0.025081,-0.0048683,-3.9834e-27,0,0.002211,0.0084573,0.26143,0.0075688
6.875,1.656,0.005,0.029525,-0.0039737,-1.2145e-26,0,0.0022571,0.0084503,0.2671,0.0075496
6.825,1.706,0.005,0.034,-0.0031883,-4.0656e-26,0,0.0022975,0.0084052,0.27335,0.0075359
6.775,1.7561,0.005,0.03852,-0.0025064,-5.1251e-26,0,0.0023323,0.0083208,0.2803,0.0075269
6.725,1.8061,0.005,0.043102,-0.0019224,-3.017e-26,0,0.0023617,0.0081954,0.28817,0.0075218
6.675,1.8562,0.005,0.047766,-0.0014308,-3.488e-26,0,0.002386,0.0080275,0.29724,0.00752
6.625,1.9062,0.005,0.052536,-0.0010268,2.7259e-26,0,0.0024061,0.0078158,0.30786,0.0075213
6.575,1.9563,0.005,0.057442,-0.00070616,6.0104e-26,0,0.002423,0.0075594,0.32053,0.0075254
6.525,2.0063,0.005,0.062522,-0.00046581,8.9162e-26,0,0.002438,0.0072582,0.3359,0.0075323
6.475,2.0563,0.005,0.067825,-0.00030339,7.7907e-27,0,0.002453,0.006913,0.35484,0.0075421
6.425,2.1064,0.005,0.073412,-0.00021776,-4.5501e-27,0,0.0024702,0.0065259,0.37852,0.0075549
6.375,2.1564,0.005,0.079368,-0.00020981,-2.8694e-26,0,0.0024926,0.0061008,0.40857,0.007571
6.325,2.2065,0.005,0.085875,-0.00027259,2.4676e-25,0,0.0025241,0.0055103,0.44763,0.007595
6.275,2.2565,0.005,0.093312,-0.00041109,-2.6126e-26,0,0.0025704,0.0047697,0.50017,0.007626
6.225,2.3066,0.005,0.10215,-0.00063471,3.1572e-26,0,0.0026379,0.004051,0.57184,0.0076604
6.175,2.3566,0.005,0.11289,-0.00095636,-2.5974e-25,0,0.002731,0.0034414,0.66793,0.0076985
6.125,2.4066,0.005,0.12596,-0.0013741,-2.5655e-25,0,0.0028499,0.00297,0.79049,0.0077409
6.075,2.4567,0.005,0.14169,-0.0018644,5.8558e-26,0,0.0029864,0.0026308,0.93445,0.0077872
6.025,2.5067,0.005,0.16013,-0.0023843,5.0033e-25,0,0.0031223,0.0024011,1.0872,0.0078362
5.975,2.5568,0.005,0.18101,-0.0028797,-7.4448e-26,0,0.0032306,0.0022552,1.2337,0.0078861
5.925,2.6068,0.005,0.20368,-0.0032936,3.2972e-25,0,0.0032818,0.0021689,1.362,0.007936
5.875,2.6569,0.005,0.22729,-0.0035643,-2.0936e-25,0,0.0032513,0.0021127,1.4656,0.0079856
5.825,2.7069,0.005,0.25107,-0.0036624,-5.2357e-26,0,0.0031224,0.0020204,1.5455,0.0080294
5.775,2.7569,0.005,0.27489,-0.0035748,2.0526e-25,0,0.0028726,0.0017866,1.6078,0.0080638
5.725,2.807,0.005,0.2985,-0.0032461,-1.3453e-25,0,0.0024874,0.0014965,1.6621,0.0080976
5.675,2.86,0.005,0.32171,-0.0027682,1.4707e-25,0,0.0019377,0.0011006,1.7605,0.0081073
5.625,2.916,0.005,0.33892,-0.0017159,-1.6363e-39,0,0.0013338,0.00057636,2.3141,0.0081398
5.575,2.972,0.005,0.32563,-0.00085223,-3.0917e-25,0,0.0017912,0.00026612,6.7308,0.0081144
8.575,0.024,0.005,-0.055294,-0.021034,-1.6821e-23,0,0.0012577,0.00019113,6.58,0.041913
8.525,0.072,0.005,-0.066221,-0.023644,-8.9252e-37,0,0.0022022,0.0010804,2.0384,0.038796
8.475,0.12,0.005,-0.074421,-0.036297,3.283e-23,0,0.0023792,0.0012047,1.401,0.03617
8.425,0.168,0.005,-0.079773,-0.044271,-1.0942e-23,0,0.0023117,0.0014068,1.1232,0.033337
8.375,0.216,0.005,-0.082813,-0.049761,1.335e-24,0,0.0022107,0.0015806,0.95416,0.030539
8.325,0.264,0.005,-0.084171,-0.053063,1.1335e-23,0,0.0021192,0.0018064,0.83221,0.027857
8.275,0.312,0.005,-0.084168,-0.054738,9.9588e-24,0,0.002042,0.002064,0.7392,0.025351
8.225,0.36,0.005,-0.08311,-0.05527,-2.4847e-23,0,0.0019743,0.0023486,0.66498,0.023057
8.175,0.408,0.005,-0.081262,-0.054975,7.317e-24,0,0.0019104,0.002664,0.60335,0.020979
8.125,0.456,0.005,-0.078706,-0.053977,-1.1835e-23,0,0.0018471,0.0030577,0.55075,0.019103
8.075,0.50502,0.005,-0.075261,-0.052367,-2.9321e-25,0,0.001784,0.0035187,0.50552,0.01741
8.025,0.55506,0.005,-0.071239,-0.050418,4.2013e-24,0,0.0017204,0.0036965,0.46542,0.015926
7.975,0.60511,0.005,-0.067031,-0.048254,-7.1094e-24,0,0.001659,0.0038657,0.42917,0.014645
7.925,0.65515,0.005,-0.062643,-0.045881,2.9943e-24,0,0.0016031,0.0040444,0.39637,0.013533
7.875,0.70519,0.005,-0.058092,-0.043359,7.6806e-24,0,0.0015555,0.0042391,0.36693,0.012574
7.825,0.75523,0.005,-0.053416,-0.040746,-6.3932e-24,0,0.0015182,0.0044548,0.3408,0.011751
7.775,0.80528,0.005,-0.048655,-0.038094,-1.7934e-24,0,0.0014925,0.0046941,0.31794,0.011046
7.725,0.85532,0.005,-0.043846,-0.03544,-2.2066e-37,0,0.001479,0.0049578,0.29831,0.010447
7.675,0.90536,0.005,-0.039021,-0.032813,2.4073e-24,0,0.0014779,0.005244,0.28182,0.0099382
7.625,0.9554,0.005,-0.034204,-0.030234,-9.6889e-25,0,0.0014888,0.0055486,0.26832,0.0095087
7.575,1.0054,0.005,-0.029413,-0.027717,-8.1664e-25,0,0.0015112,0.0058655,0.25764,0.0091472
7.525,1.0555,0.005,-0.024661,-0.025276,-2.9404e-38,0,0.0015439,0.0061873,0.24953,0.0088442
7.475,1.1055,0.005,-0.019954,-0.022922,4.8382e-25,0,0.0015858,0.0065062,0.24374,0.0085912
7.425,1.1556,0.005,-0.015297,-0.020667,3.7644e-25,0,0.0016355,0.0068145,0.24,0.0083808
7.375,1.2056,0.005,-0.010687,-0.018518,5.7778e-33,0,0.0016913,0.0071054,0.23803,0.0082067
7.325,1.2557,0.005,-0.0061246,-0.016483,-3.1872e-25,0,0.0017519,0.0073734,0.2376,0.0080634
7.275,1.3057,0.005,-0.0016041,-0.014571,0,0,0.0018157,0.0076141,0.23846,0.0079461
7.225,1.3557,0.005,0.0028797,-0.012785,3.3958e-25,0,0.0018811,0.0078243,0.24041,0.0078507
7.175,1.4058,0.005,0.0073343,-0.011131,-7.6435e-26,0,0.0019467,0.0080023,0.24327,0.0077736
7.125,1.4558,0.005,0.011768,-0.0096095,-5.7497e-39,0,0.0020111,0.0081468,0.24686,0.0077118
7.075,1.5059,0.005,0.01619,-0.008221,-1.8497e-25,0,0.0020732,0.008257,0.25108,0.0076627
7.025,1.5559,0.005,0.02061,-0.0069638,3.5742e-25,0,0.0021319,0.0083322,0.25586,0.0076242
6.975,1.606,0.005,0.02504,-0.0058347,1.7135e-34,0,0.0021863,0.0083712,0.26117,0.0075944
6.925,1.656,0.005,0.02949,-0.0048294,-8.9881e-26,0,0.0022358,0.0083732,0.26702,0.0075718
6.875,1.706,0.005,0.033975,-0.0039428,-2.6945e-26,0,0.00228,0.0083368,0.27349,0.0075551
6.825,1.7561,0.005,0.038509,-0.0031695,-2.5698e-27,0,0.0023188,0.0082607,0.2807,0.0075433
6.775,1.8061,0.005,0.04311,-0.0025036,5.8933e-26,0,0.0023521,0.0081432,0.28885,0.0075356
6.725,1.8562,0.005,0.047796,-0.0019397,-3.0832e-26,0,0.0023805,0.0079829,0.2982,0.0075315
6.675,1.9062,0.005,0.052592,-0.0014724,-3.8018e-39,0,0.0024045,0.0077783,0.30914,0.0075305
6.625,1.9563,0.005,0.05753,-0.0010972,5.9052e-26,0,0.0024252,0.0075286,0.32214,0.0075323
6.575,2.0063,0.005,0.062646,-0.00081021,1.5411e-25,0,0.0024439,0.0072335,0.33786,0.0075371
6.525,2.0563,0.005,0.067991,-0.00060892,1.2873e-25,0,0.0024623,0.006894,0.35717,0.0075447
6.475,2.1064,0.005,0.073627,-0.00049199,-1.0268e-25,0,0.0024827,0.006512,0.38125,0.0075554
6.425,2.1564,0.005,0.079638,-0.00046083,5.5734e-28,0,0.0025081,0.0060917,0.41173,0.0075693
6.375,2.2065,0.005,0.086202,-0.00050573,-3.4064e-25,0,0.0025424,0.0055167,0.45121,0.0075917
6.325,2.2565,0.005,0.093702,-0.00062928,-2.8554e-25,0,0.002591,0.0047772,0.50415,0.0076224
6.275,2.3066,0.005,0.10262,-0.00083776,-2.089e-25,0,0.0026604,0.0040606,0.57614,0.0076563
6.225,2.3566,0.005,0.11343,-0.0011434,2.7436e-25,0,0.0027545,0.0034554,0.67217,0.0076937
6.175,2.4066,0.005,0.12657,-0.0015438,-7.9865e-25,0,0.0028726,0.002988,0.79391,0.0077351
6.125,2.4567,0.005,0.14233,-0.0020148,-3.2761e-25,0,0.0030062,0.0026506,0.93611,0.0077803
6.075,2.5067,0.005,0.16076,-0.0025133,9.2315e-25,0,0.0031367,0.0024207,1.0863,0.007828
6.025,2.5568,0.005,0.18156,-0.002986,1.6702e-25,0,0.0032378,0.0022734,1.2299,0.0078766
5.975,2.6068,0.005,0.2041,-0.0033757,-6.2067e-26,0,0.0032809,0.0021853,1.3551,0.0079253
5.925,2.6569,0.005,0.22752,-0.0036219,-2.1416e-25,0,0.0032427,0.0021263,1.4559,0.0079735
5.875,2.7069,0.005,0.2511,-0.0036986,7.7813e-26,0,0.0031074,0.0020263,1.5336,0.0080154
5.825,2.7569,0.005,0.27471,-0.0035937,1.7526e-25,0,0.0028538,0.0017897,1.5946,0.0080479
5.775,2.807,0.005,0.29809,-0.0032555,-3.1224e-39,0,0.0024676,0.0014969,1.6485,0.0080799
5.725,2.86,0.005,0.32105,-0.0027685,-1.3076e-25,0,0.0019205,0.0010986,1.7482,0.0080876
5.675,2.916,0.005,0.338,-0.0017157,-1.0324e-25,0,0.0013236,0.00057424,2.305,0.0081171
5.625,2.972,0.005,0.32453,-0.00084851,-9.7618e-26,0,0.0017807,0.00026534,6.7111,0.0080899
8.625,0.024,0.005,-0.030588,-0.023703,0,0,0.0012576,0.00019113,6.5798,0.043193
8.575,0.072,0.005,-0.048763,-0.027413,-4.5378e-23,0,0.0022585,0.0010675,2.069,0.040306
8.525,0.12,0.005,-0.058825,-0.041185,3.57e-23,0,0.0024049,0.0010956,1.4477,0.037771
8.475,0.168,0.005,-0.066342,-0.050231,1.6828e-23,0,0.0023198,0.0012625,1.1646,0.034943
8.425,0.216,0.005,-0.071492,-0.056199,-4.6104e-25,0,0.0022121,0.0014274,0.98927,0.032054
8.375,0.264,0.005,-0.07469,-0.059729,3.1074e-38,0,0.0021208,0.0016412,0.86264,0.029252
8.325,0.312,0.005,-0.076214,-0.061392,-1.0288e-23,0,0.0020468,0.0018959,0.766,0.026617
8.275,0.36,0.005,-0.076396,-0.061751,9.8601e-24,0,0.0019834,0.0021845,0.68907,0.024195
8.225,0.408,0.005,-0.075557,-0.061208,-2.2656e-23,0,0.0019245,0.0024991,0.62543,0.021998
8.175,0.456,0.005,-0.073913,-0.060015,6.2682e-24,0,0.0018659,0.0028635,0.57104,0.020016
8.125,0.50502,0.005,-0.071299,-0.058245,-6.0839e-24,0,0.0018058,0.0033414,0.5239,0.018218
8.075,0.55506,0.005,-0.06787,-0.055999,0,0,0.0017445,0.0036157,0.48246,0.016626
8.025,0.60511,0.005,-0.064172,-0.05354,-3.9388e-24,0,0.0016833,0.0037821,0.44508,0.015253
7.975,0.65515,0.005,-0.060247,-0.050878,3.2107e-24,0,0.0016258,0.0039549,0.41108,0.01406
7.925,0.70519,0.005,-0.056103,-0.048068,-2.8332e-24,0,0.001575,0.004141,0.38035,0.013028
7.875,0.75523,0.005,-0.051776,-0.045169,4.7477e-24,0,0.0015334,0.0043458,0.35284,0.01214
7.825,0.80528,0.005,-0.047312,-0.042233,-1.8874e-24,0,0.0015025,0.0045729,0.32856,0.01138
7.775,0.85532,0.005,-0.042755,-0.039306,1.6193e-24,0,0.0014833,0.0048238,0.30749,0.010732
7.725,0.90536,0.005,-0.038145,-0.036419,-1.961e-26,0,0.0014763,0.0050977,0.28959,0.010182
7.675,0.9554,0.005,-0.033509,-0.033595,-2.2151e-24,0,0.0014814,0.0053915,0.27476,0.0097169
7.625,1.0054,0.005,-0.028872,-0.030848,7.7704e-25,0,0.0014982,0.0057,0.26283,0.0093249
7.575,1.0555,0.005,-0.024248,-0.028191,-8.4802e-25,0,0.0015258,0.0060164,0.2536,0.008996
7.525,1.1055,0.005,-0.019649,-0.025633,5.2295e-25,0,0.0015632,0.0063331,0.24682,0.0087209
7.475,1.1556,0.005,-0.01508,-0.023182,-2.9972e-38,0,0.001609,0.0066424,0.24223,0.0084919
7.425,1.2056,0.005,-0.010543,-0.020845,3.074e-25,0,0.0016618,0.0069371,0.23956,0.0083021
7.375,1.2557,0.005,-0.0060383,-0.018631,-3.691e-25,0,0.0017202,0.0072112,0.23854,0.0081454
7.325,1.3057,0.005,-0.0015635,-0.016545,1.6661e-25,0,0.0017825,0.0074598,0.23895,0.0080168
7.275,1.3557,0.005,0.0028858,-0.014593,1.0431e-38,0,0.0018473,0.0076792,0.24056,0.0079119
7.225,1.4058,0.005,0.0073151,-0.012777,-7.4207e-26,0,0.0019131,0.007867,0.24319,0.0078268
7.175,1.4558,0.005,0.011731,-0.011102,1.9252e-25,0,0.0019785,0.0080218,0.24665,0.0077582
7.125,1.5059,0.005,0.016143,-0.0095667,-1.8351e-25,0,0.0020423,0.0081423,0.25082,0.0077033
7.075,1.5559,0.005,0.020559,-0.0081708,1.4468e-25,0,0.0021032,0.0082276,0.25563,0.0076599
7.025,1.606,0.005,0.024989,-0.0069118,1.598e-25,0,0.0021605,0.0082765,0.26104,0.0076258
6.975,1.656,0.005,0.029445,-0.0057858,2.2338e-25,0,0.0022133,0.008288,0.26704,0.0075995
6.925,1.706,0.005,0.03394,-0.0047883,9.8766e-26,0,0.0022611,0.0082609,0.27371,0.0075794
6.875,1.7561,0.005,0.038489,-0.0039139,-1.2875e-25,0,0.0023037,0.0081937,0.28116,0.0075646
6.825,1.8061,0.005,0.043108,-0.0031569,-1.5474e-25,0,0.0023411,0.0080847,0.28957,0.0075541
6.775,1.8562,0.005,0.047817,-0.0025119,0,0,0.0023736,0.0079325,0.29922,0.0075474
6.725,1.9062,0.005,0.052641,-0.0019732,9.3598e-39,0,0.0024017,0.0077356,0.31047,0.0075439
6.675,1.9563,0.005,0.057611,-0.0015359,-1.0553e-25,0,0.0024263,0.0074931,0.3238,0.0075434
6.625,2.0063,0.005,0.062765,-0.0011957,-2.1657e-25,0,0.0024488,0.0072048,0.33988,0.0075457
6.575,2.0563,0.005,0.068154,-0.00094927,-7.6415e-26,0,0.0024708,0.0068715,0.35957,0.007551
6.525,2.1064,0.005,0.073841,-0.00079524,-1.7389e-25,0,0.0024946,0.0064953,0.38406,0.0075594
6.475,2.1564,0.005,0.079911,-0.00073617,-1.504e-26,0,0.0025231,0.0060801,0.41497,0.0075708
6.425,2.2065,0.005,0.086533,-0.00075978,7.2339e-27,0,0.0025601,0.0055247,0.45487,0.0075916
6.375,2.2565,0.005,0.094093,-0.00086562,-1.7813e-25,0,0.0026111,0.0047865,0.50818,0.0076217
6.325,2.3066,0.005,0.10309,-0.0010564,-5.3843e-27,0,0.0026823,0.0040716,0.58044,0.0076552
6.275,2.3566,0.005,0.11398,-0.0013436,-2.4564e-25,0,0.0027773,0.0034702,0.67635,0.0076918
6.225,2.4066,0.005,0.12718,-0.0017244,9.4741e-27,0,0.0028946,0.0030063,0.79722,0.0077322
6.175,2.4567,0.005,0.14297,-0.0021741,-3.6455e-26,0,0.0030251,0.0026706,0.93761,0.0077762
6.125,2.5067,0.005,0.16137,-0.0026496,3.0129e-25,0,0.0031503,0.0024404,1.0853,0.0078226
6.075,2.5568,0.005,0.18209,-0.0030978,3.5867e-25,0,0.0032443,0.0022916,1.2259,0.0078699
6.025,2.6068,0.005,0.20449,-0.0034624,1.765e-25,0,0.0032795,0.0022018,1.3482,0.0079172
5.975,2.6569,0.005,0.22773,-0.0036845,1.6813e-25,0,0.0032339,0.0021396,1.4462,0.0079639
5.925,2.7069,0.005,0.25111,-0.0037376,-3.6964e-25,0,0.0030925,0.0020321,1.5218,0.0080039
5.875,2.7569,0.005,0.27452,-0.0036158,7.113e-26,0,0.0028352,0.0017928,1.5815,0.0080347
5.825,2.807,0.005,0.29768,-0.0032671,1.6856e-25,0,0.0024481,0.0014972,1.6351,0.0080646
5.775,2.86,0.005,0.32039,-0.0027697,2.9487e-27,0,0.0019036,0.0010965,1.736,0.0080702
5.725,2.916,0.005,0.33708,-0.0017159,0,0,0.0013136,0.00057213,2.296,0.0080972
5.675,2.972,0.005,0.32343,-0.0008455,7.2975e-26,0,0.0017703,0.00026456,6.6915,0.0080682
8.675,0.024,0.005,-0.0062718,-0.029602,0,0,0.0012525,0.00019074,6.5664,0.043981
8.625,0.072,0.005,-0.02859,-0.030689,-1.9045e-23,0,0.0022926,0.00094643,2.0932,0.041577
8.575,0.12,0.005,-0.041344,-0.046782,4.0889e-23,0,0.0024217,0.00098421,1.5029,0.03919
8.525,0.168,0.005,-0.051279,-0.057013,3.1558e-24,0,0.0023188,0.0011249,1.2116,0.036436
8.475,0.216,0.005,-0.058838,-0.063525,-2.921e-23,0,0.0022062,0.0012771,1.0288,0.033511
8.425,0.264,0.005,-0.064146,-0.067312,1.5723e-23,0,0.0021169,0.0014731,0.89684,0.030624
8.375,0.312,0.005,-0.067438,-0.068956,2.4201e-23,0,0.0020474,0.0017166,0.79622,0.027879
8.325,0.36,0.005,-0.069054,-0.069095,-1.1389e-23,0,0.0019895,0.0020022,0.71625,0.025341
8.275,0.408,0.005,-0.069357,-0.06822,-9.5145e-24,0,0.0019365,0.0023204,0.65022,0.023031
8.225,0.456,0.005,-0.068663,-0.066693,-3.2676e-25,0,0.0018837,0.0026683,0.5939,0.020947
8.175,0.50502,0.005,-0.066955,-0.064719,-1.1413e-23,0,0.0018283,0.0031154,0.54472,0.019053
8.125,0.55506,0.005,-0.064231,-0.062184,5.6607e-24,0,0.0017702,0.0035294,0.50157,0.017361
8.075,0.60511,0.005,-0.06108,-0.059368,4.3324e-24,0,0.0017108,0.0036951,0.463,0.015892
8.025,0.65515,0.005,-0.057651,-0.05638,-6.8364e-24,0,0.0016528,0.0038638,0.42776,0.014616
7.975,0.70519,0.005,-0.053945,-0.053249,-2.9233e-24,0,0.0015996,0.0040427,0.39569,0.013511
7.925,0.75523,0.005,-0.049997,-0.05003,1.0058e-23,0,0.0015541,0.0042377,0.36674,0.012557
7.875,0.80528,0.005,-0.045855,-0.04678,-6.4225e-24,0,0.0015183,0.004453,0.34096,0.011739
7.825,0.85532,0.005,-0.041571,-0.043548,-1.7633e-24,0,0.0014935,0.0046912,0.31836,0.011041
7.775,0.90536,0.005,-0.03719,-0.04037,2.8897e-24,0,0.0014804,0.0049523,0.29894,0.010447
7.725,0.9554,0.005,-0.03275,-0.037272,-1.2296e-24,0,0.0014794,0.0052343,0.28263,0.0099441
7.675,1.0054,0.005,-0.028277,-0.034268,-9.2514e-25,0,0.0014902,0.005533,0.26932,0.0095199
7.625,1.0555,0.005,-0.023792,-0.031371,1.5808e-24,0,0.0015122,0.0058424,0.25883,0.0091634
7.575,1.1055,0.005,-0.019309,-0.028586,-8.5708e-25,0,0.0015445,0.0061552,0.25093,0.008865
7.525,1.1556,0.005,-0.014837,-0.025922,-1.7496e-38,0,0.0015859,0.0064639,0.24535,0.0086161
7.475,1.2056,0.005,-0.01038,-0.023383,5.0199e-25,0,0.0016352,0.0067611,0.24185,0.0084094
7.425,1.2557,0.005,-0.0059397,-0.020975,-2.4135e-25,0,0.0016907,0.0070403,0.24015,0.0082384
7.375,1.3057,0.005,-0.0015161,-0.018703,1.9059e-25,0,0.0017511,0.0072961,0.24,0.0080977
7.325,1.3557,0.005,0.0028935,-0.016571,2.3165e-33,0,0.0018148,0.0075242,0.24119,0.0079825
7.275,1.4058,0.005,0.0072934,-0.014584,2.6418e-25,0,0.0018803,0.0077217,0.24351,0.0078886
7.225,1.4558,0.005,0.011689,-0.012744,-3.6685e-26,0,0.0019462,0.0078868,0.24676,0.0078126
7.175,1.5059,0.005,0.016088,-0.011052,1.982e-25,0,0.0020111,0.0080179,0.25083,0.0077514
7.125,1.5559,0.005,0.020497,-0.0095073,-3.3717e-25,0,0.002074,0.0081137,0.25562,0.0077025
7.075,1.606,0.005,0.024927,-0.0081081,-7.7707e-26,0,0.0021338,0.0081729,0.26108,0.0076638
7.025,1.656,0.005,0.029388,-0.0068513,-3.7268e-26,0,0.0021896,0.0081945,0.2672,0.0076333
6.975,1.706,0.005,0.033893,-0.0057326,-7.6642e-26,0,0.0022409,0.0081771,0.27404,0.0076096
6.925,1.7561,0.005,0.038456,-0.0047473,1.6086e-25,0,0.0022873,0.0081193,0.28171,0.0075914
6.875,1.8061,0.005,0.043094,-0.0038896,1.239e-26,0,0.0023287,0.0080194,0.29038,0.0075779
6.825,1.8562,0.005,0.047827,-0.0031542,-8.6785e-26,0,0.0023652,0.0078759,0.30031,0.0075682
6.775,1.9062,0.005,0.052681,-0.0025354,-1.0398e-38,0,0.0023974,0.0076873,0.31187,0.007562
6.725,1.9563,0.005,0.057685,-0.002028,1.3336e-25,0,0.0024261,0.0074527,0.32554,0.0075589
6.675,2.0063,0.005,0.062878,-0.0016274,-6.1541e-26,0,0.0024525,0.0071718,0.34197,0.0075588
6.625,2.0563,0.005,0.068313,-0.0013295,-3.0084e-25,0,0.0024783,0.0068453,0.36205,0.0075616
6.575,2.1064,0.005,0.074053,-0.0011319,-2.3631e-25,0,0.0025057,0.0064753,0.38695,0.0075674
6.525,2.1564,0.005,0.080184,-0.001039,3.3223e-26,0,0.0025374,0.0060659,0.4183,0.007576
6.475,2.2065,0.005,0.086867,-0.0010372,3.3352e-25,0,0.0025773,0.005534,0.4586,0.0075948
6.425,2.2565,0.005,0.094486,-0.0011224,6.834e-26,0,0.0026307,0.0047978,0.51224,0.0076242
6.375,2.3066,0.005,0.10355,-0.0012926,1.9985e-25,0,0.0027037,0.004084,0.58473,0.0076573
6.325,2.3566,0.005,0.11451,-0.0015587,-1.9057e-26,0,0.0027994,0.0034857,0.68047,0.007693
6.275,2.4066,0.005,0.12777,-0.0019174,-2.8997e-25,0,0.0029159,0.003025,0.80042,0.0077324
6.225,2.4567,0.005,0.14358,-0.0023438,5.3639e-39,0,0.0030433,0.0026907,0.93897,0.0077751
6.175,2.5067,0.005,0.16196,-0.0027946,6.2029e-25,0,0.0031631,0.0024602,1.0841,0.0078202
6.125,2.5568,0.005,0.1826,-0.0032167,-2.9785e-25,0,0.0032501,0.00231,1.2218,0.0078662
6.075,2.6068,0.005,0.20487,-0.003555,3.4422e-25,0,0.0032776,0.0022183,1.3412,0.0079119
6.025,2.6569,0.005,0.22792,-0.0037531,-3.2319e-25,0,0.0032249,0.0021523,1.4366,0.007957
5.975,2.7069,0.005,0.25111,-0.0037816,-4.2945e-26,0,0.0030776,0.0020378,1.5102,0.0079952
5.925,2.7569,0.005,0.27432,-0.0036414,1.1549e-25,0,0.0028168,0.0017957,1.5686,0.0080243
5.875,2.807,0.005,0.29725,-0.0032811,5.5062e-26,0,0.0024288,0.0014975,1.622,0.008052
5.825,2.86,0.005,0.31973,-0.0027724,-1.4361e-27,0,0.0018869,0.0010944,1.7241,0.0080554
5.775,2.916,0.005,0.33615,-0.0017167,-1.195e-25,0,0.0013037,0.00057002,2.2871,0.0080798
5.725,2.972,0.005,0.32232,-0.00084305,6.3308e-39,0,0.00176,0.00026379,6.6719,0.008049
8.725,0.024,0.005,0.011684,-0.036912,0,0,0.0013111,0.00019515,6.7182,0.044107
8.675,0.072,0.005,-0.0044012,-0.034365,7.4595e-24,0,0.0022735,0.00089936,2.1206,0.042393
8.625,0.12,0.005,-0.021463,-0.053084,-1.4235e-23,0,0.002424,0.00086046,1.5719,0.040317
8.575,0.168,0.005,-0.034363,-0.064697,4.8162e-23,0,0.0023054,0.00099487,1.2651,0.037724
8.525,0.216,0.005,-0.0447,-0.071831,-1.3836e-23,0,0.0021905,0.0011326,1.0727,0.034841
8.475,0.264,0.005,-0.052416,-0.07591,0,0,0.002105,0.0013093,0.93462,0.031925
8.425,0.312,0.005,-0.057732,-0.077546,-4.9771e-24,0,0.0020417,0.0015348,0.82971,0.029106
8.375,0.36,0.005,-0.061003,-0.077434,9.2043e-24,0,0.001991,0.0018072,0.74658,0.026471
8.325,0.408,0.005,-0.062627,-0.076151,1.1022e-36,0,0.001945,0.0021219,0.67798,0.024061
8.275,0.456,0.005,-0.062975,-0.074156,-3.2843e-23,0,0.001899,0.0024682,0.61948,0.021881
8.225,0.50502,0.005,-0.062198,-0.071815,6.1591e-24,0,0.0018498,0.0028729,0.56825,0.0199
8.175,0.55506,0.005,-0.060322,-0.06901,5.7345e-24,0,0.0017965,0.0034046,0.52295,0.018119
8.125,0.60511,0.005,-0.057753,-0.065787,-4.1712e-24,0,0.0017403,0.0036031,0.48302,0.016558
8.075,0.65515,0.005,-0.05485,-0.062428,-3.609e-24,0,0.0016833,0.0037698,0.44651,0.015201
8.025,0.70519,0.005,-0.051615,-0.05894,6.8029e-24,0,0.0016288,0.0039433,0.41306,0.014021
7.975,0.75523,0.005,-0.048075,-0.055368,-2.4826e-24,0,0.0015802,0.0041299,0.38264,0.013001
7.925,0.80528,0.005,-0.044281,-0.051771,4.638e-24,0,0.00154,0.0043344,0.35529,0.012124
7.875,0.85532,0.005,-0.040291,-0.048201,-3.8933e-24,0,0.0015097,0.0045601,0.33107,0.011373
7.825,0.90536,0.005,-0.036158,-0.044699,1.6186e-24,0,0.0014906,0.0048082,0.31001,0.010733
7.775,0.9554,0.005,-0.031926,-0.041294,8.6005e-26,0,0.0014832,0.0050777,0.2921,0.010191
7.725,1.0054,0.005,-0.02763,-0.038004,-2.0225e-24,0,0.0014876,0.0053654,0.27726,0.0097328
7.675,1.0555,0.005,-0.023294,-0.034838,1.1153e-24,0,0.0015036,0.0056663,0.26536,0.0093473
7.625,1.1055,0.005,-0.018936,-0.031804,1.8723e-25,0,0.0015303,0.0059736,0.25618,0.0090241
7.575,1.1556,0.005,-0.014568,-0.028905,-1.4293e-38,0,0.0015668,0.0062801,0.24949,0.0087541
7.525,1.2056,0.005,-0.010198,-0.026145,3.4971e-25,0,0.0016118,0.0065783,0.24502,0.0085294
7.475,1.2557,0.005,-0.0058291,-0.023527,3.0428e-38,0,0.001664,0.0068613,0.24251,0.0083432
7.425,1.3057,0.005,-0.0014626,-0.021055,-3.5655e-25,0,0.0017218,0.0071233,0.24171,0.0081895
7.375,1.3557,0.005,0.0029023,-0.018732,9.5008e-25,0,0.0017838,0.0073595,0.24238,0.0080632
7.325,1.4058,0.005,0.0072685,-0.016562,-6.8469e-25,0,0.0018485,0.0075664,0.2443,0.0079599
7.275,1.4558,0.005,0.01164,-0.014546,0,0,0.0019143,0.0077417,0.24728,0.0078758
7.225,1.5059,0.005,0.016023,-0.012686,1.3571e-27,0,0.0019801,0.0078835,0.25117,0.0078078
7.175,1.5559,0.005,0.020424,-0.010982,-2.0692e-25,0,0.0020444,0.0079902,0.25587,0.0077529
7.125,1.606,0.005,0.024853,-0.0094322,-1.8413e-25,0,0.0021064,0.0080601,0.26133,0.007709
7.075,1.656,0.005,0.029318,-0.0080342,-2.6247e-25,0,0.002165,0.0080922,0.26754,0.007674
7.025,1.706,0.005,0.033832,-0.0067842,-2.6312e-25,0,0.0022195,0.008085,0.27452,0.0076462
6.975,1.7561,0.005,0.03841,-0.0056777,2.6838e-40,0,0.0022695,0.0080372,0.28238,0.0076244
6.925,1.8061,0.005,0.043068,-0.0047094,3.1163e-25,0,0.0023148,0.007947,0.29128,0.0076075
6.875,1.8562,0.005,0.047826,-0.003874,1.3923e-25,0,0.0023554,0.0078127,0.30149,0.0075948
6.825,1.9062,0.005,0.052709,-0.0031658,8.1125e-39,0,0.0023918,0.0076331,0.31335,0.0075855
6.775,1.9563,0.005,0.057748,-0.0025796,-7.3752e-26,0,0.0024247,0.007407,0.32735,0.0075796
6.725,2.0063,0.005,0.062984,-0.0021107,7.6627e-26,0,0.0024551,0.0071341,0.34414,0.0075767
6.675,2.0563,0.005,0.068466,-0.0017545,3.0217e-25,0,0.0024848,0.0068151,0.36461,0.0075769
6.625,2.1064,0.005,0.074261,-0.0015073,1.0198e-25,0,0.0025158,0.006452,0.38993,0.0075802
6.575,2.1564,0.005,0.080457,-0.0013733,5.5853e-26,0,0.002551,0.0060488,0.42173,0.0075856
6.525,2.2065,0.005,0.087203,-0.0013408,5.0395e-25,0,0.0025938,0.0055447,0.46242,0.0076017
6.475,2.2565,0.005,0.09488,-0.001402,8.4572e-26,0,0.0026496,0.0048111,0.51635,0.0076303
6.425,2.3066,0.005,0.10401,-0.0015488,8.731e-26,0,0.0027244,0.0040979,0.58901,0.0076628
6.375,2.3566,0.005,0.11504,-0.0017907,2.3072e-25,0,0.0028209,0.0035021,0.68454,0.0076978
6.325,2.4066,0.005,0.12836,-0.0021246,-6.0884e-25,0,0.0029363,0.0030441,0.80351,0.007736
6.275,2.4567,0.005,0.14419,-0.0025252,2.9469e-25,0,0.0030606,0.002711,0.94019,0.0077774
6.225,2.5067,0.005,0.16254,-0.0029494,0,0,0.0031751,0.0024801,1.0827,0.0078212
6.175,2.5568,0.005,0.18309,-0.003344,3.2026e-25,0,0.0032552,0.0023285,1.2177,0.0078658
6.125,2.6068,0.005,0.20522,-0.0036545,-2.8634e-25,0,0.0032752,0.002235,1.3342,0.0079101
6.075,2.6569,0.005,0.2281,-0.0038231,-6.7857e-25,0,0.0032156,0.0021663,1.4271,0.0079537
6.025,2.7069,0.005,0.25109,-0.0038311,-2.9326e-25,0,0.0030627,0.0020435,1.4988,0.0079898
5.975,2.7569,0.005,0.2741,-0.0036712,-1.5762e-25,0,0.0027985,0.0017986,1.5559,0.0080168
5.925,2.807,0.005,0.29682,-0.0032984,3.7663e-26,0,0.0024098,0.0014977,1.609,0.0080424
5.875,2.86,0.005,0.31906,-0.0027763,2.3065e-27,0,0.0018704,0.0010923,1.7123,0.0080437
5.825,2.916,0.005,0.33523,-0.0017181,-1.9752e-25,0,0.0012939,0.00056791,2.2783,0.0080651
5.775,2.972,0.005,0.32122,-0.00084108,-2.2234e-25,0,0.0017497,0.00026302,6.6524,0.0080323
8.775,0.024,0.005,0.046742,-0.03269,-4.8755e-23,0,0.0013784,0.0002001,6.8886,0.043275
8.725,0.072,0.005,0.023121,-0.040087,-2.1094e-36,0,0.0022901,0.00078104,2.1927,0.042288
8.675,0.12,0.005,0.0015102,-0.060275,0,0,0.0023833,0.0007372,1.6736,0.040945
8.625,0.168,0.005,-0.015403,-0.073371,4.04e-23,0,0.0022728,0.00086759,1.3276,0.038666
8.575,0.216,0.005,-0.028905,-0.081224,-2.5891e-23,0,0.0021614,0.00099623,1.1209,0.035951
8.525,0.264,0.005,-0.03938,-0.085609,-2.192e-23,0,0.002082,0.0011542,0.97563,0.033086
8.475,0.312,0.005,-0.046997,-0.08725,0,0,0.0020267,0.0013591,0.86603,0.030251
8.425,0.36,0.005,-0.052157,-0.086885,9.1309e-24,0,0.0019849,0.0016106,0.77975,0.027558
8.375,0.408,0.005,-0.055299,-0.085147,-1.2543e-23,0,0.0019479,0.0019092,0.7087,0.025068
8.325,0.456,0.005,-0.056845,-0.082577,-9.8562e-24,0,0.0019102,0.0022504,0.64796,0.022804
8.275,0.50502,0.005,-0.057039,-0.079676,-2.8374e-24,0,0.0018686,0.0026363,0.59462,0.020742
8.225,0.55506,0.005,-0.056086,-0.076506,5.0472e-24,0,0.0018216,0.0031171,0.54695,0.018885
8.175,0.60511,0.005,-0.054192,-0.072863,0,0,0.0017705,0.0035043,0.50523,0.017247
8.125,0.65515,0.005,-0.051842,-0.069069,2.7821e-37,0,0.0017161,0.0036716,0.46739,0.015809
8.075,0.70519,0.005,-0.049106,-0.065181,7.4224e-33,0,0.0016617,0.0038418,0.43254,0.014557
8.025,0.75523,0.005,-0.046004,-0.061222,-8.7917e-24,0,0.0016111,0.0040216,0.40062,0.01347
7.975,0.80528,0.005,-0.042585,-0.057244,2.4392e-24,0,0.0015671,0.0042165,0.37166,0.012533
7.925,0.85532,0.005,-0.038912,-0.053301,-4.7188e-26,0,0.0015318,0.0044305,0.34574,0.011728
7.875,0.90536,0.005,-0.035045,-0.049441,0,0,0.0015068,0.0046658,0.32295,0.011041
7.825,0.9554,0.005,-0.031037,-0.045695,1.4943e-24,0,0.001493,0.0049223,0.30331,0.010458
7.775,1.0054,0.005,-0.02693,-0.042084,-1.1052e-24,0,0.0014909,0.0051981,0.28681,0.0099644
7.725,1.0555,0.005,-0.022753,-0.03862,-1.9287e-24,0,0.0015004,0.0054891,0.27335,0.0095484
7.675,1.1055,0.005,-0.018529,-0.035309,2.4642e-24,0,0.0015211,0.0057892,0.26274,0.0091991
7.625,1.1556,0.005,-0.014275,-0.032151,7.6173e-25,0,0.0015521,0.0060918,0.25478,0.0089068
7.575,1.2056,0.005,-0.0099984,-0.029149,-1.6721e-24,0,0.0015923,0.0063894,0.24921,0.0086631
7.525,1.2557,0.005,-0.005707,-0.026303,5.5619e-25,0,0.0016404,0.0066749,0.24576,0.0084606
7.475,1.3057,0.005,-0.0014034,-0.023615,1.2545e-38,0,0.0016951,0.006942,0.24418,0.0082931
7.425,1.3557,0.005,0.0029117,-0.021087,-2.9687e-25,0,0.0017548,0.0071854,0.24422,0.0081549
7.375,1.4058,0.005,0.0072397,-0.018721,-6.6248e-40,0,0.0018181,0.0074012,0.24565,0.0080415
7.325,1.4558,0.005,0.011584,-0.016518,2.2656e-26,0,0.0018834,0.0075866,0.24826,0.0079488
7.275,1.5059,0.005,0.015948,-0.014479,-2.7504e-25,0,0.0019494,0.0077392,0.25189,0.0078732
7.225,1.5559,0.005,0.020339,-0.012604,-2.6711e-38,0,0.0020149,0.0078568,0.25645,0.0078119
7.175,1.606,0.005,0.024763,-0.010893,-9.8901e-26,0,0.0020786,0.0079378,0.26186,0.0077623
7.125,1.656,0.005,0.029232,-0.0093433,-3.2108e-25,0,0.0021396,0.0079808,0.26809,0.0077223
7.075,1.706,0.005,0.033755,-0.0079514,-1.0818e-25,0,0.0021971,0.0079844,0.27517,0.0076901
7.025,1.7561,0.005,0.038348,-0.0067133,7.6571e-26,0,0.0022505,0.007947,0.28319,0.0076643
6.975,1.8061,0.005,0.043026,-0.0056242,-1.495e-25,0,0.0022996,0.007867,0.29231,0.0076438
6.925,1.8562,0.005,0.047809,-0.0046788,-3.0271e-25,0,0.0023443,0.0077427,0.30277,0.0076276
6.875,1.9062,0.005,0.052724,-0.0038717,-5.2258e-39,0,0.0023848,0.0075726,0.31493,0.0076151
6.825,1.9563,0.005,0.0578,-0.0031974,2.0186e-25,0,0.0024219,0.0073557,0.32925,0.007606
6.775,2.0063,0.005,0.063079,-0.0026513,8.8264e-26,0,0.0024565,0.0070915,0.34641,0.0076001
6.725,2.0563,0.005,0.068611,-0.0022289,1.9361e-25,0,0.0024903,0.0067806,0.36726,0.0075974
6.675,2.1064,0.005,0.074464,-0.001926,1.8521e-25,0,0.0025251,0.006425,0.39301,0.0075981
6.625,2.1564,0.005,0.080728,-0.001744,-3.859e-39,0,0.0025637,0.0060287,0.42526,0.0076009
6.575,2.2065,0.005,0.08754,-0.0016739,1.9645e-25,0,0.0026097,0.0055576,0.46632,0.007613
6.525,2.2565,0.005,0.095274,-0.0017071,6.3332e-26,0,0.0026679,0.0048263,0.52051,0.0076403
6.475,2.3066,0.005,0.10447,-0.0018274,1.342e-25,0,0.0027444,0.0041133,0.5933,0.0076722
6.425,2.3566,0.005,0.11557,-0.002042,-1.5518e-25,0,0.0028416,0.0035194,0.68854,0.0077063
6.375,2.4066,0.005,0.12893,-0.002348,-1.2754e-25,0,0.002956,0.0030636,0.80649,0.0077434
6.325,2.4567,0.005,0.14478,-0.0027203,-3.9903e-39,0,0.0030771,0.0027316,0.94126,0.0077835
6.275,2.5067,0.005,0.16309,-0.0031155,3.4028e-25,0,0.0031863,0.0025002,1.0813,0.0078259
6.225,2.5568,0.005,0.18356,-0.0034808,-3.5331e-26,0,0.0032596,0.0023472,1.2134,0.0078691
6.175,2.6068,0.005,0.20555,-0.003762,3.4835e-25,0,0.0032724,0.0022518,1.3271,0.007912
6.125,2.6569,0.005,0.22825,-0.0039006,5.0036e-25,0,0.0032062,0.0021804,1.4176,0.0079541
6.075,2.7069,0.005,0.25106,-0.003885,-5.2743e-25,0,0.0030477,0.002049,1.4874,0.0079883
6.025,2.7569,0.005,0.27388,-0.0037053,1.2827e-25,0,0.0027803,0.0018014,1.5434,0.0080125
5.975,2.807,0.005,0.29638,-0.0033208,5.4392e-26,0,0.002391,0.0014978,1.5963,0.0080359
5.925,2.86,0.005,0.31838,-0.0027809,-2.8911e-39,0,0.0018542,0.0010902,1.7007,0.0080356
5.875,2.916,0.005,0.3343,-0.0017199,7.4407e-26,0,0.0012841,0.00056582,2.2695,0.0080534
5.825,2.972,0.005,0.32012,-0.00083959,0,0,0.0017394,0.00026225,6.6329,0.0080182
8.825,0.024,0.005,0.076259,-0.033679,-7.096e-23,0,0.0014548,0.00015856,7.077,0.040279
8.775,0.072,0.005,0.054965,-0.0454,-3.4104e-23,0,0.002344,0.00062861,2.3276,0.041009
8.725,0.12,0.005,0.027508,-0.069599,2.017e-23,0,0.002325,0.00063449,1.7723,0.040747
8.675,0.168,0.005,0.0060399,-0.08339,3.4833e-23,0,0.0021887,0.00073613,1.4161,0.039079
8.625,0.216,0.005,-0.01136,-0.091866,2.1852e-37,0,0.0021122,0.00086535,1.1744,0.036693
8.575,0.264,0.005,-0.02492,-0.096512,-2.5859e-23,0,0.0020442,0.0010098,1.0193,0.034012
8.525,0.312,0.005,-0.035153,-0.098137,0,0,0.0019989,0.0011942,0.90451,0.031247
8.475,0.36,0.005,-0.042443,-0.09752,-8.4967e-24,0,0.0019679,0.0014227,0.81507,0.028556
8.425,0.408,0.005,-0.047305,-0.09532,2.2031e-23,0,0.0019421,0.001697,0.74189,0.026025
8.375,0.456,0.005,-0.050222,-0.092117,-3.4188e-23,0,0.001915,0.0020183,0.67926,0.023699
8.325,0.50502,0.005,-0.051509,-0.088507,-3.9293e-25,0,0.0018827,0.0023914,0.62389,0.021568
8.275,0.55506,0.005,-0.051478,-0.084732,2.1846e-24,0,0.0018437,0.0028276,0.57394,0.01964
8.225,0.60511,0.005,-0.050407,-0.08066,4.3905e-24,0,0.0017992,0.0033555,0.5298,0.017941
8.175,0.65515,0.005,-0.048622,-0.076358,-4.8079e-24,0,0.0017496,0.0035671,0.49047,0.016436
8.125,0.70519,0.005,-0.046415,-0.072016,4.0469e-24,0,0.0016971,0.0037365,0.4542,0.015113
8.075,0.75523,0.005,-0.043779,-0.067631,2.4233e-37,0,0.0016458,0.0039116,0.42075,0.013962
8.025,0.80528,0.005,-0.040764,-0.063237,-3.0402e-24,0,0.0015991,0.0040986,0.39016,0.012965
7.975,0.85532,0.005,-0.037432,-0.058887,-8.2892e-26,0,0.0015595,0.004302,0.3625,0.012106
7.925,0.90536,0.005,-0.033852,-0.054632,0,0,0.001529,0.004525,0.3379,0.011371
7.875,0.9554,0.005,-0.030084,-0.050508,0,0,0.0015089,0.0047686,0.31643,0.010746
7.825,1.0054,0.005,-0.026178,-0.046543,0,0,0.0015002,0.0050318,0.29813,0.010215
7.775,1.0555,0.005,-0.022171,-0.042747,-1.1799e-24,0,0.001503,0.0053117,0.28295,0.0097671
7.725,1.1055,0.005,-0.01809,-0.039128,4.4706e-25,0,0.0015171,0.0056032,0.27076,0.0093904
7.675,1.1556,0.005,-0.013956,-0.035684,-3.0908e-25,0,0.0015421,0.0059001,0.26137,0.0090747
7.625,1.2056,0.005,-0.0097812,-0.032416,-8.0204e-33,0,0.001577,0.0061953,0.25454,0.0088109
7.575,1.2557,0.005,-0.0055737,-0.029322,6.3156e-25,0,0.0016205,0.0064817,0.25001,0.0085913
7.525,1.3057,0.005,-0.0013389,-0.0264,-5.7559e-25,0,0.0016714,0.0067526,0.24752,0.0084091
7.475,1.3557,0.005,0.0029212,-0.023651,4.7474e-25,0,0.0017283,0.0070023,0.24682,0.0082585
7.425,1.4058,0.005,0.0072065,-0.021074,8.8434e-25,0,0.0017896,0.0072263,0.24765,0.0081342
7.375,1.4558,0.005,0.011519,-0.01867,-2.7905e-26,0,0.0018538,0.0074214,0.24979,0.0080322
7.325,1.5059,0.005,0.015861,-0.01644,-1.9944e-26,0,0.0019196,0.0075846,0.25309,0.0079485
7.275,1.5559,0.005,0.020239,-0.014384,-4.5311e-26,0,0.0019856,0.0077135,0.25742,0.0078802
7.225,1.606,0.005,0.024659,-0.012501,-2.5746e-25,0,0.0020506,0.0078058,0.2627,0.0078245
7.175,1.656,0.005,0.029129,-0.010788,-3.105e-25,0,0.0021137,0.0078601,0.26891,0.0077791
7.125,1.706,0.005,0.033661,-0.0092432,-8.6216e-26,0,0.0021739,0.0078749,0.27605,0.0077421
7.075,1.7561,0.005,0.038268,-0.0078629,2.7642e-25,0,0.0022305,0.0078485,0.28419,0.007712
7.025,1.8061,0.005,0.042967,-0.0066424,4.5618e-25,0,0.0022832,0.0077793,0.29349,0.0076874
6.975,1.8562,0.005,0.047777,-0.0055767,9.7817e-26,0,0.0023318,0.0076654,0.30419,0.0076674
6.925,1.9062,0.005,0.052723,-0.0046605,1.5469e-25,0,0.0023765,0.0075056,0.31663,0.0076514
6.875,1.9563,0.005,0.057838,-0.0038886,-1.001e-25,0,0.0024178,0.0072984,0.33127,0.0076389
6.825,2.0063,0.005,0.063162,-0.0032559,2.036e-25,0,0.0024567,0.0070436,0.34878,0.0076296
6.775,2.0563,0.005,0.068747,-0.0027584,2.2834e-25,0,0.0024945,0.0067415,0.37002,0.0076237
6.725,2.1064,0.005,0.07466,-0.0023918,-2.1999e-25,0,0.0025333,0.0063943,0.39618,0.0076214
6.675,2.1564,0.005,0.080992,-0.0021554,-2.2647e-25,0,0.0025756,0.0060055,0.42888,0.007622
6.625,2.2065,0.005,0.087876,-0.0020439,-5.2292e-25,0,0.0026247,0.0055727,0.47033,0.0076293
6.575,2.2565,0.005,0.095668,-0.0020411,-3.3944e-25,0,0.0026854,0.0048438,0.52474,0.0076545
6.525,2.3066,0.005,0.10492,-0.0021312,-1.8519e-25,0,0.0027637,0.0041305,0.59758,0.0076859
6.475,2.3566,0.005,0.11608,-0.0023151,-2.1486e-25,0,0.0028615,0.0035376,0.69249,0.0077192
6.425,2.4066,0.005,0.1295,-0.0025898,-1.3574e-32,0,0.0029748,0.0030836,0.80936,0.007755
6.375,2.4567,0.005,0.14536,-0.0029308,8.5785e-26,0,0.0030927,0.0027524,0.94221,0.0077937
6.325,2.5067,0.005,0.16364,-0.0032945,6.3926e-25,0,0.0031968,0.0025204,1.0797,0.0078346
6.275,2.5568,0.005,0.18402,-0.0036284,6.3434e-26,0,0.0032634,0.002366,1.209,0.0078763
6.225,2.6068,0.005,0.20587,-0.0038784,-5.0868e-26,0,0.0032691,0.0022688,1.32,0.0079177
6.175,2.6569,0.005,0.22838,-0.0039875,-4.4862e-25,0,0.0031965,0.0021941,1.4081,0.0079581
6.125,2.7069,0.005,0.251,-0.0039447,2.4638e-26,0,0.0030328,0.0020545,1.4762,0.0079905
6.075,2.7569,0.005,0.27364,-0.0037436,3.8044e-25,0,0.0027623,0.0018041,1.5311,0.0080118
6.025,2.807,0.005,0.29593,-0.0033414,-9.2355e-27,0,0.0023724,0.001498,1.5838,0.0080325
5.975,2.86,0.005,0.31769,-0.0027869,5.9979e-27,0,0.0018382,0.0010881,1.6893,0.0080315
5.925,2.916,0.005,0.33337,-0.0017253,-8.7618e-26,0,0.0012745,0.00056373,2.2609,0.0080452
5.875,2.972,0.005,0.31901,-0.00083783,0,0,0.0017293,0.00026148,6.6134,0.0080067
8.875,0.024,0.005,0.1427,-0.03626,1.5325e-23,0,0.0015495,0.00021215,7.3036,0.036143
8.825,0.072,0.005,0.087773,-0.05476,5.5538e-23,0,0.0023698,0.00050411,2.4863,0.037919
8.775,0.12,0.005,0.056982,-0.080621,5.6254e-23,0,0.0022569,0.00054019,1.8776,0.039458
8.725,0.168,0.005,0.02996,-0.095131,4.6271e-23,0,0.0020918,0.00062666,1.4924,0.038691
8.675,0.216,0.005,0.0081353,-0.10405,3.4518e-23,0,0.0020086,0.00073096,1.2456,0.036889
8.625,0.264,0.005,-0.0090073,-0.10877,-3.36e-24,0,0.0019846,0.00087466,1.0656,0.034557
8.575,0.312,0.005,-0.022137,-0.11029,-3.0664e-23,0,0.0019541,0.0010419,0.94431,0.031996
8.525,0.36,0.005,-0.031821,-0.10938,6.9749e-24,0,0.001936,0.0012484,0.85158,0.029398
8.475,0.408,0.005,-0.038603,-0.10672,-1.6296e-23,0,0.0019236,0.0014972,0.7766,0.02689
8.425,0.456,0.005,-0.043056,-0.10288,-6.2617e-24,0,0.0019098,0.0017902,0.71271,0.024541
8.375,0.50502,0.005,-0.045581,-0.098494,-1.1468e-23,0,0.0018895,0.0021357,0.65589,0.022362
8.325,0.55506,0.005,-0.046547,-0.09391,8.4276e-24,0,0.0018607,0.0025436,0.60394,0.020377
8.275,0.60511,0.005,-0.046348,-0.089208,-1.46e-38,0,0.0018243,0.003023,0.55722,0.01862
8.225,0.65515,0.005,-0.045212,-0.084361,3.915e-24,0,0.0017815,0.0034539,0.51581,0.01707
8.175,0.70519,0.005,-0.04354,-0.079493,-4.3993e-24,0,0.0017333,0.0036256,0.47807,0.015687
8.125,0.75523,0.005,-0.041397,-0.074636,-5.5168e-25,0,0.0016831,0.0037986,0.44309,0.014473
8.075,0.80528,0.005,-0.038811,-0.06979,3.0646e-24,0,0.001635,0.0039796,0.41085,0.013419
8.025,0.85532,0.005,-0.035846,-0.064998,-4.6494e-24,0,0.0015921,0.0041739,0.38143,0.012507
7.975,0.90536,0.005,-0.032574,-0.060312,-2.0685e-24,0,0.0015568,0.0043856,0.35497,0.011723
7.925,0.9554,0.005,-0.029064,-0.055774,1.7784e-24,0,0.0015308,0.0046166,0.33159,0.011054
7.875,1.0054,0.005,-0.025374,-0.051415,2.6341e-24,0,0.0015155,0.004867,0.31137,0.010485
7.825,1.0555,0.005,-0.021547,-0.047252,-2.6058e-24,0,0.0015114,0.0051349,0.29434,0.010004
7.775,1.1055,0.005,-0.01762,-0.04329,-1.1149e-24,0,0.0015188,0.0054164,0.28041,0.0095989
7.725,1.1556,0.005,-0.013614,-0.039531,-3.1416e-38,0,0.0015373,0.0057061,0.26942,0.0092586
7.675,1.2056,0.005,-0.0095469,-0.03597,1.648e-24,0,0.0015663,0.0059972,0.26117,0.0089738
7.625,1.2557,0.005,-0.0054297,-0.032603,2.6763e-39,0,0.0016047,0.0062829,0.2554,0.0087361
7.575,1.3057,0.005,-0.0012693,-0.029426,-1.0464e-24,0,0.0016512,0.0065561,0.25186,0.0085385
7.525,1.3557,0.005,0.0029306,-0.026437,1.1694e-25,0,0.0017046,0.0068108,0.25028,0.0083745
7.475,1.4058,0.005,0.0071685,-0.023634,-5.2815e-26,0,0.0017633,0.0070421,0.25039,0.0082388
7.425,1.4558,0.005,0.011445,-0.021016,-3.9601e-27,0,0.0018258,0.0072462,0.25197,0.0081269
7.375,1.5059,0.005,0.015762,-0.018582,7.4275e-25,0,0.0018908,0.0074199,0.25483,0.0080346
7.325,1.5559,0.005,0.020124,-0.016332,-2.2857e-38,0,0.0019569,0.00756,0.25884,0.0079588
7.275,1.606,0.005,0.024537,-0.014264,-3.0097e-25,0,0.0020228,0.0076639,0.26394,0.0078965
7.225,1.656,0.005,0.029008,-0.012377,4.5372e-25,0,0.0020875,0.0077298,0.27006,0.0078453
7.175,1.706,0.005,0.033548,-0.010669,4.5907e-25,0,0.00215,0.0077562,0.27719,0.007803
7.125,1.7561,0.005,0.038169,-0.0091354,1.0994e-25,0,0.0022095,0.0077413,0.28542,0.0077681
7.075,1.8061,0.005,0.042888,-0.0077726,-2.1484e-25,0,0.0022656,0.0076833,0.29487,0.0077392
7.025,1.8562,0.005,0.047726,-0.006576,0,0,0.002318,0.0075806,0.30578,0.0077152
6.975,1.9062,0.005,0.052706,-0.0055404,1.868e-25,0,0.0023668,0.0074315,0.31847,0.0076953
6.925,1.9563,0.005,0.05786,-0.0046607,-1.7485e-25,0,0.0024123,0.0072349,0.33343,0.007679
6.875,2.0063,0.005,0.063231,-0.0039319,-2.8138e-25,0,0.0024555,0.0069901,0.35128,0.0076662
6.825,2.0563,0.005,0.06887,-0.0033496,-3.2881e-26,0,0.0024976,0.0066977,0.3729,0.0076566
6.775,2.1064,0.005,0.074846,-0.0029102,1.8269e-26,0,0.0025404,0.0063594,0.39948,0.0076509
6.725,2.1564,0.005,0.08125,-0.0026119,2.6118e-25,0,0.0025865,0.005979,0.4326,0.0076485
6.675,2.2065,0.005,0.088209,-0.0024544,1.813e-25,0,0.002639,0.0055621,0.47445,0.0076512
6.625,2.2565,0.005,0.096061,-0.0024085,-5.8288e-25,0,0.0027022,0.0048638,0.52903,0.0076728
6.575,2.3066,0.005,0.10537,-0.0024638,-3.6168e-25,0,0.0027822,0.00415,0.60187,0.0077044
6.525,2.3566,0.005,0.11659,-0.0026128,-8.7311e-25,0,0.0028806,0.003557,0.69638,0.0077368
6.475,2.4066,0.005,0.13005,-0.0028526,-3.6094e-25,0,0.0029928,0.0031041,0.81213,0.0077713
6.425,2.4567,0.005,0.14592,-0.0031589,1.1839e-25,0,0.0031075,0.0027734,0.94303,0.0078085
6.375,2.5067,0.005,0.16416,-0.0034884,-5.9211e-25,0,0.0032064,0.0025408,1.078,0.0078479
6.325,2.5568,0.005,0.18445,-0.0037883,1.7031e-25,0,0.0032665,0.002385,1.2045,0.007888
6.275,2.6068,0.005,0.20616,-0.0040049,8.0075e-26,0,0.0032653,0.0022859,1.3128,0.0079277
6.225,2.6569,0.005,0.2285,-0.0040828,-4.0533e-25,0,0.0031865,0.0022078,1.3986,0.0079662
6.175,2.7069,0.005,0.25093,-0.0040116,-4.4564e-25,0,0.0030179,0.0020598,1.4651,0.0079964
6.125,2.7569,0.005,0.27338,-0.0037871,-1.0503e-25,0,0.0027445,0.0018068,1.519,0.0080157
6.075,2.807,0.005,0.29547,-0.0033684,3.9065e-26,0,0.002354,0.001498,1.5714,0.0080327
6.025,2.86,0.005,0.317,-0.002792,0,0,0.0018223,0.001086,1.6781,0.0080312
5.975,2.916,0.005,0.33244,-0.0017448,4.2101e-26,0,0.001265,0.00056165,2.2523,0.0080404
5.925,2.972,0.005,0.31791,-0.00083806,-2.4555e-26,0,0.0017191,0.00026071,6.594,0.0079978
8.925,0.024,0.005,0.16037,-0.035315,1.2632e-22,0,0.0016045,9.8828e-05,7.4321,0.026433
8.875,0.072,0.005,0.1359,-0.06672,1.0107e-22,0,0.0023278,0.00045521,2.6106,0.033276
8.825,0.12,0.005,0.088938,-0.094669,6.6543e-23,0,0.0021646,0.00045164,1.9957,0.036429
8.775,0.168,0.005,0.056563,-0.10864,3.1056e-23,0,0.0019807,0.00052836,1.5717,0.037176
8.725,0.216,0.005,0.029611,-0.11794,-1.3509e-23,0,0.0018956,0.00061564,1.3059,0.036305
8.675,0.264,0.005,0.0084078,-0.12263,-6.6747e-38,0,0.0018731,0.00073796,1.1221,0.034552
8.625,0.312,0.005,-0.0079637,-0.12382,-1.1123e-24,0,0.0018862,0.00090058,0.98467,0.032365
8.575,0.36,0.005,-0.020276,-0.12251,-2.9196e-37,0,0.0018851,0.0010881,0.88822,0.029993
8.525,0.408,0.005,-0.029185,-0.11934,0,0,0.0018884,0.001314,0.8117,0.027599
8.475,0.456,0.005,-0.035329,-0.11488,-2.9127e-23,0,0.0018902,0.0015794,0.74717,0.025291
8.425,0.50502,0.005,-0.039221,-0.10973,-1.2381e-23,0,0.0018851,0.0018906,0.6898,0.023104
8.375,0.55506,0.005,-0.041298,-0.10426,2.432e-23,0,0.0018696,0.0022587,0.63666,0.021083
8.325,0.60511,0.005,-0.041994,-0.098678,2.9053e-24,0,0.0018438,0.0026944,0.58783,0.019274
8.275,0.65515,0.005,-0.041626,-0.093154,-7.8244e-24,0,0.0018095,0.0031906,0.54371,0.017684
8.225,0.70519,0.005,-0.040485,-0.087674,-9.5052e-33,0,0.001768,0.0035067,0.50416,0.016268
8.175,0.75523,0.005,-0.038856,-0.082279,7.2245e-24,0,0.0017212,0.0036807,0.46763,0.014999
8.125,0.80528,0.005,-0.036724,-0.076941,-6.1909e-24,0,0.0016735,0.0038582,0.43375,0.01389
8.075,0.85532,0.005,-0.03415,-0.071673,-2.5322e-24,0,0.0016286,0.0040454,0.40259,0.012927
8.025,0.90536,0.005,-0.03121,-0.06652,2.2399e-24,0,0.0015895,0.004247,0.37426,0.012096
7.975,0.9554,0.005,-0.027977,-0.061531,3.6091e-33,0,0.0015583,0.0044661,0.34891,0.011383
7.925,1.0054,0.005,-0.024517,-0.05674,-1.4343e-24,0,0.0015367,0.0047038,0.32668,0.010775
7.875,1.0555,0.005,-0.020884,-0.05217,3.6712e-24,0,0.0015258,0.0049593,0.30766,0.01026
7.825,1.1055,0.005,-0.017118,-0.04783,-3.3244e-24,0,0.0015262,0.0052298,0.29183,0.009825
7.775,1.1556,0.005,-0.013248,-0.043721,2.1301e-24,0,0.001538,0.0055108,0.27909,0.0094591
7.725,1.2056,0.005,-0.0092963,-0.039836,1.8528e-32,0,0.0015606,0.0057962,0.26925,0.0091522
7.675,1.2557,0.005,-0.0052755,-0.03617,-1.1251e-24,0,0.0015932,0.0060793,0.26208,0.0088957
7.625,1.3057,0.005,-0.001195,-0.032715,7.049e-25,0,0.0016348,0.0063533,0.25732,0.0086818
7.575,1.3557,0.005,0.0029395,-0.029466,-1.2324e-24,0,0.0016841,0.0066116,0.25472,0.0085038
7.525,1.4058,0.005,0.0071255,-0.026418,1.3824e-25,0,0.0017396,0.0068491,0.25399,0.0083561
7.475,1.4558,0.005,0.011362,-0.023569,-4.79e-25,0,0.0017999,0.0070615,0.25489,0.0082337
7.425,1.5059,0.005,0.015651,-0.020917,9.5499e-26,0,0.0018635,0.0072451,0.25721,0.0081323
7.375,1.5559,0.005,0.019994,-0.018459,1.1556e-24,0,0.0019291,0.0073963,0.26082,0.0080485
7.325,1.606,0.005,0.024397,-0.016195,3.4956e-25,0,0.0019954,0.0075119,0.26563,0.0079791
7.275,1.656,0.005,0.028867,-0.014122,1.1402e-25,0,0.0020613,0.0075897,0.27159,0.0079216
7.225,1.706,0.005,0.033414,-0.012238,4.182e-25,0,0.0021257,0.0076281,0.27867,0.0078737
7.175,1.7561,0.005,0.038049,-0.01054,4.0268e-25,0,0.0021878,0.0076251,0.28693,0.0078337
7.125,1.8061,0.005,0.042789,-0.009024,-3.7392e-25,0,0.002247,0.0075789,0.29649,0.0078
7.075,1.8562,0.005,0.047654,-0.0076855,-2.7005e-25,0,0.002303,0.0074878,0.30757,0.0077716
7.025,1.9062,0.005,0.052668,-0.0065197,-3.5834e-25,0,0.0023558,0.0073502,0.3205,0.0077475
6.975,1.9563,0.005,0.057864,-0.0055217,-3.4545e-25,0,0.0024055,0.0071647,0.33574,0.0077272
6.925,2.0063,0.005,0.063283,-0.0046867,3.3421e-25,0,0.002453,0.0069307,0.35393,0.0077105
6.875,2.0563,0.005,0.068979,-0.00401,-1.8723e-25,0,0.0024994,0.0066486,0.37593,0.0076971
6.825,2.1064,0.005,0.07502,-0.0034878,-4.5872e-25,0,0.0025464,0.0063202,0.4029,0.0076874
6.775,2.1564,0.005,0.081499,-0.0031188,1.6578e-25,0,0.0025964,0.0059489,0.43645,0.0076814
6.725,2.2065,0.005,0.088539,-0.0029063,5.2538e-25,0,0.0026523,0.0055406,0.4787,0.0076794
6.675,2.2565,0.005,0.096455,-0.0028143,6.967e-25,0,0.0027182,0.0048857,0.53343,0.0076965
6.625,2.3066,0.005,0.10582,-0.0028299,1.7784e-25,0,0.0027999,0.0041719,0.60617,0.0077279
6.575,2.3566,0.005,0.11709,-0.0029384,-1.0388e-24,0,0.0028988,0.0035777,0.70022,0.0077597
6.525,2.4066,0.005,0.13059,-0.0031391,-7.7009e-25,0,0.0030098,0.0031253,0.8148,0.0077928
6.475,2.4567,0.005,0.14647,-0.0034071,-1.5428e-25,0,0.0031213,0.0027949,0.94372,0.0078285
6.425,2.5067,0.005,0.16467,-0.003699,3.9921e-25,0,0.0032152,0.0025615,1.0761,0.0078662
6.375,2.5568,0.005,0.18486,-0.0039622,-3.8036e-25,0,0.003269,0.0024043,1.1999,0.0079046
6.325,2.6068,0.005,0.20643,-0.0041429,-2.2521e-25,0,0.003261,0.0023033,1.3056,0.0079425
6.275,2.6569,0.005,0.22859,-0.0041873,9.5459e-26,0,0.0031763,0.0022216,1.3892,0.0079791
6.225,2.7069,0.005,0.25085,-0.0040866,7.7985e-26,0,0.0030029,0.002065,1.4542,0.0080067
6.175,2.7569,0.005,0.27311,-0.0038369,4.2751e-25,0,0.0027267,0.0018093,1.507,0.0080238
6.125,2.807,0.005,0.295,-0.0034031,2.0273e-25,0,0.0023358,0.001498,1.5593,0.0080375
6.075,2.86,0.005,0.31631,-0.002809,-6.2403e-27,0,0.0018067,0.0010838,1.667,0.0080341
6.025,2.916,0.005,0.3315,-0.0017666,-8.9855e-27,0,0.0012556,0.00055956,2.244,0.0080396
5.975,2.972,0.005,0.31681,-0.00084179,1.0582e-25,0,0.001709,0.00025994,6.5746,0.0079906
8.975,0.024,0.005,0.2749,-0.052426,1.7511e-22,0,0.0017303,0.00020105,7.718,0.015517
8.925,0.072,0.005,0.16574,-0.07284,3.4207e-36,0,0.0023252,0.00032575,2.9657,0.023415
8.875,0.12,0.005,0.12883,-0.11035,-1.2665e-22,0,0.002035,0.00039555,2.1022,0.031472
8.825,0.168,0.005,0.08565,-0.12507,-6.7306e-23,0,0.0018473,0.00043924,1.6573,0.034025
8.775,0.216,0.005,0.053077,-0.13384,-8.6108e-23,0,0.0017658,0.00051048,1.3699,0.034617
8.725,0.264,0.005,0.027334,-0.13814,-5.9135e-23,0,0.0017481,0.00061837,1.17,0.033787
8.675,0.312,0.005,0.0073129,-0.13891,-6.0702e-24,0,0.0017709,0.00076059,1.0297,0.03219
8.625,0.36,0.005,-0.0078643,-0.13699,-2.4244e-23,0,0.0018098,0.00094036,0.92387,0.030216
8.575,0.408,0.005,-0.019077,-0.13321,6.0519e-23,0,0.0018321,0.0011466,0.84593,0.028067
8.525,0.456,0.005,-0.02706,-0.12808,-1.2823e-23,0,0.0018521,0.0013884,0.78135,0.025891
8.475,0.50502,0.005,-0.032432,-0.12219,-5.6585e-24,0,0.0018649,0.0016692,0.7243,0.023757
8.425,0.55506,0.005,-0.035712,-0.11587,0,0,0.0018661,0.0019948,0.67111,0.02174
8.375,0.60511,0.005,-0.037385,-0.10932,4.5727e-24,0,0.0018545,0.0023786,0.62122,0.019905
8.325,0.65515,0.005,-0.037811,-0.10286,-1.4071e-37,0,0.0018311,0.002828,0.57477,0.01827
8.275,0.70519,0.005,-0.03731,-0.09663,-2.8229e-37,0,0.0017984,0.0033228,0.53261,0.01683
8.225,0.75523,0.005,-0.036153,-0.090611,-4.2982e-24,0,0.0017578,0.0035556,0.49438,0.015534
8.175,0.80528,0.005,-0.034501,-0.084728,7.1612e-24,0,0.0017128,0.0037327,0.45886,0.014376
8.125,0.85532,0.005,-0.032341,-0.078949,2.9612e-24,0,0.0016677,0.0039151,0.42597,0.013365
8.075,0.90536,0.005,-0.029755,-0.073297,-2.4246e-24,0,0.0016261,0.0041085,0.39579,0.012487
8.025,0.9554,0.005,-0.026819,-0.067819,-6.0859e-24,0,0.0015906,0.0043169,0.36846,0.011732
7.975,1.0054,0.005,-0.023606,-0.062558,1.558e-24,0,0.0015634,0.0045425,0.34417,0.011085
7.925,1.0555,0.005,-0.020179,-0.057542,1.9141e-24,0,0.001546,0.0047854,0.32307,0.010535
7.875,1.1055,0.005,-0.016585,-0.052784,4.2869e-25,0,0.0015395,0.0050442,0.30521,0.010069
7.825,1.1556,0.005,-0.01286,-0.048287,-1.181e-24,0,0.0015442,0.0053151,0.29054,0.0096767
7.775,1.2056,0.005,-0.00903,-0.044045,-1.0293e-24,0,0.0015601,0.0055931,0.27893,0.0093469
7.725,1.2557,0.005,-0.0051115,-0.040048,-3.4176e-25,0,0.0015866,0.0058721,0.27019,0.0090707
7.675,1.3057,0.005,-0.0011165,-0.036288,2.1669e-24,0,0.0016226,0.0061452,0.26405,0.0088398
7.625,1.3557,0.005,0.0029478,-0.032756,1.395e-24,0,0.0016672,0.0064058,0.26027,0.0086472
7.575,1.4058,0.005,0.0070771,-0.029444,-6.5318e-25,0,0.001719,0.0066483,0.25856,0.0084868
7.525,1.4558,0.005,0.01127,-0.026346,2.0609e-26,0,0.0017764,0.0068678,0.25865,0.0083533
7.475,1.5059,0.005,0.015526,-0.023459,-6.4617e-26,0,0.001838,0.0070606,0.26032,0.0082424
7.425,1.5559,0.005,0.019847,-0.02078,-4.4316e-25,0,0.0019025,0.0072225,0.26342,0.0081501
7.375,1.606,0.005,0.024239,-0.018305,6.8714e-25,0,0.0019687,0.0073497,0.26787,0.0080732
7.325,1.656,0.005,0.028706,-0.016033,-2.3412e-25,0,0.0020353,0.0074396,0.27358,0.008009
7.275,1.706,0.005,0.033258,-0.013962,1.9533e-25,0,0.0021012,0.0074902,0.28053,0.0079551
7.225,1.7561,0.005,0.037907,-0.012087,-1.6486e-25,0,0.0021656,0.0074996,0.28876,0.0079095
7.175,1.8061,0.005,0.042668,-0.010406,2.9735e-25,0,0.0022277,0.0074657,0.29838,0.0078708
7.125,1.8562,0.005,0.04756,-0.0089144,1.5767e-25,0,0.002287,0.0073869,0.30961,0.0078376
7.075,1.9062,0.005,0.05261,-0.0076073,0,0,0.0023435,0.0072613,0.32274,0.007809
7.025,1.9563,0.005,0.057848,-0.0064802,-1.5709e-25,0,0.0023974,0.0070876,0.33825,0.0077844
6.975,2.0063,0.005,0.063317,-0.0055283,1.961e-38,0,0.0024492,0.0068651,0.35675,0.0077634
6.925,2.0563,0.005,0.069071,-0.0047473,1.5847e-25,0,0.0024999,0.0065941,0.37911,0.0077459
6.875,2.1064,0.005,0.075179,-0.0041328,-2.1464e-25,0,0.0025512,0.0062762,0.40648,0.0077321
6.825,2.1564,0.005,0.081736,-0.0036827,-5.7529e-39,0,0.0026052,0.0059149,0.44044,0.0077218
6.775,2.2065,0.005,0.088864,-0.003405,1.192e-26,0,0.0026646,0.0055158,0.48308,0.0077149
6.725,2.2565,0.005,0.096847,-0.0032619,-2.303e-25,0,0.0027333,0.0049093,0.53796,0.0077273
6.675,2.3066,0.005,0.10625,-0.0032339,3.7527e-25,0,0.0028166,0.0041965,0.6105,0.0077574
6.625,2.3566,0.005,0.11758,-0.0032962,1.8296e-25,0,0.002916,0.0036,0.704,0.0077884
6.575,2.4066,0.005,0.13112,-0.0034524,-8.3687e-25,0,0.0030259,0.0031472,0.81737,0.0078202
6.525,2.4567,0.005,0.147,-0.003678,2.3325e-25,0,0.0031343,0.0028167,0.94429,0.0078542
6.475,2.5067,0.005,0.16515,-0.0039288,1.8206e-25,0,0.0032231,0.0025825,1.0742,0.0078901
6.425,2.5568,0.005,0.18526,-0.004152,7.3685e-25,0,0.0032707,0.0024238,1.1952,0.0079268
6.375,2.6068,0.005,0.20668,-0.0042942,-2.9695e-25,0,0.0032563,0.0023208,1.2983,0.0079628
6.325,2.6569,0.005,0.22866,-0.0043024,-8.7794e-25,0,0.0031659,0.0022356,1.3799,0.0079971
6.275,2.7069,0.005,0.25074,-0.0041704,7.9351e-39,0,0.0029879,0.0020702,1.4433,0.0080222
6.225,2.7569,0.005,0.27283,-0.003894,-3.2815e-33,0,0.002709,0.0018118,1.4952,0.0080364
6.175,2.807,0.005,0.29451,-0.0034406,8.1689e-27,0,0.0023177,0.0014979,1.5473,0.0080469
6.125,2.86,0.005,0.31561,-0.0028339,9.892e-26,0,0.0017912,0.0010815,1.6562,0.0080392
6.075,2.916,0.005,0.33056,-0.0017736,-1.0718e-25,0,0.0012463,0.00055743,2.2358,0.0080453
6.025,2.972,0.005,0.3157,-0.0008627,1.0979e-26,0,0.001699,0.00025918,6.5553,0.0079849
8.975,0.072,0.005,0.26337,-0.11413,0,0,0.002129,0.0003328,2.9858,0.013201
8.925,0.12,0.005,0.16004,-0.12685,1.3648e-23,0,0.001927,0.00026895,2.4362,0.022214
8.875,0.168,0.005,0.11849,-0.1435,8.0697e-23,0,0.0016922,0.00036068,1.7665,0.028842
8.825,0.216,0.005,0.078525,-0.15243,3.7352e-23,0,0.001613,0.00041851,1.4391,0.031412
8.775,0.264,0.005,0.047593,-0.15563,-1.8544e-36,0,0.0016039,0.00050898,1.2202,0.031959
8.725,0.312,0.005,0.02364,-0.15556,1.3593e-23,0,0.0016357,0.00063465,1.0684,0.031283
8.675,0.36,0.005,0.005293,-0.1529,6.7341e-24,0,0.0016925,0.000797,0.96019,0.029918
8.625,0.408,0.005,-0.0083697,-0.14832,1.2325e-24,0,0.0017503,0.00099323,0.87797,0.028184
8.575,0.456,0.005,-0.018304,-0.14245,-1.5538e-23,0,0.0017914,0.0012152,0.81389,0.026263
8.525,0.50502,0.005,-0.025252,-0.13581,-3.6998e-24,0,0.0018246,0.0014712,0.75801,0.024269
8.475,0.55506,0.005,-0.029809,-0.12867,7.2838e-24,0,0.0018455,0.0017629,0.70585,0.022315
8.425,0.60511,0.005,-0.032518,-0.12121,1.3663e-23,0,0.001852,0.0020964,0.65625,0.020491
8.375,0.65515,0.005,-0.033787,-0.11373,3.9981e-24,0,0.0018434,0.0024856,0.60874,0.018834
8.325,0.70519,0.005,-0.033974,-0.1065,-9.3246e-24,0,0.0018218,0.0029346,0.56409,0.017361
8.275,0.75523,0.005,-0.033348,-0.099687,-3.1745e-24,0,0.0017901,0.0034203,0.52338,0.016055
8.225,0.80528,0.005,-0.032139,-0.09319,3.0091e-24,0,0.0017506,0.0036008,0.48616,0.01487
8.175,0.85532,0.005,-0.030418,-0.086859,-2.5296e-37,0,0.0017076,0.0037815,0.45156,0.013816
8.125,0.90536,0.005,-0.028205,-0.080677,-2.4697e-24,0,0.0016653,0.003969,0.41957,0.012896
8.075,0.9554,0.005,-0.025587,-0.074679,-4.2291e-33,0,0.0016269,0.0041683,0.3903,0.012099
8.025,1.0054,0.005,-0.022641,-0.068911,1.6869e-24,0,0.001595,0.0043827,0.36394,0.011414
7.975,1.0555,0.005,-0.019434,-0.063408,-3.4039e-24,0,0.0015717,0.0046134,0.34068,0.010829
7.925,1.1055,0.005,-0.016023,-0.058191,4.9966e-24,0,0.0015585,0.00486,0.32067,0.010332
7.875,1.1556,0.005,-0.012451,-0.053266,-2.608e-24,0,0.0015562,0.00512,0.30394,0.0099121
7.825,1.2056,0.005,-0.008749,-0.048629,-1.2143e-24,0,0.001565,0.0053893,0.2904,0.0095585
7.775,1.2557,0.005,-0.0049387,-0.044268,-3.7494e-38,0,0.0015849,0.0056623,0.2799,0.0092617
7.725,1.3057,0.005,-0.0010343,-0.040173,-1.1173e-24,0,0.001615,0.0059328,0.27221,0.0090131
7.675,1.3557,0.005,0.0029549,-0.036331,1.1456e-25,0,0.0016543,0.0061939,0.26708,0.0088052
7.625,1.4058,0.005,0.0070232,-0.03273,-4.938e-38,0,0.0017017,0.0064401,0.26423,0.0086316
7.575,1.4558,0.005,0.011168,-0.029364,6.5708e-25,0,0.0017556,0.0066659,0.26337,0.0084866
7.525,1.5059,0.005,0.015388,-0.026224,6.4319e-25,0,0.0018147,0.0068667,0.26427,0.0083656
7.475,1.5559,0.005,0.019684,-0.023307,-1.0148e-24,0,0.0018776,0.0070386,0.26676,0.0082645
7.425,1.606,0.005,0.024061,-0.020607,-4.3252e-25,0,0.0019431,0.0071773,0.27073,0.0081797
7.375,1.656,0.005,0.028523,-0.018123,-1.6145e-25,0,0.0020099,0.0072794,0.27611,0.0081084
7.325,1.706,0.005,0.033079,-0.015851,-2.2296e-25,0,0.0020769,0.0073425,0.28285,0.008048
7.275,1.7561,0.005,0.037741,-0.013788,1.793e-25,0,0.002143,0.0073646,0.29099,0.0079966
7.225,1.8061,0.005,0.042522,-0.01193,3.4607e-25,0,0.0022076,0.0073435,0.30062,0.0079524
7.175,1.8562,0.005,0.047443,-0.010273,1.8342e-25,0,0.0022701,0.0072774,0.31193,0.0079141
7.125,1.9062,0.005,0.052528,-0.0088127,1.2613e-25,0,0.0023302,0.0071644,0.32524,0.0078807
7.075,1.9563,0.005,0.05781,-0.007545,-1.8186e-25,0,0.002388,0.0070033,0.34098,0.0078514
7.025,2.0063,0.005,0.063331,-0.0064653,-9.9151e-26,0,0.002444,0.006793,0.35978,0.0078259
6.975,2.0563,0.005,0.069144,-0.0055693,-4.5019e-25,0,0.0024991,0.0065339,0.38248,0.0078039
6.925,2.1064,0.005,0.075323,-0.0048528,-1.8516e-25,0,0.0025547,0.0062274,0.41023,0.0077858
6.875,2.1564,0.005,0.081959,-0.0043121,5.4901e-39,0,0.0026128,0.0058768,0.4446,0.0077712
6.825,2.2065,0.005,0.08918,-0.0039571,2.0099e-25,0,0.002676,0.0054876,0.48763,0.0077588
6.775,2.2565,0.005,0.097236,-0.0037549,2.2046e-25,0,0.0027475,0.0049341,0.54263,0.007766
6.725,2.3066,0.005,0.10669,-0.0036786,-1.3957e-38,0,0.0028324,0.0042232,0.61487,0.007794
6.675,2.3566,0.005,0.11806,-0.0036906,5.8554e-26,0,0.0029323,0.0036238,0.70775,0.0078238
6.625,2.4066,0.005,0.13163,-0.0037964,8.8582e-33,0,0.003041,0.0031699,0.81984,0.007854
6.575,2.4567,0.005,0.14751,-0.0039745,0,0,0.0031462,0.002839,0.94475,0.0078862
6.525,2.5067,0.005,0.16562,-0.0041801,9.0679e-25,0,0.0032301,0.0026039,1.0721,0.0079203
6.475,2.5568,0.005,0.18562,-0.0043599,4.3144e-25,0,0.0032716,0.0024437,1.1905,0.007955
6.425,2.6068,0.005,0.20691,-0.0044604,-1.9028e-26,0,0.003251,0.0023387,1.2911,0.007989
6.375,2.6569,0.005,0.2287,-0.0044304,1.6326e-25,0,0.0031552,0.0022498,1.3706,0.008021
6.325,2.7069,0.005,0.25061,-0.0042641,-1.455e-25,0,0.0029728,0.0020751,1.4326,0.0080433
6.275,2.7569,0.005,0.27253,-0.0039591,1.2495e-25,0,0.0026914,0.0018141,1.4836,0.0080542
6.225,2.807,0.005,0.29401,-0.0034826,-1.1509e-25,0,0.0022999,0.0014978,1.5355,0.0080615
6.175,2.86,0.005,0.3149,-0.0028624,-9.126e-26,0,0.0017759,0.0010793,1.6455,0.0080478
6.125,2.916,0.005,0.32962,-0.0017701,8.2462e-26,0,0.0012372,0.00055529,2.2279,0.0080552
6.075,2.972,0.005,0.31459,-0.00090167,0,0,0.001689,0.00025841,6.536,0.0079837
8.975,0.12,0.005,0.23745,-0.17393,1.2468e-22,0,0.0016862,0.00028012,2.5003,0.011607
8.925,0.168,0.005,0.14963,-0.16711,6.7536e-23,0,0.00153,0.00025204,2.0086,0.0202
8.875,0.216,0.005,0.10585,-0.17335,-5.1069e-23,0,0.001441,0.00033116,1.543,0.026252
8.825,0.264,0.005,0.069278,-0.17543,3.5156e-23,0,0.0014367,0.00041383,1.2766,0.028733
8.775,0.312,0.005,0.040727,-0.17405,2.5688e-23,0,0.0014798,0.0005192,1.1081,0.029368
8.725,0.36,0.005,0.019059,-0.17023,1.0256e-23,0,0.0015484,0.00066399,0.99197,0.028925
8.675,0.408,0.005,0.0027644,-0.16469,6.7083e-24,0,0.0016315,0.00084747,0.9081,0.027818
8.625,0.456,0.005,-0.0091773,-0.15793,-1.5403e-24,0,0.0017041,0.0010577,0.84338,0.026313
8.575,0.50502,0.005,-0.017754,-0.1505,-4.7465e-23,0,0.0017602,0.0012933,0.7895,0.024574
8.525,0.55506,0.005,-0.023639,-0.14257,-2.7526e-41,0,0.0018034,0.0015588,0.73939,0.022762
8.475,0.60511,0.005,-0.027423,-0.13426,-3.7322e-24,0,0.0018311,0.0018551,0.69134,0.021005
8.425,0.65515,0.005,-0.029575,-0.12582,7.4881e-37,0,0.0018416,0.0021895,0.64432,0.019364
8.375,0.70519,0.005,-0.030469,-0.11755,3.5527e-24,0,0.0018353,0.0025742,0.59857,0.017872
8.325,0.75523,0.005,-0.030435,-0.10969,2.2573e-37,0,0.0018149,0.0030187,0.55526,0.016545
8.275,0.80528,0.005,-0.029677,-0.10237,-2.9442e-24,0,0.0017841,0.0034596,0.51568,0.015357
8.225,0.85532,0.005,-0.028375,-0.095434,9.0146e-24,0,0.0017459,0.0036423,0.47933,0.014277
8.175,0.90536,0.005,-0.02656,-0.088691,-2.8029e-24,0,0.0017052,0.0038268,0.44559,0.013318
8.125,0.9554,0.005,-0.024279,-0.082146,-2.2761e-24,0,0.0016657,0.0040192,0.41444,0.012483
8.075,1.0054,0.005,-0.021617,-0.075838,-1.819e-24,0,0.0016305,0.0042237,0.38603,0.011761
8.025,1.0555,0.005,-0.018646,-0.06981,1.4252e-24,0,0.0016022,0.004443,0.36061,0.011142
7.975,1.1055,0.005,-0.01543,-0.064093,-2.1594e-24,0,0.0015828,0.0046775,0.33837,0.010613
7.925,1.1556,0.005,-0.01202,-0.058698,1.0168e-37,0,0.0015736,0.004926,0.31944,0.010166
7.875,1.2056,0.005,-0.0084542,-0.053625,1.2657e-24,0,0.0015754,0.0051854,0.30382,0.0097876
7.825,1.2557,0.005,-0.0047578,-0.048863,-1.1211e-24,0,0.0015884,0.005451,0.29139,0.0094695
7.775,1.3057,0.005,-0.00094906,-0.044399,-2.2306e-24,0,0.001612,0.005717,0.28197,0.0092025
7.725,1.3557,0.005,0.0029605,-0.040216,3.375e-25,0,0.0016456,0.0059771,0.27532,0.0089787
7.675,1.4058,0.005,0.0069636,-0.036301,1.8362e-26,0,0.001688,0.0062253,0.27115,0.0087913
7.625,1.4558,0.005,0.011056,-0.032642,-1.0559e-33,0,0.0017379,0.006456,0.26919,0.0086344
7.575,1.5059,0.005,0.015236,-0.02923,-1.2711e-24,0,0.0017939,0.0066641,0.26919,0.0085029
7.525,1.5559,0.005,0.019505,-0.026056,5.7843e-25,0,0.0018546,0.0068451,0.27094,0.0083925
7.475,1.606,0.005,0.023864,-0.023116,3.425e-33,0,0.0019188,0.0069947,0.27432,0.0082994
7.425,1.656,0.005,0.028319,-0.020405,-3.7999e-25,0,0.0019853,0.007109,0.27926,0.0082206
7.375,1.706,0.005,0.032877,-0.017918,-4.5512e-25,0,0.0020528,0.0071849,0.28571,0.0081535
7.325,1.7561,0.005,0.03755,-0.015653,-1.4157e-38,0,0.0021203,0.0072199,0.29368,0.0080958
7.275,1.8061,0.005,0.042351,-0.013605,2.1205e-25,0,0.002187,0.007212,0.30325,0.0080458
7.225,1.8562,0.005,0.0473,-0.011771,0,0,0.0022523,0.0071591,0.31461,0.0080021
7.175,1.9062,0.005,0.052421,-0.010146,-2.1172e-25,0,0.0023158,0.0070594,0.32804,0.0079635
7.125,1.9563,0.005,0.057748,-0.008726,-5.5359e-25,0,0.0023774,0.0069114,0.34398,0.0079293
7.075,2.0063,0.005,0.063321,-0.0075068,4.1768e-25,0,0.0024375,0.0067141,0.36304,0.0078989
7.025,2.0563,0.005,0.069197,-0.0064843,8.4108e-25,0,0.0024969,0.0064677,0.38606,0.0078722
6.975,2.1064,0.005,0.075447,-0.005655,-2.1191e-25,0,0.0025569,0.0061733,0.41418,0.0078493
6.925,2.1564,0.005,0.082167,-0.0050148,-2.9547e-25,0,0.0026192,0.0058343,0.44893,0.0078305
6.875,2.2065,0.005,0.089483,-0.0045705,-5.2484e-25,0,0.0026862,0.0054558,0.49235,0.0078133
6.825,2.2565,0.005,0.097619,-0.0042978,-5.3173e-25,0,0.0027608,0.0049612,0.54743,0.0078133
6.775,2.3066,0.005,0.10711,-0.0041671,-1.5238e-25,0,0.0028473,0.0042522,0.61929,0.0078384
6.725,2.3566,0.005,0.11852,-0.0041252,-1.7059e-25,0,0.0029476,0.003649,0.71145,0.0078667
6.675,2.4066,0.005,0.13212,-0.0041755,-2.9182e-25,0,0.0030551,0.0031936,0.82222,0.0078952
6.625,2.4567,0.005,0.148,-0.0043004,6.5792e-39,0,0.0031572,0.002862,0.94509,0.0079254
6.575,2.5067,0.005,0.16606,-0.004456,1.2456e-24,0,0.0032363,0.0026258,1.0699,0.0079575
6.525,2.5568,0.005,0.18597,-0.0045881,1.1785e-24,0,0.0032719,0.0024639,1.1856,0.0079901
6.475,2.6068,0.005,0.20711,-0.0046433,8.8562e-25,0,0.0032452,0.0023568,1.2838,0.0080219
6.425,2.6569,0.005,0.22873,-0.0045719,6.2387e-25,0,0.0031442,0.002264,1.3613,0.0080513
6.375,2.7069,0.005,0.25046,-0.004369,-2.2376e-38,0,0.0029577,0.00208,1.422,0.0080704
6.325,2.7569,0.005,0.27221,-0.004033,-1.3006e-25,0,0.0026738,0.0018163,1.4721,0.0080779
6.275,2.807,0.005,0.2935,-0.0035313,1.4209e-25,0,0.0022821,0.0014975,1.5239,0.0080817
6.225,2.86,0.005,0.31417,-0.0028937,6.2199e-26,0,0.0017608,0.0010769,1.6351,0.0080631
6.175,2.916,0.005,0.32867,-0.0017749,-2.0347e-25,0,0.0012281,0.00055315,2.2201,0.008067
6.125,2.972,0.005,0.31346,-0.00090227,0,0,0.001679,0.00025765,6.5166,0.0079933
8.975,0.168,0.005,0.20341,-0.21177,-7.4065e-36,0,0.0013082,0.00027671,2.2168,0.0094264
8.925,0.216,0.005,0.13347,-0.20055,-9.1863e-23,0,0.0012528,0.00024317,1.7442,0.018241
8.875,0.264,0.005,0.091421,-0.19752,-6.7799e-23,0,0.0012516,0.00031964,1.3751,0.023681
8.825,0.312,0.005,0.058683,-0.19442,-2.2451e-23,0,0.001302,0.00041825,1.1572,0.026179
8.775,0.36,0.005,0.033099,-0.18915,-4.4327e-23,0,0.0013834,0.00054212,1.0239,0.026994
8.725,0.408,0.005,0.014097,-0.18225,-3.3646e-23,0,0.0014805,0.00070887,0.93466,0.026814
8.675,0.456,0.005,0.00011472,-0.17443,-1.7805e-23,0,0.0015837,0.00091139,0.86943,0.025931
8.625,0.50502,0.005,-0.010067,-0.16615,1.5895e-24,0,0.0016685,0.0011334,0.81739,0.024593
8.575,0.55506,0.005,-0.017283,-0.15745,-8.856e-38,0,0.001736,0.0013775,0.7703,0.023025
8.525,0.60511,0.005,-0.022154,-0.14833,-1.0701e-23,0,0.0017878,0.0016462,0.72495,0.021406
8.475,0.65515,0.005,-0.025204,-0.13903,3.3121e-24,0,0.0018207,0.0019414,0.6798,0.01983
8.425,0.70519,0.005,-0.02684,-0.12979,-3.6857e-24,0,0.0018342,0.0022704,0.63463,0.018355
8.375,0.75523,0.005,-0.02739,-0.12085,-2.4735e-24,0,0.0018294,0.0026465,0.59016,0.017012
8.325,0.80528,0.005,-0.027139,-0.11246,-2.2747e-37,0,0.0018099,0.0030885,0.54793,0.015815
8.275,0.85532,0.005,-0.026239,-0.10471,-2.7586e-24,0,0.00178,0.003495,0.50928,0.014734
8.225,0.90536,0.005,-0.024813,-0.097366,2.6311e-24,0,0.0017435,0.0036801,0.47376,0.013751
8.175,0.9554,0.005,-0.022891,-0.090249,-2.435e-24,0,0.0017051,0.0038682,0.44081,0.012882
8.125,1.0054,0.005,-0.020531,-0.083375,1.9517e-24,0,0.0016685,0.0040649,0.41046,0.012126
8.075,1.0555,0.005,-0.017813,-0.07679,1.5423e-37,0,0.0016365,0.0042739,0.3829,0.011473
8.025,1.1055,0.005,-0.014807,-0.070532,-1.1742e-24,0,0.0016118,0.0044969,0.35842,0.010914
7.975,1.1556,0.005,-0.011569,-0.064625,1.568e-24,0,0.0015962,0.0047338,0.3372,0.010438
7.925,1.2056,0.005,-0.0081463,-0.059073,2.1716e-24,0,0.0015912,0.0049824,0.31936,0.010035
7.875,1.2557,0.005,-0.0045698,-0.053869,1.2434e-24,0,0.0015971,0.0052392,0.30483,0.0096947
7.825,1.3057,0.005,-0.0008616,-0.048998,-2.2255e-24,0,0.001614,0.0054992,0.2935,0.0094087
7.775,1.3557,0.005,0.0029639,-0.044441,-9.8962e-25,0,0.0016414,0.0057563,0.28515,0.0091685
7.725,1.4058,0.005,0.0068977,-0.040182,5.6967e-27,0,0.0016783,0.0060049,0.27949,0.0089668
7.675,1.4558,0.005,0.010935,-0.036205,-7.9413e-25,0,0.0017236,0.006239,0.27626,0.0087974
7.625,1.5059,0.005,0.015071,-0.032497,-7.1956e-25,0,0.0017758,0.0064531,0.27519,0.008655
7.575,1.5559,0.005,0.019308,-0.029047,-1.7274e-25,0,0.0018338,0.0066423,0.27608,0.0085349
7.525,1.606,0.005,0.023647,-0.025847,4.043e-33,0,0.0018962,0.0068023,0.27876,0.0084332
7.475,1.656,0.005,0.028092,-0.022892,3.369e-25,0,0.0019618,0.0069285,0.28315,0.0083466
7.425,1.706,0.005,0.032651,-0.020176,2.3511e-25,0,0.0020293,0.0070171,0.2892,0.0082724
7.375,1.7561,0.005,0.037334,-0.017695,2.4233e-25,0,0.0020978,0.0070654,0.29691,0.0082082
7.325,1.8061,0.005,0.042154,-0.015444,-4.6091e-25,0,0.0021662,0.0070711,0.30635,0.0081521
7.275,1.8562,0.005,0.047131,-0.01342,-4.917e-25,0,0.0022339,0.0070319,0.31768,0.0081026
7.225,1.9062,0.005,0.052289,-0.011618,-8.33e-25,0,0.0023004,0.006946,0.33119,0.0080585
7.175,1.9563,0.005,0.05766,-0.010033,-3.2838e-25,0,0.0023656,0.0068117,0.34729,0.008019
7.125,2.0063,0.005,0.063287,-0.0086627,-3.8336e-25,0,0.0024297,0.0066281,0.36658,0.0079835
7.075,2.0563,0.005,0.069226,-0.0075019,1.097e-25,0,0.0024934,0.0063951,0.38989,0.0079517
7.025,2.1064,0.005,0.07555,-0.0065476,7.1527e-25,0,0.0025577,0.0061138,0.41834,0.0079238
6.975,2.1564,0.005,0.082355,-0.005797,2.4569e-25,0,0.0026242,0.0057872,0.45345,0.0079002
6.925,2.2065,0.005,0.08977,-0.005253,6.0114e-25,0,0.0026951,0.0054204,0.49722,0.0078794
6.875,2.2565,0.005,0.097994,-0.0049012,-3.1702e-25,0,0.0027729,0.0049913,0.55238,0.0078703
6.825,2.3066,0.005,0.10753,-0.0047041,-3.1665e-25,0,0.002861,0.0042837,0.62379,0.0078912
6.775,2.3566,0.005,0.11897,-0.0046038,-6.5581e-25,0,0.0029617,0.003676,0.71514,0.007918
6.725,2.4066,0.005,0.13259,-0.0045937,-8.6321e-25,0,0.0030681,0.0032182,0.82452,0.0079446
6.675,2.4567,0.005,0.14847,-0.0046597,3.4066e-25,0,0.0031671,0.0028856,0.94531,0.0079726
6.625,2.5067,0.005,0.16648,-0.0047596,-1.0463e-32,0,0.0032414,0.0026482,1.0676,0.0080025
6.575,2.5568,0.005,0.18629,-0.0048392,3.816e-25,0,0.0032713,0.0024846,1.1807,0.008033
6.525,2.6068,0.005,0.20728,-0.0048449,7.3362e-25,0,0.0032389,0.0023754,1.2764,0.0080623
6.475,2.6569,0.005,0.22872,-0.0047286,5.0732e-25,0,0.0031329,0.0022785,1.352,0.0080889
6.425,2.7069,0.005,0.25029,-0.0044861,2.2753e-25,0,0.0029424,0.0020847,1.4114,0.0081044
6.375,2.7569,0.005,0.27187,-0.0041168,-4.1459e-25,0,0.0026563,0.0018184,1.4608,0.0081081
6.325,2.807,0.005,0.29298,-0.003588,-3.7481e-25,0,0.0022645,0.0014971,1.5125,0.008108
6.275,2.86,0.005,0.31344,-0.0029291,2.4886e-25,0,0.0017459,0.0010745,1.6248,0.0080853
6.225,2.916,0.005,0.32771,-0.001789,-1.6432e-41,0,0.0012191,0.00055099,2.2125,0.0080837
6.175,2.972,0.005,0.31231,-0.00089584,-1.8118e-25,0,0.001669,0.00025688,6.4972,0.0080128
8.975,0.216,0.005,0.16911,-0.23734,6.8363e-23,0,0.0010684,0.0002896,2.2081,0.0076358
8.925,0.264,0.005,0.11435,-0.2254,2.8059e-23,0,0.0010537,0.00024983,1.5908,0.016263
8.875,0.312,0.005,0.076027,-0.21687,6.1966e-23,0,0.0011074,0.00031891,1.2574,0.021311
8.825,0.36,0.005,0.047442,-0.20952,3.133e-23,0,0.0011977,0.00043334,1.0683,0.023902
8.775,0.408,0.005,0.025282,-0.20103,-3.7849e-23,0,0.0013086,0.00058199,0.96105,0.024975
8.725,0.456,0.005,0.0092761,-0.19183,-5.6021e-23,0,0.0014285,0.00077135,0.89255,0.024991
8.675,0.50502,0.005,-0.002405,-0.18256,-2.156e-23,0,0.0015463,0.00098809,0.84118,0.024238
8.625,0.55506,0.005,-0.010867,-0.1731,1.2577e-24,0,0.0016407,0.0012167,0.79734,0.023042
8.575,0.60511,0.005,-0.01679,-0.16327,2.1993e-23,0,0.0017183,0.0014631,0.75569,0.021649
8.525,0.65515,0.005,-0.020727,-0.15321,-4.9154e-24,0,0.0017765,0.0017296,0.71364,0.0202
8.475,0.70519,0.005,-0.023105,-0.14311,4.5561e-24,0,0.0018133,0.0020188,0.6705,0.018786
8.425,0.75523,0.005,-0.024273,-0.13319,-3.128e-24,0,0.0018288,0.0023384,0.62663,0.017459
8.375,0.80528,0.005,-0.024509,-0.12369,2.9615e-24,0,0.0018251,0.0027071,0.58313,0.016249
8.325,0.85532,0.005,-0.024042,-0.11486,1.2196e-41,0,0.0018064,0.0031481,0.54182,0.015166
8.275,0.90536,0.005,-0.022981,-0.10672,-2.1216e-38,0,0.0017775,0.0035266,0.50404,0.014183
8.225,0.9554,0.005,-0.021417,-0.099009,2.4929e-24,0,0.001743,0.0037139,0.46932,0.013291
8.175,1.0054,0.005,-0.019381,-0.091552,-4.3859e-24,0,0.0017071,0.0039052,0.43713,0.012504
8.125,1.0555,0.005,-0.016933,-0.084383,1.6403e-24,0,0.0016733,0.0041057,0.40755,0.011821
8.075,1.1055,0.005,-0.014151,-0.077551,2.5179e-24,0,0.0016446,0.0043182,0.38085,0.011232
8.025,1.1556,0.005,-0.011098,-0.07109,-1.706e-24,0,0.0016235,0.0045436,0.35732,0.010728
7.975,1.2056,0.005,-0.0078261,-0.065016,-3.722e-24,0,0.0016119,0.0047811,0.33714,0.0103
7.925,1.2557,0.005,-0.0043756,-0.059327,1.3737e-24,0,0.0016109,0.0050281,0.32038,0.0099379
7.875,1.3057,0.005,-0.00077281,-0.054007,1.2366e-24,0,0.0016209,0.0052805,0.30696,0.0096323
7.825,1.3557,0.005,0.0029646,-0.04904,-2.2096e-24,0,0.0016418,0.005533,0.29673,0.0093751
7.775,1.4058,0.005,0.0068253,-0.044403,9.8069e-25,0,0.0016728,0.0057801,0.2894,0.0091586
7.725,1.4558,0.005,0.010803,-0.040078,1.91e-25,0,0.0017129,0.0060159,0.28472,0.0089764
7.675,1.5059,0.005,0.014893,-0.036047,1.7836e-24,0,0.0017609,0.0062347,0.28244,0.0088227
7.625,1.5559,0.005,0.019095,-0.032298,7.4357e-25,0,0.0018156,0.0064311,0.28231,0.0086926
7.575,1.606,0.005,0.02341,-0.02882,-1.6087e-24,0,0.0018755,0.0066004,0.28415,0.008582
7.525,1.656,0.005,0.027844,-0.025603,-2.5912e-25,0,0.0019397,0.006738,0.28787,0.0084874
7.475,1.706,0.005,0.032401,-0.022641,8.672e-25,0,0.0020067,0.0068394,0.29341,0.0084057
7.425,1.7561,0.005,0.037092,-0.019928,1.3995e-24,0,0.0020756,0.0069011,0.30077,0.0083347
7.375,1.8061,0.005,0.041931,-0.01746,1.6231e-24,0,0.0021453,0.0069206,0.30999,0.0082722
7.325,1.8562,0.005,0.046935,-0.015232,5.0199e-25,0,0.0022151,0.0068955,0.32123,0.0082167
7.275,1.9062,0.005,0.052129,-0.013239,3.895e-38,0,0.0022843,0.0068239,0.33475,0.0081669
7.225,1.9563,0.005,0.057545,-0.011478,1.8134e-25,0,0.0023528,0.006704,0.35096,0.0081218
7.175,2.0063,0.005,0.063227,-0.0099436,5.5318e-25,0,0.0024207,0.0065347,0.37044,0.0080808
7.125,2.0563,0.005,0.069231,-0.0086323,-1.5448e-25,0,0.0024885,0.0063159,0.394,0.0080437
7.075,2.1064,0.005,0.07563,-0.0075408,-8.2971e-25,0,0.002557,0.0060485,0.42276,0.0080104
7.025,2.1564,0.005,0.082522,-0.0066665,-2.7983e-25,0,0.0026278,0.0057353,0.45819,0.0079813
6.975,2.2065,0.005,0.090035,-0.0060113,-1.1416e-25,0,0.0027027,0.0053812,0.50225,0.0079564
6.925,2.2565,0.005,0.098356,-0.0055742,3.7535e-25,0,0.0027838,0.0049933,0.5575,0.0079384
6.875,2.3066,0.005,0.10794,-0.0052963,6.1728e-25,0,0.0028736,0.0043182,0.62837,0.0079524
6.825,2.3566,0.005,0.1194,-0.0051312,-6.8919e-25,0,0.0029747,0.0037055,0.71881,0.0079784
6.775,2.4066,0.005,0.13305,-0.0050554,-5.6154e-25,0,0.0030799,0.0032439,0.82674,0.0080032
6.725,2.4567,0.005,0.14892,-0.0050568,-1.8425e-38,0,0.0031759,0.0029099,0.94544,0.0080289
6.675,2.5067,0.005,0.16688,-0.0050955,-3.8551e-25,0,0.0032456,0.0026713,1.0652,0.0080564
6.625,2.5568,0.005,0.18658,-0.0051166,-1.8004e-24,0,0.0032699,0.002506,1.1757,0.0080845
6.575,2.6068,0.005,0.20742,-0.0050682,-5.1969e-25,0,0.0032319,0.0023944,1.269,0.0081111
6.525,2.6569,0.005,0.2287,-0.0049023,-1.0207e-25,0,0.0031213,0.0022933,1.3428,0.0081344
6.475,2.7069,0.005,0.2501,-0.0046166,-3.3425e-25,0,0.002927,0.0020892,1.401,0.008146
6.425,2.7569,0.005,0.27151,-0.0042111,2.4821e-25,0,0.0026388,0.0018203,1.4496,0.0081453
6.375,2.807,0.005,0.29243,-0.0036531,1.1492e-25,0,0.0022469,0.0014966,1.5013,0.0081409
6.325,2.86,0.005,0.31269,-0.0029712,3.2077e-25,0,0.0017311,0.0010721,1.6147,0.0081142
6.275,2.916,0.005,0.32674,-0.0018097,2.1364e-25,0,0.0012102,0.00054883,2.205,0.0081073
6.225,2.972,0.005,0.31116,-0.00089197,-2.1272e-25,0,0.0016591,0.00025612,6.4778,0.0080356
8.975,0.264,0.005,0.13637,-0.25229,6.8699e-23,0,0.00092026,0.00035647,2.4358,0.0062438
8.925,0.312,0.005,0.09389,-0.24321,-2.057e-35,0,0.00091103,0.00026699,1.5312,0.014461
8.875,0.36,0.005,0.060328,-0.2316,1.4864e-23,0,0.0009971,0.0003307,1.1712,0.019229
8.825,0.408,0.005,0.036105,-0.22078,4.2489e-23,0,0.0011174,0.00046408,1.003,0.022102
8.775,0.456,0.005,0.017942,-0.20996,-1.3727e-23,0,0.0012518,0.00064427,0.91594,0.023357
8.725,0.50502,0.005,0.0049215,-0.1995,-2.4395e-23,0,0.0013896,0.00085138,0.86254,0.023417
8.675,0.55506,0.005,-0.0045978,-0.18928,-4.3803e-24,0,0.0015162,0.0010737,0.82025,0.022745
8.625,0.60511,0.005,-0.011452,-0.17885,-1.0084e-23,0,0.0016205,0.0013032,0.7825,0.021683
8.575,0.65515,0.005,-0.016215,-0.16815,9.3119e-24,0,0.0017056,0.0015464,0.74451,0.020437
8.525,0.70519,0.005,-0.019314,-0.15732,5.5259e-24,0,0.0017686,0.0018063,0.70466,0.019136
8.475,0.75523,0.005,-0.021093,-0.14656,-2.8119e-24,0,0.001808,0.0020861,0.66289,0.017864
8.425,0.80528,0.005,-0.021838,-0.13609,5.3518e-24,0,0.0018248,0.0023955,0.61996,0.016669
8.375,0.85532,0.005,-0.021782,-0.12614,4.3103e-24,0,0.0018219,0.0027584,0.57724,0.015577
8.325,0.90536,0.005,-0.021098,-0.11693,-6.0244e-24,0,0.001804,0.0031988,0.53679,0.014595
8.275,0.9554,0.005,-0.019867,-0.10844,2.7424e-24,0,0.0017766,0.0035542,0.49985,0.013703
8.225,1.0054,0.005,-0.018158,-0.10039,-2.3855e-24,0,0.001744,0.0037434,0.4659,0.012895
8.175,1.0555,0.005,-0.016001,-0.092621,3.9578e-24,0,0.0017107,0.0039375,0.43445,0.012184
8.125,1.1055,0.005,-0.013459,-0.085188,-3.37e-24,0,0.0016798,0.0041409,0.40566,0.011568
8.075,1.1556,0.005,-0.010604,-0.078137,2.261e-37,0,0.0016544,0.0043557,0.37984,0.011037
8.025,1.2056,0.005,-0.0074936,-0.071498,-1.4062e-32,0,0.0016371,0.004582,0.35729,0.010584
7.975,1.2557,0.005,-0.0041759,-0.065278,-4.5972e-25,0,0.0016296,0.0048186,0.33818,0.0102
7.925,1.3057,0.005,-0.00068355,-0.059467,4.1078e-24,0,0.0016327,0.0050622,0.32253,0.0098741
7.875,1.3557,0.005,0.0029616,-0.054047,1.2295e-24,0,0.0016468,0.0053084,0.31023,0.0095994
7.825,1.4058,0.005,0.0067457,-0.048996,-2.2133e-24,0,0.0016716,0.0055523,0.30106,0.0093677
7.775,1.4558,0.005,0.01066,-0.044289,-3.3992e-38,0,0.001706,0.0057881,0.29475,0.0091722
7.725,1.5059,0.005,0.0147,-0.039908,1.9196e-25,0,0.0017493,0.0060099,0.29107,0.0090069
7.675,1.5559,0.005,0.018864,-0.035834,2.4238e-25,0,0.0018001,0.0062121,0.28976,0.0088666
7.625,1.606,0.005,0.023154,-0.032053,7.7576e-25,0,0.0018571,0.0063896,0.29064,0.0087468
7.575,1.656,0.005,0.027573,-0.028554,-3.1094e-38,0,0.0019192,0.0065379,0.29355,0.0086438
7.525,1.706,0.005,0.032127,-0.025328,9.9118e-25,0,0.0019852,0.0066517,0.29846,0.0085545
7.475,1.7561,0.005,0.036825,-0.022367,9.5976e-25,0,0.002054,0.0067269,0.30535,0.0084764
7.425,1.8061,0.005,0.04168,-0.019667,-3.2637e-25,0,0.0021245,0.0067604,0.31426,0.0084073
7.375,1.8562,0.005,0.046711,-0.01722,-5.7417e-25,0,0.0021959,0.0067498,0.32533,0.0083454
7.325,1.9062,0.005,0.051941,-0.015024,5.497e-25,0,0.0022675,0.006693,0.33879,0.0082896
7.275,1.9563,0.005,0.057403,-0.013072,-6.408e-33,0,0.0023391,0.006588,0.35505,0.0082387
7.225,2.0063,0.005,0.06314,-0.011361,5.113e-25,0,0.0024105,0.0064338,0.37467,0.008192
7.175,2.0563,0.005,0.069209,-0.0098862,1.1282e-24,0,0.0024822,0.0062299,0.39844,0.0081493
7.125,2.1064,0.005,0.075683,-0.0086452,1.493e-25,0,0.002555,0.0059772,0.42745,0.0081104
7.075,2.1564,0.005,0.082663,-0.0076348,4.7305e-25,0,0.00263,0.0056783,0.46317,0.0080757
7.025,2.2065,0.005,0.090277,-0.0068546,4.6391e-25,0,0.0027089,0.0053379,0.50748,0.008045
6.975,2.2565,0.005,0.098703,-0.0063172,-8.258e-25,0,0.0027933,0.0049631,0.56281,0.0080187
6.925,2.3066,0.005,0.10834,-0.0059519,-2.9027e-38,0,0.0028851,0.0043549,0.63311,0.0080234
6.875,2.3566,0.005,0.11983,-0.0057148,-4.5223e-25,0,0.0029864,0.0037379,0.72248,0.0080489
6.825,2.4066,0.005,0.13349,-0.0055653,-1.3633e-24,0,0.0030905,0.0032711,0.82889,0.008072
6.775,2.4567,0.005,0.14934,-0.0054958,1.535e-25,0,0.0031836,0.002935,0.94545,0.0080953
6.725,2.5067,0.005,0.16725,-0.0054673,6.1322e-25,0,0.0032487,0.0026951,1.0627,0.0081201
6.675,2.5568,0.005,0.18685,-0.0054244,8.5473e-25,0,0.0032677,0.0025281,1.1706,0.0081457
6.625,2.6068,0.005,0.20754,-0.005315,-1.3207e-24,0,0.0032244,0.0024138,1.2616,0.0081694
6.575,2.6569,0.005,0.22864,-0.005095,-2.3196e-24,0,0.0031093,0.0023083,1.3337,0.0081888
6.525,2.7069,0.005,0.24987,-0.0047623,-9.9088e-25,0,0.0029114,0.0020935,1.3907,0.0081961
6.475,2.7569,0.005,0.27113,-0.004317,5.0282e-33,0,0.0026213,0.0018221,1.4386,0.0081905
6.425,2.807,0.005,0.29187,-0.0037265,5.2934e-25,0,0.0022294,0.001496,1.4902,0.0081812
6.375,2.86,0.005,0.31192,-0.0030217,2.2574e-25,0,0.0017163,0.0010695,1.6048,0.0081494
6.325,2.916,0.005,0.32575,-0.0018347,-2.7317e-25,0,0.0012014,0.00054664,2.1978,0.0081395
6.275,2.972,0.005,0.31001,-0.00089119,3.5e-25,0,0.0016491,0.00025535,6.4584,0.0080623
8.975,0.312,0.005,0.10607,-0.26068,-6.2911e-23,0,0.00083389,0.0002912,2.8636,0.0053411
8.925,0.36,0.005,0.073254,-0.25489,-6.8754e-23,0,0.00081008,0.0002971,1.5216,0.012855
8.875,0.408,0.005,0.04482,-0.24171,-4.6102e-23,0,0.00091406,0.00035871,1.1125,0.017748
8.825,0.456,0.005,0.025534,-0.22843,1.5355e-23,0,0.0010571,0.00052362,0.95709,0.020881
8.775,0.50502,0.005,0.011545,-0.21664,1.0596e-23,0,0.0012102,0.00072991,0.88544,0.022052
8.725,0.55506,0.005,0.001248,-0.20563,-5.5816e-37,0,0.0013607,0.00094452,0.84111,0.022074
8.675,0.60511,0.005,-0.0063182,-0.19472,-3.1838e-24,0,0.0014939,0.0011643,0.80548,0.021461
8.625,0.65515,0.005,-0.011776,-0.1836,-3.248e-25,0,0.0016061,0.0013893,0.77153,0.020501
8.575,0.70519,0.005,-0.015528,-0.17224,1.5757e-32,0,0.0016968,0.0016247,0.73587,0.019376
8.525,0.75523,0.005,-0.017891,-0.16079,-2.2619e-24,0,0.001763,0.0018747,0.69744,0.018203
8.475,0.80528,0.005,-0.019139,-0.14949,-8.2922e-24,0,0.0018042,0.002144,0.65658,0.017056
8.425,0.85532,0.005,-0.019502,-0.13856,6.2011e-37,0,0.0018218,0.002444,0.61435,0.015976
8.375,0.90536,0.005,-0.019169,-0.12822,2.6527e-24,0,0.0018195,0.0028028,0.57235,0.01499
8.325,0.9554,0.005,-0.018271,-0.11869,5.8614e-33,0,0.0018027,0.0032407,0.53273,0.014101
8.275,1.0054,0.005,-0.016868,-0.10989,-9.3006e-33,0,0.0017768,0.0035776,0.49663,0.013291
8.225,1.0555,0.005,-0.01501,-0.10152,-1.8419e-24,0,0.0017464,0.0037684,0.46343,0.012561
8.175,1.1055,0.005,-0.012728,-0.093475,3.5703e-24,0,0.0017156,0.0039647,0.43273,0.01192
8.125,1.1556,0.005,-0.010085,-0.085807,1.9808e-24,0,0.0016878,0.00417,0.40474,0.011365
8.075,1.2056,0.005,-0.0071479,-0.078564,-2.2341e-24,0,0.0016659,0.0043858,0.37985,0.010887
8.025,1.2557,0.005,-0.003971,-0.071769,1.6553e-24,0,0.0016525,0.0046117,0.35833,0.01048
7.975,1.3057,0.005,-0.00059453,-0.065421,-3.0208e-24,0,0.0016491,0.0048457,0.34033,0.010135
7.925,1.3557,0.005,0.0029543,-0.059505,1.5424e-24,0,0.0016565,0.0050842,0.32581,0.0098422
7.875,1.4058,0.005,0.0066584,-0.053997,-1.1853e-24,0,0.0016747,0.0053231,0.31461,0.0095949
7.825,1.4558,0.005,0.010507,-0.048873,3.046e-33,0,0.0017032,0.005557,0.3065,0.0093858
7.775,1.5059,0.005,0.014494,-0.044107,-1.2554e-24,0,0.0017412,0.0057801,0.30124,0.0092085
7.725,1.5559,0.005,0.018618,-0.039679,-1.8894e-24,0,0.0017876,0.0059866,0.29859,0.0090576
7.675,1.606,0.005,0.022879,-0.03557,7.814e-25,0,0.0018411,0.0061711,0.29835,0.0089284
7.625,1.656,0.005,0.02728,-0.031766,-1.1648e-24,0,0.0019007,0.0063287,0.30033,0.0088169
7.575,1.706,0.005,0.031828,-0.028256,-1.1677e-24,0,0.0019651,0.0064543,0.30446,0.0087198
7.525,1.7561,0.005,0.036531,-0.025029,3.7218e-25,0,0.0020333,0.0065429,0.31076,0.0086343
7.475,1.8061,0.005,0.041402,-0.022079,-6.858e-25,0,0.0021041,0.0065906,0.31926,0.0085583
7.425,1.8562,0.005,0.046458,-0.019399,-1.4034e-24,0,0.0021767,0.0065948,0.33005,0.00849
7.375,1.9062,0.005,0.051724,-0.016983,-3.717e-25,0,0.0022503,0.0065532,0.34339,0.0084278
7.325,1.9563,0.005,0.057232,-0.014827,-3.6796e-25,0,0.0023245,0.0064637,0.35962,0.0083708
7.275,2.0063,0.005,0.063024,-0.012926,3.6441e-25,0,0.0023992,0.0063251,0.37932,0.0083183
7.225,2.0563,0.005,0.069159,-0.011275,-1.115e-37,0,0.0024747,0.0061368,0.40325,0.0082697
7.175,2.1064,0.005,0.07571,-0.0098716,-1.2822e-24,0,0.0025515,0.0058997,0.43248,0.008225
7.125,2.1564,0.005,0.082778,-0.0087128,-5.804e-38,0,0.0026306,0.0056159,0.46842,0.0081845
7.075,2.2065,0.005,0.090493,-0.007796,1.637e-24,0,0.0027135,0.00529,0.51295,0.0081481
7.025,2.2565,0.005,0.099029,-0.0071366,1.4664e-24,0,0.0028014,0.004929,0.56834,0.0081134
6.975,2.3066,0.005,0.10873,-0.0066763,-4.9636e-39,0,0.0028954,0.004393,0.63805,0.0081078
6.925,2.3566,0.005,0.12023,-0.0063617,-5.2027e-25,0,0.0029969,0.0037734,0.72616,0.0081305
6.875,2.4066,0.005,0.1339,-0.0061296,-7.935e-25,0,0.0030997,0.0033002,0.83097,0.008152
6.825,2.4567,0.005,0.14974,-0.0059815,0,0,0.00319,0.0029611,0.94537,0.0081728
6.775,2.5067,0.005,0.16759,-0.0058793,6.6576e-25,0,0.0032508,0.0027197,1.06,0.0081949
6.725,2.5568,0.005,0.18708,-0.0057664,1.768e-24,0,0.0032645,0.0025512,1.1654,0.0082178
6.675,2.6068,0.005,0.20762,-0.0055884,1.4034e-24,0,0.0032161,0.0024338,1.2541,0.0082386
6.625,2.6569,0.005,0.22855,-0.0053085,-7.9946e-25,0,0.0030969,0.0023236,1.3245,0.0082533
6.575,2.7069,0.005,0.24962,-0.0049249,-7.4875e-25,0,0.0028956,0.0020976,1.3805,0.0082556
6.525,2.7569,0.005,0.27072,-0.0044359,9.887e-25,0,0.0026037,0.0018236,1.4277,0.0082447
6.475,2.807,0.005,0.29129,-0.0038091,8.1288e-25,0,0.002212,0.0014952,1.4793,0.0082298
6.425,2.86,0.005,0.31114,-0.0030783,2.2185e-25,0,0.0017017,0.0010669,1.5951,0.0081915
6.375,2.916,0.005,0.32474,-0.0018632,1.9488e-38,0,0.0011927,0.00054444,2.1906,0.0081784
6.325,2.972,0.005,0.30884,-0.00089216,3.1557e-25,0,0.0016392,0.00025458,6.4389,0.0080954
8.975,0.36,0.005,0.078265,-0.26543,5.8701e-23,0,0.00081132,0.00023541,3.4464,0.0046219
8.925,0.408,0.005,0.053367,-0.26141,-4.6761e-23,0,0.00074024,0.00034468,1.545,0.011903
8.875,0.456,0.005,0.030573,-0.24699,-4.5166e-24,0,0.00085382,0.00042265,1.0753,0.017276
8.825,0.50502,0.005,0.016701,-0.23337,-2.6103e-23,0,0.0010143,0.00062187,0.9281,0.020054
8.775,0.55506,0.005,0.0063185,-0.22169,8.3469e-24,0,0.0011803,0.00083221,0.86542,0.020983
8.725,0.60511,0.005,-0.0016198,-0.21046,-8.9102e-24,0,0.0013401,0.0010444,0.82693,0.020943
8.675,0.65515,0.005,-0.0075562,-0.19914,-1.056e-23,0,0.0014784,0.0012561,0.7951,0.020358
8.625,0.70519,0.005,-0.011835,-0.18753,7.7507e-24,0,0.0015964,0.0014718,0.76338,0.019475
8.575,0.75523,0.005,-0.014717,-0.17565,-6.6803e-24,0,0.0016909,0.001696,0.72913,0.018452
8.525,0.80528,0.005,-0.016441,-0.16371,-5.7257e-24,0,0.0017592,0.0019347,0.69156,0.017389
8.475,0.85532,0.005,-0.017219,-0.15197,2.5954e-24,0,0.0018013,0.0021939,0.6513,0.016351
8.425,0.90536,0.005,-0.017234,-0.14065,2.6675e-24,0,0.0018195,0.002486,0.60965,0.015375
8.375,0.9554,0.005,-0.016639,-0.12999,-2.566e-24,0,0.0018178,0.0028413,0.56835,0.014483
8.325,1.0054,0.005,-0.015533,-0.12017,-9.8769e-33,0,0.0018021,0.0032743,0.52959,0.013678
8.275,1.0555,0.005,-0.013958,-0.11108,-1.9311e-24,0,0.0017779,0.0035967,0.49432,0.012945
8.225,1.1055,0.005,-0.011949,-0.10243,3.7462e-24,0,0.0017498,0.0037885,0.46188,0.012286
8.175,1.1556,0.005,-0.0095372,-0.094132,-2.1103e-24,0,0.0017217,0.0039861,0.43193,0.011709
8.125,1.2056,0.005,-0.0067869,-0.086256,-1.174e-24,0,0.0016971,0.0041924,0.4048,0.011209
8.075,1.2557,0.005,-0.0037604,-0.078845,-1.301e-24,0,0.0016789,0.0044079,0.38089,0.01078
8.025,1.3057,0.005,-0.00050613,-0.071914,-3.3179e-24,0,0.0016696,0.0046318,0.36046,0.010415
7.975,1.3557,0.005,0.002942,-0.065456,7.6898e-26,0,0.0016705,0.0048617,0.3436,0.010104
7.925,1.4058,0.005,0.0065626,-0.059448,2.6682e-24,0,0.0016821,0.0050941,0.33021,0.009841
7.875,1.4558,0.005,0.010342,-0.053864,-7.4991e-33,0,0.0017044,0.0053243,0.32012,0.009618
7.825,1.5059,0.005,0.014273,-0.048677,-2.0258e-24,0,0.0017367,0.0055468,0.31311,0.0094284
7.775,1.5559,0.005,0.018354,-0.043862,-1.2335e-37,0,0.0017782,0.0057559,0.30894,0.0092667
7.725,1.606,0.005,0.022584,-0.039397,-1.3605e-24,0,0.0018278,0.0059458,0.30742,0.0091278
7.675,1.656,0.005,0.026966,-0.035263,-1.7263e-24,0,0.0018843,0.0061114,0.30833,0.0090076
7.625,1.706,0.005,0.031505,-0.031445,-1.285e-24,0,0.0019466,0.0062478,0.31156,0.0089025
7.575,1.7561,0.005,0.036211,-0.027932,-1.6367e-24,0,0.0020136,0.0063494,0.31713,0.0088096
7.525,1.8061,0.005,0.041096,-0.024714,-8.6108e-25,0,0.0020842,0.0064114,0.32508,0.0087266
7.475,1.8562,0.005,0.046177,-0.021783,4.2943e-25,0,0.0021575,0.0064306,0.33551,0.0086515
7.425,1.9062,0.005,0.051478,-0.019133,7.1412e-25,0,0.0022327,0.0064044,0.34861,0.0085829
7.375,1.9563,0.005,0.057032,-0.016758,-6.8955e-25,0,0.0023092,0.0063308,0.36475,0.0085196
7.325,2.0063,0.005,0.06288,-0.014652,2.5173e-25,0,0.0023869,0.0062084,0.38446,0.0084609
7.275,2.0563,0.005,0.06908,-0.012811,-2.3796e-25,0,0.0024658,0.0060365,0.40848,0.0084062
7.225,2.1064,0.005,0.075708,-0.011232,-4.1439e-25,0,0.0025464,0.0058156,0.43786,0.0083555
7.175,2.1564,0.005,0.082864,-0.009911,-1.2577e-24,0,0.0026296,0.0055479,0.47399,0.0083089
7.125,2.2065,0.005,0.09068,-0.0088462,-1.4666e-24,0,0.0027165,0.0052375,0.51865,0.0082671
7.075,2.2565,0.005,0.099333,-0.0080475,-6.2091e-25,0,0.0028079,0.0048911,0.57409,0.0082264
7.025,2.3066,0.005,0.10911,-0.0074754,1.1703e-24,0,0.0029042,0.0044345,0.64318,0.0082079
6.975,2.3566,0.005,0.12062,-0.0070759,-5.9633e-25,0,0.0030059,0.0038116,0.7299,0.0082254
6.925,2.4066,0.005,0.13429,-0.0067552,-1.4572e-24,0,0.0031076,0.0033312,0.83298,0.0082445
6.875,2.4567,0.005,0.15011,-0.0065193,-7.3321e-25,0,0.0031951,0.0029885,0.94518,0.0082626
6.825,2.5067,0.005,0.1679,-0.0063354,8.4598e-25,0,0.0032516,0.0027453,1.0573,0.0082817
6.775,2.5568,0.005,0.18728,-0.0061462,6.9307e-25,0,0.0032603,0.0025752,1.1601,0.0083017
6.725,2.6068,0.005,0.20766,-0.0058919,5.4295e-25,0,0.0032072,0.0024544,1.2466,0.00832
6.675,2.6569,0.005,0.22842,-0.0055466,1.48e-24,0,0.003084,0.0023392,1.3154,0.0083288
6.625,2.7069,0.005,0.24934,-0.0051065,1.6023e-38,0,0.0028797,0.0021014,1.3703,0.0083256
6.575,2.7569,0.005,0.27029,-0.0045694,-2.3605e-25,0,0.002586,0.001825,1.417,0.0083089
6.525,2.807,0.005,0.29069,-0.0039023,4.0876e-25,0,0.0021946,0.0014943,1.4686,0.0082878
6.475,2.86,0.005,0.31034,-0.0031395,1.1167e-25,0,0.0016872,0.0010641,1.5856,0.0082422
6.425,2.916,0.005,0.32371,-0.001896,3.9126e-25,0,0.001184,0.0005422,2.1837,0.0082219
6.375,2.972,0.005,0.30766,-0.00089372,-4.648e-25,0,0.0016293,0.0002538,6.4194,0.0081352
8.975,0.408,0.005,0.05281,-0.26755,5.9235e-23,0,0.00083906,0.00020254,4.1426,0.0040588
8.925,0.456,0.005,0.034692,-0.26256,-4.3663e-23,0,0.00069381,0.00043844,1.5825,0.012681
8.875,0.50502,0.005,0.019413,-0.24874,9.2205e-26,0,0.00081345,0.00056096,1.0558,0.017392
8.825,0.55506,0.005,0.0099575,-0.2367,4.5175e-24,0,0.0009853,0.00074745,0.91183,0.019433
8.775,0.60511,0.005,0.0023141,-0.22554,1.5479e-24,0,0.0011609,0.00094594,0.85343,0.020105
8.725,0.65515,0.005,-0.0037456,-0.21432,-4.0628e-24,0,0.001325,0.0011452,0.81796,0.019983
8.675,0.70519,0.005,-0.0083479,-0.20277,-1.5215e-23,0,0.0014683,0.0013457,0.78787,0.01941
8.625,0.75523,0.005,-0.011641,-0.19079,1.6496e-24,0,0.0015902,0.0015484,0.75732,0.018587
8.575,0.80528,0.005,-0.013784,-0.1785,-2.2608e-32,0,0.001687,0.0017595,0.7238,0.01765
8.525,0.85532,0.005,-0.014954,-0.16615,-4.5258e-24,0,0.0017566,0.0019868,0.68671,0.016684
8.475,0.90536,0.005,-0.015313,-0.15405,1.5351e-24,0,0.0017992,0.0022369,0.64687,0.015742
8.425,0.9554,0.005,-0.015011,-0.14242,7.3333e-25,0,0.0018176,0.0025227,0.60575,0.01486
8.375,1.0054,0.005,-0.014171,-0.13147,2.6414e-24,0,0.0018166,0.0028746,0.56518,0.014054
8.325,1.0555,0.005,-0.012863,-0.12139,-2.3968e-24,0,0.0018022,0.0033009,0.52729,0.013325
8.275,1.1055,0.005,-0.011115,-0.11204,-2.3201e-24,0,0.0017799,0.0036112,0.49287,0.012662
8.225,1.1556,0.005,-0.008952,-0.10313,2.227e-24,0,0.0017541,0.0038035,0.46119,0.012068
8.175,1.2056,0.005,-0.0064064,-0.094608,2.0942e-24,0,0.0017289,0.0040016,0.43205,0.011549
8.125,1.2557,0.005,-0.0035424,-0.086549,-3.906e-24,0,0.0017076,0.0042076,0.40584,0.0111
8.075,1.3057,0.005,-0.00041823,-0.078993,2.6778e-25,0,0.0016934,0.0044215,0.38299,0.010714
8.025,1.3557,0.005,0.0029243,-0.071945,-1.2056e-33,0,0.0016883,0.004642,0.36371,0.010386
7.975,1.4058,0.005,0.0064576,-0.065391,5.4522e-38,0,0.0016936,0.0048667,0.348,0.010107
7.925,1.4558,0.005,0.010165,-0.059304,4.5639e-25,0,0.0017096,0.0050916,0.33576,0.0098696
7.875,1.5059,0.005,0.014039,-0.053656,9.6232e-25,0,0.001736,0.0053117,0.32682,0.0096676
7.825,1.5559,0.005,0.018074,-0.048417,1.2658e-37,0,0.0017722,0.0055215,0.32097,0.0094948
7.775,1.606,0.005,0.02227,-0.043563,-6.727e-25,0,0.0018174,0.0057152,0.31799,0.0093461
7.725,1.656,0.005,0.02663,-0.03907,1.6089e-24,0,0.0018703,0.0058873,0.31768,0.009217
7.675,1.706,0.005,0.03116,-0.03492,2.9171e-24,0,0.0019298,0.006033,0.31988,0.0091038
7.625,1.7561,0.005,0.035866,-0.031098,4.9107e-25,0,0.0019951,0.0061468,0.32458,0.0090033
7.575,1.8061,0.005,0.040764,-0.027591,-1.76e-24,0,0.0020651,0.0062229,0.33185,0.0089131
7.525,1.8562,0.005,0.045868,-0.024391,-1.9657e-32,0,0.0021386,0.0062571,0.34178,0.0088312
7.475,1.9062,0.005,0.051204,-0.021489,1.2978e-24,0,0.0022148,0.0062467,0.35456,0.008756
7.425,1.9563,0.005,0.056802,-0.018878,3.009e-25,0,0.0022933,0.0061895,0.37051,0.0086862
7.375,2.0063,0.005,0.062705,-0.016553,8.9655e-38,0,0.0023736,0.0060838,0.39015,0.0086212
7.325,2.0563,0.005,0.068972,-0.014508,-2.6919e-25,0,0.0024557,0.0059288,0.4142,0.0085603
7.275,2.1064,0.005,0.075676,-0.012739,2.562e-25,0,0.00254,0.0057249,0.44366,0.0085034
7.225,2.1564,0.005,0.082921,-0.011242,1.1972e-24,0,0.002627,0.0054741,0.4799,0.0084505
7.175,2.2065,0.005,0.090838,-0.010014,9.6693e-25,0,0.0027176,0.0051801,0.52463,0.0084024
7.125,2.2565,0.005,0.099601,-0.009062,-1.207e-24,0,0.0028126,0.0048493,0.58,0.0083577
7.075,2.3066,0.005,0.10947,-0.0083689,-6.768e-25,0,0.0029116,0.0044794,0.64849,0.008325
7.025,2.3566,0.005,0.12099,-0.0078618,5.8014e-25,0,0.0030135,0.0038528,0.73369,0.0083348
6.975,2.4066,0.005,0.13465,-0.0074476,-7.0313e-25,0,0.003114,0.0033644,0.83493,0.0083511
6.925,2.4567,0.005,0.15045,-0.0071156,7.0583e-25,0,0.0031987,0.0030173,0.94489,0.0083663
6.875,2.5067,0.005,0.16818,-0.0068406,6.8856e-25,0,0.0032512,0.0027721,1.0544,0.0083822
6.825,2.5568,0.005,0.18744,-0.0065668,8.521e-25,0,0.0032551,0.0026003,1.1547,0.0083988
6.775,2.6068,0.005,0.20767,-0.0062294,6.6467e-25,0,0.0031975,0.0024757,1.2391,0.0084142
6.725,2.6569,0.005,0.22826,-0.0058142,5.7596e-26,0,0.0030706,0.0023506,1.3063,0.0084167
6.675,2.7069,0.005,0.24903,-0.0053095,0,0,0.0028634,0.002105,1.3603,0.0084068
6.625,2.7569,0.005,0.26983,-0.0047197,-9.8324e-25,0,0.0025683,0.0018261,1.4064,0.0083843
6.575,2.807,0.005,0.29006,-0.0040083,-1.1002e-24,0,0.0021772,0.0014932,1.4581,0.0083563
6.525,2.86,0.005,0.30952,-0.0032069,-1.4197e-26,0,0.0016727,0.0010612,1.5762,0.0083035
6.475,2.916,0.005,0.32265,-0.0019342,-1.4575e-26,0,0.0011754,0.00053991,2.177,0.0082728
6.425,2.972,0.005,0.30646,-0.0008972,6.0925e-25,0,0.0016193,0.00025303,6.3998,0.0081819
8.975,0.456,0.005,0.028852,-0.26494,-4.3141e-23,0,0.00090659,0.00018471,4.9081,0.0052742
8.925,0.50502,0.005,0.019212,-0.25909,3.9047e-23,0,0.00066765,0.00041155,1.6223,0.014431
8.875,0.55506,0.005,0.01186,-0.24936,-2.223e-24,0,0.0007879,0.00074996,1.0506,0.017544
8.825,0.60511,0.005,0.0050729,-0.23907,7.089e-24,0,0.00096844,0.00089048,0.90388,0.018956
8.775,0.65515,0.005,-0.00061577,-0.22857,1.7238e-23,0,0.0011496,0.0010634,0.8467,0.019363
8.725,0.70519,0.005,-0.0052344,-0.21747,8.6504e-24,0,0.0013156,0.0012444,0.81238,0.019162
8.675,0.75523,0.005,-0.0087453,-0.20577,5.3189e-24,0,0.0014622,0.00143,0.7829,0.018593
8.625,0.80528,0.005,-0.01122,-0.19351,-6.2869e-24,0,0.0015865,0.0016175,0.75279,0.017822
8.575,0.85532,0.005,-0.012736,-0.18088,-5.2913e-37,0,0.0016847,0.001815,0.71956,0.016959
8.525,0.90536,0.005,-0.013422,-0.1682,1.7189e-37,0,0.0017547,0.0020317,0.68269,0.016077
8.475,0.9554,0.005,-0.01341,-0.15578,2.5336e-24,0,0.0017973,0.0022742,0.64318,0.015223
8.425,1.0054,0.005,-0.012817,-0.14388,-2.0296e-25,0,0.001816,0.002555,0.60259,0.014425
8.375,1.0555,0.005,-0.011744,-0.1327,-1.5699e-37,0,0.0018157,0.0029038,0.56279,0.013697
8.325,1.1055,0.005,-0.010239,-0.12239,-7.5945e-25,0,0.0018028,0.0033222,0.52582,0.013038
8.275,1.1556,0.005,-0.008318,-0.11279,-1.6419e-37,0,0.0017824,0.0036209,0.49226,0.01244
8.225,1.2056,0.005,-0.0059985,-0.10364,1.3894e-24,0,0.0017592,0.003813,0.46137,0.011905
8.175,1.2557,0.005,-0.0033136,-0.09492,2.1009e-24,0,0.001737,0.0040108,0.43308,0.011438
8.125,1.3057,0.005,-0.00032946,-0.086703,-2.6064e-25,0,0.0017194,0.0042153,0.40789,0.011034
8.075,1.3557,0.005,0.0029012,-0.079021,3.8373e-26,0,0.0017093,0.0044264,0.38617,0.010689
8.025,1.4058,0.005,0.0063431,-0.071873,-3.2124e-24,0,0.0017087,0.0046425,0.36806,0.010393
7.975,1.4558,0.005,0.0099763,-0.065236,3.0905e-24,0,0.0017185,0.0048607,0.35355,0.010142
7.925,1.5059,0.005,0.013789,-0.059082,3.6132e-24,0,0.0017389,0.0050767,0.34253,0.009927
7.875,1.5559,0.005,0.017777,-0.05338,1.3286e-24,0,0.0017696,0.0052853,0.33481,0.009743
7.825,1.606,0.005,0.021938,-0.0481,-2.9827e-24,0,0.0018098,0.0054809,0.3302,0.0095843
7.775,1.656,0.005,0.026274,-0.043216,-9.2565e-38,0,0.0018587,0.005658,0.32851,0.0094462
7.725,1.706,0.005,0.030791,-0.038705,2.2067e-24,0,0.0019151,0.0058113,0.32955,0.0093248
7.675,1.7561,0.005,0.035497,-0.034548,3.7737e-24,0,0.0019782,0.005936,0.33325,0.0092167
7.625,1.8061,0.005,0.040404,-0.03073,3.1175e-24,0,0.0020468,0.0060255,0.33969,0.0091193
7.575,1.8562,0.005,0.045531,-0.02724,1.9038e-24,0,0.0021201,0.0060747,0.349,0.0090304
7.525,1.9062,0.005,0.0509,-0.024067,-9.1682e-25,0,0.002197,0.0060803,0.36133,0.0089484
7.475,1.9563,0.005,0.056542,-0.021204,-1.1032e-24,0,0.0022769,0.0060397,0.37699,0.0088721
7.425,2.0063,0.005,0.062501,-0.018644,7.7444e-25,0,0.0023594,0.0059511,0.39647,0.0088005
7.375,2.0563,0.005,0.068834,-0.016379,2.5335e-24,0,0.0024444,0.0058137,0.42046,0.0087333
7.325,2.1064,0.005,0.075615,-0.014406,5.416e-25,0,0.002532,0.0056275,0.44993,0.0086701
7.275,2.1564,0.005,0.082947,-0.012719,8.2028e-25,0,0.0026226,0.0053942,0.48619,0.0086109
7.225,2.2065,0.005,0.090962,-0.011314,5.5263e-25,0,0.0027169,0.0051175,0.53091,0.0085563
7.175,2.2565,0.005,0.099836,-0.010193,8.1156e-25,0,0.0028153,0.0048033,0.58611,0.0085059
7.125,2.3066,0.005,0.10981,-0.0093635,-1.409e-25,0,0.0029169,0.0044601,0.654,0.008461
7.075,2.3566,0.005,0.12134,-0.0087287,-8.2063e-25,0,0.0030195,0.0038976,0.73757,0.0084582
7.025,2.4066,0.005,0.13499,-0.0082131,7.9555e-25,0,0.0031188,0.0034009,0.83684,0.0084735
6.975,2.4567,0.005,0.15076,-0.0077765,8.0291e-25,0,0.0032009,0.0030479,0.94449,0.0084855
6.925,2.5067,0.005,0.16841,-0.0074005,1.6449e-24,0,0.0032494,0.0028003,1.0514,0.0084979
6.875,2.5568,0.005,0.18755,-0.0070325,7.0784e-26,0,0.0032488,0.0026266,1.1491,0.0085106
6.825,2.6068,0.005,0.20762,-0.0066048,1.3719e-26,0,0.003187,0.0024977,1.2314,0.0085222
6.775,2.6569,0.005,0.22806,-0.0061123,7.3529e-26,0,0.0030564,0.0023561,1.2972,0.0085184
6.725,2.7069,0.005,0.24868,-0.0055367,6.9257e-38,0,0.0028467,0.0021082,1.3503,0.0085005
6.675,2.7569,0.005,0.26933,-0.0048894,1.7115e-24,0,0.0025503,0.001827,1.3959,0.008472
6.625,2.807,0.005,0.2894,-0.0041286,-4.1568e-25,0,0.0021597,0.0014918,1.4477,0.0084366
6.575,2.86,0.005,0.30866,-0.0032828,5.6011e-25,0,0.0016583,0.0010581,1.5671,0.0083763
6.525,2.916,0.005,0.32158,-0.0019781,-2.4617e-27,0,0.0011668,0.00053756,2.1706,0.0083347
6.475,2.972,0.005,0.30525,-0.00090397,1.0574e-24,0,0.0016094,0.00025225,6.3801,0.008237
8.975,0.50502,0.005,0.0054305,-0.25703,-3.9093e-23,0,0.00099805,0.00017736,5.6272,0.010942
8.925,0.55506,0.005,0.011239,-0.25589,1.1303e-36,0,0.00065185,0.00039553,1.648,0.015602
8.875,0.60511,0.005,0.0066048,-0.24988,-9.723e-24,0,0.00077337,0.00073544,1.0516,0.017669
8.825,0.65515,0.005,0.0016949,-0.24102,4.5664e-37,0,0.00095911,0.0010402,0.90093,0.018551
8.775,0.70519,0.005,-0.0026636,-0.23105,3.7884e-24,0,0.0011428,0.0011767,0.84354,0.018731
8.725,0.75523,0.005,-0.0061813,-0.22008,1.5425e-24,0,0.0013107,0.0013377,0.8091,0.018454
8.675,0.80528,0.005,-0.0088074,-0.20827,1.4731e-23,0,0.0014592,0.0015068,0.77957,0.01789
8.625,0.85532,0.005,-0.0106,-0.19578,2.3892e-37,0,0.0015846,0.0016784,0.74942,0.017164
8.575,0.90536,0.005,-0.01158,-0.18286,-8.0172e-24,0,0.0016832,0.0018629,0.71617,0.016368
8.525,0.9554,0.005,-0.011844,-0.16989,-1.0807e-24,0,0.0017532,0.0020702,0.67937,0.015563
8.475,1.0054,0.005,-0.011497,-0.15722,2.5386e-24,0,0.0017957,0.0023066,0.64014,0.014788
8.425,1.0555,0.005,-0.010637,-0.14509,-2.2464e-24,0,0.0018146,0.0025839,0.60012,0.014066
8.375,1.1055,0.005,-0.0093407,-0.1337,7.7984e-25,0,0.0018151,0.0029297,0.56116,0.013409
8.325,1.1556,0.005,-0.0076439,-0.12318,-1.7411e-37,0,0.0018038,0.00334,0.52515,0.012815
8.275,1.2056,0.005,-0.005548,-0.11335,-2.3243e-24,0,0.0017856,0.0036257,0.49247,0.012276
8.225,1.2557,0.005,-0.003067,-0.10398,2.2451e-24,0,0.001765,0.003817,0.46241,0.011794
8.175,1.3057,0.005,-0.0002375,-0.095084,1.8852e-24,0,0.0017461,0.0040133,0.43506,0.011375
8.125,1.3557,0.005,0.0028727,-0.086729,9.7036e-27,0,0.0017324,0.0042153,0.41097,0.011012
8.075,1.4058,0.005,0.0062191,-0.078941,-1.4804e-24,0,0.0017267,0.0044226,0.39044,0.010701
8.025,1.4558,0.005,0.0097749,-0.071707,3.4169e-24,0,0.0017308,0.0046331,0.37357,0.010435
7.975,1.5059,0.005,0.013525,-0.065,-3.1766e-24,0,0.0017452,0.0048434,0.36033,0.010208
7.925,1.5559,0.005,0.017463,-0.058791,1.4815e-24,0,0.0017702,0.0050491,0.35059,0.010012
7.875,1.606,0.005,0.021587,-0.053045,1.3875e-24,0,0.0018052,0.0052448,0.3442,0.0098436
7.825,1.656,0.005,0.025897,-0.047733,-1.9198e-24,0,0.0018497,0.005425,0.34096,0.0096964
7.775,1.706,0.005,0.0304,-0.042829,-1.2342e-24,0,0.0019026,0.0055844,0.34069,0.0095667
7.725,1.7561,0.005,0.035103,-0.038309,6.4536e-25,0,0.0019628,0.005718,0.34327,0.009451
7.675,1.8061,0.005,0.040019,-0.034156,2.2385e-24,0,0.0020297,0.00582,0.34874,0.0093463
7.625,1.8562,0.005,0.045166,-0.030353,6.4367e-25,0,0.0021021,0.0058839,0.35727,0.0092505
7.575,1.9062,0.005,0.050567,-0.026889,-1.6726e-24,0,0.0021792,0.0059054,0.36902,0.0091617
7.525,1.9563,0.005,0.056253,-0.023754,-2.6364e-24,0,0.0022602,0.0058816,0.38428,0.0090786
7.475,2.0063,0.005,0.062267,-0.02094,9.7689e-25,0,0.0023445,0.0058105,0.40349,0.0090005
7.425,2.0563,0.005,0.068666,-0.01844,2.1942e-24,0,0.0024319,0.0056911,0.42733,0.0089267
7.375,2.1064,0.005,0.075524,-0.016247,1.5589e-24,0,0.0025225,0.0055231,0.45672,0.008857
7.325,2.1564,0.005,0.082942,-0.014356,3.0881e-25,0,0.0026165,0.0053082,0.49292,0.0087916
7.275,2.2065,0.005,0.091053,-0.01276,-2.9352e-25,0,0.0027143,0.0050496,0.53752,0.0087306
7.225,2.2565,0.005,0.10003,-0.011456,-6.3538e-25,0,0.0028159,0.0047529,0.59245,0.0086741
7.175,2.3066,0.005,0.11011,-0.01046,1.7742e-39,0,0.0029202,0.0044263,0.65973,0.0086192
7.125,2.3566,0.005,0.12168,-0.0096876,7.2544e-27,0,0.0030238,0.0039458,0.74165,0.0085997
7.075,2.4066,0.005,0.1353,-0.0090622,-1.9793e-24,0,0.0031218,0.0034409,0.8387,0.0086128
7.025,2.4567,0.005,0.15103,-0.0085087,-9.088e-25,0,0.0032014,0.003081,0.94398,0.008622
6.975,2.5067,0.005,0.16861,-0.008021,-8.9169e-25,0,0.0032462,0.0028302,1.0483,0.0086305
6.925,2.5568,0.005,0.18763,-0.0075482,8.542e-25,0,0.0032413,0.0026542,1.1435,0.0086389
6.875,2.6068,0.005,0.20753,-0.0070221,-1.5912e-24,0,0.0031755,0.0025203,1.2238,0.0086456
6.825,2.6569,0.005,0.22782,-0.0064428,-3.5263e-24,0,0.0030415,0.002361,1.2882,0.0086353
6.775,2.7069,0.005,0.2483,-0.0057914,-1.0286e-24,0,0.0028296,0.002111,1.3404,0.0086089
6.725,2.7569,0.005,0.2688,-0.0050814,4.1339e-25,0,0.0025322,0.0018275,1.3856,0.0085734
6.675,2.807,0.005,0.28871,-0.0042653,8.6095e-25,0,0.0021422,0.0014902,1.4375,0.0085299
6.625,2.86,0.005,0.30779,-0.0033696,1.975e-25,0,0.0016439,0.0010549,1.5582,0.0084614
6.575,2.916,0.005,0.32049,-0.0020285,-6.3421e-25,0,0.0011583,0.00053514,2.1645,0.0084093
6.525,2.972,0.005,0.304,-0.00091423,-6.297e-25,0,0.0015994,0.00025147,6.3602,0.0083026
8.975,0.55506,0.005,0.0048668,-0.244,-1.5014e-23,0,0.0010001,0.00017755,5.6331,0.013768
8.925,0.60511,0.005,0.0061387,-0.25423,-5.3408e-24,0,0.00065022,0.0003876,1.6776,0.016422
8.875,0.65515,0.005,0.003082,-0.25047,-6.9585e-24,0,0.00076823,0.00072796,1.0553,0.017673
8.825,0.70519,0.005,-0.00064577,-0.24278,-5.5217e-24,0,0.00095462,0.0010598,0.90074,0.018182
8.775,0.75523,0.005,-0.003992,-0.23317,6.537e-38,0,0.0011397,0.0012802,0.84252,0.018187
8.725,0.80528,0.005,-0.0066764,-0.22227,-4.1898e-24,0,0.001309,0.0014219,0.80741,0.017842
8.675,0.85532,0.005,-0.0085908,-0.21036,5.6367e-25,0,0.0014582,0.0015748,0.77743,0.017287
8.625,0.90536,0.005,-0.0098069,-0.19767,-1.4824e-24,0,0.0015839,0.0017311,0.74693,0.016603
8.575,0.9554,0.005,-0.010326,-0.1845,0,0,0.0016824,0.0019038,0.71346,0.015868
8.525,1.0054,0.005,-0.010217,-0.17129,0,0,0.0017519,0.0021033,0.67666,0.015133
8.475,1.0555,0.005,-0.0095679,-0.15839,2.2745e-24,0,0.0017941,0.0023351,0.63772,0.014431
8.425,1.1055,0.005,-0.0084569,-0.14606,3.5012e-24,0,0.0018131,0.0026102,0.59832,0.013779
8.375,1.1556,0.005,-0.0069468,-0.13448,-2.497e-24,0,0.0018147,0.0029537,0.56026,0.013188
8.325,1.2056,0.005,-0.00506,-0.12377,-2.41e-24,0,0.0018051,0.0033562,0.52526,0.012654
8.275,1.2557,0.005,-0.0027851,-0.11373,-2.3618e-24,0,0.0017891,0.0036254,0.4935,0.012168
8.225,1.3057,0.005,-0.00013752,-0.10416,2.0682e-24,0,0.0017714,0.0038152,0.46432,0.011735
8.175,1.3557,0.005,0.0028413,-0.095113,2.1516e-24,0,0.0017561,0.0040091,0.43803,0.011357
8.125,1.4058,0.005,0.006086,-0.086643,2.014e-24,0,0.0017467,0.0042078,0.41512,0.011031
8.075,1.4558,0.005,0.0095611,-0.078764,-1.4912e-24,0,0.0017457,0.0044101,0.39585,0.010751
8.025,1.5059,0.005,0.013247,-0.071457,-2.2715e-24,0,0.0017546,0.0046137,0.3803,0.010511
7.975,1.5559,0.005,0.017133,-0.064693,-1.6475e-24,0,0.0017739,0.0048149,0.36842,0.010304
7.925,1.606,0.005,0.021217,-0.058438,1.7677e-24,0,0.0018036,0.0050089,0.36008,0.010125
7.875,1.656,0.005,0.0255,-0.052659,7.0479e-25,0,0.0018433,0.0051904,0.35513,0.0099688
7.825,1.706,0.005,0.029987,-0.047326,-6.5562e-25,0,0.0018922,0.005354,0.35341,0.0098308
7.775,1.7561,0.005,0.034686,-0.042411,-1.3169e-24,0,0.0019493,0.0054948,0.35475,0.0097075
7.725,1.8061,0.005,0.039609,-0.037893,-3.9981e-24,0,0.0020138,0.0056075,0.35912,0.0095956
7.675,1.8562,0.005,0.044775,-0.033752,-3.8894e-24,0,0.0020849,0.0056853,0.36672,0.0094928
7.625,1.9062,0.005,0.050206,-0.029974,-7.2811e-25,0,0.0021616,0.0057224,0.37775,0.0093972
7.575,1.9563,0.005,0.055935,-0.026546,4.1205e-25,0,0.0022431,0.0057155,0.39247,0.0093074
7.525,2.0063,0.005,0.062003,-0.02346,2.1344e-24,0,0.0023288,0.0056622,0.4113,0.0092226
7.475,2.0563,0.005,0.068467,-0.020706,7.0594e-25,0,0.0024184,0.0055611,0.43488,0.0091421
7.425,2.1064,0.005,0.075401,-0.018277,-1.409e-24,0,0.0025116,0.0054119,0.46409,0.0090659
7.375,2.1564,0.005,0.082905,-0.016166,1.7442e-37,0,0.0026086,0.005216,0.50012,0.008994
7.325,2.2065,0.005,0.091111,-0.014365,-7.188e-25,0,0.0027095,0.0049761,0.5445,0.0089267
7.275,2.2565,0.005,0.10019,-0.012867,-1.0465e-24,0,0.0028141,0.0046977,0.59904,0.0088644
7.225,2.3066,0.005,0.11038,-0.011679,-1.8727e-37,0,0.0029211,0.0043884,0.66564,0.0088034
7.175,2.3566,0.005,0.122,-0.010751,-9.2738e-25,0,0.0030261,0.003999,0.74592,0.0087652
7.125,2.4066,0.005,0.13557,-0.010003,-2.0584e-24,0,0.003123,0.0034851,0.84054,0.0087713
7.075,2.4567,0.005,0.15126,-0.0093216,-1.0238e-24,0,0.0032002,0.0031169,0.94335,0.0087776
7.025,2.5067,0.005,0.16876,-0.0087088,1.0089e-24,0,0.0032414,0.0028621,1.0451,0.0087821
6.975,2.5568,0.005,0.18765,-0.0081191,9.7311e-25,0,0.0032325,0.0026831,1.1378,0.0087857
6.925,2.6068,0.005,0.20739,-0.0074856,1.7679e-24,0,0.0031631,0.0025435,1.216,0.0087866
6.875,2.6569,0.005,0.22753,-0.0068106,-8.5772e-25,0,0.0030258,0.0023654,1.2792,0.0087691
6.825,2.7069,0.005,0.24787,-0.0060769,-5.6654e-25,0,0.002812,0.0021134,1.3306,0.0087341
6.775,2.7569,0.005,0.26823,-0.0052984,4.6092e-25,0,0.0025137,0.0018277,1.3753,0.0086904
6.725,2.807,0.005,0.28798,-0.0044205,4.1033e-25,0,0.0021245,0.0014884,1.4275,0.0086377
6.675,2.86,0.005,0.30687,-0.0034689,-5.7396e-25,0,0.0016295,0.0010515,1.5496,0.0085601
6.625,2.916,0.005,0.31936,-0.002086,-7.707e-25,0,0.0011499,0.00053266,2.1588,0.0084971
6.575,2.972,0.005,0.30273,-0.00092772,-6.8151e-25,0,0.0015893,0.00025067,6.3402,0.0083802
8.975,0.60511,0.005,0.0021429,-0.23726,2.7521e-23,0,0.0010049,0.00017797,5.6465,0.015305
8.925,0.65515,0.005,0.0030457,-0.25314,-6.6135e-24,0,0.00065407,0.00038468,1.7003,0.01684
8.875,0.70519,0.005,0.00071109,-0.25126,-3.7803e-24,0,0.00076929,0.00072518,1.0608,0.017587
8.825,0.75523,0.005,-0.0022189,-0.24442,2.8396e-24,0,0.00095347,0.0010563,0.90261,0.017838
8.775,0.80528,0.005,-0.0047613,-0.23502,1.2108e-24,0,0.0011392,0.0013516,0.84282,0.01771
8.725,0.85532,0.005,-0.0068038,-0.22412,2.3819e-26,0,0.0013097,0.0014946,0.80686,0.017317
8.675,0.90536,0.005,-0.0081404,-0.21211,-2.4431e-24,0,0.0014587,0.0016329,0.77621,0.016773
8.625,0.9554,0.005,-0.0088655,-0.19923,-4.8149e-24,0,0.001584,0.001776,0.74514,0.01613
8.575,1.0054,0.005,-0.0089833,-0.18585,2.7025e-24,0,0.0016818,0.0019384,0.71133,0.015453
8.525,1.0555,0.005,-0.0085412,-0.17241,-5.3802e-37,0,0.0017505,0.0021319,0.67448,0.014784
8.475,1.1055,0.005,-0.0076133,-0.15932,-1.7508e-24,0,0.0017923,0.0023608,0.63588,0.014148
8.425,1.1556,0.005,-0.0062659,-0.14681,1.0637e-36,0,0.0018117,0.002635,0.59718,0.013561
8.375,1.2056,0.005,-0.0045471,-0.13507,3.3778e-24,0,0.0018144,0.0029767,0.5601,0.01303
8.325,1.2557,0.005,-0.0024699,-0.12419,-2.456e-24,0,0.0018067,0.0033723,0.52616,0.012551
8.275,1.3057,0.005,-1.2102e-05,-0.11395,-2.4219e-24,0,0.0017932,0.0036201,0.49535,0.012114
8.225,1.3557,0.005,0.002811,-0.1042,-7.4059e-26,0,0.0017786,0.0038075,0.46714,0.011723
8.175,1.4058,0.005,0.0059451,-0.095022,2.1906e-24,0,0.0017673,0.0039984,0.442,0.011384
8.125,1.4558,0.005,0.0093351,-0.086455,-3.665e-24,0,0.0017625,0.0041927,0.42037,0.01109
8.075,1.5059,0.005,0.012953,-0.078501,-1.189e-24,0,0.0017664,0.0043889,0.40248,0.010837
8.025,1.5559,0.005,0.016787,-0.071134,7.7003e-38,0,0.0017804,0.0045844,0.38835,0.010619
7.975,1.606,0.005,0.02083,-0.064324,-4.2087e-24,0,0.0018047,0.004775,0.37795,0.01043
7.925,1.656,0.005,0.025084,-0.058034,-8.0714e-25,0,0.0018394,0.0049561,0.37114,0.010265
7.875,1.706,0.005,0.029553,-0.052232,1.5486e-24,0,0.0018839,0.0051222,0.3678,0.010119
7.825,1.7561,0.005,0.034246,-0.046886,-6.3147e-25,0,0.0019375,0.0052683,0.36777,0.0099875
7.775,1.8061,0.005,0.039175,-0.041971,-1.4134e-24,0,0.0019992,0.0053896,0.37094,0.0098685
7.725,1.8562,0.005,0.044357,-0.037464,-3.3596e-32,0,0.0020685,0.0054799,0.37747,0.0097588
7.675,1.9062,0.005,0.049817,-0.033346,1.3126e-24,0,0.0021443,0.0055321,0.38762,0.0096565
7.625,1.9563,0.005,0.055587,-0.029603,4.5289e-25,0,0.0022259,0.0055419,0.40165,0.0095601
7.575,2.0063,0.005,0.061708,-0.026223,-4.3083e-25,0,0.0023126,0.0055064,0.41998,0.0094686
7.525,2.0563,0.005,0.068237,-0.023195,-4.1274e-25,0,0.0024037,0.0054239,0.44317,0.0093814
7.475,2.1064,0.005,0.075247,-0.020511,-1.6042e-24,0,0.0024992,0.005294,0.47209,0.0092985
7.425,2.1564,0.005,0.082836,-0.018164,-2.3722e-24,0,0.0025989,0.0051175,0.50785,0.00922
7.375,2.2065,0.005,0.091135,-0.016143,7.2578e-25,0,0.0027026,0.004897,0.55189,0.0091462
7.325,2.2565,0.005,0.10031,-0.014438,-1.5244e-24,0,0.00281,0.0046376,0.60591,0.0090778
7.275,2.3066,0.005,0.11059,-0.013043,3.4561e-25,0,0.0029193,0.0043465,0.67164,0.0090131
7.225,2.3566,0.005,0.12228,-0.011942,-1.1557e-24,0,0.003026,0.0040329,0.75034,0.0089572
7.175,2.4066,0.005,0.13582,-0.011039,-3.4037e-24,0,0.0031221,0.0035331,0.84237,0.0089509
7.125,2.4567,0.005,0.15144,-0.010223,-1.1538e-24,0,0.003197,0.003156,0.9426,0.0089542
7.075,2.5067,0.005,0.16886,-0.0094728,2.2568e-24,0,0.0032349,0.0028965,1.0417,0.0089548
7.025,2.5568,0.005,0.18762,-0.0087505,2.1561e-24,0,0.0032223,0.0027133,1.1319,0.0089531
6.975,2.6068,0.005,0.20719,-0.0079996,0,0,0.0031496,0.0025673,1.2083,0.0089469
6.925,2.6569,0.005,0.22719,-0.0072206,1.1868e-24,0,0.0030094,0.0023692,1.2702,0.0089214
6.875,2.7069,0.005,0.2474,-0.0063968,1.2512e-24,0,0.0027938,0.0021151,1.3208,0.0088776
6.825,2.7569,0.005,0.26762,-0.0055423,1.8956e-24,0,0.0024949,0.0018275,1.3652,0.0088248
6.775,2.807,0.005,0.28721,-0.0045963,1.4857e-24,0,0.0021067,0.0014862,1.4176,0.0087618
6.725,2.86,0.005,0.30593,-0.0035825,9.0046e-25,0,0.001615,0.0010479,1.5412,0.008674
6.675,2.916,0.005,0.31821,-0.0021515,4.3435e-26,0,0.0011415,0.00053009,2.1534,0.0085992
6.625,2.972,0.005,0.30143,-0.00094431,8.6626e-25,0,0.0015792,0.00024988,6.3201,0.0084708
8.975,0.65515,0.005,0.001018,-0.23377,-4.5532e-24,0,0.0010094,0.00017837,5.659,0.016167
8.925,0.70519,0.005,0.0010863,-0.25284,1.0376e-24,0,0.00066076,0.00038478,1.7173,0.017031
8.875,0.75523,0.005,-0.00083318,-0.25222,2.1496e-37,0,0.00077479,0.00072615,1.067,0.017447
8.825,0.80528,0.005,-0.0031796,-0.24597,2.4053e-24,0,0.00095519,0.0010554,0.90507,0.017513
8.775,0.85532,0.005,-0.0051211,-0.23668,8.2859e-25,0,0.0011403,0.001351,0.84405,0.01729
8.725,0.90536,0.005,-0.0066308,-0.22571,6.4754e-38,0,0.0013117,0.0015552,0.8072,0.016871
8.675,0.9554,0.005,-0.0074946,-0.21357,-1.5104e-24,0,0.0014601,0.0016816,0.77568,0.01634
8.625,1.0054,0.005,-0.0077981,-0.20051,2.5094e-24,0,0.0015845,0.0018137,0.74391,0.01574
8.575,1.0555,0.005,-0.0075598,-0.18692,-2.3146e-24,0,0.0016812,0.0019679,0.70969,0.015119
8.525,1.1055,0.005,-0.0068137,-0.1733,4.2507e-24,0,0.0017491,0.0021571,0.67282,0.014511
8.475,1.1556,0.005,-0.0056262,-0.16003,2.6577e-24,0,0.0017905,0.0023844,0.63461,0.013937
8.425,1.2056,0.005,-0.0040515,-0.14737,-8.2214e-25,0,0.0018103,0.0026591,0.5967,0.01341
8.375,1.2557,0.005,-0.0021279,-0.13549,0,0,0.0018143,0.003,0.56068,0.012935
8.325,1.3057,0.005,0.00014292,-0.12444,-2.6382e-24,0,0.0018086,0.0033919,0.52786,0.012505
8.275,1.3557,0.005,0.0027936,-0.11402,-2.4733e-24,0,0.0017977,0.0036097,0.49803,0.01211
8.225,1.4058,0.005,0.0057992,-0.10411,2.009e-24,0,0.0017867,0.0037943,0.4709,0.011759
8.175,1.4558,0.005,0.0090975,-0.094826,-1.0843e-32,0,0.0017798,0.0039812,0.44704,0.011453
8.125,1.5059,0.005,0.012646,-0.086179,2.1318e-24,0,0.0017799,0.0041701,0.42682,0.011188
8.075,1.5559,0.005,0.016424,-0.078162,7.954e-25,0,0.001789,0.0043591,0.41041,0.010959
8.025,1.606,0.005,0.020425,-0.070747,-1.7429e-32,0,0.0018082,0.0045451,0.39784,0.01076
7.975,1.656,0.005,0.024648,-0.0639,1.8161e-24,0,0.0018379,0.0047241,0.38905,0.010586
7.925,1.706,0.005,0.029099,-0.057586,3.6331e-24,0,0.0018779,0.004891,0.38395,0.010431
7.875,1.7561,0.005,0.033784,-0.051771,1.6523e-24,0,0.0019275,0.0050407,0.38239,0.010293
7.825,1.8061,0.005,0.038717,-0.046424,-1.5844e-24,0,0.0019861,0.0051685,0.38428,0.010167
7.775,1.8562,0.005,0.043915,-0.041518,1.5252e-24,0,0.002053,0.0052692,0.38962,0.01005
7.725,1.9062,0.005,0.049402,-0.037033,4.2768e-37,0,0.0021275,0.0053355,0.39874,0.0099413
7.675,1.9563,0.005,0.055211,-0.032948,-2.3684e-24,0,0.0022086,0.0053614,0.41194,0.0098383
7.625,2.0063,0.005,0.061384,-0.02925,-9.2503e-25,0,0.0022957,0.0053436,0.42961,0.0097402
7.575,2.0563,0.005,0.067976,-0.025927,-4.1084e-24,0,0.002388,0.0052799,0.45229,0.0096464
7.525,2.1064,0.005,0.07506,-0.022969,-3.174e-24,0,0.0024854,0.0051694,0.48078,0.0095567
7.475,2.1564,0.005,0.082734,-0.020365,3.1104e-38,0,0.0025873,0.0050128,0.51614,0.0094714
7.425,2.2065,0.005,0.091124,-0.018106,1.853e-24,0,0.0026935,0.0048123,0.55972,0.0093911
7.375,2.2565,0.005,0.1004,-0.01618,3.0281e-24,0,0.0028033,0.0045725,0.61307,0.0093164
7.325,2.3066,0.005,0.11077,-0.01457,-1.3347e-24,0,0.0029146,0.0043002,0.67779,0.0092473
7.275,2.3566,0.005,0.12252,-0.013268,-2.3646e-24,0,0.0030229,0.0040044,0.7549,0.0091804
7.225,2.4066,0.005,0.13603,-0.012179,-2.4437e-32,0,0.0031189,0.0035876,0.84423,0.0091531
7.175,2.4567,0.005,0.15158,-0.011221,1.2831e-24,0,0.0031917,0.0031988,0.94172,0.0091541
7.125,2.5067,0.005,0.1689,-0.010321,-1.2719e-24,0,0.0032266,0.0029335,1.0382,0.0091505
7.075,2.5568,0.005,0.18752,-0.0094501,-9.0145e-26,0,0.0032106,0.0027451,1.126,0.0091444
7.025,2.6068,0.005,0.20694,-0.0085691,2.1669e-24,0,0.003135,0.0025919,1.2005,0.0091284
6.975,2.6569,0.005,0.22679,-0.0076776,-8.3384e-25,0,0.002992,0.0023722,1.2613,0.0090942
6.925,2.7069,0.005,0.24689,-0.0067552,-6.9209e-25,0,0.0027749,0.0021163,1.3112,0.0090411
6.875,2.7569,0.005,0.26696,-0.0058161,-9.934e-25,0,0.0024757,0.0018268,1.3552,0.0089783
6.825,2.807,0.005,0.2864,-0.0047949,-9.4548e-25,0,0.0020887,0.0014836,1.4079,0.0089039
6.775,2.86,0.005,0.30494,-0.0037123,1.0635e-24,0,0.0016006,0.0010441,1.533,0.0088049
6.725,2.916,0.005,0.31702,-0.0022262,0,0,0.0011331,0.00052743,2.1484,0.0087171
6.675,2.972,0.005,0.30009,-0.00096409,-4.9776e-26,0,0.0015691,0.00024907,6.2997,0.0085757
8.975,0.70519,0.005,0.00024972,-0.2322,-1.9586e-24,0,0.0010134,0.00017872,5.6704,0.016619
8.925,0.75523,0.005,-0.00017611,-0.25305,-2.751e-24,0,0.00066918,0.00038684,1.7299,0.017075
8.875,0.80528,0.005,-0.0017743,-0.25334,-3.4233e-24,0,0.00078193,0.00072896,1.0727,0.017275
8.825,0.85532,0.005,-0.0036874,-0.24743,-2.2387e-24,0,0.0009588,0.0010561,0.90787,0.017203
8.775,0.90536,0.005,-0.0051639,-0.23816,2.7956e-38,0,0.0011431,0.0013512,0.84601,0.016924
8.725,0.9554,0.005,-0.0062193,-0.22707,3.3634e-24,0,0.0013144,0.0016038,0.80823,0.016494
8.675,1.0054,0.005,-0.006687,-0.21478,-3.8166e-24,0,0.0014621,0.0017217,0.7757,0.015983
8.625,1.0555,0.005,-0.0066208,-0.20154,4.0218e-24,0,0.0015851,0.0018454,0.74316,0.015428
8.575,1.1055,0.005,-0.0060592,-0.18777,-2.4344e-24,0,0.0016805,0.0019932,0.7085,0.01486
8.525,1.1556,0.005,-0.0050327,-0.17397,-2.6424e-24,0,0.0017473,0.0021796,0.67165,0.01431
8.475,1.2056,0.005,-0.0035999,-0.16055,-1.5339e-32,0,0.0017884,0.0024071,0.63392,0.013795
8.425,1.2557,0.005,-0.0018036,-0.14776,3.1065e-24,0,0.0018088,0.002684,0.59688,0.013324
8.375,1.3057,0.005,0.00032648,-0.13574,-3.4909e-26,0,0.0018143,0.0030252,0.56201,0.0129
8.325,1.3557,0.005,0.0028076,-0.12453,4.5626e-33,0,0.0018108,0.0034145,0.53032,0.012515
8.275,1.4058,0.005,0.005654,-0.11394,-1.7667e-37,0,0.0018029,0.0035946,0.50155,0.012156
8.225,1.4558,0.005,0.0088494,-0.10391,6.3612e-25,0,0.0017959,0.0037756,0.47567,0.011841
8.175,1.5059,0.005,0.012323,-0.094536,1.54e-24,0,0.0017937,0.0039576,0.45323,0.011565
8.125,1.5559,0.005,0.016044,-0.085824,1.6114e-38,0,0.001799,0.00414,0.43455,0.011325
8.075,1.606,0.005,0.020001,-0.077757,-9.9543e-25,0,0.0018137,0.0043207,0.41976,0.011116
8.025,1.656,0.005,0.024193,-0.070305,-1.0521e-24,0,0.0018385,0.0044962,0.4089,0.010933
7.975,1.706,0.005,0.028623,-0.063432,-3.8538e-24,0,0.0018738,0.0046623,0.4019,0.010771
7.925,1.7561,0.005,0.0333,-0.057104,1.1007e-24,0,0.0019193,0.004814,0.39869,0.010625
7.875,1.8061,0.005,0.038235,-0.051285,2.8756e-24,0,0.0019744,0.0049465,0.39916,0.010492
7.825,1.8562,0.005,0.043448,-0.045947,-1.0954e-24,0,0.0020385,0.0050552,0.40324,0.010369
7.775,1.9062,0.005,0.048961,-0.041061,-4.3899e-24,0,0.002111,0.0051338,0.4112,0.010253
7.725,1.9563,0.005,0.054807,-0.036607,-2.6748e-24,0,0.0021912,0.0051751,0.42341,0.010144
7.675,2.0063,0.005,0.061029,-0.032566,2.6227e-24,0,0.0022782,0.0051745,0.44027,0.010039
7.625,2.0563,0.005,0.067683,-0.028924,2.5815e-24,0,0.0023713,0.0051294,0.46229,0.009939
7.575,2.1064,0.005,0.07484,-0.025668,-2.5528e-24,0,0.00247,0.0050385,0.49022,0.0098426
7.525,2.1564,0.005,0.082596,-0.022788,-3.7534e-40,0,0.0025738,0.0049021,0.52504,0.0097506
7.475,2.2065,0.005,0.091076,-0.020271,2.0987e-24,0,0.0026821,0.004722,0.568,0.0096634
7.425,2.2565,0.005,0.10044,-0.018105,2.9702e-24,0,0.0027939,0.0045023,0.62054,0.0095821
7.375,2.3066,0.005,0.11089,-0.016269,3.6867e-24,0,0.0029069,0.0042494,0.68408,0.0095075
7.325,2.3566,0.005,0.1227,-0.014744,3.6978e-25,0,0.0030165,0.0039716,0.75951,0.009437
7.275,2.4066,0.005,0.1362,-0.013455,-2.5889e-24,0,0.0031131,0.0036508,0.84621,0.0093852
7.225,2.4567,0.005,0.15166,-0.012323,-1.4262e-24,0,0.0031841,0.0032463,0.94071,0.0093794
7.175,2.5067,0.005,0.16887,-0.011257,1.3497e-24,0,0.0032162,0.002973,1.0345,0.0093711
7.125,2.5568,0.005,0.18735,-0.010226,-1.3417e-25,0,0.0031973,0.0027782,1.1199,0.0093604
7.075,2.6068,0.005,0.20662,-0.0092075,1.0822e-24,0,0.0031191,0.0026154,1.1926,0.0093334
7.025,2.6569,0.005,0.22634,-0.008187,2.468e-24,0,0.0029737,0.0023745,1.2523,0.0092891
6.975,2.7069,0.005,0.24632,-0.0071566,1.1836e-24,0,0.0027552,0.0021169,1.3016,0.0092264
6.925,2.7569,0.005,0.26626,-0.0061232,6.3344e-25,0,0.002456,0.0018256,1.3453,0.0091529
6.875,2.807,0.005,0.28555,-0.005019,-1.128e-24,0,0.0020704,0.0014806,1.3984,0.0090662
6.825,2.86,0.005,0.30391,-0.00386,-1.4665e-24,0,0.001586,0.0010399,1.5252,0.0089546
6.775,2.916,0.005,0.31579,-0.0023111,5.8219e-38,0,0.0011247,0.00052465,2.1438,0.0088526
6.725,2.972,0.005,0.29871,-0.0009873,-1.6455e-37,0,0.0015588,0.00024825,6.279,0.0086964
8.975,0.75523,0.005,-0.00017521,-0.23185,-5.4224e-38,0,0.0010168,0.00017902,5.6797,0.016826
8.925,0.80528,0.005,-0.00099057,-0.25364,6.3673e-25,0,0.00067857,0.00038998,1.74,0.01703
8.875,0.85532,0.005,-0.0023031,-0.25449,-1.5569e-37,0,0.00079002,0.00073404,1.0763,0.01708
8.825,0.90536,0.005,-0.0038685,-0.24878,-2.4934e-38,0,0.00096392,0.0010581,0.911,0.016918
8.775,0.9554,0.005,-0.0049493,-0.23948,-3.284e-24,0,0.0011468,0.0013515,0.84858,0.016611
8.725,1.0054,0.005,-0.0056218,-0.22822,1.9267e-24,0,0.0013174,0.0016268,0.8098,0.016185
8.675,1.0555,0.005,-0.0057412,-0.21575,3.5204e-24,0,0.0014643,0.0017543,0.77618,0.015701
8.625,1.1055,0.005,-0.0053442,-0.20234,-3.6573e-24,0,0.0015856,0.0018718,0.74283,0.01519
8.575,1.1556,0.005,-0.0044854,-0.18839,2.5563e-24,0,0.0016795,0.0020151,0.70775,0.014675
8.525,1.2056,0.005,-0.0031974,-0.17444,2.0629e-24,0,0.0017453,0.002201,0.67097,0.014181
8.475,1.2557,0.005,-0.0015244,-0.16089,2.8212e-24,0,0.0017861,0.0024304,0.63381,0.01372
8.425,1.3057,0.005,0.00049593,-0.14797,4.9768e-26,0,0.0018072,0.002711,0.59775,0.0133
8.375,1.3557,0.005,0.0028366,-0.13584,7.0069e-33,0,0.0018144,0.0030539,0.56408,0.012924
8.325,1.4058,0.005,0.0055367,-0.12449,-2.6866e-24,0,0.0018133,0.0033982,0.53361,0.012577
8.275,1.4558,0.005,0.0085931,-0.11374,0,0,0.0018089,0.0035748,0.50602,0.012253
8.225,1.5059,0.005,0.011986,-0.10361,9.0764e-25,0,0.0018064,0.0037514,0.48153,0.011967
8.175,1.5559,0.005,0.015646,-0.094165,2.4321e-24,0,0.0018093,0.0039276,0.46066,0.011718
8.125,1.606,0.005,0.019558,-0.085401,-1.1329e-24,0,0.0018202,0.0041026,0.44367,0.0115
8.075,1.656,0.005,0.023717,-0.077295,-2.2328e-24,0,0.0018406,0.0042739,0.43067,0.011308
8.025,1.706,0.005,0.028127,-0.069816,-1.2351e-24,0,0.0018714,0.0044378,0.42168,0.011138
7.975,1.7561,0.005,0.032794,-0.062928,-4.1132e-24,0,0.0019126,0.00459,0.41668,0.010985
7.925,1.8061,0.005,0.037732,-0.056596,-5.3241e-25,0,0.001964,0.0047257,0.4156,0.010845
7.875,1.8562,0.005,0.042957,-0.050785,-6.6315e-25,0,0.002025,0.0048403,0.41835,0.010716
7.825,1.9062,0.005,0.048494,-0.045465,2.2226e-38,0,0.002095,0.004929,0.42504,0.010594
7.775,1.9563,0.005,0.054376,-0.04061,5.8376e-25,0,0.0021737,0.0049841,0.43613,0.010479
7.725,2.0063,0.005,0.060645,-0.036197,2.4012e-24,0,0.0022601,0.005,0.45202,0.010368
7.675,2.0563,0.005,0.067357,-0.032209,5.8241e-24,0,0.0023534,0.0049731,0.47323,0.010261
7.625,2.1064,0.005,0.074585,-0.028632,5.7569e-24,0,0.002453,0.0049017,0.50044,0.010158
7.575,2.1564,0.005,0.08242,-0.025452,2.8595e-24,0,0.0025582,0.0047856,0.53457,0.01006
7.525,2.2065,0.005,0.090986,-0.022655,2.3751e-24,0,0.0026682,0.0046262,0.57676,0.0099656
7.475,2.2565,0.005,0.10044,-0.020227,-1.6731e-38,0,0.0027817,0.004427,0.62834,0.0098774
7.425,2.3066,0.005,0.11097,-0.018148,1.6609e-24,0,0.0028961,0.0041939,0.69055,0.0097962
7.375,2.3566,0.005,0.12283,-0.016389,5.0199e-24,0,0.0030065,0.0039346,0.7641,0.0097225
7.325,2.4066,0.005,0.13632,-0.014889,0,0,0.0031036,0.0036588,0.84826,0.0096575
7.275,2.4567,0.005,0.15168,-0.01354,-7.6362e-26,0,0.0031738,0.0033026,0.93955,0.0096324
7.225,2.5067,0.005,0.16878,-0.012289,1.5843e-24,0,0.0032037,0.0030161,1.0306,0.0096208
7.175,2.5568,0.005,0.18711,-0.011084,2.8727e-24,0,0.0031822,0.0028131,1.1137,0.0096012
7.125,2.6068,0.005,0.20623,-0.0099202,-1.4576e-24,0,0.0031014,0.0026179,1.1847,0.0095639
7.075,2.6569,0.005,0.22582,-0.008756,-4.7812e-24,0,0.0029542,0.0023759,1.2434,0.0095073
7.025,2.7069,0.005,0.24569,-0.0076066,-1.7071e-24,0,0.0027348,0.0021167,1.292,0.0094358
6.975,2.7569,0.005,0.26549,-0.0064681,-1.2793e-24,0,0.0024357,0.0018238,1.3355,0.0093508
6.925,2.807,0.005,0.28464,-0.0052717,-3.9307e-38,0,0.0020518,0.0014772,1.389,0.0092506
6.875,2.86,0.005,0.30283,-0.0040277,-9.9508e-25,0,0.0015714,0.0010354,1.5176,0.0091252
6.825,2.916,0.005,0.31451,-0.0024074,1.8414e-38,0,0.0011164,0.00052176,2.1397,0.0090077
6.775,2.972,0.005,0.29729,-0.0010143,1.2937e-24,0,0.0015484,0.00024743,6.2581,0.0088348
8.975,0.80528,0.005,-0.00041276,-0.23225,6.1446e-25,0,0.0010192,0.00017924,5.6866,0.01688
8.925,0.85532,0.005,-0.001483,-0.25445,-1.0281e-24,0,0.00068771,0.00039489,1.7415,0.01693
8.875,0.90536,0.005,-0.0025431,-0.25563,7.2758e-38,0,0.00079883,0.00074059,1.0786,0.016882
8.825,0.9554,0.005,-0.0038049,-0.25001,1.7223e-24,0,0.00097009,0.0010608,0.91452,0.016667
8.775,1.0054,0.005,-0.0045382,-0.24063,1.6398e-24,0,0.0011511,0.0013516,0.8517,0.016353
8.725,1.0555,0.005,-0.004878,-0.22919,-3.0362e-24,0,0.0013205,0.0016266,0.81183,0.015942
8.675,1.1055,0.005,-0.0046756,-0.21652,3.2221e-24,0,0.0014664,0.0017804,0.77707,0.015492
8.625,1.1556,0.005,-0.0039783,-0.20293,1.6319e-38,0,0.0015858,0.0018939,0.7429,0.015026
8.575,1.2056,0.005,-0.0028423,-0.18882,-3.2386e-24,0,0.0016781,0.0020354,0.70742,0.014562
8.525,1.2557,0.005,-0.0012959,-0.17473,0,0,0.0017429,0.0022226,0.6708,0.01412
8.475,1.3057,0.005,0.00061639,-0.16106,2.9197e-24,0,0.0017836,0.0024552,0.63432,0.01371
8.425,1.3557,0.005,0.002863,-0.14804,-4.6789e-25,0,0.0018056,0.0027407,0.59932,0.013338
8.375,1.4058,0.005,0.0054206,-0.1358,-2.8059e-24,0,0.0018148,0.0030881,0.56698,0.013006
8.325,1.4558,0.005,0.0083491,-0.12431,-1.7318e-32,0,0.0018165,0.0033777,0.53778,0.012691
8.275,1.5059,0.005,0.011634,-0.11343,-2.7434e-24,0,0.001816,0.0035504,0.5115,0.012397
8.225,1.5559,0.005,0.01523,-0.10322,2.4655e-37,0,0.0018184,0.0037218,0.48858,0.012139
8.175,1.606,0.005,0.019094,-0.093722,2.556e-24,0,0.0018268,0.0038915,0.46944,0.011913
8.125,1.656,0.005,0.02322,-0.084917,2.4626e-24,0,0.0018436,0.0040582,0.45429,0.011713
8.075,1.706,0.005,0.027609,-0.076784,3.7741e-24,0,0.0018701,0.004219,0.44326,0.011536
8.025,1.7561,0.005,0.032266,-0.069289,3.7098e-24,0,0.0019071,0.0043704,0.43637,0.011376
7.975,1.8061,0.005,0.037205,-0.062398,-2.9844e-24,0,0.0019546,0.0045079,0.4336,0.011229
7.925,1.8562,0.005,0.042442,-0.056072,-1.4209e-24,0,0.0020123,0.0046269,0.43491,0.011094
7.875,1.9062,0.005,0.048002,-0.050279,3.4754e-24,0,0.0020795,0.0047231,0.44029,0.010966
7.825,1.9563,0.005,0.053917,-0.044987,4.0294e-24,0,0.0021562,0.0047902,0.45013,0.010845
7.775,2.0063,0.005,0.060232,-0.040172,-6.0166e-25,0,0.0022415,0.0048213,0.46491,0.010728
7.725,2.0563,0.005,0.067,-0.03581,-1.9307e-24,0,0.0023345,0.004812,0.48514,0.010616
7.675,2.1064,0.005,0.074294,-0.031884,-1.3401e-24,0,0.0024344,0.0047597,0.51147,0.010506
7.625,2.1564,0.005,0.082206,-0.028379,1.881e-24,0,0.0025405,0.0046637,0.54475,0.010401
7.575,2.2065,0.005,0.090853,-0.025278,-5.2374e-25,0,0.0026517,0.004525,0.58602,0.0103
7.525,2.2565,0.005,0.10039,-0.022566,-1.8587e-24,0,0.0027665,0.0043466,0.63646,0.010205
7.475,2.3066,0.005,0.111,-0.020219,-2.7132e-37,0,0.0028818,0.0041336,0.69718,0.010117
7.425,2.3566,0.005,0.12291,-0.018208,-2.8515e-24,0,0.0029928,0.0038932,0.76871,0.010037
7.375,2.4066,0.005,0.13638,-0.016477,-2.9719e-24,0,0.0030901,0.0036345,0.85022,0.0099665
7.325,2.4567,0.005,0.15164,-0.014908,1.7807e-24,0,0.0031602,0.0033668,0.93834,0.009919
7.275,2.5067,0.005,0.1686,-0.013437,3.1634e-24,0,0.0031886,0.0030645,1.0265,0.0099001
7.225,2.5568,0.005,0.18679,-0.012044,1.4478e-24,0,0.0031651,0.0028503,1.1073,0.0098696
7.175,2.6068,0.005,0.20577,-0.010708,1.273e-24,0,0.003082,0.0026189,1.1768,0.0098221
7.125,2.6569,0.005,0.22525,-0.0093927,-1.5593e-24,0,0.0029334,0.0023762,1.2345,0.0097527
7.075,2.7069,0.005,0.245,-0.0081131,-9.5573e-25,0,0.0027133,0.0021157,1.2825,0.0096717
7.025,2.7569,0.005,0.26466,-0.0068556,6.5776e-25,0,0.0024147,0.0018214,1.3258,0.0095744
6.975,2.807,0.005,0.28367,-0.0055566,-1.4555e-24,0,0.0020328,0.0014732,1.3799,0.0094596
6.925,2.86,0.005,0.30169,-0.0042177,0,0,0.0015565,0.0010306,1.5104,0.0093191
6.875,2.916,0.005,0.31317,-0.0025165,0,0,0.0011081,0.00051873,2.1362,0.0091843
6.825,2.972,0.005,0.29581,-0.0010453,-1.5578e-24,0,0.0015379,0.00024658,6.2367,0.0089928
8.975,0.85532,0.005,-0.00052892,-0.23309,-5.7642e-25,0,0.0010216,0.00017944,5.6931,0.016845
8.925,0.90536,0.005,-0.0017508,-0.25539,-1.1379e-24,0,0.00069671,0.00040104,1.7373,0.016802
8.875,0.9554,0.005,-0.0025655,-0.2567,-1.3564e-24,0,0.00080824,0.000748,1.0805,0.016696
8.825,1.0054,0.005,-0.003558,-0.25111,-5.4887e-38,0,0.00097697,0.0010636,0.91855,0.016457
8.775,1.0555,0.005,-0.0039722,-0.2416,-4.0479e-26,0,0.0011558,0.0013513,0.85531,0.016152
8.725,1.1055,0.005,-0.0040074,-0.22997,9.9915e-25,0,0.0013237,0.0016256,0.81427,0.015766
8.675,1.1556,0.005,-0.0035079,-0.21709,-2.1934e-24,0,0.0014682,0.0018011,0.77835,0.015352
8.625,1.2056,0.005,-0.0025292,-0.20333,-2.1422e-24,0,0.0015856,0.0019132,0.74334,0.014932
8.575,1.2557,0.005,-0.0011172,-0.18906,-2.7637e-24,0,0.0016762,0.0020555,0.70752,0.014519
8.525,1.3057,0.005,0.00068259,-0.17485,-4.2042e-37,0,0.0017401,0.002245,0.67117,0.014127
8.475,1.3557,0.005,0.0028345,-0.16107,-6.0366e-25,0,0.0017809,0.0024822,0.63546,0.013765
8.425,1.4058,0.005,0.0053109,-0.14796,-2.9577e-24,0,0.0018042,0.0027748,0.60165,0.013437
8.375,1.4558,0.005,0.0081055,-0.13563,-2.0957e-32,0,0.0018156,0.003131,0.57071,0.013142
8.325,1.5059,0.005,0.011276,-0.124,-2.9385e-24,0,0.0018204,0.0033533,0.54286,0.012853
8.275,1.5559,0.005,0.014795,-0.11303,-2.8705e-24,0,0.0018245,0.0035215,0.51809,0.012589
8.225,1.606,0.005,0.018608,-0.10276,-2.908e-24,0,0.0018321,0.003687,0.49692,0.012356
8.175,1.656,0.005,0.022698,-0.093215,-1.7166e-37,0,0.0018464,0.0038493,0.47967,0.01215
8.125,1.706,0.005,0.027065,-0.084381,2.1632e-38,0,0.0018695,0.0040068,0.46657,0.011965
8.075,1.7561,0.005,0.031713,-0.076232,1.4349e-38,0,0.0019025,0.0041565,0.45772,0.011799
8.025,1.8061,0.005,0.036653,-0.068734,3.2419e-24,0,0.0019461,0.0042945,0.45316,0.011646
7.975,1.8562,0.005,0.041901,-0.061849,4.7553e-24,0,0.0020002,0.0044165,0.45289,0.011505
7.925,1.9062,0.005,0.047483,-0.05554,1.3555e-37,0,0.0020645,0.0045184,0.4569,0.011372
7.875,1.9563,0.005,0.053432,-0.049775,-3.8263e-24,0,0.0021386,0.0045952,0.46539,0.011245
7.825,2.0063,0.005,0.059789,-0.044521,1.554e-24,0,0.0022222,0.0046398,0.47894,0.011123
7.775,2.0563,0.005,0.06661,-0.039753,-4.3508e-37,0,0.0023144,0.0046469,0.49805,0.011004
7.725,2.1064,0.005,0.073967,-0.03545,-7.2943e-24,0,0.0024142,0.004613,0.52334,0.010889
7.675,2.1564,0.005,0.08195,-0.031592,-5.7197e-24,0,0.0025206,0.0045369,0.55559,0.010777
7.625,2.2065,0.005,0.090674,-0.028162,-3.0378e-24,0,0.0026326,0.0044189,0.59576,0.01067
7.575,2.2565,0.005,0.10028,-0.025139,-7.7582e-24,0,0.0027481,0.0042612,0.64491,0.010568
7.525,2.3066,0.005,0.11096,-0.022502,-3.6241e-24,0,0.0028641,0.0040685,0.70397,0.010472
7.475,2.3566,0.005,0.12291,-0.020214,-3.6495e-24,0,0.0029752,0.0038472,0.77335,0.010384
7.425,2.4066,0.005,0.13637,-0.018225,-4.8957e-24,0,0.0030724,0.0036056,0.85213,0.010307
7.375,2.4567,0.005,0.15153,-0.016433,0,0,0.0031424,0.0033533,0.9371,0.010244
7.325,2.5067,0.005,0.16834,-0.014732,-1.9075e-24,0,0.0031702,0.0031011,1.0223,0.010206
7.275,2.5568,0.005,0.1864,-0.013121,-1.8569e-24,0,0.0031452,0.0028569,1.1009,0.010167
7.225,2.6068,0.005,0.20524,-0.011586,0,0,0.0030606,0.0026185,1.1689,0.010109
7.175,2.6569,0.005,0.2246,-0.010106,5.224e-25,0,0.0029111,0.0023752,1.2256,0.01003
7.125,2.7069,0.005,0.24423,-0.0086837,1.0722e-24,0,0.0026908,0.0021137,1.273,0.0099374
7.075,2.7569,0.005,0.26377,-0.0072918,3.3985e-24,0,0.002393,0.0018181,1.3162,0.0098266
7.025,2.807,0.005,0.28263,-0.0058779,3.7342e-24,0,0.0020133,0.0014686,1.3709,0.0096959
6.975,2.86,0.005,0.30049,-0.0044329,4.6799e-25,0,0.0015415,0.0010253,1.5035,0.0095387
6.925,2.916,0.005,0.31177,-0.00264,1.6578e-25,0,0.0010998,0.00051554,2.1332,0.0093851
6.875,2.972,0.005,0.29426,-0.001081,-1.2442e-37,0,0.0015272,0.00024572,6.215,0.0091728
8.975,0.90536,0.005,-0.00056504,-0.23418,1.0265e-24,0,0.0010233,0.00017959,5.698,0.016764
8.925,0.9554,0.005,-0.0018543,-0.25636,0,0,0.00070571,0.00040807,1.7294,0.016668
8.875,1.0054,0.005,-0.0024252,-0.25769,1.4615e-24,0,0.00081817,0.00075582,1.0825,0.016538
8.825,1.0555,0.005,-0.003169,-0.25205,-9.9444e-25,0,0.00098435,0.0010663,0.92313,0.016295
8.775,1.1055,0.005,-0.003279,-0.2424,-7.8827e-25,0,0.0011606,0.0013505,0.85939,0.016011
8.725,1.1556,0.005,-0.0030246,-0.23056,2.0236e-24,0,0.0013267,0.0016237,0.81708,0.015656
8.675,1.2056,0.005,-0.0022469,-0.21747,2.3721e-24,0,0.0014696,0.0018187,0.77998,0.015284
8.625,1.2557,0.005,-0.0009891,-0.20354,-2.7097e-24,0,0.0015849,0.0019313,0.74417,0.014911
8.575,1.3057,0.005,0.0006951,-0.18913,-3.3952e-24,0,0.0016739,0.0020757,0.7081,0.014546
8.525,1.3557,0.005,0.0027474,-0.1748,-3.8456e-24,0,0.001737,0.002269,0.67211,0.014201
8.475,1.4058,0.005,0.0051439,-0.16094,4.1545e-24,0,0.0017782,0.0025131,0.63732,0.013884
8.425,1.4558,0.005,0.0078592,-0.14775,3.0699e-24,0,0.001803,0.002815,0.6048,0.013598
8.375,1.5059,0.005,0.010919,-0.13532,1.9399e-37,0,0.0018169,0.003158,0.57533,0.013332
8.325,1.5559,0.005,0.014339,-0.12359,1.5041e-24,0,0.0018254,0.0033253,0.54894,0.013067
8.275,1.606,0.005,0.018096,-0.11254,-1.6392e-24,0,0.0018344,0.0034882,0.52589,0.012829
8.225,1.656,0.005,0.022149,-0.10222,-6.4209e-24,0,0.0018478,0.0036472,0.50664,0.012618
8.175,1.706,0.005,0.026493,-0.09265,-4.6707e-24,0,0.0018684,0.0038014,0.49149,0.012428
8.125,1.7561,0.005,0.031132,-0.083801,-2.7978e-24,0,0.001898,0.003949,0.48064,0.012256
8.075,1.8061,0.005,0.036073,-0.075649,1.8351e-24,0,0.0019379,0.0040866,0.47421,0.012098
8.025,1.8562,0.005,0.041334,-0.068158,2.6423e-24,0,0.0019884,0.0042106,0.47224,0.011951
7.975,1.9062,0.005,0.046938,-0.06129,-2.5718e-24,0,0.0020495,0.0043168,0.47478,0.011813
7.925,1.9563,0.005,0.052917,-0.055008,-6.0879e-24,0,0.0021208,0.004401,0.48189,0.011681
7.875,2.0063,0.005,0.059315,-0.049279,-7.748e-24,0,0.0022022,0.0044572,0.49408,0.011553
7.825,2.0563,0.005,0.066187,-0.044071,-3.0737e-24,0,0.002293,0.0044792,0.51193,0.011429
7.775,2.1064,0.005,0.073602,-0.039358,-3.4481e-32,0,0.0023921,0.0044628,0.53602,0.011309
7.725,2.1564,0.005,0.081651,-0.035118,3.4326e-24,0,0.0024985,0.0044058,0.56708,0.011191
7.675,2.2065,0.005,0.090445,-0.03133,6.3688e-24,0,0.0026106,0.004308,0.60598,0.011077
7.625,2.2565,0.005,0.10012,-0.027971,5.8684e-25,0,0.0027264,0.004171,0.65366,0.010969
7.575,2.3066,0.005,0.11086,-0.025015,-4.6078e-24,0,0.0028426,0.0039986,0.71091,0.010866
7.525,2.3566,0.005,0.12284,-0.022426,-5.8391e-24,0,0.0029536,0.0037964,0.77801,0.01077
7.475,2.4066,0.005,0.13628,-0.020152,-1.8038e-24,0,0.0030505,0.0035721,0.854,0.010683
7.425,2.4567,0.005,0.15134,-0.018105,2.2398e-24,0,0.0031203,0.0033342,0.93584,0.010609
7.375,2.5067,0.005,0.168,-0.016175,0,0,0.003148,0.0030921,1.0181,0.010549
7.325,2.5568,0.005,0.18591,-0.014325,-2.068e-24,0,0.0031223,0.0028529,1.0944,0.010496
7.275,2.6068,0.005,0.20463,-0.012571,-2.0154e-24,0,0.0030369,0.002616,1.1609,0.010428
7.225,2.6569,0.005,0.22388,-0.010909,-3.3522e-24,0,0.002887,0.0023728,1.2167,0.010341
7.175,2.7069,0.005,0.24339,-0.0093245,-4.3106e-24,0,0.002667,0.0021106,1.2636,0.010237
7.125,2.7569,0.005,0.2628,-0.0077832,-4.6717e-24,0,0.0023704,0.001814,1.3067,0.010111
7.075,2.807,0.005,0.28152,-0.0062404,-6.5875e-25,0,0.0019933,0.0014633,1.3622,0.0099624
7.025,2.86,0.005,0.29922,-0.0046763,1.0133e-24,0,0.0015263,0.0010195,1.4971,0.009787
6.975,2.916,0.005,0.3103,-0.0027796,1.9526e-24,0,0.0010914,0.00051218,2.1309,0.0096125
6.925,2.972,0.005,0.29265,-0.0011217,-1.7172e-26,0,0.0015163,0.00024485,6.1928,0.0093771
8.975,0.9554,0.005,-0.00054456,-0.23538,-9.3375e-25,0,0.0010243,0.00017968,5.7008,0.016668
8.925,1.0054,0.005,-0.0018357,-0.2573,0,0,0.0007148,0.00041575,1.7193,0.016549
8.875,1.0555,0.005,-0.0021604,-0.25855,1.3823e-24,0,0.00082858,0.00076372,1.0849,0.016418
8.825,1.1055,0.005,-0.0026614,-0.25282,-1.1468e-32,0,0.00099212,0.0010687,0.92834,0.016189
8.775,1.1556,0.005,-0.0024768,-0.24302,-2.3925e-37,0,0.0011655,0.0013491,0.86393,0.015932
8.725,1.2056,0.005,-0.0019466,-0.23097,-3.3178e-26,0,0.0013294,0.0016207,0.82028,0.015614
8.675,1.2557,0.005,-0.00088935,-0.21767,2.5588e-24,0,0.0014705,0.0018346,0.78199,0.015287
8.625,1.3057,0.005,0.0006442,-0.20356,5.89e-25,0,0.0015838,0.0019485,0.74541,0.014959
8.575,1.3557,0.005,0.0026011,-0.18902,-4.3104e-37,0,0.0016712,0.0020968,0.70918,0.014641
8.525,1.4058,0.005,0.0049105,-0.17461,4.4369e-24,0,0.0017337,0.0022961,0.6737,0.014342
8.475,1.4558,0.005,0.0075628,-0.16067,4.7076e-24,0,0.0017756,0.002549,0.63995,0.014067
8.425,1.5059,0.005,0.010533,-0.14741,-1.634e-24,0,0.0018021,0.0028644,0.60883,0.01382
8.375,1.5559,0.005,0.01387,-0.1349,1.4619e-37,0,0.0018187,0.0031309,0.5809,0.013574
8.325,1.606,0.005,0.017554,-0.12307,-3.2595e-24,0,0.0018317,0.0032936,0.55614,0.013334
8.275,1.656,0.005,0.021566,-0.11197,-6.892e-25,0,0.0018462,0.0034507,0.53501,0.01312
8.225,1.706,0.005,0.025887,-0.10163,-6.2959e-24,0,0.0018657,0.0036025,0.51787,0.012927
8.175,1.7561,0.005,0.030517,-0.092036,9.0991e-38,0,0.0018929,0.003748,0.50503,0.01275
8.125,1.8061,0.005,0.035462,-0.083184,4.1441e-24,0,0.0019295,0.0038849,0.49667,0.012587
8.075,1.8562,0.005,0.040735,-0.075041,4.1332e-32,0,0.0019766,0.00401,0.49292,0.012436
8.025,1.9062,0.005,0.046361,-0.067567,6.8e-37,0,0.0020344,0.0041194,0.49385,0.012292
7.975,1.9563,0.005,0.052372,-0.060726,5.5808e-24,0,0.0021027,0.0042093,0.49953,0.012155
7.925,2.0063,0.005,0.058809,-0.05448,8.7342e-24,0,0.0021814,0.004275,0.51027,0.012023
7.875,2.0563,0.005,0.065728,-0.048795,2.6821e-24,0,0.0022703,0.0043102,0.52674,0.011894
7.825,2.1064,0.005,0.073198,-0.043638,-1.9546e-24,0,0.0023682,0.0043098,0.54949,0.011768
7.775,2.1564,0.005,0.081307,-0.038984,4.5534e-24,0,0.0024738,0.0042711,0.5792,0.011645
7.725,2.2065,0.005,0.090165,-0.034807,3.8761e-24,0,0.0025856,0.0041929,0.61667,0.011526
7.675,2.2565,0.005,0.099904,-0.031083,7.0929e-24,0,0.0027013,0.0040762,0.66271,0.011411
7.625,2.3066,0.005,0.11069,-0.027781,7.0843e-24,0,0.0028173,0.0039239,0.71799,0.011301
7.575,2.3566,0.005,0.12269,-0.024865,-5.7189e-25,0,0.0029279,0.0037408,0.78269,0.011197
7.525,2.4066,0.005,0.13611,-0.02228,-3.4677e-24,0,0.0030243,0.0035338,0.85582,0.011102
7.475,2.4567,0.005,0.15107,-0.019947,-2.4976e-24,0,0.0030937,0.0033104,0.93454,0.011016
7.425,2.5067,0.005,0.16758,-0.017764,3.9781e-24,0,0.0031216,0.003079,1.0138,0.010939
7.375,2.5568,0.005,0.18534,-0.015672,6.579e-24,0,0.0030961,0.0028459,1.0879,0.010867
7.325,2.6068,0.005,0.20394,-0.013683,1.1161e-37,0,0.0030107,0.0026114,1.1529,0.010787
7.275,2.6569,0.005,0.22307,-0.011815,-3.766e-24,0,0.002861,0.0023687,1.2078,0.01069
7.225,2.7069,0.005,0.24246,-0.010044,-1.3443e-24,0,0.0026417,0.0021063,1.2542,0.010573
7.175,2.7569,0.005,0.26174,-0.0083362,-9.6499e-25,0,0.0023468,0.0018089,1.2973,0.01043
7.125,2.807,0.005,0.28034,-0.0066496,-1.3565e-24,0,0.0019726,0.0014572,1.3537,0.010263
7.075,2.86,0.005,0.29787,-0.0049515,1.6352e-24,0,0.0015107,0.0010132,1.491,0.010067
7.025,2.916,0.005,0.30876,-0.0029376,-1.6101e-37,0,0.0010831,0.00050863,2.1294,0.0098697
6.975,2.972,0.005,0.29096,-0.0011683,-2.261e-24,0,0.0015052,0.00024395,6.1701,0.0096086
8.975,1.0054,0.005,-0.00048203,-0.2366,7.75e-25,0,0.0010244,0.00017969,5.701,0.016579
8.925,1.0555,0.005,-0.0017297,-0.25815,-2.3801e-38,0,0.00072412,0.0004239,1.7082,0.016459
8.875,1.1055,0.005,-0.0017967,-0.25926,-3.3059e-25,0,0.00083947,0.00077146,1.0881,0.01635
8.825,1.1556,0.005,-0.0020491,-0.25342,2.1269e-37,0,0.0010002,0.0010706,0.93422,0.016141
8.775,1.2056,0.005,-0.0015816,-0.24346,3.4392e-33,0,0.0011704,0.001347,0.86895,0.015919
8.725,1.2557,0.005,-0.00077255,-0.23119,2.4304e-24,0,0.0013318,0.0016165,0.82387,0.015646
8.675,1.3057,0.005,0.0005694,-0.21768,3.53e-24,0,0.0014707,0.0018496,0.7844,0.015363
8.625,1.3557,0.005,0.002376,-0.20341,3.0366e-24,0,0.0015821,0.0019659,0.74711,0.015079
8.575,1.4058,0.005,0.0046083,-0.18876,1.404e-24,0,0.0016681,0.0021202,0.71086,0.014808
8.525,1.4558,0.005,0.0071885,-0.17427,-3.3676e-24,0,0.0017303,0.0023277,0.676,0.014551
8.475,1.5059,0.005,0.010109,-0.16026,-1.8905e-24,0,0.0017731,0.0025914,0.6434,0.014316
8.425,1.5559,0.005,0.013365,-0.14695,1.9658e-24,0,0.0018016,0.0029217,0.61381,0.014099
8.375,1.606,0.005,0.016979,-0.13435,-4.1142e-32,0,0.0018215,0.0031007,0.58746,0.013869
8.325,1.656,0.005,0.020943,-0.12246,1.2771e-24,0,0.0018395,0.0032583,0.56456,0.013656
8.275,1.706,0.005,0.02524,-0.11133,3.4245e-24,0,0.0018598,0.0034091,0.54554,0.013461
8.225,1.7561,0.005,0.029861,-0.10097,2.3133e-24,0,0.0018859,0.0035533,0.53074,0.013282
8.175,1.8061,0.005,0.034811,-0.091379,2.333e-24,0,0.0019201,0.0036894,0.52045,0.013116
8.125,1.8562,0.005,0.040099,-0.082538,-9.0254e-25,0,0.0019641,0.003815,0.51484,0.01296
8.075,1.9062,0.005,0.045749,-0.074413,8.4724e-25,0,0.0020187,0.003927,0.51405,0.012813
8.025,1.9563,0.005,0.051791,-0.066968,-9.1622e-32,0,0.0020839,0.0040215,0.51819,0.012671
7.975,2.0063,0.005,0.058267,-0.060163,5.2984e-24,0,0.0021597,0.0040948,0.52744,0.012535
7.925,2.0563,0.005,0.065231,-0.053959,1.5648e-23,0,0.0022462,0.0041412,0.54241,0.012401
7.875,2.1064,0.005,0.072752,-0.048322,9.569e-24,0,0.0023423,0.0041553,0.56369,0.012271
7.825,2.1564,0.005,0.080916,-0.04322,2.9031e-24,0,0.0024467,0.0041336,0.59191,0.012143
7.775,2.2065,0.005,0.089829,-0.038622,-5.7556e-24,0,0.0025576,0.0040742,0.62777,0.012018
7.725,2.2565,0.005,0.09962,-0.034501,-7.2346e-24,0,0.0026727,0.0039771,0.67202,0.011897
7.675,2.3066,0.005,0.11044,-0.030824,2.846e-24,0,0.0027881,0.0038445,0.7252,0.01178
7.625,2.3566,0.005,0.12246,-0.027552,2.8322e-24,0,0.002898,0.0036804,0.78739,0.01167
7.575,2.4066,0.005,0.13584,-0.02463,-2.2223e-24,0,0.0029936,0.0034906,0.85761,0.011565
7.525,2.4567,0.005,0.15071,-0.021983,-5.5789e-25,0,0.0030628,0.0032819,0.93321,0.011468
7.475,2.5067,0.005,0.16707,-0.019518,2.725e-24,0,0.0030911,0.0030616,1.0096,0.011378
7.425,2.5568,0.005,0.18468,-0.017169,6.8427e-24,0,0.0030663,0.0028354,1.0814,0.011288
7.375,2.6068,0.005,0.20315,-0.014934,7.0731e-24,0,0.0029816,0.0026043,1.1449,0.011193
7.325,2.6569,0.005,0.22217,-0.012834,2.1005e-40,0,0.0028328,0.0023628,1.1989,0.011082
7.275,2.7069,0.005,0.24144,-0.010853,1.5076e-24,0,0.0026149,0.0021005,1.2449,0.010949
7.225,2.7569,0.005,0.26059,-0.0089586,4.668e-24,0,0.0023221,0.0018027,1.2881,0.010789
7.175,2.807,0.005,0.27906,-0.0071112,9.5096e-25,0,0.0019512,0.0014502,1.3455,0.0106
7.125,2.86,0.005,0.29643,-0.0052626,1.3923e-24,0,0.0014948,0.0010063,1.4855,0.010383
7.075,2.916,0.005,0.30712,-0.0031162,2.8401e-25,0,0.0010747,0.00050486,2.1287,0.01016
7.025,2.972,0.005,0.28918,-0.0012213,2.567e-24,0,0.0014938,0.00024302,6.1467,0.0098701
8.975,1.0555,0.005,-0.0003877,-0.23777,2.9344e-25,0,0.0010234,0.0001796,5.6982,0.016514
8.925,1.1055,0.005,-0.0015778,-0.25888,3.7988e-25,0,0.00073375,0.00043236,1.6971,0.016411
8.875,1.1556,0.005,-0.0013512,-0.25982,-1.0748e-24,0,0.0008508,0.00077887,1.0924,0.016334
8.825,1.2056,0.005,-0.0013478,-0.25382,4.0767e-25,0,0.0010084,0.0010719,0.94081,0.016158
8.775,1.2557,0.005,-0.00060115,-0.24369,-6.2175e-39,0,0.0011752,0.0013439,0.87445,0.01598
8.725,1.3057,0.005,0.00050187,-0.23123,1.0048e-24,0,0.0013337,0.001611,0.82789,0.015751
8.675,1.3557,0.005,0.0021356,-0.21752,2.9479e-24,0,0.0014704,0.0018636,0.78725,0.015513
8.625,1.4058,0.005,0.0042149,-0.20309,1.5905e-24,0,0.0015799,0.0019845,0.74932,0.015271
8.575,1.4558,0.005,0.0067302,-0.18834,1.8858e-24,0,0.0016646,0.0021468,0.71317,0.015045
8.525,1.5059,0.005,0.0095996,-0.17377,1.4019e-24,0,0.0017268,0.0023641,0.67907,0.01483
8.475,1.5559,0.005,0.012803,-0.15972,2.7261e-37,0,0.0017706,0.0026429,0.64774,0.014633
8.425,1.606,0.005,0.016363,-0.14636,-2.3192e-24,0,0.0018014,0.0029067,0.61975,0.014431
8.375,1.656,0.005,0.020271,-0.1337,-3.7063e-24,0,0.0018256,0.0030675,0.59515,0.014224
8.325,1.706,0.005,0.024539,-0.12177,1.1636e-24,0,0.001849,0.0032195,0.57432,0.014033
8.275,1.7561,0.005,0.029154,-0.11062,3.8218e-38,0,0.0018756,0.0033636,0.55762,0.013854
8.225,1.8061,0.005,0.03411,-0.10026,-4.6231e-24,0,0.0019086,0.0034995,0.54539,0.013686
8.175,1.8562,0.005,0.039417,-0.090683,-6.1827e-24,0,0.0019502,0.0036258,0.53788,0.013528
8.125,1.9062,0.005,0.045093,-0.081865,-3.4942e-24,0,0.0020018,0.0037397,0.53529,0.013377
8.075,1.9563,0.005,0.051168,-0.073771,-2.0979e-37,0,0.0020641,0.0038382,0.53777,0.013232
8.025,2.0063,0.005,0.057683,-0.066363,-5.108e-24,0,0.0021369,0.0039175,0.54548,0.013091
7.975,2.0563,0.005,0.06469,-0.0596,-7.3981e-24,0,0.0022205,0.0039734,0.55884,0.012954
7.925,2.1064,0.005,0.072259,-0.053442,-9.6741e-25,0,0.0023143,0.0040003,0.57854,0.012819
7.875,2.1564,0.005,0.080472,-0.047855,-3.2205e-24,0,0.0024169,0.0039941,0.60513,0.012687
7.825,2.2065,0.005,0.089434,-0.042803,-7.2964e-25,0,0.0025265,0.0039522,0.63926,0.012558
7.775,2.2565,0.005,0.099267,-0.038253,-2.4586e-24,0,0.0026404,0.003874,0.68157,0.012431
7.725,2.3066,0.005,0.11012,-0.03417,-6.309e-24,0,0.0027547,0.0037606,0.73252,0.012309
7.675,2.3566,0.005,0.12213,-0.030511,-1.7993e-24,0,0.0028636,0.0036152,0.79211,0.012191
7.625,2.4066,0.005,0.13548,-0.027223,-5.5911e-24,0,0.0029584,0.0034425,0.85938,0.012078
7.575,2.4567,0.005,0.15025,-0.024234,3.087e-24,0,0.0030273,0.0032486,0.93186,0.01197
7.525,2.5067,0.005,0.16646,-0.021458,1.0281e-23,0,0.0030562,0.0030399,1.0054,0.011867
7.475,2.5568,0.005,0.18391,-0.018828,2.3168e-24,0,0.0030328,0.0028213,1.075,0.011763
7.425,2.6068,0.005,0.20226,-0.01633,2.1597e-24,0,0.0029495,0.0025944,1.1369,0.01165
7.375,2.6569,0.005,0.22116,-0.013977,1.0335e-23,0,0.0028022,0.0023549,1.19,0.011523
7.325,2.7069,0.005,0.24031,-0.011763,5.4152e-24,0,0.0025862,0.0020931,1.2355,0.011372
7.275,2.7569,0.005,0.25934,-0.0096593,1.3977e-24,0,0.0022961,0.0017952,1.279,0.011191
7.225,2.807,0.005,0.27767,-0.0076318,9.6029e-25,0,0.001929,0.0014422,1.3375,0.01098
7.175,2.86,0.005,0.29488,-0.0056139,-2.1556e-24,0,0.0014785,0.00099868,1.4805,0.010738
7.125,2.916,0.005,0.30538,-0.0033182,2.8419e-24,0,0.0010663,0.00050084,2.129,0.010487
7.075,2.972,0.005,0.2873,-0.0012818,2.9245e-24,0,0.0014821,0.00024207,6.1226,0.010165
8.975,1.1055,0.005,-0.00027008,-0.23882,-2.6097e-25,0,0.0010212,0.00017941,5.692,0.016484
8.925,1.1556,0.005,-0.0013119,-0.25945,2.227e-37,0,0.0007438,0.00044104,1.6864,0.016415
8.875,1.2056,0.005,-0.00084306,-0.2602,1.3255e-32,0,0.00086256,0.00078573,1.0978,0.016383
8.825,1.2557,0.005,-0.00057043,-0.254,-9.624e-25,0,0.0010169,0.0010725,0.94816,0.01625
8.775,1.3057,0.005,0.00048339,-0.24373,-2.4004e-24,0,0.0011799,0.00134,0.8805,0.016114
8.725,1.3557,0.005,0.0018763,-0.23108,-1.5362e-24,0,0.0013352,0.001604,0.83239,0.015933
8.675,1.4058,0.005,0.0038071,-0.21718,9.5923e-38,0,0.0014693,0.0018584,0.79061,0.015737
8.625,1.4558,0.005,0.0061727,-0.20259,-2.1071e-24,0,0.0015773,0.0020055,0.75212,0.01554
8.575,1.5059,0.005,0.0089843,-0.18776,-3.6037e-24,0,0.0016609,0.0021774,0.71618,0.015356
8.525,1.5559,0.005,0.012159,-0.17314,2.577e-24,0,0.0017231,0.0024062,0.68297,0.01518
8.475,1.606,0.005,0.015672,-0.15906,-2.6497e-24,0,0.0017684,0.0027014,0.65306,0.01501
8.425,1.656,0.005,0.019537,-0.14564,-3.9286e-24,0,0.0018021,0.0028755,0.6267,0.014824
8.375,1.706,0.005,0.023774,-0.13294,1.1364e-24,0,0.0018311,0.0030313,0.60408,0.014641
8.325,1.7561,0.005,0.028381,-0.121,2.8996e-24,0,0.0018604,0.0031773,0.58552,0.014467
8.275,1.8061,0.005,0.033347,-0.10985,9.8124e-24,0,0.0018937,0.0033142,0.57138,0.0143
8.225,1.8562,0.005,0.038675,-0.099504,6.8422e-24,0,0.001934,0.0034415,0.56195,0.014141
8.175,1.9062,0.005,0.044381,-0.089953,2.9284e-24,0,0.0019832,0.0035574,0.55749,0.013988
8.125,1.9563,0.005,0.050493,-0.081169,3.782e-24,0,0.0020426,0.0036592,0.5582,0.01384
8.075,2.0063,0.005,0.057048,-0.073115,3.7186e-24,0,0.0021125,0.0037438,0.56427,0.013696
8.025,2.0563,0.005,0.064099,-0.065749,-8.1921e-25,0,0.002193,0.0038076,0.57596,0.013555
7.975,2.1064,0.005,0.071713,-0.059031,-9.2261e-24,0,0.0022841,0.0038456,0.59395,0.013417
7.925,2.1564,0.005,0.079971,-0.05292,-7.1302e-24,0,0.0023845,0.0038533,0.61881,0.013281
7.875,2.2065,0.005,0.088975,-0.047377,-4.7711e-24,0,0.0024921,0.0038277,0.65107,0.013148
7.825,2.2565,0.005,0.098841,-0.042365,-7.0159e-24,0,0.0026044,0.0037673,0.69131,0.013016
7.775,2.3066,0.005,0.10971,-0.037843,-4.5873e-37,0,0.0027173,0.0036724,0.73992,0.012889
7.725,2.3566,0.005,0.12172,-0.033767,-6.2297e-24,0,0.0028249,0.0035452,0.79683,0.012764
7.675,2.4066,0.005,0.13501,-0.030083,-5.502e-24,0,0.0029187,0.0033895,0.8611,0.012644
7.625,2.4567,0.005,0.14969,-0.026723,0,0,0.0029872,0.0032104,0.93047,0.012526
7.575,2.5067,0.005,0.16575,-0.023606,-7.0294e-25,0,0.0030169,0.0030136,1.0011,0.012411
7.525,2.5568,0.005,0.18304,-0.020666,2.562e-24,0,0.0029953,0.0028034,1.0684,0.012292
7.475,2.6068,0.005,0.20124,-0.017879,2.3936e-24,0,0.0029142,0.0025816,1.1288,0.012163
7.425,2.6569,0.005,0.22002,-0.015253,-1.2004e-24,0,0.002769,0.0023446,1.181,0.012016
7.375,2.7069,0.005,0.23905,-0.012782,-1.8898e-24,0,0.0025555,0.002084,1.2263,0.011845
7.325,2.7569,0.005,0.25796,-0.010448,-5.8999e-24,0,0.0022686,0.0017863,1.27,0.011643
7.275,2.807,0.005,0.27618,-0.0082186,-1.3342e-25,0,0.0019058,0.0014331,1.3299,0.011405
7.225,2.86,0.005,0.29323,-0.0060105,4.1402e-24,0,0.0014618,0.00099029,1.4761,0.011137
7.175,2.916,0.005,0.30353,-0.0035465,-2.8217e-24,0,0.0010578,0.00049655,2.1303,0.010855
7.125,2.972,0.005,0.28531,-0.0013505,0,0,0.00147,0.00024108,6.0977,0.010498
8.975,1.1556,0.005,-0.00012218,-0.23972,6.2802e-25,0,0.0010177,0.0001791,5.6824,0.01651
8.925,1.2056,0.005,-0.0010201,-0.25984,8.0875e-25,0,0.00075435,0.00044972,1.6774,0.016477
8.875,1.2557,0.005,-0.00029038,-0.26039,-1.3878e-24,0,0.00087474,0.00079196,1.1045,0.016504
8.825,1.3057,0.005,0.00030841,-0.25397,-1.514e-24,0,0.0010255,0.0010724,0.95629,0.016417
8.775,1.3557,0.005,0.0016655,-0.24356,-3.4272e-24,0,0.0011844,0.0013351,0.88714,0.016325
8.725,1.4058,0.005,0.0033522,-0.23075,3.0703e-24,0,0.0013361,0.0015955,0.83741,0.016191
8.675,1.4558,0.005,0.005589,-0.21666,2.3611e-24,0,0.0014676,0.0018471,0.79451,0.016041
8.625,1.5059,0.005,0.0082657,-0.20192,-2.6336e-24,0,0.0015741,0.0020302,0.75558,0.015886
8.575,1.5559,0.005,0.011388,-0.18702,0,0,0.0016568,0.0022134,0.71998,0.015741
8.525,1.606,0.005,0.014883,-0.17236,9.3889e-25,0,0.0017194,0.0024565,0.68778,0.015601
8.475,1.656,0.005,0.018723,-0.15825,-3.0635e-24,0,0.0017663,0.0026788,0.65937,0.01545
8.425,1.706,0.005,0.022926,-0.14481,-1.0631e-24,0,0.001804,0.0028417,0.63482,0.015284
8.375,1.7561,0.005,0.027526,-0.13208,4.2733e-24,0,0.0018383,0.0029921,0.61437,0.01512
8.325,1.8061,0.005,0.032504,-0.12014,7.5535e-24,0,0.0018738,0.0031319,0.59831,0.014959
8.275,1.8562,0.005,0.037858,-0.10901,3.2858e-24,0,0.0019141,0.0032612,0.58694,0.014801
8.225,1.9062,0.005,0.0436,-0.098701,-2.2731e-37,0,0.0019619,0.0033794,0.58055,0.014648
8.175,1.9563,0.005,0.049752,-0.089189,-9.0505e-25,0,0.0020189,0.0034844,0.57941,0.014499
8.125,2.0063,0.005,0.056352,-0.080448,-6.4455e-24,0,0.0020861,0.0035738,0.58371,0.014352
8.075,2.0563,0.005,0.063448,-0.07244,3.437e-37,0,0.0021636,0.0036443,0.59369,0.014209
8.025,2.1064,0.005,0.071106,-0.065121,2.3243e-24,0,0.0022515,0.0036919,0.60984,0.014067
7.975,2.1564,0.005,0.079406,-0.058447,4.7494e-24,0,0.0023491,0.0037119,0.63285,0.013928
7.925,2.2065,0.005,0.088444,-0.052375,1.3215e-23,0,0.0024544,0.0037012,0.66314,0.013791
7.875,2.2565,0.005,0.098336,-0.046864,7.8145e-25,0,0.0025646,0.0036574,0.7012,0.013656
7.825,2.3066,0.005,0.10921,-0.04187,-3.8516e-24,0,0.0026756,0.0035801,0.74737,0.013524
7.775,2.3566,0.005,0.1212,-0.037345,-7.4884e-37,0,0.0027817,0.0034704,0.80154,0.013394
7.725,2.4066,0.005,0.13444,-0.033234,-6.1219e-24,0,0.0028743,0.0033314,0.8628,0.013266
7.675,2.4567,0.005,0.14902,-0.029471,0,0,0.0029425,0.0031672,0.92906,0.01314
7.625,2.5067,0.005,0.16493,-0.025982,-3.7384e-24,0,0.0029731,0.0029825,0.99685,0.013013
7.575,2.5568,0.005,0.18205,-0.022701,-7.3523e-24,0,0.0029537,0.0027814,1.0619,0.01288
7.525,2.6068,0.005,0.2001,-0.019597,2.6536e-24,0,0.0028754,0.0025655,1.1208,0.012734
7.475,2.6569,0.005,0.21875,-0.016673,4.8166e-32,0,0.0027331,0.0023318,1.1721,0.012569
7.425,2.7069,0.005,0.23767,-0.013923,-9.7403e-24,0,0.0025227,0.0020728,1.217,0.012375
7.375,2.7569,0.005,0.25646,-0.011333,-3.5213e-24,0,0.0022395,0.0017757,1.2612,0.012148
7.325,2.807,0.005,0.27455,-0.0088796,-7.7261e-25,0,0.0018815,0.0014226,1.3226,0.011882
7.275,2.86,0.005,0.29145,-0.0064576,3.7543e-24,0,0.0014445,0.00098104,1.4724,0.011584
7.225,2.916,0.005,0.30154,-0.0038043,-3.6298e-24,0,0.0010492,0.00049197,2.1327,0.011268
7.175,2.972,0.005,0.28318,-0.0014286,-3.7358e-24,0,0.0014576,0.00024006,6.0718,0.010871
8.975,1.2056,0.005,7.1278e-05,-0.24042,-3.9402e-25,0,0.001013,0.00017869,5.6692,0.016596
8.925,1.2557,0.005,-0.0007092,-0.26002,-1.4108e-24,0,0.0007655,0.00045824,1.6705,0.016605
8.875,1.3057,0.005,0.00035396,-0.26036,3.8529e-38,0,0.00088734,0.00079748,1.1127,0.016698
8.825,1.3557,0.005,0.0012698,-0.25371,1.8371e-38,0,0.0010342,0.0010714,0.96524,0.016658
8.775,1.4058,0.005,0.0029434,-0.24318,2.37e-24,0,0.0011887,0.0013291,0.89439,0.016614
8.725,1.4558,0.005,0.0049345,-0.23021,3.3097e-24,0,0.0013365,0.0015854,0.84301,0.016529
8.675,1.5059,0.005,0.0074988,-0.21595,7.1463e-25,0,0.0014653,0.0018338,0.79904,0.016427
8.625,1.5559,0.005,0.010514,-0.20108,3.1838e-24,0,0.0015703,0.0020578,0.75978,0.016315
8.575,1.606,0.005,0.013964,-0.18611,-4.1004e-24,0,0.0016524,0.0022542,0.72463,0.016207
8.525,1.656,0.005,0.017786,-0.17143,-2.6355e-24,0,0.0017156,0.0024734,0.69359,0.016094
8.475,1.706,0.005,0.021976,-0.15731,-8.9105e-24,0,0.0017651,0.0026472,0.66677,0.015958
8.425,1.7561,0.005,0.026569,-0.14385,-2.9206e-37,0,0.0018072,0.0028052,0.64422,0.015812
8.375,1.8061,0.005,0.031562,-0.13113,7.2923e-24,0,0.0018472,0.0029501,0.62615,0.015662
8.325,1.8562,0.005,0.036947,-0.11921,3.6625e-24,0,0.0018893,0.0030831,0.61278,0.015511
8.275,1.9062,0.005,0.04273,-0.10812,9.4184e-25,0,0.0019368,0.0032044,0.60441,0.01536
8.225,1.9563,0.005,0.048929,-0.09785,-8.1914e-24,0,0.0019922,0.0033131,0.60132,0.015211
8.175,2.0063,0.005,0.055578,-0.088388,-1.1709e-23,0,0.0020569,0.003407,0.60375,0.015063
8.125,2.0563,0.005,0.062723,-0.079698,-4.445e-24,0,0.0021316,0.0034835,0.61192,0.014918
8.075,2.1064,0.005,0.070427,-0.071738,0,0,0.0022163,0.0035395,0.62616,0.014774
8.025,2.1564,0.005,0.078765,-0.064462,4.3385e-24,0,0.0023108,0.0035705,0.64719,0.014632
7.975,2.2065,0.005,0.087834,-0.057825,2.6498e-24,0,0.0024133,0.003573,0.67541,0.014492
7.925,2.2565,0.005,0.097743,-0.051779,1.2797e-23,0,0.002521,0.0035446,0.71121,0.014354
7.875,2.3066,0.005,0.10861,-0.046278,7.6834e-24,0,0.0026298,0.0034838,0.75486,0.014218
7.825,2.3566,0.005,0.12058,-0.04127,-7.6492e-24,0,0.0027339,0.003391,0.80623,0.014084
7.775,2.4066,0.005,0.13375,-0.0367,-3.4037e-24,0,0.0028253,0.0032683,0.86446,0.01395
7.725,2.4567,0.005,0.14822,-0.032502,0,0,0.0028931,0.0031188,0.92762,0.013816
7.675,2.5067,0.005,0.16399,-0.028607,6.553e-24,0,0.0029247,0.0029466,0.99256,0.013678
7.625,2.5568,0.005,0.18094,-0.024952,7.2154e-24,0,0.0029077,0.0027552,1.0554,0.013531
7.575,2.6068,0.005,0.19883,-0.021502,-3.9992e-24,0,0.0028327,0.0025458,1.1127,0.013369
7.525,2.6569,0.005,0.21734,-0.018251,-6.5895e-24,0,0.0026941,0.0023161,1.1632,0.013184
7.475,2.7069,0.005,0.23613,-0.015196,1.4576e-24,0,0.0024875,0.0020594,1.2079,0.012967
7.425,2.7569,0.005,0.25481,-0.012325,7.6591e-24,0,0.0022088,0.0017633,1.2526,0.012713
7.375,2.807,0.005,0.27278,-0.0096229,8.6698e-24,0,0.0018561,0.0014107,1.3157,0.012416
7.325,2.86,0.005,0.28952,-0.0069612,-1.7624e-24,0,0.0014266,0.00097081,1.4695,0.012086
7.275,2.916,0.005,0.29941,-0.0040952,4.0966e-24,0,0.0010406,0.00048705,2.1365,0.011732
7.225,2.972,0.005,0.28091,-0.0015174,-6.0258e-37,0,0.0014447,0.000239,6.0449,0.011291
8.975,1.2557,0.005,0.0002588,-0.24089,4.6577e-25,0,0.001007,0.00017816,5.6524,0.016746
8.925,1.3057,0.005,-0.00034408,-0.25996,2.0723e-24,0,0.00077735,0.00046656,1.6661,0.016809
8.875,1.3557,0.005,0.0010829,-0.26007,1.701e-24,0,0.0009003,0.00080217,1.1223,0.016964
8.825,1.4058,0.005,0.0023096,-0.25323,2.7231e-24,0,0.0010428,0.0010697,0.97494,0.016974
8.775,1.4558,0.005,0.0043137,-0.24257,-5.9773e-24,0,0.0011928,0.001322,0.90232,0.016986
8.725,1.5059,0.005,0.0066347,-0.22945,-7.1493e-24,0,0.0013366,0.0015738,0.84926,0.016953
8.675,1.5559,0.005,0.0095484,-0.21503,4.0012e-25,0,0.0014625,0.0018184,0.80431,0.016901
8.625,1.606,0.005,0.012918,-0.20006,-7.5002e-32,0,0.0015659,0.0020473,0.76484,0.016831
8.575,1.656,0.005,0.016713,-0.18504,4.4422e-24,0,0.0016476,0.0022562,0.73027,0.016755
8.525,1.706,0.005,0.020895,-0.17035,9.3198e-24,0,0.001712,0.0024441,0.70047,0.016659
8.475,1.7561,0.005,0.025487,-0.15622,-8.1889e-25,0,0.0017649,0.0026132,0.67538,0.016541
8.425,1.8061,0.005,0.030498,-0.14276,-3.1438e-37,0,0.0018119,0.0027661,0.65503,0.016409
8.375,1.8562,0.005,0.035918,-0.13008,1.6277e-31,0,0.0018578,0.002905,0.63951,0.01627
8.325,1.9062,0.005,0.041748,-0.1182,4.0685e-24,0,0.0019067,0.003031,0.62906,0.016126
8.275,1.9563,0.005,0.048002,-0.10716,4.9711e-24,0,0.0019615,0.0031439,0.62392,0.01598
8.225,2.0063,0.005,0.054707,-0.096949,-4.9295e-24,0,0.0020245,0.0032426,0.62435,0.015832
8.175,2.0563,0.005,0.061907,-0.087543,4.8767e-24,0,0.0020966,0.0033249,0.63058,0.015686
8.125,2.1064,0.005,0.069659,-0.078906,3.9381e-24,0,0.0021783,0.0033883,0.64288,0.01554
8.075,2.1564,0.005,0.078037,-0.070991,-4.7678e-24,0,0.0022693,0.0034291,0.66179,0.015397
8.025,2.2065,0.005,0.087134,-0.063751,-7.7493e-24,0,0.0023687,0.0034436,0.68785,0.015255
7.975,2.2565,0.005,0.097053,-0.057135,-1.0209e-23,0,0.0024734,0.0034291,0.72131,0.015114
7.925,2.3066,0.005,0.10791,-0.051092,1.398e-23,0,0.0025797,0.0033838,0.76237,0.014975
7.875,2.3566,0.005,0.11984,-0.045567,1.2263e-23,0,0.0026817,0.003307,0.81089,0.014837
7.825,2.4066,0.005,0.13294,-0.040505,-2.9429e-24,0,0.0027715,0.0032001,0.86608,0.014698
7.775,2.4567,0.005,0.14729,-0.035839,3.7251e-24,0,0.0028389,0.0030653,0.92617,0.014557
7.725,2.5067,0.005,0.16291,-0.031505,1.1816e-23,0,0.0028717,0.0029057,0.98828,0.01441
7.675,2.5568,0.005,0.17969,-0.027441,1.5966e-23,0,0.0028573,0.0027243,1.0488,0.01425
7.625,2.6068,0.005,0.19741,-0.023611,4.433e-24,0,0.0027862,0.0025222,1.1047,0.014072
7.575,2.6569,0.005,0.21578,-0.020003,-1.6022e-23,0,0.0026518,0.0022973,1.1543,0.013867
7.525,2.7069,0.005,0.23443,-0.016614,-9.505e-24,0,0.0024497,0.0020434,1.1989,0.013626
7.475,2.7569,0.005,0.25299,-0.013434,4.1566e-24,0,0.0021761,0.0017489,1.2443,0.013343
7.425,2.807,0.005,0.27085,-0.010457,6.0433e-24,0,0.0018294,0.0013971,1.3094,0.013012
7.375,2.86,0.005,0.28743,-0.0075278,-2.0935e-24,0,0.0014081,0.0009595,1.4676,0.012647
7.325,2.916,0.005,0.29712,-0.0044232,4.6195e-24,0,0.0010319,0.00048178,2.1418,0.012251
7.275,2.972,0.005,0.27848,-0.001618,4.8451e-24,0,0.0014313,0.00023788,6.0167,0.011762
8.975,1.3057,0.005,0.00046573,-0.24111,-3.9058e-39,0,0.0009997,0.00017751,5.6318,0.016971
8.925,1.3557,0.005,5.7475e-05,-0.25963,-2.75e-24,0,0.00078997,0.00047438,1.6653,0.017094
8.875,1.4058,0.005,0.0018789,-0.2595,1.0353e-24,0,0.00091356,0.00080632,1.133,0.017301
8.825,1.4558,0.005,0.0034088,-0.2525,3.2761e-24,0,0.0010514,0.001067,0.98545,0.01737
8.775,1.5059,0.005,0.0057815,-0.24171,-3.8597e-25,0,0.0011967,0.0013136,0.91101,0.017448
8.725,1.5559,0.005,0.0084655,-0.22845,3.9121e-24,0,0.0013363,0.0015606,0.85626,0.017466
8.675,1.606,0.005,0.011746,-0.21391,4.2555e-24,0,0.0014593,0.0018006,0.81041,0.017464
8.625,1.656,0.005,0.015481,-0.19885,3.6196e-37,0,0.001561,0.002025,0.77085,0.017433
8.575,1.706,0.005,0.019655,-0.1838,4.3382e-25,0,0.0016428,0.0022291,0.73697,0.01738
8.525,1.7561,0.005,0.024253,-0.16911,8.9189e-24,0,0.0017092,0.0024123,0.70853,0.0173
8.475,1.8061,0.005,0.029285,-0.15499,4.5012e-24,0,0.0017659,0.0025766,0.68535,0.017197
8.425,1.8562,0.005,0.034744,-0.14156,-5.3385e-24,0,0.001818,0.0027242,0.66735,0.017077
8.375,1.9062,0.005,0.040628,-0.12892,-5.3892e-24,0,0.00187,0.0028568,0.65459,0.016946
8.325,1.9563,0.005,0.046945,-0.11711,-3.5893e-24,0,0.0019258,0.0029754,0.64725,0.016806
8.275,2.0063,0.005,0.053715,-0.10613,1.5086e-37,0,0.0019879,0.0030794,0.64554,0.016663
8.225,2.0563,0.005,0.060977,-0.095986,5.3318e-24,0,0.002058,0.0031677,0.6497,0.016517
8.175,2.1064,0.005,0.068783,-0.08664,-9.0163e-25,0,0.002137,0.003238,0.65995,0.01637
8.125,2.1564,0.005,0.077205,-0.078053,0,0,0.0022246,0.0032877,0.67664,0.016225
8.075,2.2065,0.005,0.086328,-0.070176,0,0,0.0023205,0.003313,0.70042,0.016081
8.025,2.2565,0.005,0.096255,-0.062954,-9.4182e-24,0,0.0024221,0.0033113,0.73146,0.015939
7.975,2.3066,0.005,0.1071,-0.056335,-1.0213e-23,0,0.0025254,0.0032802,0.76989,0.015798
7.925,2.3566,0.005,0.11897,-0.05026,5.9354e-24,0,0.0026249,0.0032186,0.81554,0.015657
7.875,2.4066,0.005,0.13199,-0.044672,5.0637e-24,0,0.0027131,0.0031269,0.86768,0.015515
7.825,2.4567,0.005,0.14622,-0.039506,0,0,0.0027801,0.0030064,0.9247,0.015368
7.775,2.5067,0.005,0.16168,-0.034698,4.0207e-24,0,0.0028139,0.0028596,0.984,0.015212
7.725,2.5568,0.005,0.17828,-0.03019,2.7476e-24,0,0.0028024,0.0026887,1.0423,0.015042
7.675,2.6068,0.005,0.19583,-0.025944,4.9006e-24,0,0.0027355,0.0024945,1.0966,0.014848
7.625,2.6569,0.005,0.21404,-0.021946,8.1332e-24,0,0.002606,0.0022751,1.1454,0.014623
7.575,2.7069,0.005,0.23256,-0.018192,4.7329e-24,0,0.0024092,0.0020246,1.19,0.014358
7.525,2.7569,0.005,0.251,-0.014673,2.4701e-24,0,0.0021413,0.0017321,1.2362,0.014045
7.475,2.807,0.005,0.26875,-0.011393,-1.4471e-37,0,0.0018012,0.0013817,1.3036,0.013676
7.425,2.86,0.005,0.28516,-0.008164,-1.5702e-25,0,0.0013889,0.00094698,1.4667,0.013274
7.375,2.916,0.005,0.29464,-0.0047926,1.2027e-37,0,0.001023,0.00047612,2.1487,0.012833
7.325,2.972,0.005,0.27586,-0.0017319,-5.393e-24,0,0.0014172,0.00023671,5.9871,0.01229
8.975,1.3557,0.005,0.00066033,-0.24107,-3.4046e-24,0,0.0009911,0.00017674,5.6076,0.017274
8.925,1.4058,0.005,0.0004899,-0.25901,-1.5276e-24,0,0.00080315,0.00048193,1.6665,0.017459
8.875,1.4558,0.005,0.002747,-0.25859,-5.7454e-24,0,0.0009271,0.00080988,1.1447,0.017716
8.825,1.5059,0.005,0.004567,-0.25152,-7.9795e-24,0,0.00106,0.0010633,0.99685,0.017859
8.775,1.5559,0.005,0.0073619,-0.24059,-2.7346e-24,0,0.0012004,0.0013041,0.92054,0.018003
8.725,1.606,0.005,0.010433,-0.22721,-1.3315e-23,0,0.0013357,0.0015457,0.86411,0.018073
8.675,1.656,0.005,0.014108,-0.21257,-4.6033e-24,0,0.0014556,0.0017807,0.81744,0.018115
8.625,1.706,0.005,0.018239,-0.19744,-4.891e-24,0,0.001556,0.0020002,0.7779,0.018117
8.575,1.7561,0.005,0.022841,-0.18238,-4.9569e-24,0,0.0016383,0.0021996,0.74484,0.018085
8.525,1.8061,0.005,0.027896,-0.1677,9.9899e-24,0,0.0017072,0.0023781,0.7179,0.018022
8.475,1.8562,0.005,0.033398,-0.15361,1.0689e-23,0,0.0017679,0.0025373,0.69677,0.017931
8.425,1.9062,0.005,0.039341,-0.14024,1.0785e-23,0,0.0018253,0.0026792,0.68129,0.017819
8.375,1.9563,0.005,0.045729,-0.12767,-1.9891e-31,0,0.0018836,0.0028053,0.67147,0.017692
8.325,2.0063,0.005,0.052574,-0.11592,-9.8772e-24,0,0.0019461,0.0029159,0.66742,0.017555
8.275,2.0563,0.005,0.059908,-0.10502,-5.8075e-24,0,0.0020151,0.0030106,0.66932,0.017413
8.225,2.1064,0.005,0.067777,-0.094948,-1.0611e-23,0,0.0020918,0.003088,0.67737,0.017267
8.175,2.1564,0.005,0.076247,-0.08566,-5.7096e-24,0,0.0021764,0.003146,0.69181,0.017121
8.125,2.2065,0.005,0.0854,-0.077114,-4.772e-24,0,0.0022687,0.0031813,0.71313,0.016977
8.075,2.2565,0.005,0.095332,-0.069256,-4.7425e-24,0,0.0023668,0.0031911,0.74169,0.016833
8.025,2.3066,0.005,0.10615,-0.062028,-6.4458e-24,0,0.0024669,0.0031732,0.77743,0.016691
7.975,2.3566,0.005,0.11797,-0.055371,-2.0482e-23,0,0.0025638,0.0031259,0.82019,0.016549
7.925,2.4066,0.005,0.1309,-0.049224,-1.9457e-23,0,0.0026502,0.0030486,0.86929,0.016404
7.875,2.4567,0.005,0.145,-0.043524,-4.5669e-24,0,0.0027165,0.0029422,0.92327,0.016252
7.825,2.5067,0.005,0.16029,-0.038208,-1.0443e-24,0,0.0027513,0.0028082,0.97977,0.01609
7.775,2.5568,0.005,0.17671,-0.03322,-5.456e-24,0,0.0027429,0.002648,1.0358,0.015909
7.725,2.6068,0.005,0.19408,-0.028523,-5.403e-24,0,0.0026805,0.0024623,1.0886,0.015701
7.675,2.6569,0.005,0.21212,-0.0241,3.3079e-24,0,0.0025565,0.002249,1.1367,0.015457
7.625,2.7069,0.005,0.2305,-0.019946,-3.1567e-37,0,0.0023657,0.0020026,1.1813,0.015167
7.575,2.7569,0.005,0.24881,-0.016056,-5.1719e-24,0,0.0021043,0.0017127,1.2286,0.014823
7.525,2.807,0.005,0.26644,-0.012441,-4.8675e-24,0,0.0017715,0.0013642,1.2986,0.014416
7.475,2.86,0.005,0.28269,-0.0088775,1.5443e-24,0,0.001369,0.00093315,1.467,0.013973
7.425,2.916,0.005,0.29196,-0.005208,8.0663e-25,0,0.0010141,0.00047004,2.1575,0.013482
7.375,2.972,0.005,0.27303,-0.0018608,-1.0998e-25,0,0.0014025,0.00023548,5.956,0.01288
8.975,1.4058,0.005,0.00088671,-0.24072,4.276e-24,0,0.00098139,0.00017588,5.58,0.017662
8.925,1.4558,0.005,0.00096791,-0.25809,8.4248e-24,0,0.00081689,0.00048951,1.6688,0.017909
8.875,1.5059,0.005,0.0036838,-0.25731,-4.4949e-24,0,0.00094088,0.00081279,1.1576,0.01824
8.825,1.5559,0.005,0.0058334,-0.25023,2.3067e-37,0,0.0010686,0.0010588,1.0093,0.018448
8.775,1.606,0.005,0.0090657,-0.23919,-5.0341e-24,0,0.001204,0.0012931,0.93103,0.018654
8.725,1.656,0.005,0.012551,-0.22572,-1.5033e-23,0,0.0013348,0.0015291,0.87294,0.018774
8.675,1.706,0.005,0.016654,-0.21099,-1.0411e-23,0,0.0014519,0.0017588,0.82551,0.018855
8.625,1.7561,0.005,0.021231,-0.19583,0,0,0.0015511,0.0019732,0.78611,0.018886
8.575,1.8061,0.005,0.026303,-0.18077,5.3316e-24,0,0.0016344,0.0021676,0.75401,0.018875
8.525,1.8562,0.005,0.031848,-0.16612,4.4328e-25,0,0.0017061,0.0023412,0.7287,0.018825
8.475,1.9062,0.005,0.037855,-0.15209,-6.1616e-24,0,0.001771,0.0024951,0.70977,0.018743
8.425,1.9563,0.005,0.044321,-0.13879,-6.2608e-24,0,0.0018337,0.002631,0.69697,0.018637
8.375,2.0063,0.005,0.051251,-0.12629,-4.6117e-24,0,0.0018981,0.00275,0.69024,0.018512
8.325,2.0563,0.005,0.058669,-0.11464,-8.9468e-25,0,0.001967,0.0028522,0.68963,0.018376
8.275,2.1064,0.005,0.066612,-0.10382,6.2676e-24,0,0.0020421,0.0029371,0.69527,0.018234
8.225,2.1564,0.005,0.07514,-0.093812,-8.8284e-37,0,0.0021242,0.0030031,0.70733,0.018089
8.175,2.2065,0.005,0.084328,-0.084574,-1.1434e-23,0,0.002213,0.0030479,0.72609,0.017943
8.125,2.2565,0.005,0.094268,-0.076051,-1.1354e-23,0,0.0023076,0.0030684,0.75203,0.017799
8.075,2.3066,0.005,0.10506,-0.068187,-5.2046e-24,0,0.0024043,0.0030627,0.78504,0.017657
8.025,2.3566,0.005,0.11683,-0.060918,-6.939e-24,0,0.0024983,0.0030287,0.82489,0.017514
7.975,2.4066,0.005,0.12965,-0.054182,-5.1221e-24,0,0.0025827,0.0029653,0.87095,0.017367
7.925,2.4567,0.005,0.14361,-0.047916,6.0228e-24,0,0.0026482,0.0028726,0.92191,0.017214
7.875,2.5067,0.005,0.15874,-0.042058,6.006e-24,0,0.0026841,0.0027512,0.97564,0.017046
7.825,2.5568,0.005,0.17496,-0.036555,-1.2568e-24,0,0.0026787,0.0026021,1.0294,0.016857
7.775,2.6068,0.005,0.19213,-0.031369,-1.4901e-24,0,0.0026211,0.0024253,1.0807,0.016636
7.725,2.6569,0.005,0.21,-0.026484,-8.1802e-24,0,0.0025031,0.0022188,1.1281,0.016374
7.675,2.7069,0.005,0.22822,-0.021894,-1.1638e-23,0,0.002319,0.0019771,1.1729,0.016059
7.625,2.7569,0.005,0.24641,-0.017597,-4.3621e-25,0,0.0020648,0.0016905,1.2215,0.015683
7.575,2.807,0.005,0.26392,-0.013614,-9.4249e-24,0,0.0017401,0.0013444,1.2944,0.015236
7.525,2.86,0.005,0.27998,-0.0096768,4.5836e-24,0,0.0013482,0.00091786,1.4688,0.014751
7.475,2.916,0.005,0.28904,-0.0056747,-5.6609e-24,0,0.001005,0.00046351,2.1683,0.014207
7.425,2.972,0.005,0.26996,-0.0020063,6.8627e-24,0,0.0013871,0.00023418,5.923,0.01354
8.975,1.4558,0.005,0.0011394,-0.24004,7.65e-25,0,0.00097069,0.00017491,5.5495,0.018141
8.925,1.5059,0.005,0.0014777,-0.25683,-5.0439e-24,0,0.00083121,0.00049708,1.6722,0.018455
8.875,1.5559,0.005,0.0046848,-0.25581,7.8673e-24,0,0.00095475,0.00081496,1.1715,0.018873
8.825,1.606,0.005,0.0072132,-0.24863,5.5094e-24,0,0.0010772,0.0010531,1.0228,0.019137
8.775,1.656,0.005,0.010905,-0.2375,-1.5958e-24,0,0.0012073,0.0012808,0.9426,0.019404
8.725,1.706,0.005,0.014841,-0.22395,-9.8782e-24,0,0.0013337,0.0015106,0.88286,0.019571
8.675,1.7561,0.005,0.019415,-0.20918,1.4029e-37,0,0.001448,0.0017346,0.83476,0.01969
8.625,1.8061,0.005,0.024482,-0.194,1.8197e-23,0,0.0015464,0.0019437,0.79563,0.019747
8.575,1.8562,0.005,0.030065,-0.17896,1.8436e-23,0,0.0016309,0.002133,0.76461,0.019752
8.525,1.9062,0.005,0.036136,-0.16436,6.9103e-24,0,0.0017054,0.0023013,0.74106,0.019713
8.475,1.9563,0.005,0.042686,-0.1504,-1.2759e-23,0,0.0017747,0.0024496,0.72447,0.019637
8.425,2.0063,0.005,0.049712,-0.13719,-6.0196e-24,0,0.0018427,0.002579,0.71448,0.019532
8.375,2.0563,0.005,0.057225,-0.1248,1.2759e-23,0,0.0019128,0.0026904,0.71096,0.019408
8.325,2.1064,0.005,0.065257,-0.11324,6.7918e-24,0,0.0019873,0.0027838,0.71389,0.019272
8.275,2.1564,0.005,0.073854,-0.1025,-5.0826e-38,0,0.0020675,0.0028582,0.72335,0.01913
8.225,2.2065,0.005,0.083087,-0.092552,-6.7015e-24,0,0.0021534,0.0029122,0.73945,0.018985
8.175,2.2565,0.005,0.093041,-0.083345,-8.4281e-40,0,0.0022443,0.002943,0.76259,0.018841
8.125,2.3066,0.005,0.10381,-0.07482,1.2332e-23,0,0.0023377,0.0029486,0.79281,0.018698
8.075,2.3566,0.005,0.11551,-0.066914,-3.6627e-37,0,0.0024287,0.0029271,0.82972,0.018555
8.025,2.4066,0.005,0.12823,-0.059563,-1.6913e-23,0,0.0025108,0.0028769,0.87274,0.018409
7.975,2.4567,0.005,0.14205,-0.052701,-1.3105e-23,0,0.0025755,0.0027973,0.92069,0.018254
7.925,2.5067,0.005,0.15699,-0.04627,1.0845e-23,0,0.0026123,0.0026885,0.97168,0.018084
7.875,2.5568,0.005,0.17301,-0.040216,1.3148e-24,0,0.0026099,0.0025506,1.0232,0.017889
7.825,2.6068,0.005,0.18998,-0.034505,-8.0926e-24,0,0.0025573,0.0023832,1.073,0.017658
7.775,2.6569,0.005,0.20766,-0.02912,-4.5443e-24,0,0.0024458,0.0021841,1.1198,0.017379
7.725,2.7069,0.005,0.22572,-0.024055,7.6735e-37,0,0.002269,0.0019478,1.1649,0.01704
7.675,2.7569,0.005,0.24377,-0.019313,1.6216e-23,0,0.0020228,0.0016649,1.2149,0.016632
7.625,2.807,0.005,0.26116,-0.014926,8.9224e-24,0,0.001707,0.001322,1.2912,0.016143
7.575,2.86,0.005,0.27703,-0.010571,4.4518e-24,0,0.0013265,0.000901,1.4722,0.015615
7.525,2.916,0.005,0.28586,-0.0061983,1.055e-24,0,0.00099586,0.00045651,2.1815,0.015013
7.475,2.972,0.005,0.26663,-0.0021704,0,0,0.0013707,0.0002328,5.888,0.014274
8.975,1.5059,0.005,0.0014206,-0.239,-7.9065e-24,0,0.00095905,0.00017386,5.5161,0.018715
8.925,1.5559,0.005,0.0020027,-0.25519,-5.9237e-24,0,0.00084615,0.00050461,1.6768,0.019101
8.875,1.606,0.005,0.0057934,-0.25388,-1.2275e-31,0,0.00096887,0.00081637,1.1868,0.019607
8.825,1.656,0.005,0.0087103,-0.24669,-2.4202e-24,0,0.0010858,0.0010464,1.0377,0.019931
8.775,1.706,0.005,0.0129,-0.23549,4.5705e-24,0,0.0012104,0.001267,0.95539,0.020258
8.725,1.7561,0.005,0.017328,-0.2219,6.7116e-24,0,0.0013323,0.0014902,0.89406,0.020471
8.675,1.8061,0.005,0.022418,-0.2071,1.3579e-23,0,0.001444,0.0017081,0.84538,0.020623
8.625,1.8562,0.005,0.028019,-0.19193,6.8035e-24,0,0.0015418,0.0019114,0.80662,0.020702
8.575,1.9062,0.005,0.034152,-0.17693,5.8106e-26,0,0.0016276,0.0020953,0.7768,0.02072
8.525,1.9563,0.005,0.040789,-0.16241,-1.3411e-31,0,0.0017051,0.0022581,0.75513,0.020687
8.475,2.0063,0.005,0.047918,-0.14855,-1.3871e-23,0,0.0017785,0.0024002,0.74097,0.020613
8.425,2.0563,0.005,0.05554,-0.13545,-4.0325e-37,0,0.0018514,0.0025227,0.73389,0.020509
8.375,2.1064,0.005,0.063674,-0.12316,1.2944e-23,0,0.0019266,0.002626,0.73366,0.020384
8.325,2.1564,0.005,0.072358,-0.1117,7.3069e-24,0,0.0020057,0.0027097,0.74018,0.020247
8.275,2.2065,0.005,0.081649,-0.10103,9.1389e-25,0,0.0020894,0.0027731,0.75345,0.020104
8.225,2.2565,0.005,0.091626,-0.09113,6.3031e-24,0,0.002177,0.0028141,0.77361,0.019961
8.175,2.3066,0.005,0.10238,-0.081929,7.1604e-24,0,0.002267,0.0028306,0.80089,0.019818
8.125,2.3566,0.005,0.11402,-0.073366,1.1094e-37,0,0.0023549,0.0028208,0.83482,0.019676
8.075,2.4066,0.005,0.12663,-0.065376,-9.2499e-25,0,0.0024347,0.0027831,0.8748,0.019531
8.025,2.4567,0.005,0.1403,-0.057895,-6.1027e-24,0,0.0024983,0.0027163,0.91976,0.019377
7.975,2.5067,0.005,0.15505,-0.050861,-7.1095e-24,0,0.002536,0.0026198,0.96801,0.019206
7.925,2.5568,0.005,0.17086,-0.044225,1.2871e-23,0,0.0025365,0.0024932,1.0174,0.019008
7.875,2.6068,0.005,0.18761,-0.037953,1.6593e-24,0,0.0024891,0.0023356,1.0657,0.018769
7.825,2.6569,0.005,0.20509,-0.032029,-2.6354e-23,0,0.0023844,0.0021444,1.1119,0.018475
7.775,2.7069,0.005,0.22298,-0.02645,-4.5268e-24,0,0.0022155,0.0019141,1.1575,0.018115
7.725,2.7569,0.005,0.24088,-0.021221,-3.1892e-24,0,0.001978,0.0016358,1.2092,0.017676
7.675,2.807,0.005,0.25813,-0.016393,3.8089e-24,0,0.0016719,0.0012968,1.2892,0.017143
7.625,2.86,0.005,0.27379,-0.011574,-3.3746e-24,0,0.0013039,0.00088243,1.4776,0.016573
7.575,2.916,0.005,0.28239,-0.0067856,8.2882e-24,0,0.00098655,0.00044901,2.1972,0.015908
7.525,2.972,0.005,0.263,-0.0023552,1.8948e-25,0,0.0013534,0.00023132,5.8507,0.015092
8.975,1.5559,0.005,0.0017305,-0.23758,7.2554e-24,0,0.00094652,0.00017272,5.48,0.019388
8.925,1.606,0.005,0.0025831,-0.25314,-6.8514e-24,0,0.0008618,0.00051209,1.6829,0.019853
8.875,1.656,0.005,0.006972,-0.25163,-1.0075e-23,0,0.00098324,0.00081696,1.2035,0.020448
8.825,1.706,0.005,0.010345,-0.2444,-7.1715e-24,0,0.0010944,0.0010384,1.0539,0.020833
8.775,1.7561,0.005,0.015065,-0.23315,7.3839e-24,0,0.0012134,0.0012515,0.96957,0.021219
8.725,1.8061,0.005,0.020036,-0.21953,1.5694e-24,0,0.0013307,0.0014676,0.90672,0.021475
8.675,1.8562,0.005,0.02569,-0.20474,-6.5578e-24,0,0.0014398,0.0016789,0.85755,0.021657
8.625,1.9062,0.005,0.031869,-0.18961,-2.1643e-23,0,0.0015371,0.0018761,0.81927,0.021753
8.575,1.9563,0.005,0.038592,-0.17468,-1.4829e-23,0,0.0016242,0.0020541,0.79075,0.021781
8.525,2.0063,0.005,0.04583,-0.16026,7.683e-24,0,0.0017046,0.0022108,0.77104,0.02175
8.475,2.0563,0.005,0.053573,-0.14651,7.2031e-24,0,0.0017819,0.0023464,0.7594,0.021675
8.425,2.1064,0.005,0.061826,-0.13354,0,0,0.001859,0.0024614,0.75528,0.021568
8.375,2.1564,0.005,0.070613,-0.12136,7.8798e-24,0,0.0019382,0.0025558,0.75835,0.021441
8.325,2.2065,0.005,0.07998,-0.10999,7.8415e-24,0,0.0020204,0.0026293,0.76843,0.021302
8.275,2.2565,0.005,0.089996,-0.099389,0,0,0.0021055,0.0026807,0.78544,0.02116
8.225,2.3066,0.005,0.10075,-0.089504,5.9437e-24,0,0.0021921,0.0027079,0.80954,0.021019
8.175,2.3566,0.005,0.11233,-0.080273,-5.9126e-24,0,0.002277,0.0027094,0.84041,0.020878
8.125,2.4066,0.005,0.12483,-0.071629,-1.4436e-23,0,0.0023545,0.0026838,0.8773,0.020735
8.075,2.4567,0.005,0.13834,-0.063508,1.5356e-23,0,0.002417,0.0026292,0.91927,0.020584
8.025,2.5067,0.005,0.1529,-0.055848,1.3097e-23,0,0.0024553,0.0025448,0.9648,0.020415
7.975,2.5568,0.005,0.16849,-0.048601,-9.0999e-24,0,0.0024587,0.0024296,1.012,0.020215
7.925,2.6068,0.005,0.18501,-0.041735,2.1512e-23,0,0.0024164,0.0022821,1.0589,0.019971
7.875,2.6569,0.005,0.20226,-0.035235,2.4564e-23,0,0.0023188,0.0020993,1.1046,0.019668
7.825,2.7069,0.005,0.21996,-0.029101,5.4671e-24,0,0.0021585,0.0018757,1.1507,0.019288
7.775,2.7569,0.005,0.23771,-0.023342,-1.5592e-23,0,0.0019304,0.0016026,1.2046,0.018819
7.725,2.807,0.005,0.25481,-0.018024,-1.1501e-23,0,0.0016349,0.0012685,1.2889,0.018242
7.675,2.86,0.005,0.27021,-0.012696,2.5871e-24,0,0.0012802,0.00086197,1.4852,0.017627
7.625,2.916,0.005,0.27859,-0.0074426,1.3709e-24,0,0.00097713,0.000441,2.2157,0.0169
7.575,2.972,0.005,0.25904,-0.0025631,0,0,0.0013349,0.00022974,5.8107,0.016
8.975,1.606,0.005,0.0020799,-0.23576,-9.503e-24,0,0.00093315,0.0001715,5.4412,0.02017
8.925,1.656,0.005,0.0032466,-0.25064,-1.0481e-23,0,0.00087817,0.00051945,1.6906,0.020712
8.875,1.706,0.005,0.0082635,-0.24896,-7.9236e-24,0,0.00099784,0.00081664,1.2219,0.021399
8.825,1.7561,0.005,0.012122,-0.24172,0,0,0.0011029,0.0010292,1.0716,0.02185
8.775,1.8061,0.005,0.017425,-0.23044,1.6514e-23,0,0.0012161,0.0012342,0.98532,0.022293
8.725,1.8562,0.005,0.022991,-0.21683,8.3171e-24,0,0.0013288,0.0014427,0.92103,0.022589
8.675,1.9062,0.005,0.029256,-0.20208,-8.2881e-24,0,0.0014352,0.0016468,0.87148,0.022794
8.625,1.9563,0.005,0.036056,-0.18702,0,0,0.001532,0.0018374,0.83378,0.022904
8.575,2.0063,0.005,0.043408,-0.17219,8.093e-24,0,0.0016204,0.0020088,0.80663,0.022935
8.525,2.0563,0.005,0.051281,-0.15789,1.6242e-23,0,0.0017033,0.002159,0.78895,0.022902
8.475,2.1064,0.005,0.059669,-0.14428,7.7804e-24,0,0.0017838,0.0022874,0.77985,0.022823
8.425,2.1564,0.005,0.06858,-0.13144,-8.4684e-24,0,0.0018642,0.002394,0.7787,0.022711
8.375,2.2065,0.005,0.078044,-0.11938,-1.5111e-23,0,0.001946,0.0024788,0.78503,0.022581
8.325,2.2565,0.005,0.088119,-0.10809,-7.4831e-24,0,0.0020293,0.0025412,0.79856,0.022442
8.275,2.3066,0.005,0.098878,-0.097523,6.5342e-24,0,0.0021131,0.0025795,0.81919,0.022301
8.225,2.3566,0.005,0.11041,-0.087621,9.1783e-24,0,0.0021952,0.0025923,0.8468,0.022162
8.175,2.4066,0.005,0.12282,-0.078317,7.3566e-24,0,0.0022703,0.0025782,0.88055,0.022021
8.125,2.4567,0.005,0.13617,-0.069544,-1.9454e-37,0,0.0023316,0.0025357,0.9195,0.021874
8.075,2.5067,0.005,0.15053,-0.061241,1.4314e-31,0,0.0023704,0.0024633,0.96232,0.021709
8.025,2.5568,0.005,0.16588,-0.053361,6.9568e-24,0,0.0023766,0.0023594,1.0073,0.021513
7.975,2.6068,0.005,0.18216,-0.04587,-1.7533e-24,0,0.0023394,0.0022222,1.0528,0.021268
7.925,2.6569,0.005,0.19918,-0.03876,6.7516e-24,0,0.0022491,0.0020482,1.0981,0.020958
7.875,2.7069,0.005,0.21667,-0.03203,-8.5184e-24,0,0.0020977,0.001832,1.145,0.020564
7.825,2.7569,0.005,0.23423,-0.025699,-1.2303e-23,0,0.0018798,0.0015649,1.2012,0.020068
7.775,2.807,0.005,0.25116,-0.01984,-4.5303e-25,0,0.0015958,0.0012367,1.2904,0.019449
7.725,2.86,0.005,0.2663,-0.013941,0,0,0.0012556,0.00083956,1.4956,0.018785
7.675,2.916,0.005,0.27443,-0.0081792,-8.8068e-24,0,0.00096761,0.00043245,2.2375,0.017996
7.625,2.972,0.005,0.2547,-0.0027971,0,0,0.0013152,0.00022804,5.7676,0.017006
8.975,1.656,0.005,0.0024667,-0.23347,-9.711e-24,0,0.000919,0.00017019,5.3997,0.02107
8.925,1.706,0.005,0.0039848,-0.24766,8.8348e-24,0,0.00089517,0.00052661,1.6999,0.021683
8.875,1.7561,0.005,0.0096416,-0.24589,1.2554e-23,0,0.0010126,0.0008153,1.242,0.022464
8.825,1.8061,0.005,0.014061,-0.23861,1.8118e-23,0,0.0011113,0.0010185,1.0911,0.022986
8.775,1.8562,0.005,0.020002,-0.22733,6.0966e-24,0,0.0012184,0.001215,1.0029,0.023484
8.725,1.9062,0.005,0.026219,-0.21377,-7.1673e-24,0,0.0013264,0.0014152,0.93725,0.023814
8.675,1.9563,0.005,0.033143,-0.19909,0,0,0.00143,0.0016115,0.88741,0.024037
8.625,2.0063,0.005,0.040605,-0.18415,-8.9109e-24,0,0.0015261,0.0017946,0.85037,0.024153
8.575,2.0563,0.005,0.048621,-0.16944,-1.751e-23,0,0.0016155,0.0019589,0.82465,0.024182
8.525,2.1064,0.005,0.057158,-0.1553,-1.7521e-23,0,0.0017004,0.0021018,0.80903,0.024143
8.475,2.1564,0.005,0.066215,-0.14184,-9.0683e-24,0,0.0017832,0.0022221,0.80247,0.024056
8.425,2.2065,0.005,0.075802,-0.12913,0,0,0.0018655,0.0023196,0.80422,0.023939
8.375,2.2565,0.005,0.085959,-0.11718,9.0202e-25,0,0.0019479,0.0023939,0.81369,0.023805
8.325,2.3066,0.005,0.096749,-0.10595,0,0,0.0020298,0.002444,0.8305,0.023667
8.275,2.3566,0.005,0.10826,-0.095387,-1.7801e-23,0,0.0021092,0.0024683,0.85451,0.023528
8.225,2.4066,0.005,0.12057,-0.085427,-2.3027e-23,0,0.0021822,0.0024658,0.88497,0.023391
8.175,2.4567,0.005,0.13377,-0.076,-9.8253e-24,0,0.0022423,0.0024351,0.92083,0.023248
8.125,2.5067,0.005,0.14792,-0.067045,0,0,0.0022816,0.0023744,0.96089,0.023089
8.075,2.5568,0.005,0.16303,-0.058515,7.6145e-24,0,0.0022903,0.002282,1.0037,0.022899
8.025,2.6068,0.005,0.17905,-0.050377,1.2944e-37,0,0.0022582,0.0021553,1.0478,0.022659
7.975,2.6569,0.005,0.19581,-0.042625,-2.7525e-23,0,0.0021754,0.0019907,1.0928,0.022347
7.925,2.7069,0.005,0.21306,-0.035262,-2.1818e-23,0,0.0020333,0.0017825,1.1407,0.021943
7.875,2.7569,0.005,0.23043,-0.028314,-1.4842e-24,0,0.0018262,0.0015223,1.1996,0.021425
7.825,2.807,0.005,0.24716,-0.021868,4.7061e-24,0,0.0015547,0.0012012,1.2943,0.020769
7.775,2.86,0.005,0.26202,-0.015333,3.7713e-24,0,0.0012302,0.00081513,1.5092,0.020062
7.725,2.916,0.005,0.26987,-0.0090115,-1.1603e-23,0,0.00095801,0.00042336,2.2629,0.019205
7.675,2.972,0.005,0.24994,-0.0030605,-1.2356e-23,0,0.0012941,0.0002262,5.7212,0.018118
8.975,1.706,0.005,0.0028867,-0.23069,-1.3909e-24,0,0.0009041,0.00016881,5.3558,0.02209
8.925,1.7561,0.005,0.0047865,-0.24414,9.9863e-24,0,0.00091259,0.00053343,1.7108,0.022768
8.875,1.8061,0.005,0.011128,-0.24234,2.4037e-23,0,0.0010275,0.00081285,1.264,0.023654
8.825,1.8562,0.005,0.016181,-0.23505,3.024e-23,0,0.0011195,0.0010063,1.1125,0.024247
8.775,1.9062,0.005,0.022823,-0.22379,3.3772e-24,0,0.0012203,0.0011936,1.0224,0.024793
8.725,1.9563,0.005,0.029745,-0.21032,0,0,0.0013233,0.0013847,0.95563,0.02515
8.675,2.0063,0.005,0.037374,-0.19577,-9.8514e-24,0,0.0014239,0.0015723,0.90563,0.025385
8.625,2.0563,0.005,0.045537,-0.18097,-9.18e-24,0,0.0015189,0.0017473,0.86932,0.0255
8.575,2.1064,0.005,0.054247,-0.16643,-1.8741e-31,0,0.0016087,0.0019036,0.84507,0.025521
8.525,2.1564,0.005,0.063469,-0.15246,3.6067e-37,0,0.0016947,0.0020382,0.83149,0.025471
8.475,2.2065,0.005,0.073207,-0.13916,-8.9456e-24,0,0.0017786,0.0021496,0.82742,0.025374
8.425,2.2565,0.005,0.083477,-0.12659,-8.7975e-24,0,0.001861,0.0022369,0.83194,0.025251
8.375,2.3066,0.005,0.094326,-0.11473,8.6996e-24,0,0.0019417,0.0022995,0.84439,0.025115
8.325,2.3566,0.005,0.10583,-0.10353,-8.9403e-25,0,0.0020191,0.0023361,0.8643,0.024978
8.275,2.4066,0.005,0.11806,-0.09293,-7.7223e-24,0,0.0020902,0.0023455,0.89117,0.024842
8.225,2.4567,0.005,0.13112,-0.08286,-9.4859e-24,0,0.0021493,0.0023266,0.92379,0.024705
8.175,2.5067,0.005,0.14506,-0.073256,-8.4729e-24,0,0.0021889,0.0022777,0.96103,0.024554
8.125,2.5568,0.005,0.15992,-0.06407,-1.3131e-24,0,0.0022002,0.0021966,1.0016,0.024373
8.075,2.6068,0.005,0.17566,-0.055269,-8.019e-24,0,0.002173,0.0020807,1.0444,0.024142
8.025,2.6569,0.005,0.19214,-0.046849,-1.9822e-23,0,0.0020976,0.001926,1.0891,0.023835
7.975,2.7069,0.005,0.20914,-0.038817,6.2581e-24,0,0.0019652,0.0017265,1.1383,0.023427
7.925,2.7569,0.005,0.22627,-0.031209,2.8627e-23,0,0.0017696,0.0014743,1.2003,0.022893
7.875,2.807,0.005,0.24277,-0.024125,2.0626e-23,0,0.0015116,0.0011617,1.3012,0.022203
7.825,2.86,0.005,0.25729,-0.016897,3.868e-24,0,0.0012039,0.00078857,1.5267,0.02146
7.775,2.916,0.005,0.26484,-0.0099462,1.2943e-23,0,0.00094837,0.00041375,2.2921,0.020535
7.725,2.972,0.005,0.2447,-0.0033566,-1.3863e-23,0,0.0012714,0.00022421,5.6708,0.019343
8.975,1.7561,0.005,0.0033484,-0.22737,1.0929e-23,0,0.00088852,0.00016735,5.3094,0.023235
8.925,1.8061,0.005,0.0056609,-0.24,1.1342e-23,0,0.00093015,0.00053978,1.7232,0.023988
8.875,1.8562,0.005,0.012749,-0.23826,1.1194e-23,0,0.0010423,0.00080914,1.2882,0.02498
8.825,1.9062,0.005,0.018518,-0.23097,-4.7939e-24,0,0.0011273,0.00099224,1.1361,0.025634
8.775,1.9563,0.005,0.025908,-0.21979,-2.2111e-31,0,0.0012215,0.0011697,1.0443,0.02622
8.725,2.0063,0.005,0.033591,-0.20646,-8.6572e-24,0,0.0013192,0.001351,0.97649,0.026597
8.675,2.0563,0.005,0.04197,-0.19207,9.4309e-24,0,0.0014165,0.001529,0.92645,0.026835
8.625,2.1064,0.005,0.050867,-0.17747,3.0611e-23,0,0.0015098,0.0016947,0.89095,0.026941
8.575,2.1564,0.005,0.060291,-0.16314,2.0512e-23,0,0.0015991,0.0018419,0.86818,0.026948
8.525,2.2065,0.005,0.070208,-0.14936,-1.0371e-23,0,0.0016851,0.0019672,0.8566,0.026883
8.475,2.2565,0.005,0.080627,-0.13624,-1.9888e-23,0,0.0017683,0.0020684,0.85491,0.026775
8.425,2.3066,0.005,0.091572,-0.12379,-9.3805e-24,0,0.0018486,0.0021444,0.86208,0.026645
8.375,2.3566,0.005,0.1031,-0.112,1.6524e-37,0,0.0019248,0.002194,0.8773,0.026509
8.325,2.4066,0.005,0.11528,-0.10079,1.8503e-23,0,0.0019943,0.0022158,0.90006,0.026375
8.275,2.4567,0.005,0.12821,-0.090095,4.0453e-23,0,0.0020525,0.002209,0.92918,0.026242
8.225,2.5067,0.005,0.14195,-0.079858,1.8313e-23,0,0.0020926,0.002172,0.96345,0.0261
8.175,2.5568,0.005,0.15655,-0.070022,0,0,0.0021063,0.0021026,1.0017,0.025931
8.125,2.6068,0.005,0.17199,-0.060552,-1.0435e-23,0,0.002084,0.0019978,1.0431,0.025714
8.075,2.6569,0.005,0.18817,-0.051448,-8.3558e-24,0,0.002016,0.0018534,1.0877,0.025419
8.025,2.7069,0.005,0.20487,-0.042718,-3.18e-24,0,0.0018935,0.0016634,1.1383,0.025016
7.975,2.7569,0.005,0.22173,-0.034409,1.368e-31,0,0.0017101,0.0014203,1.204,0.024473
7.925,2.807,0.005,0.23796,-0.026632,1.7608e-23,0,0.0014665,0.001118,1.3118,0.023755
7.875,2.86,0.005,0.25209,-0.018647,1.8741e-23,0,0.0011768,0.00075985,1.5487,0.022978
7.825,2.916,0.005,0.25929,-0.010984,2.3662e-24,0,0.00093873,0.00040362,2.3258,0.021991
7.775,2.972,0.005,0.23894,-0.0036871,1.554e-23,0,0.001247,0.00022204,5.616,0.020689
8.975,1.8061,0.005,0.0038617,-0.22345,1.2335e-23,0,0.00087229,0.00016581,5.2607,0.024515
8.925,1.8562,0.005,0.0065941,-0.23528,-4.2443e-24,0,0.00094731,0.00054545,1.7368,0.02536
8.875,1.9062,0.005,0.01455,-0.23358,-2.2425e-23,0,0.0010569,0.000804,1.3146,0.026441
8.825,1.9563,0.005,0.021092,-0.22635,-4.8906e-23,0,0.0011345,0.00097627,1.162,0.027148
8.775,2.0063,0.005,0.029282,-0.21529,-2.8537e-23,0,0.0012217,0.0011432,1.0687,0.027764
8.725,2.0563,0.005,0.037776,-0.20216,-1.1752e-23,0,0.0013138,0.0013136,1.0002,0.028151
8.675,2.1064,0.005,0.046945,-0.188,1.1125e-24,0,0.0014071,0.0014808,0.95026,0.028382
8.625,2.1564,0.005,0.056601,-0.17365,9.6172e-37,0,0.001498,0.001636,0.91565,0.028471
8.575,2.2065,0.005,0.066749,-0.15955,-1.0629e-23,0,0.0015857,0.001773,0.89439,0.028458
8.525,2.2565,0.005,0.077357,-0.14598,-1.0327e-23,0,0.00167,0.0018875,0.88476,0.028375
8.475,2.3066,0.005,0.08844,-0.13304,1.0106e-23,0,0.0017505,0.0019772,0.88535,0.028255
8.425,2.3566,0.005,0.10003,-0.1207,1.775e-37,0,0.0018261,0.0020403,0.89501,0.028121
8.375,2.4066,0.005,0.1122,-0.10893,-2.071e-23,0,0.0018945,0.0020753,0.9129,0.027986
8.325,2.4567,0.005,0.12501,-0.097661,-9.8816e-24,0,0.0019522,0.002081,0.93809,0.027855
8.275,2.5067,0.005,0.13856,-0.086821,0,0,0.0019928,0.0020563,0.96912,0.027722
8.225,2.5568,0.005,0.1529,-0.076355,9.7602e-24,0,0.0020088,0.0019989,1.005,0.027568
8.175,2.6068,0.005,0.16803,-0.066225,1.9107e-23,0,0.0019913,0.0019056,1.045,0.02737
8.125,2.6569,0.005,0.18388,-0.05643,2.2795e-23,0,0.0019308,0.0017722,1.0895,0.027093
8.075,2.7069,0.005,0.20025,-0.046982,2.309e-37,0,0.0018185,0.0015927,1.1418,0.026704
8.025,2.7569,0.005,0.21679,-0.037935,-7.6672e-24,0,0.0016478,0.0013601,1.2116,0.026163
7.975,2.807,0.005,0.23268,-0.02941,-1.8501e-23,0,0.0014197,0.0010698,1.327,0.025428
7.925,2.86,0.005,0.24637,-0.020596,-5.0613e-24,0,0.0011491,0.00072902,1.5762,0.024623
7.875,2.916,0.005,0.25316,-0.012136,-1.5956e-23,0,0.00092916,0.00039301,2.3642,0.023578
7.825,2.972,0.005,0.23259,-0.0040552,-5.9745e-37,0,0.0012205,0.00021967,5.5561,0.022163
8.975,1.8562,0.005,0.0044206,-0.21888,1.3896e-23,0,0.00085547,0.00016421,5.2098,0.025937
8.925,1.9062,0.005,0.0076452,-0.22999,5.0767e-37,0,0.00096386,0.00055029,1.7515,0.026867
8.875,1.9563,0.005,0.016526,-0.22828,-8.0005e-24,0,0.0010711,0.00079725,1.3435,0.028031
8.825,2.0063,0.005,0.023924,-0.22115,-1.2665e-36,0,0.0011408,0.00095812,1.1907,0.028786
8.775,2.0563,0.005,0.032962,-0.21027,1.2996e-23,0,0.0012206,0.0011136,1.0961,0.02942
8.725,2.1064,0.005,0.042315,-0.19738,-1.2581e-23,0,0.0013066,0.0012721,1.0271,0.029806
8.675,2.1564,0.005,0.052305,-0.18351,-2.2306e-23,0,0.0013952,0.0014273,0.97753,0.030018
8.625,2.2065,0.005,0.062733,-0.16946,-1.1647e-23,0,0.0014826,0.0015707,0.94394,0.030081
8.575,2.2565,0.005,0.073598,-0.15565,0,0,0.0015672,0.0016957,0.92422,0.030043
8.525,2.3066,0.005,0.084876,-0.14231,2.1784e-23,0,0.0016479,0.0017979,0.91653,0.02994
8.475,2.3566,0.005,0.096586,-0.12953,2.3265e-23,0,0.0017232,0.0018744,0.91935,0.029809
8.425,2.4066,0.005,0.10878,-0.11727,0,0,0.0017911,0.0019229,0.93148,0.029673
8.375,2.4567,0.005,0.12152,-0.10549,-3.338e-23,0,0.0018484,0.0019416,0.952,0.029542
8.325,2.5067,0.005,0.1349,-0.094097,-3.2508e-23,0,0.0018898,0.0019295,0.97941,0.029415
8.275,2.5568,0.005,0.14898,-0.083039,1.0505e-23,0,0.0019082,0.0018845,1.0126,0.029278
8.225,2.6068,0.005,0.16378,-0.072273,1.1774e-23,0,0.0018955,0.0018033,1.0511,0.029102
8.175,2.6569,0.005,0.17926,-0.061794,1.0036e-23,0,0.0018424,0.0016816,1.0956,0.028852
8.125,2.7069,0.005,0.19526,-0.051619,1.2567e-23,0,0.0017405,0.0015137,1.1498,0.028485
8.075,2.7569,0.005,0.21142,-0.041807,-1.3105e-23,0,0.0015831,0.0012932,1.2242,0.027958
8.025,2.807,0.005,0.2269,-0.032479,-1.4623e-23,0,0.0013713,0.0010172,1.3481,0.027219
7.975,2.86,0.005,0.24006,-0.022762,-1.6695e-23,0,0.0011208,0.0006962,1.6099,0.026396
7.925,2.916,0.005,0.24639,-0.013415,1.3888e-36,0,0.00091974,0.00038198,2.4078,0.025298
7.875,2.972,0.005,0.22558,-0.0044661,-2.061e-36,0,0.0011919,0.00021708,5.4905,0.023769
8.975,1.9062,0.005,0.0050189,-0.21358,0,0,0.0008381,0.00016253,5.1566,0.0275
8.925,1.9563,0.005,0.0088437,-0.2239,-3.118e-23,0,0.00098006,0.00055425,1.7683,0.028507
8.875,2.0063,0.005,0.018687,-0.22228,-1.4855e-23,0,0.0010846,0.00078864,1.3752,0.02975
8.825,2.0563,0.005,0.027026,-0.21531,1.4435e-23,0,0.0011459,0.00093754,1.2222,0.030544
8.775,2.1064,0.005,0.036966,-0.20467,1.3927e-23,0,0.0012179,0.0010808,1.1269,0.031182
8.725,2.1564,0.005,0.047213,-0.19211,-8.0516e-37,0,0.001297,0.0012262,1.0578,0.031551
8.675,2.2065,0.005,0.058042,-0.1786,-2.4795e-23,0,0.0013799,0.0013678,1.0088,0.031732
8.625,2.2565,0.005,0.069238,-0.16491,-1.219e-23,0,0.0014625,0.0014977,0.97648,0.031761
8.575,2.3066,0.005,0.080794,-0.15142,0,0,0.0015423,0.0016091,0.95845,0.031692
8.525,2.3566,0.005,0.092697,-0.13833,-1.2392e-23,0,0.0016171,0.0016972,0.95281,0.031571
8.475,2.4066,0.005,0.10498,-0.12569,-1.1264e-23,0,0.0016846,0.0017585,0.95799,0.031432
8.425,2.4567,0.005,0.11769,-0.11347,0,0,0.0017417,0.0017903,0.97285,0.031298
8.375,2.5067,0.005,0.13093,-0.1016,2.2441e-31,0,0.0017839,0.0017909,0.99606,0.031174
8.325,2.5568,0.005,0.14476,-0.090016,0,0,0.0018048,0.0017587,1.0262,0.031051
8.275,2.6068,0.005,0.15922,-0.078662,-2.3582e-23,0,0.0017968,0.0016902,1.0631,0.030901
8.225,2.6569,0.005,0.1743,-0.067524,-4.9365e-23,0,0.0017513,0.0015811,1.1076,0.030683
8.175,2.7069,0.005,0.18988,-0.056626,-3.4203e-23,0,0.0016599,0.0014261,1.1639,0.030349
8.125,2.7569,0.005,0.20558,-0.046029,-9.5975e-24,0,0.0015164,0.0012196,1.2433,0.029848
8.075,2.807,0.005,0.22056,-0.035843,7.7503e-24,0,0.0013219,0.00096045,1.3763,0.029123
8.025,2.86,0.005,0.23311,-0.025156,7.3829e-24,0,0.0010924,0.00066159,1.6512,0.028296
7.975,2.916,0.005,0.23888,-0.014827,0,0,0.00091054,0.00037058,2.4571,0.027155
7.925,2.972,0.005,0.21785,-0.0049241,6.0258e-25,0,0.0011607,0.00021423,5.4183,0.02551
8.975,1.9563,0.005,0.0056693,-0.20748,-2.2486e-23,0,0.00082024,0.00016079,5.1014,0.029205
8.925,2.0063,0.005,0.010158,-0.21706,-1.7107e-23,0,0.00099588,0.00055718,1.7874,0.030281
8.875,2.0563,0.005,0.021048,-0.21553,1.6109e-23,0,0.0010968,0.00077792,1.4099,0.03159
8.825,2.1064,0.005,0.030405,-0.20878,-3.0964e-31,0,0.0011493,0.00091425,1.2571,0.032413
8.775,2.1564,0.005,0.041298,-0.19846,1.1068e-23,0,0.0012129,0.0010443,1.1614,0.033036
8.725,2.2065,0.005,0.052468,-0.1863,-1.7491e-36,0,0.0012844,0.0011754,1.0928,0.033372
8.675,2.2565,0.005,0.064128,-0.17324,4.5658e-37,0,0.0013605,0.001302,1.0449,0.033508
8.625,2.3066,0.005,0.076063,-0.15997,2.5863e-23,0,0.0014367,0.0014166,1.0142,0.033494
8.575,2.3566,0.005,0.088261,-0.14683,-1.3149e-23,0,0.0015097,0.0015124,0.99819,0.033395
8.525,2.4066,0.005,0.10071,-0.13398,-2.3927e-23,0,0.0015762,0.0015842,0.99496,0.033258
8.475,2.4567,0.005,0.11348,-0.12146,0,0,0.0016331,0.0016282,1.003,0.033117
8.425,2.5067,0.005,0.12662,-0.10922,2.4618e-23,0,0.001676,0.0016411,1.0212,0.032992
8.375,2.5568,0.005,0.14022,-0.097195,3.6683e-23,0,0.0016994,0.0016216,1.048,0.032879
8.325,2.6068,0.005,0.15434,-0.085323,-1.5272e-36,0,0.0016961,0.0015662,1.0829,0.032753
8.275,2.6569,0.005,0.16899,-0.07358,-4.7234e-31,0,0.0016581,0.0014708,1.1274,0.032573
8.225,2.7069,0.005,0.18407,-0.061983,1.1412e-23,0,0.0015775,0.0013301,1.186,0.032283
8.175,2.7569,0.005,0.19923,-0.05059,4.2288e-24,0,0.0014484,0.0011397,1.2709,0.031822
8.125,2.807,0.005,0.2136,-0.039467,1.7428e-23,0,0.0012719,0.00089989,1.4134,0.031134
8.075,2.86,0.005,0.22544,-0.027793,2.8141e-23,0,0.0010642,0.00062556,1.7012,0.030312
8.025,2.916,0.005,0.23057,-0.016372,4.0713e-24,0,0.00090161,0.00035889,2.5122,0.029148
7.975,2.972,0.005,0.20931,-0.0054324,-2.5618e-36,0,0.0011269,0.00021107,5.3386,0.027387
8.975,2.0063,0.005,0.0063791,-0.20049,-1.9049e-23,0,0.00080191,0.00015898,5.044,0.031048
8.925,2.0563,0.005,0.011612,-0.20929,3.7304e-23,0,0.0010109,0.00055885,1.8089,0.032179
8.875,2.1064,0.005,0.023615,-0.20795,4.2406e-23,0,0.0011071,0.00076472,1.4477,0.033543
8.825,2.1564,0.005,0.034056,-0.20152,1.0548e-23,0,0.0011505,0.00088797,1.2956,0.034375
8.775,2.2065,0.005,0.045948,-0.1916,-1.5518e-23,0,0.0012051,0.001004,1.2003,0.034965
8.725,2.2565,0.005,0.058052,-0.17992,1.459e-23,0,0.0012681,0.0011194,1.1328,0.035248
8.675,2.3066,0.005,0.070507,-0.1674,1.3788e-23,0,0.0013361,0.0012294,1.0867,0.035326
8.625,2.3566,0.005,0.083116,-0.1546,6.0932e-37,0,0.0014042,0.0013269,1.0583,0.035265
8.575,2.4066,0.005,0.095871,-0.14183,1.2672e-23,0,0.0014683,0.001405,1.0451,0.035136
8.525,2.4567,0.005,0.10878,-0.12921,1.0399e-24,0,0.0015242,0.0014584,1.0451,0.034991
8.475,2.5067,0.005,0.1219,-0.11675,-1.338e-23,0,0.0015674,0.0014826,1.0572,0.03486
8.425,2.5568,0.005,0.13531,-0.10442,1.2603e-23,0,0.001593,0.0014749,1.0801,0.03475
8.375,2.6068,0.005,0.1491,-0.092143,1.3553e-23,0,0.0015943,0.0014326,1.1129,0.034645
8.325,2.6569,0.005,0.16329,-0.079877,2.6694e-23,0,0.0015639,0.0013514,1.1573,0.034503
8.275,2.7069,0.005,0.1778,-0.067629,3.9603e-23,0,0.0014943,0.0012265,1.2183,0.034266
8.225,2.7569,0.005,0.1923,-0.055448,1.5757e-23,0,0.00138,0.0010543,1.3089,0.033863
8.175,2.807,0.005,0.20595,-0.043338,1.9485e-23,0,0.0012219,0.00083635,1.461,0.033234
8.125,2.86,0.005,0.21699,-0.030683,3.1646e-23,0,0.0010364,0.00058854,1.7609,0.03243
8.075,2.916,0.005,0.22131,-0.018043,4.627e-24,0,0.00089245,0.00034693,2.5724,0.031258
8.025,2.972,0.005,0.1999,-0.0059884,2.7524e-23,0,0.0010899,0.00020759,5.2504,0.029394
8.975,2.0563,0.005,0.0071527,-0.19254,2.0887e-23,0,0.00078307,0.0001571,4.9844,0.03302
8.925,2.1064,0.005,0.013197,-0.20059,0,0,0.0010246,0.00055896,1.833,0.034191
8.875,2.1564,0.005,0.026401,-0.19947,3.3019e-37,0,0.0011146,0.00074867,1.4888,0.03559
8.825,2.2065,0.005,0.037972,-0.19345,-1.7268e-23,0,0.0011485,0.0008584,1.338,0.036408
8.775,2.2565,0.005,0.050866,-0.18405,-1.6047e-23,0,0.0011937,0.0009596,1.2439,0.036939
8.725,2.3066,0.005,0.063887,-0.17295,1.5735e-23,0,0.0012473,0.0010582,1.1787,0.037153
8.675,2.3566,0.005,0.077077,-0.16103,-1.3561e-23,0,0.0013059,0.00115,1.1356,0.037164
8.625,2.4066,0.005,0.090252,-0.14875,-2.792e-23,0,0.0013643,0.0012284,1.1106,0.037055
8.575,2.4567,0.005,0.10343,-0.13635,-1.2346e-37,0,0.0014174,0.0012869,1.1014,0.036904
8.525,2.5067,0.005,0.11664,-0.12392,2.6038e-31,0,0.0014602,0.0013197,1.1064,0.036762
8.475,2.5568,0.005,0.12994,-0.11146,-7.5193e-25,0,0.0014874,0.0013224,1.1248,0.036649
8.425,2.6068,0.005,0.14342,-0.098929,-1.3351e-23,0,0.0014929,0.0012922,1.1553,0.036557
8.375,2.6569,0.005,0.15713,-0.086263,-2.6974e-31,0,0.0014699,0.0012253,1.1996,0.036453
8.325,2.7069,0.005,0.17101,-0.073446,-2.2979e-39,0,0.0014114,0.0011172,1.2633,0.036277
8.275,2.7569,0.005,0.18475,-0.060494,-2.9468e-23,0,0.001312,0.00096493,1.3597,0.035949
8.225,2.807,0.005,0.19755,-0.047421,9.4725e-24,0,0.0011727,0.00077096,1.521,0.035396
8.175,2.86,0.005,0.2077,-0.033804,2.0997e-23,0,0.0010093,0.0005511,1.8315,0.034629
8.125,2.916,0.005,0.21106,-0.019829,2.5073e-23,0,0.00088293,0.00033476,2.6375,0.033462
8.075,2.972,0.005,0.18953,-0.006591,8.4228e-25,0,0.0010496,0.00020371,5.1523,0.031519
8.975,2.1064,0.005,0.0079929,-0.18352,2.6542e-23,0,0.00076365,0.00015514,4.9222,0.035106
8.925,2.1564,0.005,0.014915,-0.1908,-8.5973e-24,0,0.0010359,0.00055717,1.8593,0.036298
8.875,2.2065,0.005,0.029396,-0.19002,-2.9482e-23,0,0.001118,0.00072927,1.5331,0.037704
8.825,2.2565,0.005,0.042156,-0.18452,0,0,0.0011426,0.00082522,1.3846,0.038477
8.775,2.3066,0.005,0.056002,-0.17575,2.2573e-24,0,0.001178,0.00091097,1.2931,0.038923
8.725,2.3566,0.005,0.069838,-0.16535,-1.4506e-25,0,0.0012213,0.00099174,1.2315,0.039053
8.675,2.4066,0.005,0.083655,-0.15408,-2.8348e-31,0,0.0012693,0.001064,1.193,0.038996
8.625,2.4567,0.005,0.097253,-0.14234,-2.8614e-23,0,0.0013164,0.0011219,1.1734,0.038846
8.575,2.5067,0.005,0.11067,-0.13028,2.6948e-31,0,0.0013568,0.001159,1.1706,0.038685
8.525,2.5568,0.005,0.12394,-0.11797,4.1575e-23,0,0.0013845,0.0011697,1.1837,0.038558
8.475,2.6068,0.005,0.13718,-0.10539,2.4555e-37,0,0.0013936,0.00115,1.2119,0.038471
8.425,2.6569,0.005,0.15041,-0.092492,-1.4185e-23,0,0.0013776,0.0010965,1.2563,0.0384
8.375,2.7069,0.005,0.1636,-0.079227,-1.5643e-23,0,0.0013298,0.0010054,1.3227,0.038289
8.325,2.7569,0.005,0.17648,-0.065609,-3.1002e-23,0,0.0012453,0.00087392,1.425,0.038049
8.275,2.807,0.005,0.18833,-0.051691,1.0348e-23,0,0.0011247,0.00070517,1.595,0.037584
8.225,2.86,0.005,0.1975,-0.037111,1.2819e-23,0,0.00098328,0.00051385,1.9136,0.036879
8.175,2.916,0.005,0.19975,-0.021709,1.5666e-39,0,0.00087287,0.00032247,2.7068,0.035745
8.125,2.972,0.005,0.17813,-0.0072489,9.597e-25,0,0.0010055,0.00019939,5.043,0.033744
8.975,2.1564,0.005,0.0088983,-0.17336,0,0,0.00074351,0.00015308,4.8569,0.037282
8.925,2.2065,0.005,0.016733,-0.1799,0,0,0.001044,0.00055307,1.8876,0.038469
8.875,2.2565,0.005,0.032565,-0.17951,-9.8357e-24,0,0.0011157,0.00067475,1.5806,0.039845
8.825,2.3066,0.005,0.046488,-0.17471,0,0,0.0011316,0.00078808,1.4359,0.040535
8.775,2.3566,0.005,0.061242,-0.16668,-2.9774e-23,0,0.0011571,0.00085816,1.3483,0.040874
8.725,2.4066,0.005,0.075719,-0.15705,-1.4434e-23,0,0.0011897,0.0009204,1.2925,0.040908
8.675,2.4567,0.005,0.089948,-0.14648,1.4146e-23,0,0.0012259,0.00097202,1.2612,0.040788
8.625,2.5067,0.005,0.10376,-0.13523,2.7605e-31,0,0.0012605,0.0010084,1.25,0.040616
8.575,2.5568,0.005,0.11715,-0.12343,1.3856e-23,0,0.0012868,0.0010234,1.2574,0.040463
8.525,2.6068,0.005,0.13021,-0.11111,1.4184e-23,0,0.0012982,0.0010118,1.2831,0.040367
8.475,2.6569,0.005,0.143,-0.098222,1.5002e-23,0,0.0012883,0.00097017,1.3279,0.040319
8.425,2.7069,0.005,0.15548,-0.084738,1.498e-23,0,0.0012507,0.00089504,1.3974,0.040266
8.375,2.7569,0.005,0.16744,-0.070658,2.1086e-24,0,0.0011807,0.00078428,1.5055,0.040116
8.325,2.807,0.005,0.17827,-0.05604,1.2665e-23,0,0.0010786,0.00064078,1.6832,0.039753
8.275,2.86,0.005,0.18635,-0.040525,-1.052e-23,0,0.00095843,0.00047754,2.007,0.039134
8.225,2.916,0.005,0.18726,-0.023648,-3.5096e-23,0,0.00086195,0.00031015,2.7791,0.038074
8.175,2.972,0.005,0.16562,-0.0079638,-3.5529e-23,0,0.00095734,0.00019455,4.9207,0.036044
8.975,2.2065,0.005,0.0098612,-0.16197,-3.0944e-23,0,0.00072247,0.0001509,4.7877,0.039511
8.925,2.2565,0.005,0.018616,-0.16777,-2.4059e-23,0,0.0010472,0.00054622,1.9171,0.04066
8.875,2.3066,0.005,0.035833,-0.16785,2.0759e-23,0,0.0011072,0.00060108,1.6309,0.041958
8.825,2.3566,0.005,0.050837,-0.16391,1.2977e-40,0,0.0011138,0.00070245,1.492,0.04253
8.775,2.4066,0.005,0.066331,-0.15678,-4.7836e-23,0,0.0011302,0.00079723,1.4105,0.042742
8.725,2.4567,0.005,0.081268,-0.14797,-3.1549e-23,0,0.0011519,0.0008449,1.3633,0.04268
8.675,2.5067,0.005,0.095616,-0.13809,1.5505e-23,0,0.0011757,0.00087549,1.3429,0.042513
8.625,2.5568,0.005,0.1093,-0.12727,1.2593e-23,0,0.001197,0.00089022,1.3446,0.042339
8.575,2.6068,0.005,0.12233,-0.11559,0,0,0.0012086,0.00088357,1.3678,0.04222
8.525,2.6569,0.005,0.13476,-0.10307,2.0679e-25,0,0.0012034,0.00085141,1.4134,0.042174
8.475,2.7069,0.005,0.14657,-0.089677,1.5262e-23,0,0.0011751,0.00079062,1.4863,0.042164
8.425,2.7569,0.005,0.1576,-0.075403,1.6745e-23,0,0.0011189,0.00069924,1.6001,0.042096
8.375,2.807,0.005,0.16735,-0.060287,1.3334e-23,0,0.0010347,0.00057977,1.7846,0.041844
8.325,2.86,0.005,0.17419,-0.043931,1.2531e-24,0,0.00093479,0.00044294,2.1104,0.041342
8.275,2.916,0.005,0.17355,-0.025595,2.9764e-23,0,0.00084966,0.00029791,2.8521,0.040399
8.225,2.972,0.005,0.15194,-0.0087346,-5.4874e-36,0,0.00090468,0.00018913,4.7835,0.038384
8.975,2.2565,0.005,0.010868,-0.1493,-3.8246e-23,0,0.00070026,0.00014856,4.7135,0.041745
8.925,2.3066,0.005,0.020571,-0.15438,-2.4889e-23,0,0.0010439,0.00050798,1.9465,0.042818
8.875,2.3566,0.005,0.039043,-0.15501,2.4103e-36,0,0.0010929,0.00053855,1.6836,0.043985
8.825,2.4066,0.005,0.055,-0.15207,1.7554e-23,0,0.00109,0.00062226,1.553,0.044406
8.775,2.4567,0.005,0.070992,-0.14597,1.5882e-23,0,0.0010966,0.00070346,1.4804,0.044479
8.725,2.5067,0.005,0.086048,-0.13802,0,0,0.0011081,0.00076634,1.446,0.044333
8.675,2.5568,0.005,0.10018,-0.12876,0,0,0.0011193,0.00077647,1.4415,0.044141
8.625,2.6068,0.005,0.11336,-0.11824,-1.4803e-23,0,0.0011273,0.00077084,1.4624,0.043993
8.575,2.6569,0.005,0.12556,-0.10653,-1.4653e-23,0,0.0011244,0.00074496,1.5093,0.043929
8.525,2.7069,0.005,0.13679,-0.093619,1.0639e-36,0,0.0011038,0.0006959,1.5861,0.043937
8.475,2.7569,0.005,0.14693,-0.079503,-1.5523e-23,0,0.0010603,0.00062165,1.7057,0.043936
8.425,2.807,0.005,0.15553,-0.064181,1.2032e-23,0,0.00099315,0.00052386,1.8958,0.043799
8.375,2.86,0.005,0.16094,-0.047172,3.9111e-23,0,0.00091204,0.00041077,2.2203,0.043442
8.325,2.916,0.005,0.15855,-0.027478,8.0594e-24,0,0.00083525,0.00028586,2.9219,0.042659
8.275,2.972,0.005,0.13707,-0.0095221,4.2813e-23,0,0.00084718,0.00018302,4.629,0.040715
8.975,2.3066,0.005,0.01191,-0.13526,3.4545e-23,0,0.00067663,0.00014604,4.6333,0.043933
8.925,2.3566,0.005,0.022588,-0.13966,2.5157e-23,0,0.0010346,0.00046461,1.9756,0.044881
8.875,2.4066,0.005,0.042069,-0.14106,-6.4773e-24,0,0.0010728,0.00048616,1.7371,0.045857
8.825,2.4567,0.005,0.058684,-0.13923,3.1506e-23,0,0.0010605,0.00055526,1.6183,0.046102
8.775,2.5067,0.005,0.074817,-0.13419,2.8435e-23,0,0.0010576,0.00062361,1.5587,0.046042
8.725,2.5568,0.005,0.08959,-0.1271,1.3151e-23,0,0.0010589,0.00068649,1.5425,0.045835
8.675,2.6068,0.005,0.10307,-0.11835,2.621e-23,0,0.001058,0.00067791,1.5607,0.045647
8.625,2.6569,0.005,0.11524,-0.10798,1.4114e-23,0,0.0010535,0.00065468,1.6091,0.045549
8.575,2.7069,0.005,0.12603,-0.096031,-2.3388e-25,0,0.0010378,0.00061386,1.6907,0.045547
8.525,2.7569,0.005,0.13534,-0.082503,-1.4877e-23,0,0.0010053,0.00055356,1.816,0.045589
8.475,2.807,0.005,0.14275,-0.067368,1.2002e-23,0,0.00095367,0.00047428,2.0108,0.045558
8.425,2.86,0.005,0.1466,-0.050018,4.004e-23,0,0.00088924,0.00038154,2.3307,0.045361
8.375,2.916,0.005,0.14228,-0.029181,-3.0198e-23,0,0.00081755,0.00027404,2.9834,0.044779
8.325,2.972,0.005,0.12104,-0.010268,-4.3995e-23,0,0.00078446,0.00016719,4.4543,0.042972
8.975,2.3566,0.005,0.013011,-0.11981,6.7962e-24,0,0.00065195,0.00014335,4.548,0.046015
8.925,2.4066,0.005,0.024565,-0.12374,2.4318e-23,0,0.0010191,0.00042736,2.0027,0.04677
8.875,2.4567,0.005,0.044676,-0.12605,-1.8247e-23,0,0.0010465,0.00044277,1.7897,0.047495
8.825,2.5067,0.005,0.061528,-0.12538,-1.5598e-23,0,0.0010257,0.00049884,1.6871,0.047565
8.775,2.5568,0.005,0.077309,-0.1214,2.7947e-23,0,0.0010139,0.00055474,1.6458,0.047392
8.725,2.6068,0.005,0.091303,-0.11508,1.4188e-23,0,0.0010056,0.00060766,1.6549,0.047153
8.675,2.6569,0.005,0.1036,-0.10668,1.2396e-23,0,0.00099396,0.00058334,1.7039,0.047
8.625,2.7069,0.005,0.11413,-0.096253,9.2659e-37,0,0.00097883,0.00054672,1.7904,0.046965
8.575,2.7569,0.005,0.12272,-0.08384,-2.742e-23,0,0.0009537,0.0004963,1.9216,0.047016
8.525,2.807,0.005,0.12896,-0.069376,1.1509e-23,0,0.0009149,0.00043162,2.1197,0.047064
8.475,2.86,0.005,0.13116,-0.052115,1.6979e-23,0,0.00086468,0.00035551,2.4322,0.047022
8.425,2.916,0.005,0.12482,-0.030535,9.3063e-24,0,0.00079474,0.0002624,3.0287,0.046673
8.375,2.972,0.005,0.1039,-0.010962,4.576e-23,0,0.00071607,0.0001479,4.2557,0.045078
8.975,2.4066,0.005,0.014145,-0.10294,-1.1161e-22,0,0.00062606,0.00014047,4.4568,0.047894
8.925,2.4567,0.005,0.026294,-0.1068,-5.1606e-23,0,0.00099612,0.0003978,2.0243,0.048381
8.875,2.5067,0.005,0.046442,-0.11008,3.1241e-31,0,0.0010135,0.00040709,1.839,0.048837
8.825,2.5568,0.005,0.062998,-0.11052,1.2445e-23,0,0.00098567,0.00045003,1.7579,0.048751
8.775,2.6068,0.005,0.077858,-0.10752,1.9325e-37,0,0.00096624,0.00049425,1.7415,0.048496
8.725,2.6569,0.005,0.090457,-0.10181,-3.5995e-23,0,0.00094991,0.00053247,1.784,0.048263
8.675,2.7069,0.005,0.10087,-0.093534,-3.4586e-23,0,0.00092949,0.00049616,1.8734,0.048168
8.625,2.7569,0.005,0.10893,-0.082803,-1.2356e-23,0,0.00090631,0.00045096,2.0097,0.048193
8.575,2.807,0.005,0.11414,-0.0696,1.1988e-23,0,0.00087529,0.00039615,2.2095,0.048281
8.525,2.86,0.005,0.11467,-0.052995,-1.4981e-24,0,0.00083489,0.00033166,2.511,0.048364
8.475,2.916,0.005,0.10631,-0.031289,1.2899e-36,0,0.00076412,0.0002508,3.0467,0.048247
8.425,2.972,0.005,0.085829,-0.011584,4.9612e-23,0,0.00064162,0.00012911,4.0284,0.046942
8.975,2.4567,0.005,0.015222,-0.084938,-5.6007e-23,0,0.00059813,0.0001373,4.3563,0.049424
8.925,2.5067,0.005,0.027281,-0.089286,3.6379e-31,0,0.00096465,0.0003749,2.0373,0.049622
8.875,2.5568,0.005,0.04674,-0.093208,2.446e-23,0,0.00097294,0.00037657,1.8809,0.049838
8.825,2.6068,0.005,0.062419,-0.09457,0,0,0.00093981,0.0004072,1.8268,0.04963
8.775,2.6569,0.005,0.075686,-0.092423,1.197e-23,0,0.0009151,0.00044078,1.8436,0.049335
8.725,2.7069,0.005,0.086124,-0.087064,9.1393e-24,0,0.00089273,0.00046309,1.9278,0.049146
8.675,2.7569,0.005,0.093779,-0.078668,-3.4812e-25,0,0.00086538,0.00041871,2.0668,0.049112
8.625,2.807,0.005,0.098157,-0.067309,1.0211e-23,0,0.00083523,0.00036875,2.265,0.049193
8.575,2.86,0.005,0.097328,-0.051986,1.0856e-23,0,0.00079718,0.00030549,2.5521,0.049359
8.525,2.916,0.005,0.087265,-0.031186,1.0758e-23,0,0.00072085,0.00023718,3.0203,0.049425
8.475,2.972,0.005,0.067005,-0.012044,-8.7141e-23,0,0.00056063,0.00011038,3.7656,0.048473
8.975,2.5067,0.005,0.01606,-0.066021,4.5539e-23,0,0.00056625,0.00013359,4.2386,0.050518
8.925,2.5568,0.005,0.026944,-0.07129,1.4148e-23,0,0.00092328,0.00035109,2.0368,0.050489
8.875,2.6068,0.005,0.044927,-0.075461,1.4123e-36,0,0.00092237,0.00035136,1.907,0.050487
8.825,2.6569,0.005,0.058967,-0.077577,-9.8314e-41,0,0.00088604,0.00037117,1.886,0.050185
8.775,2.7069,0.005,0.06978,-0.07599,9.1829e-24,0,0.00085891,0.00039272,1.9448,0.049902
8.725,2.7569,0.005,0.077145,-0.070709,-1.4768e-31,0,0.000832,0.00040022,2.0789,0.04978
8.675,2.807,0.005,0.080951,-0.061797,1.6232e-23,0,0.00079678,0.00034169,2.2728,0.049816
8.625,2.86,0.005,0.078864,-0.048349,2.0231e-23,0,0.00075302,0.00027889,2.5385,0.049995
8.575,2.916,0.005,0.067973,-0.029672,1.4898e-23,0,0.00066637,0.00021684,2.9393,0.050138
8.525,2.972,0.005,0.048459,-0.012366,3.7176e-23,0,0.00047245,9.2389e-05,3.4568,0.049602
8.975,2.5568,0.005,0.01655,-0.044997,3.3769e-23,0,0.00052724,0.00012661,4.09,0.051296
8.925,2.6068,0.005,0.025328,-0.052629,-8.7338e-24,0,0.00086649,0.00033748,2.0077,0.051039
8.875,2.6569,0.005,0.040594,-0.057195,-1.0343e-23,0,0.0008567,0.00033681,1.9015,0.050787
8.825,2.7069,0.005,0.051704,-0.059762,-2.609e-24,0,0.00081916,0.0003418,1.9201,0.050431
8.775,2.7569,0.005,0.05889,-0.058183,-1.0128e-23,0,0.00079098,0.0003452,2.0282,0.050217
8.725,2.807,0.005,0.062061,-0.052238,4.7823e-24,0,0.00075455,0.00030523,2.2143,0.050193
8.675,2.86,0.005,0.059307,-0.040911,2.0714e-23,0,0.00070393,0.00025556,2.4537,0.050357
8.625,2.916,0.005,0.047434,-0.025097,4.5124e-24,0,0.00060084,0.00020867,2.7684,0.050444
8.575,2.972,0.005,0.027659,-0.010424,2.4723e-23,0,0.00037527,0.00010477,3.0808,0.05018
8.975,2.6068,0.005,0.017174,-0.025093,0,0,0.00048046,0.00012306,3.9043,0.051684
8.925,2.6569,0.005,0.022586,-0.034672,-5.3949e-25,0,0.00078958,0.00034247,1.9351,0.051217
8.875,2.7069,0.005,0.033538,-0.039538,-7.9384e-24,0,0.00076849,0.00033681,1.8436,0.050796
8.825,2.7569,0.005,0.039882,-0.041436,6.9628e-26,0,0.00072743,0.00032506,1.8987,0.050474
8.775,2.807,0.005,0.042037,-0.038788,4.5694e-24,0,0.00069025,0.00029782,2.0502,0.05037
8.725,2.86,0.005,0.03847,-0.030283,4.9365e-24,0,0.00063752,0.00024964,2.2619,0.050465
8.675,2.916,0.005,0.029066,-0.017734,-1.2538e-38,0,0.00052307,0.00020905,2.4782,0.05055
8.625,2.972,0.005,0.012727,-0.0070371,-1.6207e-23,0,0.00027342,0.00010397,2.6297,0.050384
8.975,2.6569,0.005,0.013131,-0.01335,1.7967e-31,0,0.00043008,0.00011643,3.6939,0.051631
8.925,2.7069,0.005,0.018309,-0.019111,-8.524e-24,0,0.00068855,0.00035758,1.8124,0.051075
8.875,2.7569,0.005,0.024244,-0.024143,1.0359e-23,0,0.00064781,0.0003571,1.7077,0.050637
8.825,2.807,0.005,0.025389,-0.025231,-1.3049e-24,0,0.00059324,0.00032787,1.7752,0.050425
8.775,2.86,0.005,0.021809,-0.020684,4.08e-24,0,0.0005346,0.00027538,1.9294,0.050436
8.725,2.916,0.005,0.011993,-0.011339,0,0,0.00041313,0.0002027,2.0382,0.050551
8.675,2.972,0.005,0.0022271,-0.0044435,-1.1783e-23,0,0.00016953,8.187e-05,2.0707,0.050478
8.975,2.7069,0.005,0.010611,0.0019069,-2.39e-23,0,0.00036499,0.00010726,3.403,0.051361
8.925,2.7569,0.005,0.012405,-0.0069539,1.0332e-23,0,0.00055218,0.00034047,1.6218,0.050777
8.875,2.807,0.005,0.01388,-0.012754,-1.1433e-23,0,0.00048797,0.00032958,1.4806,0.050453
8.825,2.86,0.005,0.010023,-0.012721,-6.9396e-25,0,0.00040788,0.00026956,1.5131,0.05038
8.775,2.916,0.005,0.0022151,-0.007798,-6.0708e-37,0,0.0002818,0.00018197,1.5486,0.050477
8.725,2.972,0.005,-0.0051018,-0.0034642,-6.1417e-37,0,7.6803e-05,4.921e-05,1.5607,0.050514
8.975,2.7569,0.005,0.0085368,0.011191,3.179e-23,0,0.0002961,9.6606e-05,3.065,0.051016
8.925,2.807,0.005,0.0053583,0.001473,-2.4582e-23,0,0.00038857,0.00028496,1.3636,0.050519
8.875,2.86,0.005,0.002612,-0.0051145,0,0,0.0003083,0.00026247,1.1746,0.050357
8.825,2.916,0.005,-0.0045563,-0.0042652,0,0,0.00017087,0.00015664,1.0909,0.050403
8.775,2.972,0.005,-0.010572,-0.0014624,1.1052e-24,0,4.7046e-05,3.0144e-05,1.5607,0.050504
8.975,2.807,0.005,0.006035,0.019149,-1.5474e-23,0,0.00022738,8.4657e-05,2.6859,0.050723
8.925,2.86,0.005,-0.0019403,0.0068667,-1.1198e-23,0,0.00022989,0.00019958,1.1519,0.050403
8.875,2.916,0.005,-0.0083054,0.0013519,3.7539e-24,0,0.00013063,0.00013054,1.0007,0.050378
8.825,2.972,0.005,-0.013632,0.0020925,1.3337e-37,0,3.956e-05,2.5348e-05,1.5607,0.050484
8.975,2.86,0.005,0.0030039,0.01956,-2.0385e-23,0,0.00015914,8.1286e-05,1.9578,0.050576
8.925,2.916,0.005,-0.0083222,0.0075636,3.8173e-24,0,0.00012585,0.00010286,1.2236,0.050447
8.875,2.972,0.005,-0.014876,0.0052549,1.5928e-23,0,4.4934e-05,2.8791e-05,1.5607,0.050504
8.975,2.916,0.005,-0.0016394,0.014983,-1.4519e-23,0,0.00010343,5.2828e-05,1.9578,0.050592
8.925,2.972,0.005,-0.0091076,0.0079629,-2.6094e-23,0,5.4676e-05,3.5033e-05,1.5607,0.050622
8.975,2.972,0.005,-0.0023702,0.011424,0,0,5.2691e-05,2.6914e-05,1.9578,0.050726
