"Points:0","Points:1","Points:2","U:0","U:1","U:2"
0.025,0.024,0.005,-0.0011468,0.00061451,6.2505e-25
0.075,0.024,0.005,-0.0018489,-0.00041822,-1.2983e-24
0.025,0.072,0.005,-0.00024197,0.0015607,3.2105e-25
0.125,0.024,0.005,-0.00091946,-0.0013025,7.6946e-39
0.075,0.072,0.005,0.00068348,-0.00031268,-1.2909e-24
0.025,0.12,0.005,0.00084646,0.00083829,8.0759e-25
0.175,0.024,0.005,0.00097744,-0.0019051,-1.1372e-38
0.125,0.072,0.005,0.0023861,-0.0021416,6.1316e-26
0.075,0.12,0.005,0.0023891,-0.0018735,-8.5327e-25
0.025,0.168,0.005,0.0013065,-0.00092732,1.0325e-24
0.225,0.024,0.005,0.003329,-0.0022697,4.417e-24
0.175,0.072,0.005,0.0047129,-0.0033339,-2.2646e-24
0.125,0.12,0.005,0.0046592,-0.0042908,-2.5499e-25
0.075,0.168,0.005,0.0035005,-0.0043494,1.3523e-24
0.025,0.216,0.005,0.001955,-0.0033992,-4.1947e-24
0.275,0.024,0.005,0.0061736,-0.0035258,0
0.225,0.072,0.005,0.0073959,-0.0039816,3.2415e-25
0.175,0.12,0.005,0.00719,-0.0057326,-1.9904e-24
0.125,0.168,0.005,0.0061202,-0.0068281,-7.7017e-25
0.075,0.216,0.005,0.0041769,-0.0070824,-1.3748e-24
0.025,0.264,0.005,0.0023227,-0.0063635,6.129e-24
0.325,0.024,0.005,0.0093893,-0.0034542,-6.9266e-25
0.275,0.072,0.005,0.010244,-0.0043725,1.683e-24
0.225,0.12,0.005,0.0098364,-0.0065252,-1.7401e-24
0.175,0.168,0.005,0.008771,-0.0082815,2.9573e-25
0.125,0.216,0.005,0.0069808,-0.0094467,4.3164e-25
0.075,0.264,0.005,0.0044892,-0.0098737,2.2068e-24
0.025,0.312,0.005,0.0023414,-0.0093562,5.7625e-24
0.375,0.024,0.005,0.012757,-0.003086,0
0.325,0.072,0.005,0.013084,-0.00447,-4.4326e-24
0.275,0.12,0.005,0.012484,-0.0069397,-2.7046e-24
0.225,0.168,0.005,0.011342,-0.0090541,8.4324e-25
0.175,0.216,0.005,0.009651,-0.010779,-5.6221e-39
0.125,0.264,0.005,0.007382,-0.012064,1.6511e-39
0.075,0.312,0.005,0.0045471,-0.012709,5.9808e-24
0.025,0.36,0.005,0.0022527,-0.012343,0
0.425,0.024,0.005,0.015857,-0.0027815,0
0.375,0.072,0.005,0.01585,-0.0043589,-4.3787e-24
0.325,0.12,0.005,0.015044,-0.007047,-9.8043e-25
0.275,0.168,0.005,0.013826,-0.0093837,2.1046e-24
0.225,0.216,0.005,0.012133,-0.011439,1.1709e-24
0.175,0.264,0.005,0.0099997,-0.01321,-5.712e-39
0.125,0.312,0.005,0.0074359,-0.014643,2.0102e-24
0.075,0.36,0.005,0.0044572,-0.015513,-3.1795e-24
0.025,0.408,0.005,0.0021298,-0.015235,6.3992e-25
0.475,0.024,0.005,0.01875,-0.0025318,-4.7747e-24
0.425,0.072,0.005,0.01857,-0.0041401,-2.9898e-24
0.375,0.12,0.005,0.017531,-0.0069116,-1.5427e-24
0.325,0.168,0.005,0.016201,-0.0093931,4.0792e-39
0.275,0.216,0.005,0.01448,-0.011651,1.175e-24
0.225,0.264,0.005,0.012378,-0.013706,2.0164e-24
0.175,0.312,0.005,0.0099598,-0.015552,1.6419e-24
0.125,0.36,0.005,0.0072504,-0.017135,1.4923e-24
0.075,0.408,0.005,0.0042665,-0.018202,1.924e-38
0.025,0.456,0.005,0.0019823,-0.017989,-5.2108e-24
0.525,0.024,0.005,0.021441,-0.0023134,-1.0056e-23
0.475,0.072,0.005,0.021199,-0.0038796,-5.3074e-24
0.425,0.12,0.005,0.01996,-0.0066325,1.594e-24
0.375,0.168,0.005,0.018484,-0.0091734,2.4246e-24
0.325,0.216,0.005,0.016702,-0.011554,-8.8524e-39
0.275,0.264,0.005,0.014597,-0.013778,-1.707e-25
0.225,0.312,0.005,0.012223,-0.015858,-1.0189e-24
0.175,0.36,0.005,0.0096472,-0.017783,-2.656e-24
0.125,0.408,0.005,0.0069018,-0.019496,-3.2801e-39
0.075,0.456,0.005,0.0040061,-0.020727,1.3464e-25
0.025,0.50502,0.005,0.0018192,-0.02058,-2.0703e-25
0.575,0.024,0.005,0.023933,-0.0021147,3.4911e-24
0.525,0.072,0.005,0.023693,-0.0036078,1.3136e-38
0.475,0.12,0.005,0.022308,-0.0062841,-1.5572e-24
0.425,0.168,0.005,0.020688,-0.0088101,-9.3472e-39
0.375,0.216,0.005,0.01882,-0.011246,4.0189e-39
0.325,0.264,0.005,0.016682,-0.013566,-2.3927e-24
0.275,0.312,0.005,0.014316,-0.015781,-3.7517e-24
0.225,0.36,0.005,0.011785,-0.01789,-9.9362e-25
0.175,0.408,0.005,0.0091484,-0.019884,9.1937e-25
0.125,0.456,0.005,0.0064461,-0.021702,-2.158e-24
0.075,0.50502,0.005,0.0036983,-0.023103,-1.2848e-25
0.025,0.55506,0.005,0.0016418,-0.023025,4.3531e-24
0.625,0.024,0.005,0.026231,-0.0019314,1.5695e-24
0.575,0.072,0.005,0.026038,-0.0033371,5.2469e-24
0.525,0.12,0.005,0.024551,-0.0059055,0
0.475,0.168,0.005,0.022811,-0.0083676,-1.4974e-24
0.425,0.216,0.005,0.020851,-0.010803,-2.4742e-24
0.375,0.264,0.005,0.01866,-0.013165,-2.3944e-24
0.325,0.312,0.005,0.016274,-0.015453,-2.4957e-24
0.275,0.36,0.005,0.013752,-0.017664,-2.3952e-24
0.225,0.408,0.005,0.01115,-0.019798,-9.4436e-25
0.175,0.456,0.005,0.0085275,-0.021844,9.4725e-25
0.125,0.50502,0.005,0.0059135,-0.023772,-3.7236e-24
0.075,0.55506,0.005,0.0033575,-0.025298,3.2182e-24
0.025,0.60511,0.005,0.0014563,-0.025225,-3.7498e-24
0.675,0.024,0.005,0.028345,-0.0017569,6.3787e-24
0.625,0.072,0.005,0.02823,-0.0030728,-5.1086e-24
0.575,0.12,0.005,0.026676,-0.0055162,-4.7708e-24
0.525,0.168,0.005,0.024844,-0.0078852,-1.5474e-24
0.475,0.216,0.005,0.0228,-0.010279,0
0.425,0.264,0.005,0.020549,-0.012641,-1.1412e-24
0.375,0.312,0.005,0.018127,-0.014958,-1.1821e-24
0.325,0.36,0.005,0.015589,-0.017222,1.2395e-24
0.275,0.408,0.005,0.012991,-0.019429,1.3239e-24
0.225,0.456,0.005,0.010385,-0.021578,5.1058e-25
0.175,0.50502,0.005,0.0078157,-0.023688,2.4112e-24
0.125,0.55506,0.005,0.0053325,-0.025684,-1.417e-24
0.075,0.60511,0.005,0.0029997,-0.027247,-4.5068e-24
0.025,0.65515,0.005,0.0012678,-0.027178,3.1257e-25
0.725,0.024,0.005,0.030275,-0.0015894,8.3518e-24
0.675,0.072,0.005,0.030267,-0.0028169,-2.793e-24
0.625,0.12,0.005,0.028678,-0.0051265,-1.9218e-24
0.575,0.168,0.005,0.026779,-0.0073859,1.5724e-24
0.525,0.216,0.005,0.024667,-0.0097121,0
0.475,0.264,0.005,0.022359,-0.012041,-1.0969e-24
0.425,0.312,0.005,0.019894,-0.014355,-2.3024e-24
0.375,0.36,0.005,0.017325,-0.016639,1.1603e-24
0.325,0.408,0.005,0.01471,-0.01888,3.2552e-24
0.275,0.456,0.005,0.012097,-0.021077,2.5007e-24
0.225,0.50502,0.005,0.0095194,-0.023258,5.7104e-26
0.175,0.55506,0.005,0.007043,-0.025398,2.2075e-24
0.125,0.60511,0.005,0.0047322,-0.027385,3.8698e-24
0.075,0.65515,0.005,0.0026353,-0.028952,-2.2095e-24
0.025,0.70519,0.005,0.0010774,-0.028879,5.1648e-24
0.775,0.024,0.005,0.032033,-0.0014323,-8.0752e-24
0.725,0.072,0.005,0.032152,-0.0025702,1.5807e-24
0.675,0.12,0.005,0.030552,-0.0047416,-1.2855e-24
0.625,0.168,0.005,0.02861,-0.0068829,1.1109e-24
0.575,0.216,0.005,0.026448,-0.0091235,2.0813e-24
0.525,0.264,0.005,0.024093,-0.011397,1.2798e-24
0.475,0.312,0.005,0.021586,-0.013683,1.151e-25
0.425,0.36,0.005,0.018982,-0.015961,1.0964e-24
0.375,0.408,0.005,0.016335,-0.018214,2.2411e-24
0.325,0.456,0.005,0.013697,-0.02043,2.0792e-24
0.275,0.50502,0.005,0.011095,-0.022637,4.9893e-26
0.225,0.55506,0.005,0.008583,-0.024823,-2.878e-24
0.175,0.60511,0.005,0.0062471,-0.026927,-6.8217e-25
0.125,0.65515,0.005,0.0041261,-0.028874,8.2745e-25
0.075,0.70519,0.005,0.0022698,-0.030413,3.5167e-24
0.025,0.75523,0.005,0.00088588,-0.030329,1.5627e-25
0.825,0.024,0.005,0.033623,-0.0012853,1.0093e-24
0.775,0.072,0.005,0.033889,-0.0023332,-3.5944e-24
0.725,0.12,0.005,0.032298,-0.0043646,-1.4905e-38
0.675,0.168,0.005,0.030334,-0.0063834,5.6437e-25
0.625,0.216,0.005,0.02814,-0.008527,1.3912e-24
0.575,0.264,0.005,0.025751,-0.010729,1.2798e-24
0.525,0.312,0.005,0.023209,-0.012969,1.6894e-25
0.475,0.36,0.005,0.020568,-0.015222,1.0416e-24
0.425,0.408,0.005,0.017886,-0.017467,1.6975e-27
0.375,0.456,0.005,0.015213,-0.019687,1.0947e-39
0.325,0.50502,0.005,0.012572,-0.0219,1.1152e-24
0.275,0.55506,0.005,0.010014,-0.024096,-2.0766e-25
0.225,0.60511,0.005,0.0076184,-0.02623,-1.5076e-24
0.175,0.65515,0.005,0.0054426,-0.028273,-1.7439e-24
0.125,0.70519,0.005,0.0035217,-0.030151,-8.083e-25
0.075,0.75523,0.005,0.0019056,-0.031634,-3.3682e-27
0.025,0.80528,0.005,0.00069345,-0.031536,-2.3126e-24
0.875,0.024,0.005,0.035051,-0.0011468,3.2069e-24
0.825,0.072,0.005,0.035481,-0.0021052,-5.1709e-24
0.775,0.12,0.005,0.033916,-0.0039965,-2.2705e-24
0.725,0.168,0.005,0.03195,-0.0058906,2.5434e-24
0.675,0.216,0.005,0.02974,-0.0079307,1.8981e-24
0.625,0.264,0.005,0.02733,-0.010051,-5.1459e-39
0.575,0.312,0.005,0.024762,-0.012231,-9.7714e-25
0.525,0.36,0.005,0.02209,-0.014445,1.1212e-24
0.475,0.408,0.005,0.019373,-0.016667,1.0001e-24
0.425,0.456,0.005,0.01666,-0.018876,-3.8182e-26
0.375,0.50502,0.005,0.013974,-0.021086,-9.8848e-25
0.325,0.55506,0.005,0.011361,-0.023279,4.0762e-39
0.275,0.60511,0.005,0.0088997,-0.025415,8.2592e-25
0.225,0.65515,0.005,0.0066412,-0.027476,-7.0277e-25
0.175,0.70519,0.005,0.0046382,-0.029432,5.6217e-25
0.125,0.75523,0.005,0.0029226,-0.031215,1.0662e-38
0.075,0.80528,0.005,0.0015445,-0.032621,-1.986e-24
0.025,0.85532,0.005,0.00050152,-0.032504,-1.1512e-26
0.925,0.024,0.005,0.036323,-0.0010159,-3.8366e-24
0.875,0.072,0.005,0.03693,-0.0018853,-2.9948e-24
0.825,0.12,0.005,0.035408,-0.0036377,-1.0005e-38
0.775,0.168,0.005,0.033454,-0.0054069,9.6315e-25
0.725,0.216,0.005,0.031244,-0.0073394,-1.3389e-24
0.675,0.264,0.005,0.028826,-0.0093704,-2.1591e-24
0.625,0.312,0.005,0.026243,-0.01148,-9.3261e-25
0.575,0.36,0.005,0.023549,-0.013642,2.0645e-24
0.525,0.408,0.005,0.020799,-0.01583,2.0131e-24
0.475,0.456,0.005,0.018048,-0.018019,9.1333e-25
0.425,0.50502,0.005,0.015313,-0.020215,3.9042e-26
0.375,0.55506,0.005,0.012642,-0.022399,-9.534e-25
0.325,0.60511,0.005,0.01011,-0.024528,8.7202e-25
0.275,0.65515,0.005,0.0077669,-0.026587,7.7602e-25
0.225,0.70519,0.005,0.0056607,-0.028556,-6.627e-25
0.175,0.75523,0.005,0.003839,-0.030403,7.5172e-25
0.125,0.80528,0.005,0.0023306,-0.03207,1.435e-24
0.075,0.85532,0.005,0.0011893,-0.033377,7.1455e-25
0.025,0.90536,0.005,0.00031058,-0.033191,-1.7467e-41
0.975,0.024,0.005,0.037445,-0.0008916,7.1369e-25
0.925,0.072,0.005,0.038239,-0.0016727,2.3367e-24
0.875,0.12,0.005,0.036773,-0.003288,2.6976e-24
0.825,0.168,0.005,0.034847,-0.0049334,3.2579e-24
0.775,0.216,0.005,0.032651,-0.0067555,1.2965e-24
0.725,0.264,0.005,0.030238,-0.0086918,-2.0857e-24
0.675,0.312,0.005,0.027651,-0.010723,-1.1564e-24
0.625,0.36,0.005,0.024942,-0.012825,1.1042e-24
0.575,0.408,0.005,0.022167,-0.014968,9.9923e-39
0.525,0.456,0.005,0.019381,-0.017127,8.7187e-25
0.475,0.50502,0.005,0.016598,-0.019304,3.7029e-26
0.425,0.55506,0.005,0.013867,-0.021474,8.652e-39
0.375,0.60511,0.005,0.011264,-0.023593,-3.6763e-39
0.325,0.65515,0.005,0.0088345,-0.025643,7.1488e-39
0.275,0.70519,0.005,0.0066253,-0.027607,7.3444e-25
0.225,0.75523,0.005,0.0046825,-0.029464,1.7516e-26
0.175,0.80528,0.005,0.0030481,-0.031184,1.0565e-24
0.125,0.85532,0.005,0.0017479,-0.032716,8.0215e-25
0.075,0.90536,0.005,0.00084216,-0.033905,-4.9993e-25
0.025,0.9554,0.005,0.00011435,-0.033663,-7.0762e-25
1.025,0.024,0.005,0.03842,-0.00077305,3.8985e-24
0.975,0.072,0.005,0.039413,-0.0014671,9.5686e-25
0.925,0.12,0.005,0.038015,-0.002947,-9.2436e-25
0.875,0.168,0.005,0.036127,-0.00447,-4.9848e-25
0.825,0.216,0.005,0.033957,-0.0061802,8.1844e-25
0.775,0.264,0.005,0.031561,-0.0080178,1.1767e-24
0.725,0.312,0.005,0.028981,-0.0099655,-8.518e-25
0.675,0.36,0.005,0.026267,-0.011998,6.5395e-25
0.625,0.408,0.005,0.023475,-0.014089,1.0442e-24
0.575,0.456,0.005,0.020659,-0.01621,-8.7218e-25
0.525,0.50502,0.005,0.017833,-0.018361,-9.9776e-25
0.475,0.55506,0.005,0.015043,-0.020513,-8.1234e-25
0.425,0.60511,0.005,0.012369,-0.022619,-1.5434e-25
0.375,0.65515,0.005,0.0098544,-0.024659,-7.2192e-25
0.325,0.70519,0.005,0.0075434,-0.026616,-1.9805e-24
0.275,0.75523,0.005,0.005481,-0.028469,-1.4017e-24
0.225,0.80528,0.005,0.0037098,-0.030198,-1.2242e-24
0.175,0.85532,0.005,0.0022671,-0.031774,-8.8365e-25
0.125,0.90536,0.005,0.0011757,-0.033157,-1.6033e-25
0.075,0.9554,0.005,0.00050184,-0.034202,-4.5051e-34
0.025,1.0054,0.005,-8.5591e-05,-0.033903,-3.3863e-25
1.075,0.024,0.005,0.039253,-0.00065955,5.5745e-25
1.025,0.072,0.005,0.040453,-0.0012679,9.1893e-25
0.975,0.12,0.005,0.039134,-0.0026139,-2.3789e-24
0.925,0.168,0.005,0.037295,-0.0040167,-4.7077e-25
0.875,0.216,0.005,0.035162,-0.0056142,2.7646e-39
0.825,0.264,0.005,0.032793,-0.0073502,3.3713e-25
0.775,0.312,0.005,0.030229,-0.009209,1.0911e-24
0.725,0.36,0.005,0.02752,-0.011167,-2.2415e-25
0.675,0.408,0.005,0.02472,-0.013198,-8.4229e-25
0.625,0.456,0.005,0.02188,-0.015274,8.0485e-25
0.575,0.50502,0.005,0.019016,-0.017392,8.079e-25
0.525,0.55506,0.005,0.016173,-0.019521,9.9158e-25
0.475,0.60511,0.005,0.013431,-0.021612,7.3439e-25
0.425,0.65515,0.005,0.010833,-0.023642,2.0521e-25
0.375,0.70519,0.005,0.0084227,-0.025592,-1.4368e-24
0.325,0.75523,0.005,0.0062433,-0.02744,-7.5052e-25
0.275,0.80528,0.005,0.0043375,-0.029168,-9.8268e-40
0.225,0.85532,0.005,0.0027443,-0.030753,-9.2244e-25
0.175,0.90536,0.005,0.0014969,-0.032173,5.3444e-25
0.125,0.9554,0.005,0.00061428,-0.033392,3.9073e-25
0.075,1.0054,0.005,0.00018433,-0.034289,-6.516e-25
0.025,1.0555,0.005,-0.00028679,-0.03392,1.3617e-24
1.125,0.024,0.005,0.039948,-0.00054999,-2.6737e-24
1.075,0.072,0.005,0.041364,-0.0010741,-2.8692e-24
1.025,0.12,0.005,0.040132,-0.0022889,1.4134e-24
0.975,0.168,0.005,0.038351,-0.0035733,3.1897e-24
0.925,0.216,0.005,0.036264,-0.0050577,1.4826e-24
0.875,0.264,0.005,0.033931,-0.00669,-4.4254e-39
0.825,0.312,0.005,0.031393,-0.0084559,-1.4113e-38
0.775,0.36,0.005,0.028698,-0.010334,2.0502e-24
0.725,0.408,0.005,0.025897,-0.012299,-1.1942e-24
0.675,0.456,0.005,0.023043,-0.014323,-2.3973e-24
0.625,0.50502,0.005,0.020147,-0.016401,-9.9077e-25
0.575,0.55506,0.005,0.017256,-0.018502,7.492e-25
0.525,0.60511,0.005,0.014451,-0.020575,1.656e-24
0.475,0.65515,0.005,0.011774,-0.022595,-8.1208e-40
0.425,0.70519,0.005,0.0092677,-0.024539,-5.8146e-25
0.375,0.75523,0.005,0.0069752,-0.026384,1.5777e-24
0.325,0.80528,0.005,0.0049386,-0.02811,8.1882e-25
0.275,0.85532,0.005,0.0031975,-0.029698,0
0.225,0.90536,0.005,0.0017875,-0.031127,-5.9293e-25
0.175,0.9554,0.005,0.00073869,-0.032379,2.1845e-26
0.125,1.0054,0.005,6.3239e-05,-0.03342,-5.3512e-25
0.075,1.0555,0.005,-0.00012905,-0.034172,1.7175e-24
0.025,1.1055,0.005,-0.00046167,-0.033714,-1.162e-24
1.175,0.024,0.005,0.040506,-0.00044395,2.3708e-24
1.125,0.072,0.005,0.042145,-0.00088505,-4.2853e-24
1.075,0.12,0.005,0.041012,-0.0019714,-1.4742e-24
1.025,0.168,0.005,0.039296,-0.0031397,4.3668e-39
0.975,0.216,0.005,0.037262,-0.004511,-2.0906e-24
0.925,0.264,0.005,0.034973,-0.0060379,-1.7364e-24
0.875,0.312,0.005,0.032469,-0.0077077,-7.4999e-25
0.825,0.36,0.005,0.029796,-0.0095008,7.7215e-25
0.775,0.408,0.005,0.027003,-0.011393,9.7196e-25
0.725,0.456,0.005,0.024142,-0.013359,7.515e-25
0.675,0.50502,0.005,0.021223,-0.015391,-3.1778e-26
0.625,0.55506,0.005,0.01829,-0.017459,-9.8678e-25
0.575,0.60511,0.005,0.015427,-0.01951,-6.8009e-25
0.525,0.65515,0.005,0.012677,-0.021518,-9.1642e-25
0.475,0.70519,0.005,0.01008,-0.023456,3.157e-25
0.425,0.75523,0.005,0.0076796,-0.025301,8.1903e-25
0.375,0.80528,0.005,0.005517,-0.027029,8.7029e-27
0.325,0.85532,0.005,0.0036325,-0.02862,7.0065e-25
0.275,0.90536,0.005,0.002063,-0.030055,7.982e-25
0.225,0.9554,0.005,0.00084073,-0.031318,3.1638e-39
0.175,1.0054,0.005,-6.3552e-06,-0.032389,-8.0171e-34
0.125,1.0555,0.005,-0.00047478,-0.033246,1.6834e-24
0.075,1.1055,0.005,-0.00046185,-0.033828,-1.8049e-24
0.025,1.1556,0.005,-0.00063797,-0.033285,-3.552e-24
1.225,0.024,0.005,0.040934,-0.0003407,3.801e-25
1.175,0.072,0.005,0.042809,-0.00070292,2.2276e-24
1.125,0.12,0.005,0.041775,-0.001662,-5.0323e-25
1.075,0.168,0.005,0.040131,-0.0027159,-8.8859e-40
1.025,0.216,0.005,0.038156,-0.0039746,-1.3433e-24
0.975,0.264,0.005,0.035918,-0.005395,-2.5832e-24
0.925,0.312,0.005,0.033455,-0.006966,-9.3891e-25
0.875,0.36,0.005,0.030812,-0.0086699,6.8705e-39
0.825,0.408,0.005,0.028035,-0.010485,-7.5734e-25
0.775,0.456,0.005,0.025175,-0.012386,0
0.725,0.50502,0.005,0.022239,-0.014366,2.8608e-25
0.675,0.55506,0.005,0.019272,-0.016393,4.3347e-25
0.625,0.60511,0.005,0.016359,-0.018418,6.598e-25
0.575,0.65515,0.005,0.013541,-0.020411,-6.0304e-25
0.525,0.70519,0.005,0.01086,-0.022343,-1.0698e-24
0.475,0.75523,0.005,0.0083571,-0.024188,-8.4226e-25
0.425,0.80528,0.005,0.0060744,-0.025921,0
0.375,0.85532,0.005,0.0040521,-0.02752,2.6477e-25
0.325,0.90536,0.005,0.002328,-0.028965,8.3351e-25
0.275,0.9554,0.005,0.00093608,-0.030237,6.4993e-25
0.225,1.0054,0.005,-9.4292e-05,-0.031323,4.5261e-25
0.175,1.0555,0.005,-0.00073676,-0.032207,2.4534e-25
0.125,1.1055,0.005,-0.0010042,-0.032875,5.9937e-25
0.075,1.1556,0.005,-0.00078721,-0.033287,-3.3221e-25
0.025,1.2056,0.005,-0.00081879,-0.032641,-1.6888e-24
1.275,0.024,0.005,0.041244,-0.00023968,-1.4653e-24
1.225,0.072,0.005,0.043342,-0.00054491,5.9799e-25
1.175,0.12,0.005,0.042429,-0.0013594,1.065e-24
1.125,0.168,0.005,0.040857,-0.0023024,6.4534e-25
1.075,0.216,0.005,0.038947,-0.003449,8.8392e-25
1.025,0.264,0.005,0.036765,-0.0047622,6.6312e-25
0.975,0.312,0.005,0.034349,-0.0062322,-6.9254e-25
0.925,0.36,0.005,0.031742,-0.0078432,-1.6529e-25
0.875,0.408,0.005,0.028988,-0.0095755,-1.1444e-40
0.825,0.456,0.005,0.026136,-0.011406,-1.4441e-24
0.775,0.50502,0.005,0.023191,-0.013327,-1.2059e-24
0.725,0.55506,0.005,0.020198,-0.015308,9.555e-25
0.675,0.60511,0.005,0.017241,-0.017301,5.6421e-39
0.625,0.65515,0.005,0.014363,-0.019274,-5.8639e-25
0.575,0.70519,0.005,0.011605,-0.021198,-8.9371e-25
0.525,0.75523,0.005,0.0090069,-0.023044,-4.3993e-25
0.475,0.80528,0.005,0.0066108,-0.024784,0
0.425,0.85532,0.005,0.0044571,-0.026395,-7.7042e-25
0.375,0.90536,0.005,0.0025844,-0.027853,-8.6357e-25
0.325,0.9554,0.005,0.0010281,-0.029141,-6.9225e-25
0.275,1.0054,0.005,-0.00018064,-0.030242,-2.5919e-39
0.225,1.0555,0.005,-0.0010136,-0.031143,-2.836e-25
0.175,1.1055,0.005,-0.0014586,-0.031834,1.2557e-24
0.125,1.1556,0.005,-0.0015241,-0.032312,5.7471e-25
0.075,1.2056,0.005,-0.0010993,-0.032538,-4.1008e-24
0.025,1.2557,0.005,-0.00099961,-0.03179,-2.0114e-37
1.325,0.024,0.005,0.04144,-0.00014676,2.586e-25
1.275,0.072,0.005,0.043788,-0.0003903,-1.7771e-24
1.225,0.12,0.005,0.042966,-0.0010707,-1.1514e-24
1.175,0.168,0.005,0.041478,-0.0018995,3.7787e-25
1.125,0.216,0.005,0.039636,-0.002935,-4.1779e-25
1.075,0.264,0.005,0.037514,-0.0041405,-6.2784e-40
1.025,0.312,0.005,0.035151,-0.0055079,8.0778e-25
0.975,0.36,0.005,0.032585,-0.0070229,-1.647e-24
0.925,0.408,0.005,0.02986,-0.008668,-1.5484e-24
0.875,0.456,0.005,0.027023,-0.010422,6.8678e-25
0.825,0.50502,0.005,0.024077,-0.012277,1.9994e-25
0.775,0.55506,0.005,0.021064,-0.014205,6.6913e-25
0.725,0.60511,0.005,0.018072,-0.016159,6.2752e-25
0.675,0.65515,0.005,0.015141,-0.018108,-1.486e-24
0.625,0.70519,0.005,0.012313,-0.02002,-1.0105e-24
0.575,0.75523,0.005,0.0096269,-0.021865,9.1535e-40
0.525,0.80528,0.005,0.0071247,-0.023614,6.7886e-25
0.475,0.85532,0.005,0.0048467,-0.025239,7.9626e-25
0.425,0.90536,0.005,0.0028322,-0.026716,-6.148e-25
0.375,0.9554,0.005,0.0011179,-0.028024,-4.4895e-26
0.325,1.0054,0.005,-0.00026361,-0.029146,-1.2164e-24
0.275,1.0555,0.005,-0.0012824,-0.030067,-6.2038e-25
0.225,1.1055,0.005,-0.0019206,-0.030778,8.1131e-25
0.175,1.1556,0.005,-0.0021678,-0.031275,-1.3071e-24
0.125,1.2056,0.005,-0.002031,-0.031556,1.7688e-24
0.075,1.2557,0.005,-0.001403,-0.031594,1.8132e-24
0.025,1.3057,0.005,-0.0011774,-0.030736,-1.1685e-23
1.375,0.024,0.005,0.041528,-6.6852e-05,2.0627e-25
1.325,0.072,0.005,0.044095,-0.00023388,-5.6862e-25
1.275,0.12,0.005,0.043393,-0.0007923,-1.3337e-24
1.225,0.168,0.005,0.041993,-0.0015102,0
1.175,0.216,0.005,0.040224,-0.0024333,1.5421e-38
1.125,0.264,0.005,0.038166,-0.0035314,-1.2744e-38
1.075,0.312,0.005,0.035859,-0.0047949,0
1.025,0.36,0.005,0.033339,-0.0062115,7.587e-25
0.975,0.408,0.005,0.030649,-0.0077655,-9.375e-26
0.925,0.456,0.005,0.027832,-0.0094374,-6.9643e-25
0.875,0.50502,0.005,0.024891,-0.011221,9.0826e-25
0.825,0.55506,0.005,0.021866,-0.013088,-2.4083e-25
0.775,0.60511,0.005,0.018846,-0.014996,-9.0019e-25
0.725,0.65515,0.005,0.01587,-0.016914,3.3797e-25
0.675,0.70519,0.005,0.01298,-0.018809,4.9432e-25
0.625,0.75523,0.005,0.010214,-0.02065,8.7248e-25
0.575,0.80528,0.005,0.0076138,-0.022406,6.6005e-25
0.525,0.85532,0.005,0.0052193,-0.024047,1.8669e-24
0.475,0.90536,0.005,0.0030703,-0.025547,9.1004e-25
0.425,0.9554,0.005,0.0012047,-0.026881,7.3674e-25
0.375,1.0054,0.005,-0.00034306,-0.02803,-3.8248e-34
0.325,1.0555,0.005,-0.0015418,-0.028978,-8.6505e-25
0.275,1.1055,0.005,-0.0023696,-0.029713,7.0897e-25
0.225,1.1556,0.005,-0.0028123,-0.030231,-1.2304e-24
0.175,1.2056,0.005,-0.0028602,-0.030531,1.4128e-24
0.125,1.2557,0.005,-0.0025221,-0.030613,1.1036e-24
0.075,1.3057,0.005,-0.0016978,-0.030459,-4.793e-24
0.025,1.3557,0.005,-0.0013519,-0.029486,6.3095e-24
1.425,0.024,0.005,0.041507,8.5894e-06,1.6171e-25
1.375,0.072,0.005,0.044284,-7.8328e-05,-4.8522e-25
1.325,0.12,0.005,0.043712,-0.0005162,-5.0002e-25
1.275,0.168,0.005,0.042403,-0.0011329,5.2277e-25
1.225,0.216,0.005,0.040713,-0.0019457,-6.9495e-26
1.175,0.264,0.005,0.038722,-0.0029361,6.8351e-25
1.125,0.312,0.005,0.036474,-0.0040953,6.1647e-25
1.075,0.36,0.005,0.034005,-0.0054116,6.8946e-25
1.025,0.408,0.005,0.031353,-0.0068711,7.1939e-25
0.975,0.456,0.005,0.028563,-0.0084564,5.7641e-25
0.925,0.50502,0.005,0.025633,-0.010161,6.6011e-25
0.875,0.55506,0.005,0.022602,-0.011962,1.0665e-24
0.825,0.60511,0.005,0.019561,-0.013817,3.3653e-25
0.775,0.65515,0.005,0.016548,-0.015695,3.2573e-25
0.725,0.70519,0.005,0.013603,-0.017567,0
0.675,0.75523,0.005,0.010766,-0.019399,4.6008e-25
0.625,0.80528,0.005,0.0080754,-0.021159,-2.0812e-25
0.575,0.85532,0.005,0.0055724,-0.022816,-1.2004e-38
0.525,0.90536,0.005,0.0032969,-0.02434,-1.2681e-25
0.475,0.9554,0.005,0.0012874,-0.025704,-7.636e-25
0.425,1.0054,0.005,-0.00041998,-0.026885,7.2126e-25
0.375,1.0555,0.005,-0.0017924,-0.027867,6.7296e-25
0.325,1.1055,0.005,-0.0028045,-0.028635,-9.4339e-25
0.275,1.1556,0.005,-0.0034389,-0.029182,-1.8979e-38
0.225,1.2056,0.005,-0.0036839,-0.029506,-6.0776e-25
0.175,1.2557,0.005,-0.0035321,-0.029608,-6.4898e-39
0.125,1.3057,0.005,-0.0029948,-0.029489,1.8605e-24
0.075,1.3557,0.005,-0.001982,-0.029143,-3.5587e-24
0.025,1.4058,0.005,-0.0015227,-0.028051,3.2679e-24
1.475,0.024,0.005,0.041373,8.1103e-05,1.2294e-25
1.425,0.072,0.005,0.044363,8.0579e-05,5.6888e-39
1.375,0.12,0.005,0.043929,-0.0002461,8.5765e-26
1.325,0.168,0.005,0.042712,-0.00076429,9.8068e-25
1.275,0.216,0.005,0.041103,-0.0014723,5.2241e-25
1.225,0.264,0.005,0.039184,-0.002356,2.9131e-39
1.175,0.312,0.005,0.036998,-0.0034107,0
1.125,0.36,0.005,0.034582,-0.0046256,0
1.075,0.408,0.005,0.031973,-0.0059881,0
1.025,0.456,0.005,0.029213,-0.0074829,-2.7154e-26
0.975,0.50502,0.005,0.026299,-0.0091044,2.7113e-26
0.925,0.55506,0.005,0.023269,-0.010831,6.2632e-25
0.875,0.60511,0.005,0.020213,-0.012624,1.4193e-24
0.825,0.65515,0.005,0.01717,-0.014456,-5.4108e-25
0.775,0.70519,0.005,0.014179,-0.016297,-1.3334e-24
0.725,0.75523,0.005,0.011278,-0.018114,-1.26e-24
0.675,0.80528,0.005,0.0085065,-0.019874,-8.516e-25
0.625,0.85532,0.005,0.0059036,-0.021543,-8.3701e-25
0.575,0.90536,0.005,0.0035095,-0.023091,-1.0601e-24
0.525,0.9554,0.005,0.0013638,-0.024487,-8.2087e-25
0.475,1.0054,0.005,-0.00049595,-0.025706,-7.4744e-25
0.425,1.0555,0.005,-0.0020354,-0.026727,3.0392e-25
0.375,1.1055,0.005,-0.0032261,-0.027536,6.5721e-25
0.325,1.1556,0.005,-0.0040474,-0.02812,6.2434e-25
0.275,1.2056,0.005,-0.0044851,-0.028477,-1.0803e-24
0.225,1.2557,0.005,-0.0045307,-0.028606,6.33e-25
0.175,1.3057,0.005,-0.0041796,-0.028509,-3.0567e-25
0.125,1.3557,0.005,-0.0034464,-0.028191,7.4967e-25
0.075,1.4058,0.005,-0.0022537,-0.027654,8.0674e-38
0.025,1.4558,0.005,-0.0016889,-0.026439,-1.1588e-23
1.525,0.024,0.005,0.041126,0.00015189,9.057e-26
1.475,0.072,0.005,0.044338,0.00024291,1.582e-39
1.425,0.12,0.005,0.044048,1.6784e-05,8.1616e-27
1.375,0.168,0.005,0.042925,-0.00040618,4.5683e-25
1.325,0.216,0.005,0.041397,-0.0010119,9.2132e-25
1.275,0.264,0.005,0.039553,-0.0017923,5.3256e-25
1.225,0.312,0.005,0.037433,-0.0027431,4.9981e-25
1.175,0.36,0.005,0.035072,-0.0038561,5.4064e-25
1.125,0.408,0.005,0.032509,-0.00512,0
1.075,0.456,0.005,0.029783,-0.0065212,6.2428e-25
1.025,0.50502,0.005,0.026889,-0.0080545,-5.408e-26
0.975,0.55506,0.005,0.023865,-0.0097006,-7.4826e-25
0.925,0.60511,0.005,0.0208,-0.011425,2.0028e-25
0.875,0.65515,0.005,0.017734,-0.013203,-8.075e-25
0.825,0.70519,0.005,0.014705,-0.015004,1.8818e-33
0.775,0.75523,0.005,0.011749,-0.016798,1.236e-24
0.725,0.80528,0.005,0.0089041,-0.018551,1.6855e-24
0.675,0.85532,0.005,0.0062099,-0.020228,-6.1856e-25
0.625,0.90536,0.005,0.0037059,-0.021797,-1.1926e-25
0.575,0.9554,0.005,0.0014321,-0.023226,-1.537e-26
0.525,1.0054,0.005,-0.00057279,-0.024484,-6.7904e-25
0.475,1.0555,0.005,-0.0022725,-0.02555,-1.8354e-24
0.425,1.1055,0.005,-0.0036359,-0.026405,2.339e-24
0.375,1.1556,0.005,-0.0046389,-0.027035,2.4698e-25
0.325,1.2056,0.005,-0.0052645,-0.027434,-1.6165e-24
0.275,1.2557,0.005,-0.0055024,-0.027601,6.0882e-25
0.225,1.3057,0.005,-0.0053476,-0.027536,-7.503e-25
0.175,1.3557,0.005,-0.0047988,-0.027243,7.713e-25
0.125,1.4058,0.005,-0.0038741,-0.026728,8.6042e-25
0.075,1.4558,0.005,-0.0025111,-0.026003,-2.2268e-24
0.025,1.5059,0.005,-0.00185,-0.024663,-3.6839e-24
1.575,0.024,0.005,0.04077,0.00022101,2.3008e-25
1.525,0.072,0.005,0.044219,0.00039867,-2.3657e-25
1.475,0.12,0.005,0.04407,0.00026861,-6.1821e-25
1.425,0.168,0.005,0.043047,-5.9137e-05,0
1.375,0.216,0.005,0.041601,-0.00056484,0
1.325,0.264,0.005,0.039831,-0.0012449,-1.3558e-25
1.275,0.312,0.005,0.037779,-0.0020938,2.0391e-39
1.225,0.36,0.005,0.035477,-0.0031053,5.8125e-25
1.175,0.408,0.005,0.032962,-0.0042699,5.0797e-25
1.125,0.456,0.005,0.030274,-0.0055753,0
1.075,0.50502,0.005,0.027404,-0.0070167,0
1.025,0.55506,0.005,0.02439,-0.0085772,5.9964e-25
0.975,0.60511,0.005,0.021322,-0.010226,5.6978e-25
0.925,0.65515,0.005,0.018239,-0.011941,-5.2454e-25
0.875,0.70519,0.005,0.015177,-0.013694,-1.3868e-25
0.825,0.75523,0.005,0.012174,-0.015456,-1.2049e-24
0.775,0.80528,0.005,0.0092653,-0.017194,-5.1803e-25
0.725,0.85532,0.005,0.0064889,-0.018873,-2.9042e-39
0.675,0.90536,0.005,0.0038838,-0.02046,-1.0587e-24
0.625,0.9554,0.005,0.0014901,-0.021918,-8.2561e-25
0.575,1.0054,0.005,-0.00065237,-0.023217,-9.1143e-26
0.525,1.0555,0.005,-0.0025055,-0.02433,-1.9165e-25
0.475,1.1055,0.005,-0.0040356,-0.025235,-8.2968e-25
0.425,1.1556,0.005,-0.005215,-0.025917,-6.6479e-25
0.375,1.2056,0.005,-0.0060237,-0.026367,6.3135e-25
0.325,1.2557,0.005,-0.0064489,-0.02658,-3.9422e-26
0.275,1.3057,0.005,-0.0064844,-0.026558,-6.0843e-25
0.225,1.3557,0.005,-0.006129,-0.026301,1.4432e-25
0.175,1.4058,0.005,-0.0053855,-0.025816,9.8169e-25
0.125,1.4558,0.005,-0.0042748,-0.025109,1.1606e-24
0.075,1.5059,0.005,-0.0027522,-0.024199,-2.41e-24
0.025,1.5559,0.005,-0.0020054,-0.022736,1.128e-24
1.625,0.024,0.005,0.040313,0.00028773,-2.8941e-26
1.575,0.072,0.005,0.044005,0.00054382,-2.5049e-25
1.525,0.12,0.005,0.043999,0.00051356,-4.4682e-25
1.475,0.168,0.005,0.043081,0.00027738,0
1.425,0.216,0.005,0.041718,-0.00013196,0
1.375,0.264,0.005,0.040023,-0.00071437,-4.8878e-25
1.325,0.312,0.005,0.03804,-0.0014639,-6.7095e-25
1.275,0.36,0.005,0.035798,-0.0023753,7.5487e-39
1.225,0.408,0.005,0.033335,-0.0034406,-1.5405e-25
1.175,0.456,0.005,0.030687,-0.0046492,0
1.125,0.50502,0.005,0.027844,-0.0059962,5.959e-25
1.075,0.55506,0.005,0.024844,-0.0074669,1.2037e-24
1.025,0.60511,0.005,0.021777,-0.0090347,-5.7699e-39
0.975,0.65515,0.005,0.018683,-0.010679,-5.1644e-25
0.925,0.70519,0.005,0.015596,-0.012374,-4.5905e-25
0.875,0.75523,0.005,0.012552,-0.014095,-1.5564e-24
0.825,0.80528,0.005,0.0095878,-0.015809,-8.0197e-25
0.775,0.85532,0.005,0.006738,-0.017482,8.166e-25
0.725,0.90536,0.005,0.0040408,-0.019079,8.2158e-25
0.675,0.9554,0.005,0.0015358,-0.020564,-1.0813e-26
0.625,1.0054,0.005,-0.0007363,-0.021901,9.2763e-26
0.575,1.0555,0.005,-0.002736,-0.023062,-1.9148e-25
0.525,1.1055,0.005,-0.0044267,-0.02402,-2.0173e-24
0.475,1.1556,0.005,-0.0057774,-0.024759,6.853e-25
0.425,1.2056,0.005,-0.0067645,-0.025265,8.3948e-25
0.375,1.2557,0.005,-0.0073725,-0.025534,5.4265e-25
0.325,1.3057,0.005,-0.0075932,-0.025563,-1.2048e-24
0.275,1.3557,0.005,-0.0074244,-0.025354,7.1594e-25
0.225,1.4058,0.005,-0.0068697,-0.024911,-6.6333e-25
0.175,1.4558,0.005,-0.0059354,-0.024238,9.9649e-25
0.125,1.5059,0.005,-0.0046453,-0.023346,1.3193e-24
0.075,1.5559,0.005,-0.0029753,-0.022257,-2.9546e-25
0.025,1.606,0.005,-0.002155,-0.02067,7.111e-25
1.675,0.024,0.005,0.039761,0.00035221,9.8211e-28
1.625,0.072,0.005,0.043702,0.00068208,-2.7676e-25
1.575,0.12,0.005,0.043832,0.00073549,-2.6274e-25
1.525,0.168,0.005,0.043032,0.00060543,3.6049e-25
1.475,0.216,0.005,0.041751,0.0002863,0
1.425,0.264,0.005,0.040133,-0.00020136,0
1.375,0.312,0.005,0.038218,-0.00085405,-2.2076e-39
1.325,0.36,0.005,0.03604,-0.0016673,8.4507e-25
1.275,0.408,0.005,0.033629,-0.0026344,-5.7766e-39
1.225,0.456,0.005,0.031024,-0.0037462,-1.1458e-24
1.175,0.50502,0.005,0.028212,-0.0049976,-4.894e-25
1.125,0.55506,0.005,0.025229,-0.0063755,5.719e-25
1.075,0.60511,0.005,0.022168,-0.0078573,5.476e-25
1.025,0.65515,0.005,0.019066,-0.009424,-5.0801e-25
0.975,0.70519,0.005,0.015959,-0.011054,-4.5329e-25
0.925,0.75523,0.005,0.012883,-0.012724,7.3541e-25
0.875,0.80528,0.005,0.0098697,-0.014403,2.145e-24
0.825,0.85532,0.005,0.0069552,-0.016061,2.114e-25
0.775,0.90536,0.005,0.004175,-0.017661,-2.2442e-25
0.725,0.9554,0.005,0.0015678,-0.019165,8.6476e-27
0.675,1.0054,0.005,-0.00082593,-0.020537,6.1342e-25
0.625,1.0555,0.005,-0.002965,-0.021744,-1.9273e-25
0.575,1.1055,0.005,-0.0048104,-0.022757,5.6907e-33
0.525,1.1556,0.005,-0.0063274,-0.023554,1.7777e-24
0.475,1.2056,0.005,-0.0074887,-0.024122,-2.9074e-24
0.425,1.2557,0.005,-0.0082754,-0.024451,6.3598e-25
0.375,1.3057,0.005,-0.0086767,-0.024539,1.2196e-24
0.325,1.3557,0.005,-0.0086892,-0.024387,-5.9639e-25
0.275,1.4058,0.005,-0.0083156,-0.023996,-1.3944e-39
0.225,1.4558,0.005,-0.0075639,-0.023372,8.4272e-25
0.175,1.5059,0.005,-0.0064442,-0.022519,-8.5542e-25
0.125,1.5559,0.005,-0.004983,-0.02145,2.6227e-24
0.075,1.606,0.005,-0.0031789,-0.02019,-4.8022e-24
0.025,1.656,0.005,-0.002299,-0.018482,5.1235e-24
1.725,0.024,0.005,0.039117,0.00041521,-2.3435e-26
1.675,0.072,0.005,0.043312,0.0008121,-6.6238e-25
1.625,0.12,0.005,0.043599,0.00094653,5.9331e-40
1.575,0.168,0.005,0.042897,0.00091897,3.2574e-25
1.525,0.216,0.005,0.041703,0.00069063,0
1.475,0.264,0.005,0.040161,0.00029413,0
1.425,0.312,0.005,0.038319,-0.0002648,1.6897e-25
1.375,0.36,0.005,0.036204,-0.00098252,1.0442e-24
1.325,0.408,0.005,0.033849,-0.0018533,2.7697e-25
1.275,0.456,0.005,0.031289,-0.0028689,-2.3621e-25
1.225,0.50502,0.005,0.02851,-0.0040246,5.393e-25
1.175,0.55506,0.005,0.025548,-0.0053085,5.5733e-25
1.125,0.60511,0.005,0.022495,-0.0067009,-5.3566e-25
1.075,0.65515,0.005,0.01939,-0.0081852,1.1099e-39
1.025,0.70519,0.005,0.016268,-0.0097426,1.0814e-24
0.975,0.75523,0.005,0.013164,-0.011352,1.3688e-24
0.925,0.80528,0.005,0.01011,-0.012987,6.0187e-25
0.875,0.85532,0.005,0.0071389,-0.014618,-4.4867e-39
0.825,0.90536,0.005,0.0042848,-0.01621,-1.0126e-24
0.775,0.9554,0.005,0.0015844,-0.017727,-8.1972e-25
0.725,1.0054,0.005,-0.00092229,-0.019128,9.7597e-26
0.675,1.0555,0.005,-0.0031934,-0.020377,-3.9041e-25
0.625,1.1055,0.005,-0.0051874,-0.021443,4.6385e-25
0.575,1.1556,0.005,-0.0068659,-0.0223,-1.0881e-24
0.525,1.2056,0.005,-0.0081974,-0.022931,-6.8501e-25
0.475,1.2557,0.005,-0.0091592,-0.023325,5.1615e-25
0.425,1.3057,0.005,-0.0097374,-0.023477,6.6609e-25
0.375,1.3557,0.005,-0.0099266,-0.023388,-6.7704e-25
0.325,1.4058,0.005,-0.0097286,-0.023059,5.9067e-25
0.275,1.4558,0.005,-0.009151,-0.022494,-7.5932e-25
0.225,1.5059,0.005,-0.0082062,-0.021696,6.8178e-25
0.175,1.5559,0.005,-0.0069081,-0.020672,8.8059e-25
0.125,1.606,0.005,-0.0052851,-0.019434,1.5058e-25
0.075,1.656,0.005,-0.0033618,-0.018011,8.1639e-25
0.025,1.706,0.005,-0.0024391,-0.016187,0
1.775,0.024,0.005,0.038382,0.00047698,8.1175e-25
1.725,0.072,0.005,0.042836,0.00093691,4.1971e-25
1.675,0.12,0.005,0.043273,0.0011658,-2.4942e-25
1.625,0.168,0.005,0.042677,0.0012169,1.7965e-25
1.575,0.216,0.005,0.041577,0.0010796,3.6843e-25
1.525,0.264,0.005,0.040114,0.00077268,2.563e-26
1.475,0.312,0.005,0.038343,0.000304,4.6833e-25
1.425,0.36,0.005,0.036294,-0.00032144,1.4293e-25
1.375,0.408,0.005,0.033996,-0.0010984,1.3073e-39
1.325,0.456,0.005,0.031484,-0.0020198,-2.7294e-25
1.275,0.50502,0.005,0.028741,-0.0030804,8.7546e-25
1.225,0.55506,0.005,0.025802,-0.0042702,1.4734e-24
1.175,0.60511,0.005,0.022761,-0.0055717,5.2306e-25
1.125,0.65515,0.005,0.019656,-0.0069699,4.8922e-25
1.075,0.70519,0.005,0.016524,-0.0084487,6.9475e-25
1.025,0.75523,0.005,0.013397,-0.0099894,-3.7657e-25
0.975,0.80528,0.005,0.010308,-0.01157,-3.8048e-25
0.925,0.85532,0.005,0.0072884,-0.013163,-6.6972e-39
0.875,0.90536,0.005,0.004369,-0.014737,5.449e-25
0.825,0.9554,0.005,0.0015847,-0.016255,9.0004e-27
0.775,1.0054,0.005,-0.0010262,-0.017678,6.9604e-25
0.725,1.0555,0.005,-0.0034216,-0.018965,-7.7991e-25
0.675,1.1055,0.005,-0.0055578,-0.020081,2.894e-25
0.625,1.1556,0.005,-0.007393,-0.020996,-3.5726e-25
0.575,1.2056,0.005,-0.0088913,-0.02169,1.3897e-38
0.525,1.2557,0.005,-0.010025,-0.02215,-5.1143e-25
0.475,1.3057,0.005,-0.010777,-0.02237,-1.2744e-24
0.425,1.3557,0.005,-0.01114,-0.022348,1.2304e-24
0.375,1.4058,0.005,-0.011113,-0.022086,5.9037e-25
0.325,1.4558,0.005,-0.010703,-0.021588,-5.8513e-25
0.275,1.5059,0.005,-0.0099237,-0.020856,6.0875e-25
0.225,1.5559,0.005,-0.0087913,-0.019895,-8.2237e-25
0.175,1.606,0.005,-0.0073233,-0.018709,1.8543e-32
0.125,1.656,0.005,-0.0055498,-0.017312,2.6125e-24
0.075,1.706,0.005,-0.003524,-0.015737,-1.1278e-24
0.025,1.7561,0.005,-0.0025794,-0.013797,-2.977e-24
1.825,0.024,0.005,0.03756,0.00053742,-6.8958e-26
1.775,0.072,0.005,0.042272,0.0010593,6.19e-25
1.725,0.12,0.005,0.042862,0.0013825,-3.5794e-25
1.675,0.168,0.005,0.042378,0.0015086,5.6809e-25
1.625,0.216,0.005,0.041373,0.0014537,-4.7372e-25
1.575,0.264,0.005,0.039993,0.0012345,4.615e-25
1.525,0.312,0.005,0.038295,0.00085276,3.7583e-27
1.475,0.36,0.005,0.036313,0.00031622,4.849e-25
1.425,0.408,0.005,0.034075,-0.0003704,-5.1264e-25
1.375,0.456,0.005,0.031613,-0.0012002,-7.0753e-25
1.325,0.50502,0.005,0.028909,-0.0021678,-2.6901e-25
1.275,0.55506,0.005,0.025997,-0.0032642,5.275e-25
1.225,0.60511,0.005,0.02297,-0.0044746,-5.0989e-25
1.175,0.65515,0.005,0.019869,-0.0057851,8.7237e-39
1.125,0.70519,0.005,0.016729,-0.0071812,-4.3273e-25
1.075,0.75523,0.005,0.013584,-0.008647,-1.8621e-24
1.025,0.80528,0.005,0.010466,-0.010164,-6.2157e-25
0.975,0.85532,0.005,0.0074034,-0.011708,3.5736e-39
0.925,0.90536,0.005,0.0044268,-0.013252,-1.0866e-25
0.875,0.9554,0.005,0.0015676,-0.014761,7.6517e-25
0.825,1.0054,0.005,-0.0011381,-0.016194,8.3391e-34
0.775,1.0555,0.005,-0.0036494,-0.017511,-2.0362e-25
0.725,1.1055,0.005,-0.0059213,-0.018672,-1.348e-24
0.675,1.1556,0.005,-0.0079084,-0.019643,7.3615e-25
0.625,1.2056,0.005,-0.00957,-0.0204,-8.9607e-33
0.575,1.2557,0.005,-0.010874,-0.020926,-6.8011e-25
0.525,1.3057,0.005,-0.011798,-0.021215,1.1291e-24
0.475,1.3557,0.005,-0.012331,-0.021262,-1.2572e-24
0.425,1.4058,0.005,-0.012471,-0.021071,5.0039e-26
0.375,1.4558,0.005,-0.012225,-0.020643,6.805e-25
0.325,1.5059,0.005,-0.011604,-0.019983,1.3074e-25
0.275,1.5559,0.005,-0.010627,-0.019094,1.3459e-25
0.225,1.606,0.005,-0.0093144,-0.01798,1.5774e-24
0.175,1.656,0.005,-0.0076867,-0.016644,-2.7209e-24
0.125,1.706,0.005,-0.0057758,-0.015099,2.5823e-24
0.075,1.7561,0.005,-0.0036668,-0.013382,2.1753e-38
0.025,1.8061,0.005,-0.0027297,-0.011327,0
1.875,0.024,0.005,0.036652,0.00059653,1.2638e-24
1.825,0.072,0.005,0.041622,0.0011795,2.4384e-26
1.775,0.12,0.005,0.042374,0.0015928,4.8239e-25
1.725,0.168,0.005,0.042005,0.001794,3.2208e-25
1.675,0.216,0.005,0.041094,0.0018173,-3.3078e-25
1.625,0.264,0.005,0.039799,0.0016794,1.3871e-25
1.575,0.312,0.005,0.038178,0.0013819,-4.297e-25
1.525,0.36,0.005,0.036265,0.00093078,4.8166e-25
1.475,0.408,0.005,0.034089,0.00033124,-4.5341e-25
1.425,0.456,0.005,0.031679,-0.00041046,-2.1253e-26
1.375,0.50502,0.005,0.029017,-0.0012878,3.5044e-25
1.325,0.55506,0.005,0.026134,-0.002293,1.0251e-24
1.275,0.60511,0.005,0.023126,-0.0034134,2.8644e-25
1.225,0.65515,0.005,0.020031,-0.0046359,6.3245e-39
1.175,0.70519,0.005,0.016887,-0.0059475,-4.1713e-25
1.125,0.75523,0.005,0.013727,-0.007334,1.2002e-25
1.075,0.80528,0.005,0.010584,-0.0087798,1.4051e-24
1.025,0.85532,0.005,0.0074849,-0.010266,2.0657e-25
0.975,0.90536,0.005,0.0044583,-0.011767,-1.0767e-25
0.925,0.9554,0.005,0.0015329,-0.013253,7.3559e-25
0.875,1.0054,0.005,-0.0012585,-0.014686,-1.5274e-24
0.825,1.0555,0.005,-0.0038769,-0.016023,-5.5573e-25
0.775,1.1055,0.005,-0.0062772,-0.017222,-3.0161e-25
0.725,1.1556,0.005,-0.008411,-0.018245,1.1227e-24
0.675,1.2056,0.005,-0.010233,-0.019062,9.0794e-33
0.625,1.2557,0.005,-0.011704,-0.019653,-1.2043e-24
0.575,1.3057,0.005,-0.012799,-0.02001,7.8464e-39
0.525,1.3557,0.005,-0.013501,-0.020127,-6.0514e-25
0.475,1.4058,0.005,-0.013807,-0.020006,-8.2017e-39
0.425,1.4558,0.005,-0.01372,-0.019652,-7.6168e-26
0.375,1.5059,0.005,-0.013253,-0.019067,1.1444e-24
0.325,1.5559,0.005,-0.012424,-0.018256,-5.7455e-25
0.275,1.606,0.005,-0.011255,-0.017222,7.1377e-25
0.225,1.656,0.005,-0.0097714,-0.015966,3.6667e-26
0.175,1.706,0.005,-0.0079963,-0.014491,7.943e-25
0.125,1.7561,0.005,-0.005963,-0.012811,1.5943e-24
0.075,1.8061,0.005,-0.0037961,-0.010964,-4.7536e-24
0.025,1.8562,0.005,-0.0029109,-0.0088021,-3.4995e-24
1.925,0.024,0.005,0.035659,0.00065443,-1.7031e-24
1.875,0.072,0.005,0.040888,0.0012978,4.979e-26
1.825,0.12,0.005,0.041809,0.0017977,-1.468e-25
1.775,0.168,0.005,0.041561,0.002072,2.4717e-25
1.725,0.216,0.005,0.040745,0.0021707,3.0086e-25
1.675,0.264,0.005,0.039537,0.0021096,-2.1802e-25
1.625,0.312,0.005,0.037994,0.0018924,4.1234e-25
1.575,0.36,0.005,0.036153,0.0015229,-4.4756e-25
1.525,0.408,0.005,0.03404,0.0010068,3.6103e-26
1.475,0.456,0.005,0.031685,0.0003499,-4.7786e-25
1.425,0.50502,0.005,0.029068,-0.00044102,5.1977e-25
1.375,0.55506,0.005,0.026219,-0.0013583,3.5666e-25
1.325,0.60511,0.005,0.023232,-0.0023908,5.5266e-40
1.275,0.65515,0.005,0.020147,-0.0035266,-1.876e-25
1.225,0.70519,0.005,0.017002,-0.0047534,-7.5073e-25
1.175,0.75523,0.005,0.013831,-0.0060586,-7.1938e-25
1.125,0.80528,0.005,0.010665,-0.0074285,1.1573e-33
1.075,0.85532,0.005,0.0075346,-0.0088475,-1.1165e-24
1.025,0.90536,0.005,0.0044642,-0.010296,-7.3708e-25
0.975,0.9554,0.005,0.0014805,-0.011746,0
0.925,1.0054,0.005,-0.0013875,-0.013165,6.2283e-25
0.875,1.0555,0.005,-0.0041039,-0.014511,1.2809e-24
0.825,1.1055,0.005,-0.0066247,-0.015739,-3.1065e-25
0.775,1.1556,0.005,-0.0088994,-0.016807,-7.3837e-25
0.725,1.2056,0.005,-0.010878,-0.01768,-7.1992e-25
0.675,1.2557,0.005,-0.012516,-0.018334,6.9645e-25
0.625,1.3057,0.005,-0.013781,-0.018756,5.6886e-25
0.575,1.3557,0.005,-0.014651,-0.018942,5.4939e-39
0.525,1.4058,0.005,-0.015121,-0.018892,-6.4766e-25
0.475,1.4558,0.005,-0.015191,-0.01861,-6.5148e-25
0.425,1.5059,0.005,-0.014874,-0.018102,5.7442e-25
0.375,1.5559,0.005,-0.014187,-0.017371,5.6368e-25
0.325,1.606,0.005,-0.013155,-0.016421,0
0.275,1.656,0.005,-0.011802,-0.015253,6.077e-25
0.225,1.706,0.005,-0.010159,-0.013868,-1.3871e-24
0.175,1.7561,0.005,-0.0082509,-0.012268,-1.4593e-38
0.125,1.8061,0.005,-0.006113,-0.010464,2.4508e-24
0.075,1.8562,0.005,-0.0039213,-0.0085064,-3.4431e-24
0.025,1.9062,0.005,-0.0031754,-0.006138,-6.8229e-24
1.975,0.024,0.005,0.034583,0.00071139,-1.8265e-24
1.925,0.072,0.005,0.040071,0.0014145,-2.1828e-24
1.875,0.12,0.005,0.04117,0.0019985,-7.2113e-39
1.825,0.168,0.005,0.041048,0.0023435,4.6686e-25
1.775,0.216,0.005,0.04033,0.0025139,-3.8196e-25
1.725,0.264,0.005,0.039209,0.0025261,-3.571e-25
1.675,0.312,0.005,0.037747,0.0023848,6.2237e-25
1.625,0.36,0.005,0.035978,0.0020935,-1.6558e-25
1.575,0.408,0.005,0.033931,0.0016571,1.1032e-25
1.525,0.456,0.005,0.031635,0.0010813,-4.7815e-25
1.475,0.50502,0.005,0.029066,0.0003736,0
1.425,0.55506,0.005,0.026254,-0.00045933,4.2579e-25
1.375,0.60511,0.005,0.023292,-0.0014077,-5.8781e-25
1.325,0.65515,0.005,0.02022,-0.0024595,-6.2679e-25
1.275,0.70519,0.005,0.017077,-0.003603,-4.0474e-25
1.225,0.75523,0.005,0.013897,-0.0048266,-6.7737e-25
1.175,0.80528,0.005,0.010714,-0.0061184,-4.0331e-25
1.125,0.85532,0.005,0.0075552,-0.0074652,-2.0216e-25
1.075,0.90536,0.005,0.0044463,-0.0088511,-1.0484e-25
1.025,0.9554,0.005,0.001411,-0.010254,4.2524e-27
0.975,1.0054,0.005,-0.001525,-0.011646,3.1948e-39
0.925,1.0555,0.005,-0.0043302,-0.012987,2.7553e-25
0.875,1.1055,0.005,-0.0069628,-0.014233,4.1433e-25
0.825,1.1556,0.005,-0.0093719,-0.015337,-3.272e-25
0.775,1.2056,0.005,-0.011503,-0.016261,4.77e-25
0.725,1.2557,0.005,-0.013306,-0.016973,-5.3378e-25
0.675,1.3057,0.005,-0.01474,-0.017459,-5.7779e-25
0.625,1.3557,0.005,-0.015781,-0.01771,1.2198e-32
0.575,1.4058,0.005,-0.016414,-0.017728,7.4269e-27
0.525,1.4558,0.005,-0.01664,-0.017517,6.9194e-25
0.475,1.5059,0.005,-0.01647,-0.017083,-1.7405e-24
0.425,1.5559,0.005,-0.015922,-0.016432,1.8653e-24
0.375,1.606,0.005,-0.015019,-0.015566,0
0.325,1.656,0.005,-0.01379,-0.01449,0
0.275,1.706,0.005,-0.012264,-0.013202,6.069e-25
0.225,1.7561,0.005,-0.010475,-0.011702,-4.112e-40
0.175,1.8061,0.005,-0.0084506,-0.0099907,-5.9808e-25
0.125,1.8562,0.005,-0.0062297,-0.0080786,1.1098e-24
0.075,1.9062,0.005,-0.0040394,-0.0060767,-3.6011e-24
0.025,1.9563,0.005,-0.0038633,-0.003174,-2.0244e-24
2.025,0.024,0.005,0.033424,0.0007677,1.9098e-24
1.975,0.072,0.005,0.039172,0.00153,1.3261e-24
1.925,0.12,0.005,0.040458,0.0021962,-9.6518e-25
1.875,0.168,0.005,0.040468,0.0026096,2.2374e-25
1.825,0.216,0.005,0.039852,0.0028479,2.9371e-39
1.775,0.264,0.005,0.038819,0.0029297,3.461e-25
1.725,0.312,0.005,0.037438,0.0028604,3.854e-25
1.675,0.36,0.005,0.035746,0.0026435,-2.3547e-25
1.625,0.408,0.005,0.033767,0.002283,-1.8148e-25
1.575,0.456,0.005,0.03153,0.0017846,-4.4167e-25
1.525,0.50502,0.005,0.029013,0.0011564,5.4604e-25
1.475,0.55506,0.005,0.026241,0.00040423,4.4114e-25
1.425,0.60511,0.005,0.023308,-0.00046347,4.5598e-25
1.375,0.65515,0.005,0.020254,-0.001435,-1.4787e-39
1.325,0.70519,0.005,0.017116,-0.0024984,-2.2837e-25
1.275,0.75523,0.005,0.013932,-0.0036422,5.8331e-25
1.225,0.80528,0.005,0.010734,-0.0048558,9.1703e-25
1.175,0.85532,0.005,0.0075503,-0.0061278,6.0358e-25
1.125,0.90536,0.005,0.004407,-0.0074453,7.0001e-25
1.075,0.9554,0.005,0.001326,-0.0087911,5.7729e-25
1.025,1.0054,0.005,-0.0016705,-0.010142,-1.2335e-25
0.975,1.0555,0.005,-0.0045555,-0.011464,-4.0975e-39
0.925,1.1055,0.005,-0.0072909,-0.012714,3.35e-25
0.875,1.1556,0.005,-0.0098271,-0.013845,4.2238e-25
0.825,1.2056,0.005,-0.012107,-0.014811,-1.2121e-24
0.775,1.2557,0.005,-0.014072,-0.015577,-2.2995e-41
0.725,1.3057,0.005,-0.015677,-0.016122,5.0333e-25
0.675,1.3557,0.005,-0.016887,-0.016436,6.2041e-25
0.625,1.4058,0.005,-0.017685,-0.016519,-1.9083e-24
0.575,1.4558,0.005,-0.018068,-0.016375,6.4718e-25
0.525,1.5059,0.005,-0.018045,-0.016012,7.0911e-25
0.475,1.5559,0.005,-0.017632,-0.015437,-1.1344e-24
0.425,1.606,0.005,-0.016854,-0.014654,1.1797e-24
0.375,1.656,0.005,-0.015741,-0.013668,0
0.325,1.706,0.005,-0.014323,-0.01248,0
0.275,1.7561,0.005,-0.012637,-0.011087,-5.5027e-25
0.225,1.8061,0.005,-0.010717,-0.0094874,2.0216e-38
0.175,1.8562,0.005,-0.0085963,-0.007679,1.9381e-24
0.125,1.9062,0.005,-0.0063195,-0.0056873,-1.7666e-24
0.075,1.9563,0.005,-0.0041249,-0.0035601,-7.5502e-24
0.025,2.0063,0.005,-0.0043924,-0.00078112,0
2.075,0.024,0.005,0.032183,0.00082362,-1.6176e-25
2.025,0.072,0.005,0.038191,0.0016448,1.4815e-24
1.975,0.12,0.005,0.039674,0.0023923,-2.6942e-25
1.925,0.168,0.005,0.039823,0.0028715,4.3619e-25
1.875,0.216,0.005,0.039312,0.0031741,-2.8714e-25
1.825,0.264,0.005,0.038369,0.0033214,9.9832e-26
1.775,0.312,0.005,0.037072,0.0033201,-3.6303e-25
1.725,0.36,0.005,0.035457,0.0031737,1.1111e-24
1.675,0.408,0.005,0.033549,0.0028854,-6.7658e-25
1.625,0.456,0.005,0.031375,0.0024607,-4.2655e-25
1.575,0.50502,0.005,0.028912,0.0019083,5.88e-25
1.525,0.55506,0.005,0.026184,0.0012332,3.4224e-25
1.475,0.60511,0.005,0.023284,0.00044252,4.4064e-25
1.425,0.65515,0.005,0.020251,-0.00045229,1.1839e-26
1.375,0.70519,0.005,0.017123,-0.0014394,-7.6666e-34
1.325,0.75523,0.005,0.013937,-0.0025069,-1.3888e-39
1.275,0.80528,0.005,0.010728,-0.0036442,5.0339e-25
1.225,0.85532,0.005,0.0075233,-0.0048414,1.946e-25
1.175,0.90536,0.005,0.0043494,-0.0060877,4.1381e-25
1.125,0.9554,0.005,0.0012273,-0.0073692,5.2408e-25
1.075,1.0054,0.005,-0.0018231,-0.008668,5.7597e-40
1.025,1.0555,0.005,-0.0047793,-0.0099568,-2.4439e-25
0.975,1.1055,0.005,-0.0076084,-0.011197,-1.0413e-24
0.925,1.1556,0.005,-0.010263,-0.012341,7.1032e-25
0.875,1.2056,0.005,-0.012686,-0.013341,9.0812e-25
0.825,1.2557,0.005,-0.014812,-0.014154,1.2879e-25
0.775,1.3057,0.005,-0.016587,-0.014753,-1.2217e-24
0.725,1.3557,0.005,-0.017969,-0.015125,6.5857e-25
0.675,1.4058,0.005,-0.018934,-0.015268,-8.5683e-39
0.625,1.4558,0.005,-0.019475,-0.015187,1.2645e-24
0.575,1.5059,0.005,-0.019598,-0.014891,8.2833e-39
0.525,1.5559,0.005,-0.019319,-0.014387,-1.2071e-24
0.475,1.606,0.005,-0.018663,-0.013684,6.165e-25
0.425,1.656,0.005,-0.017661,-0.012785,0
0.375,1.706,0.005,-0.016344,-0.011693,0
0.325,1.7561,0.005,-0.014751,-0.010407,-5.1981e-25
0.275,1.8061,0.005,-0.012917,-0.0089245,7.3236e-25
0.225,1.8562,0.005,-0.010884,-0.0072418,-4.2145e-25
0.175,1.9062,0.005,-0.0086878,-0.0053586,3.4437e-25
0.125,1.9563,0.005,-0.0063687,-0.0033004,2.8066e-25
0.075,2.0063,0.005,-0.0041402,-0.000972,-7.5115e-24
0.025,2.0563,0.005,-0.0039905,0.0014702,-1.6816e-24
2.125,0.024,0.005,0.030859,0.00087937,0
2.075,0.072,0.005,0.037128,0.0017594,-3.0447e-38
2.025,0.12,0.005,0.038821,0.0025881,1.3888e-25
1.975,0.168,0.005,0.039115,0.0031296,-7.763e-25
1.925,0.216,0.005,0.038713,0.0034936,-1.2046e-38
1.875,0.264,0.005,0.037864,0.0037026,-8.883e-39
1.825,0.312,0.005,0.036651,0.0037651,7.9456e-25
1.775,0.36,0.005,0.035115,0.0036852,3.6106e-39
1.725,0.408,0.005,0.03328,0.0034657,-4.1454e-25
1.675,0.456,0.005,0.031172,0.0031109,-4.308e-25
1.625,0.50502,0.005,0.028766,0.0026304,1.7823e-25
1.575,0.55506,0.005,0.026085,0.0020288,8.6491e-25
1.525,0.60511,0.005,0.023222,0.0013115,0
1.475,0.65515,0.005,0.020214,0.00048974,0
1.425,0.70519,0.005,0.0171,-0.0004246,-3.7336e-25
1.375,0.75523,0.005,0.013917,-0.0014198,-1.1581e-39
1.325,0.80528,0.005,0.010699,-0.0024847,5.313e-34
1.275,0.85532,0.005,0.0074774,-0.0036092,-2.0069e-39
1.225,0.90536,0.005,0.0042766,-0.0047843,4.2172e-25
1.175,0.9554,0.005,0.0011176,-0.0059985,-1.4703e-26
1.125,1.0054,0.005,-0.0019813,-0.0072376,5.2564e-25
1.075,1.0555,0.005,-0.0050013,-0.008481,7.5769e-39
1.025,1.1055,0.005,-0.0079149,-0.0096965,7.3436e-33
0.975,1.1556,0.005,-0.01068,-0.01084,6.9051e-25
0.925,1.2056,0.005,-0.013238,-0.011861,1.6025e-25
0.875,1.2557,0.005,-0.015522,-0.012713,-5.9949e-25
0.825,1.3057,0.005,-0.017468,-0.01336,6.3637e-25
0.775,1.3557,0.005,-0.019024,-0.013785,2.8534e-27
0.725,1.4058,0.005,-0.020159,-0.013983,-6.9283e-25
0.675,1.4558,0.005,-0.020859,-0.01396,-6.6251e-25
0.625,1.5059,0.005,-0.021129,-0.013725,1.8978e-24
0.575,1.5559,0.005,-0.020984,-0.013288,-6.3504e-25
0.525,1.606,0.005,-0.020448,-0.012657,-1.2226e-24
0.475,1.656,0.005,-0.019553,-0.01184,5.4419e-25
0.425,1.706,0.005,-0.018333,-0.010839,5.3524e-25
0.375,1.7561,0.005,-0.016825,-0.009656,0
0.325,1.8061,0.005,-0.015068,-0.008289,-1.0026e-24
0.275,1.8562,0.005,-0.013104,-0.0067341,6.005e-25
0.225,1.9062,0.005,-0.010975,-0.004988,1.4126e-24
0.175,1.9563,0.005,-0.0087114,-0.003054,7.4357e-25
0.125,2.0063,0.005,-0.0063275,-0.00091994,1.1264e-39
0.075,2.0563,0.005,-0.0040368,0.0016118,-7.7574e-24
0.025,2.1064,0.005,-0.003213,0.0040603,-1.2377e-23
2.175,0.024,0.005,0.029452,0.0009349,0
2.125,0.072,0.005,0.035984,0.0018741,1.7655e-24
2.075,0.12,0.005,0.037898,0.0027841,1.4743e-25
2.025,0.168,0.005,0.038345,0.0033847,-1.5006e-24
1.975,0.216,0.005,0.038059,0.0038079,6.8325e-25
1.925,0.264,0.005,0.037304,0.0040747,-5.7003e-25
1.875,0.312,0.005,0.036179,0.004197,-1.2913e-25
1.825,0.36,0.005,0.034723,0.0041793,3.854e-25
1.775,0.408,0.005,0.032962,0.0040246,-2.8464e-39
1.725,0.456,0.005,0.030922,0.0037363,-8.1922e-25
1.675,0.50502,0.005,0.028577,0.0033241,-4.4565e-39
1.625,0.55506,0.005,0.025947,0.0027922,1.0942e-24
1.575,0.60511,0.005,0.023124,0.0021447,0
1.525,0.65515,0.005,0.020145,0.0013926,-3.8908e-25
1.475,0.70519,0.005,0.017049,0.00054735,-2.6291e-25
1.425,0.75523,0.005,0.013873,-0.00037917,-6.3534e-25
1.375,0.80528,0.005,0.010651,-0.0013755,-3.5041e-25
1.325,0.85532,0.005,0.0074152,-0.0024314,-4.5144e-25
1.275,0.90536,0.005,0.0041913,-0.0035377,-3.2443e-25
1.225,0.9554,0.005,0.00099918,-0.0046844,-2.8569e-25
1.175,1.0054,0.005,-0.0021434,-0.0058604,-4.4549e-25
1.125,1.0555,0.005,-0.0052207,-0.0070497,1.3833e-27
1.075,1.1055,0.005,-0.0082103,-0.0082272,6.11e-25
1.025,1.1556,0.005,-0.011076,-0.0093552,-6.6322e-25
0.975,1.2056,0.005,-0.013762,-0.010385,-1.1511e-25
0.925,1.2557,0.005,-0.0162,-0.011264,-6.9326e-25
0.875,1.3057,0.005,-0.018315,-0.011952,2.0188e-24
0.825,1.3557,0.005,-0.020048,-0.012424,-1.9804e-24
0.775,1.4058,0.005,-0.021355,-0.012673,6.8673e-25
0.725,1.4558,0.005,-0.022219,-0.012702,6.7798e-25
0.675,1.5059,0.005,-0.022639,-0.012521,3.3309e-38
0.625,1.5559,0.005,-0.022628,-0.012143,-6.3073e-26
0.575,1.606,0.005,-0.022211,-0.011579,-6.1005e-25
0.525,1.656,0.005,-0.021421,-0.010836,-3.0223e-26
0.475,1.706,0.005,-0.020293,-0.00992,-1.3075e-27
0.425,1.7561,0.005,-0.018864,-0.0088336,-4.5126e-25
0.375,1.8061,0.005,-0.017177,-0.0075761,5.2939e-25
0.325,1.8562,0.005,-0.015272,-0.0061447,-1.7185e-25
0.275,1.9062,0.005,-0.013193,-0.0045357,-1.238e-39
0.225,1.9563,0.005,-0.010981,-0.0027473,9.1436e-25
0.175,2.0063,0.005,-0.0086457,-0.00077669,-1.3298e-25
0.125,2.0563,0.005,-0.0062018,0.0014412,3.7209e-24
0.075,2.1064,0.005,-0.0038665,0.0040634,-9.9444e-24
0.025,2.1564,0.005,-0.0028386,0.0067503,-3.034e-24
2.225,0.024,0.005,0.027963,0.00099112,-2.7275e-24
2.175,0.072,0.005,0.034757,0.0019886,0
2.125,0.12,0.005,0.036907,0.0029807,-1.6047e-25
2.075,0.168,0.005,0.037516,0.0036382,2.1131e-24
2.025,0.216,0.005,0.03735,0.0041183,-1.0392e-24
1.975,0.264,0.005,0.036694,0.0044389,0
1.925,0.312,0.005,0.035657,0.0046169,3.5682e-25
1.875,0.36,0.005,0.034283,0.0046575,-3.8768e-39
1.825,0.408,0.005,0.0326,0.0045635,3.965e-26
1.775,0.456,0.005,0.03063,0.0043379,-7.9764e-25
1.725,0.50502,0.005,0.028347,0.0039906,7.6126e-25
1.675,0.55506,0.005,0.025772,0.0035248,4.0377e-25
1.625,0.60511,0.005,0.022993,0.0029436,-7.8623e-25
1.575,0.65515,0.005,0.020046,0.0022576,4.7311e-25
1.525,0.70519,0.005,0.016972,0.0014782,-3.4581e-25
1.475,0.75523,0.005,0.013806,0.00061698,-6.1231e-25
1.425,0.80528,0.005,0.010584,-0.00031451,3.5214e-25
1.375,0.85532,0.005,0.0073375,-0.0013059,3.4025e-26
1.325,0.90536,0.005,0.0040946,-0.0023476,9.0451e-26
1.275,0.9554,0.005,0.00087356,-0.0034284,-2.4445e-25
1.225,1.0054,0.005,-0.0023082,-0.0045412,-1.7762e-33
1.175,1.0555,0.005,-0.0054371,-0.0056725,0
1.125,1.1055,0.005,-0.008495,-0.0068027,9.5908e-25
1.075,1.1556,0.005,-0.011451,-0.0079013,-1.1461e-24
1.025,1.2056,0.005,-0.014257,-0.0089246,1.282e-24
0.975,1.2557,0.005,-0.016842,-0.0098203,-6.8631e-25
0.925,1.3057,0.005,-0.019126,-0.01054,1.8688e-38
0.875,1.3557,0.005,-0.021037,-0.011053,6.6049e-25
0.825,1.4058,0.005,-0.022522,-0.011345,-6.3678e-25
0.775,1.4558,0.005,-0.023553,-0.01142,7.8548e-25
0.725,1.5059,0.005,-0.024125,-0.011288,1.6599e-25
0.675,1.5559,0.005,-0.02425,-0.010962,4.9645e-38
0.625,1.606,0.005,-0.023953,-0.010456,-6.1227e-25
0.575,1.656,0.005,-0.023266,-0.00978,-1.12e-24
0.525,1.706,0.005,-0.022226,-0.0089408,1.0656e-24
0.475,1.7561,0.005,-0.020874,-0.0079427,5.684e-39
0.425,1.8061,0.005,-0.01925,-0.0067867,9.4435e-26
0.375,1.8562,0.005,-0.017398,-0.0054712,-3.6541e-25
0.325,1.9062,0.005,-0.01536,-0.0039928,2.9555e-25
0.275,1.9563,0.005,-0.013179,-0.0023481,4.542e-40
0.225,2.0063,0.005,-0.010889,-0.00053321,5.5543e-25
0.175,2.0563,0.005,-0.0084888,0.0014726,1.9329e-24
0.125,2.1064,0.005,-0.0060093,0.0037483,1.9069e-24
0.075,2.1564,0.005,-0.0036807,0.0063555,8.4764e-25
0.025,2.2065,0.005,-0.0025688,0.0090801,4.0695e-24
2.275,0.024,0.005,0.026386,0.0010497,-2.7145e-24
2.225,0.072,0.005,0.033446,0.002106,1.2088e-25
2.175,0.12,0.005,0.035847,0.0031782,3.5565e-25
2.125,0.168,0.005,0.036627,0.0038912,2.4265e-25
2.075,0.216,0.005,0.036589,0.004426,7.6e-40
2.025,0.264,0.005,0.036036,0.0047967,-1.3837e-24
1.975,0.312,0.005,0.035089,0.0050264,6.0491e-25
1.925,0.36,0.005,0.033799,0.0051211,-3.8305e-40
1.875,0.408,0.005,0.032194,0.0050838,-3.8766e-25
1.825,0.456,0.005,0.030297,0.0049173,-3.3082e-25
1.775,0.50502,0.005,0.02808,0.004631,-1.6599e-26
1.725,0.55506,0.005,0.025562,0.0042279,7.8296e-25
1.675,0.60511,0.005,0.022829,0.0037095,3.7979e-25
1.625,0.65515,0.005,0.01992,0.0030863,-8.2433e-39
1.575,0.70519,0.005,0.01687,0.0023695,-5.9687e-25
1.525,0.75523,0.005,0.013718,0.0015705,0
1.475,0.80528,0.005,0.0105,0.00070072,9.8021e-26
1.425,0.85532,0.005,0.0072474,-0.00022934,-1.3574e-25
1.375,0.90536,0.005,0.0039844,-0.0012149,4.5775e-26
1.325,0.9554,0.005,0.0007405,-0.0022279,-1.4147e-25
1.275,1.0054,0.005,-0.0024755,-0.0032806,5.1161e-25
1.225,1.0555,0.005,-0.0056506,-0.0043534,-1.2321e-24
1.175,1.1055,0.005,-0.0087697,-0.0054316,0
1.125,1.1556,0.005,-0.011808,-0.006491,5.7817e-25
1.075,1.2056,0.005,-0.014723,-0.0074947,-7.962e-27
1.025,1.2557,0.005,-0.017448,-0.0083933,6.7604e-25
0.975,1.3057,0.005,-0.019898,-0.0091348,-6.7833e-25
0.925,1.3557,0.005,-0.021988,-0.0096798,1.4283e-24
0.875,1.4058,0.005,-0.023654,-0.01001,-1.5068e-24
0.825,1.4558,0.005,-0.024856,-0.010124,1.2925e-38
0.775,1.5059,0.005,-0.025585,-0.010033,1.9805e-24
0.725,1.5559,0.005,-0.025849,-0.0097527,-1.8021e-24
0.675,1.606,0.005,-0.025673,-0.0092972,6.1789e-25
0.625,1.656,0.005,-0.025089,-0.0086793,-1.1196e-24
0.575,1.706,0.005,-0.024136,-0.0079081,5.278e-25
0.525,1.7561,0.005,-0.022855,-0.0069894,4.2731e-25
0.475,1.8061,0.005,-0.021291,-0.0059256,-1.1383e-24
0.425,1.8562,0.005,-0.019486,-0.0047165,3.5888e-25
0.375,1.9062,0.005,-0.017484,-0.0033596,2.3049e-25
0.325,1.9563,0.005,-0.015329,-0.0018511,-2.1387e-25
0.275,2.0063,0.005,-0.013058,-0.00018581,1.1668e-24
0.225,2.0563,0.005,-0.010698,0.0016487,-6.9043e-26
0.175,2.1064,0.005,-0.0082573,0.0036871,1.8897e-24
0.125,2.1564,0.005,-0.0057896,0.0059883,1.6292e-24
0.075,2.2065,0.005,-0.0034682,0.0085898,-7.2644e-24
0.025,2.2565,0.005,-0.0023552,0.011291,-8.3084e-24
2.325,0.024,0.005,0.024721,0.0011098,0
2.275,0.072,0.005,0.03206,0.0022297,-1.774e-24
2.225,0.12,0.005,0.034718,0.0033758,1.6378e-24
2.175,0.168,0.005,0.035681,0.0041447,-1.9269e-24
2.125,0.216,0.005,0.035778,0.004732,-5.8339e-40
2.075,0.264,0.005,0.035332,0.0051495,4.1427e-25
2.025,0.312,0.005,0.034478,0.0054268,0
1.975,0.36,0.005,0.033273,0.0055715,5.9271e-25
1.925,0.408,0.005,0.031748,0.0055869,-3.8229e-25
1.875,0.456,0.005,0.029925,0.0054754,-1.6077e-26
1.825,0.50502,0.005,0.027776,0.0052468,-5.1356e-25
1.775,0.55506,0.005,0.025319,0.0049027,8.4265e-25
1.725,0.60511,0.005,0.022637,0.0044437,4.2516e-25
1.675,0.65515,0.005,0.019767,0.00388,-7.7237e-25
1.625,0.70519,0.005,0.016746,0.0032226,-1.2763e-33
1.575,0.75523,0.005,0.013611,0.0024829,1.2782e-26
1.525,0.80528,0.005,0.010399,0.0016721,-2.3637e-25
1.475,0.85532,0.005,0.0071424,0.00080107,1.6726e-25
1.425,0.90536,0.005,0.003875,-0.00012684,1.2754e-25
1.375,0.9554,0.005,0.00059331,-0.0010754,0
1.325,1.0054,0.005,-0.0026462,-0.0020757,-3.0009e-25
1.275,1.0555,0.005,-0.0058626,-0.0030917,-5.7928e-34
1.225,1.1055,0.005,-0.0090363,-0.0041172,0
1.175,1.1556,0.005,-0.012148,-0.0051322,5.1692e-25
1.125,1.2056,0.005,-0.015162,-0.0061063,1.3847e-32
1.075,1.2557,0.005,-0.018018,-0.0069956,7.7631e-25
1.025,1.3057,0.005,-0.020628,-0.0077476,-8.1786e-25
0.975,1.3557,0.005,-0.022898,-0.0083167,-8.2194e-25
0.925,1.4058,0.005,-0.024748,-0.008677,6.3971e-25
0.875,1.4558,0.005,-0.026127,-0.0088242,1.3763e-24
0.825,1.5059,0.005,-0.027017,-0.0087679,9.0242e-39
0.775,1.5559,0.005,-0.027423,-0.0085246,-7.8095e-25
0.725,1.606,0.005,-0.027369,-0.0081114,-1.254e-24
0.675,1.656,0.005,-0.026889,-0.007543,5.4198e-25
0.625,1.706,0.005,-0.026021,-0.0068305,-5.3303e-25
0.575,1.7561,0.005,-0.024811,-0.0059815,9.4713e-25
0.525,1.8061,0.005,-0.023302,-0.0049999,-5.1956e-25
0.475,1.8562,0.005,-0.02154,-0.0038869,-1.6066e-25
0.425,1.9062,0.005,-0.01957,-0.0026409,-2.2659e-25
0.375,1.9563,0.005,-0.017435,-0.0012587,2.1259e-25
0.325,2.0063,0.005,-0.015176,0.00026523,-5.3438e-25
0.275,2.0563,0.005,-0.012828,0.0019411,-5.7675e-25
0.225,2.1064,0.005,-0.010418,0.0037907,6.1003e-25
0.175,2.1564,0.005,-0.0079717,0.00585,3.7772e-39
0.125,2.2065,0.005,-0.0055446,0.0081577,-5.0646e-25
0.075,2.2565,0.005,-0.0032658,0.010749,-9.9487e-24
0.025,2.3066,0.005,-0.0021721,0.01339,-9.3001e-24
2.375,0.024,0.005,0.02297,0.0011694,3.5996e-24
2.325,0.072,0.005,0.030592,0.0023572,2.4333e-25
2.275,0.12,0.005,0.033519,0.0035734,2.2541e-25
2.225,0.168,0.005,0.034679,0.0043997,1.1638e-24
2.175,0.216,0.005,0.034919,0.0050376,9.4184e-25
2.125,0.264,0.005,0.034584,0.0054984,-3.6824e-38
2.075,0.312,0.005,0.033825,0.0058196,1.598e-39
2.025,0.36,0.005,0.032708,0.0060101,-1.2831e-24
1.975,0.408,0.005,0.031264,0.0060741,5.9118e-25
1.925,0.456,0.005,0.029518,0.0060138,-1.3042e-24
1.875,0.50502,0.005,0.02744,0.005839,3.9241e-25
1.825,0.55506,0.005,0.025045,0.0055506,3.7064e-25
1.775,0.60511,0.005,0.022417,0.0051477,4.8952e-25
1.725,0.65515,0.005,0.01959,0.0046401,4.5545e-25
1.675,0.70519,0.005,0.016601,0.0040388,0
1.625,0.75523,0.005,0.013486,0.0033552,-3.7586e-25
1.575,0.80528,0.005,0.010283,0.0026006,-1.0337e-25
1.525,0.85532,0.005,0.0070255,0.0017859,1.6094e-25
1.475,0.90536,0.005,0.0037418,0.00092,-3.8091e-25
1.425,0.9554,0.005,0.00046096,1.6926e-05,-8.1452e-26
1.375,1.0054,0.005,-0.0028226,-0.00092273,-1.5108e-25
1.325,1.0555,0.005,-0.0060751,-0.0018843,-1.1939e-25
1.275,1.1055,0.005,-0.0092976,-0.0028577,-4.3771e-25
1.225,1.1556,0.005,-0.012474,-0.0038268,-5.9015e-25
1.175,1.2056,0.005,-0.015577,-0.0047661,1.2856e-24
1.125,1.2557,0.005,-0.018552,-0.005637,-6.3829e-25
1.075,1.3057,0.005,-0.021316,-0.0063895,6.7367e-25
1.025,1.3557,0.005,-0.023764,-0.006974,-2.1654e-25
0.975,1.4058,0.005,-0.025801,-0.0073576,-2.1172e-25
0.925,1.4558,0.005,-0.027362,-0.0075308,-8.0918e-25
0.875,1.5059,0.005,-0.028418,-0.0075019,2.0939e-24
0.825,1.5559,0.005,-0.028971,-0.0072882,6.963e-25
0.775,1.606,0.005,-0.029041,-0.0069088,-5.4869e-25
0.725,1.656,0.005,-0.028665,-0.0063809,-1.1214e-24
0.675,1.706,0.005,-0.027883,-0.0057177,-5.2838e-25
0.625,1.7561,0.005,-0.026741,-0.0049285,1.467e-24
0.575,1.8061,0.005,-0.025286,-0.0040189,6.0501e-39
0.525,1.8562,0.005,-0.023563,-0.0029911,-3.5051e-25
0.475,1.9062,0.005,-0.02162,-0.0018448,-5.1198e-25
0.425,1.9563,0.005,-0.019501,-0.00057753,-5.1053e-25
0.375,2.0063,0.005,-0.017249,0.00081553,1.3328e-25
0.325,2.0563,0.005,-0.014903,0.0023431,-4.7889e-25
0.275,2.1064,0.005,-0.012498,0.0040216,-6.1573e-25
0.225,2.1564,0.005,-0.010066,0.0058772,-8.2835e-25
0.175,2.2065,0.005,-0.0076419,0.0079403,8.871e-25
0.125,2.2565,0.005,-0.0052809,0.010241,4.1667e-24
0.075,2.3066,0.005,-0.0030719,0.012809,-7.093e-38
0.025,2.3566,0.005,-0.0020073,0.015371,-4.3093e-24
2.425,0.024,0.005,0.02114,0.0012252,3.4906e-24
2.375,0.072,0.005,0.029035,0.0024838,2.4574e-24
2.325,0.12,0.005,0.032252,0.0037732,6.3405e-38
2.275,0.168,0.005,0.033619,0.004657,-2.3137e-38
2.225,0.216,0.005,0.034014,0.0053435,1.306e-24
2.175,0.264,0.005,0.033796,0.0058448,-4.4979e-38
2.125,0.312,0.005,0.033135,0.006206,-3.8978e-25
2.075,0.36,0.005,0.032106,0.0064384,7.4623e-25
2.025,0.408,0.005,0.030746,0.0065468,-1.274e-24
1.975,0.456,0.005,0.029077,0.0065337,0
1.925,0.50502,0.005,0.027072,0.006409,-1.5563e-26
1.875,0.55506,0.005,0.024743,0.0061726,0
1.825,0.60511,0.005,0.022172,0.0058224,3.4634e-25
1.775,0.65515,0.005,0.019391,0.0053677,-1.0685e-38
1.725,0.70519,0.005,0.016437,0.0048193,-3.9766e-25
1.675,0.75523,0.005,0.013346,0.0041885,-6.4067e-26
1.625,0.80528,0.005,0.010155,0.003487,4.1091e-25
1.575,0.85532,0.005,0.0068981,0.0027259,3.5821e-25
1.525,0.90536,0.005,0.003605,0.0019151,-2.9243e-25
1.475,0.9554,0.005,0.00030003,0.0010641,1.8953e-25
1.425,1.0054,0.005,-0.0030007,0.00017936,2.0173e-25
1.375,1.0555,0.005,-0.00629,-0.0007282,-6.6513e-25
1.325,1.1055,0.005,-0.0095568,-0.00165,0
1.275,1.1556,0.005,-0.012792,-0.0025729,-3.5102e-25
1.225,1.2056,0.005,-0.015972,-0.0034749,7.4674e-25
1.175,1.2557,0.005,-0.019055,-0.0043225,-8.7556e-41
1.125,1.3057,0.005,-0.021961,-0.0050687,6.6675e-25
1.075,1.3557,0.005,-0.024582,-0.0056615,-6.7891e-25
1.025,1.4058,0.005,-0.026808,-0.0060618,-6.5706e-25
0.975,1.4558,0.005,-0.028556,-0.0062545,8.6363e-25
0.925,1.5059,0.005,-0.029784,-0.0062459,5.8907e-25
0.875,1.5559,0.005,-0.030488,-0.0060541,-1.6076e-25
0.825,1.606,0.005,-0.030687,-0.0057001,1.1222e-25
0.775,1.656,0.005,-0.030417,-0.0052036,-1.0639e-24
0.725,1.706,0.005,-0.02972,-0.0045801,5.3128e-25
0.675,1.7561,0.005,-0.028646,-0.0038408,4.709e-25
0.625,1.8061,0.005,-0.027241,-0.0029927,3.486e-39
0.575,1.8562,0.005,-0.025556,-0.0020393,-3.4717e-25
0.525,1.9062,0.005,-0.023636,-0.00098121,5.1268e-25
0.475,1.9563,0.005,-0.02153,0.00018299,-2.1027e-25
0.425,2.0063,0.005,-0.01928,0.0014571,3.7079e-25
0.375,2.0563,0.005,-0.01693,0.0028483,5.0626e-25
0.325,2.1064,0.005,-0.014516,0.0043693,-5.2012e-25
0.275,2.1564,0.005,-0.012077,0.0060406,-1.3121e-25
0.225,2.2065,0.005,-0.0096513,0.0078884,0
0.175,2.2565,0.005,-0.0072765,0.0099397,8.4835e-25
0.125,2.3066,0.005,-0.0050041,0.01222,2.1037e-24
0.075,2.3566,0.005,-0.0028857,0.014756,-2.4316e-24
0.025,2.4066,0.005,-0.0018594,0.017241,-8.4993e-24
2.475,0.024,0.005,0.019239,0.0012752,-3.6189e-24
2.425,0.072,0.005,0.027383,0.0026006,0
2.375,0.12,0.005,0.030919,0.0039763,-1.659e-24
2.325,0.168,0.005,0.032504,0.0049179,1.6412e-24
2.275,0.216,0.005,0.033064,0.0056502,-1.0512e-24
2.225,0.264,0.005,0.032969,0.0061895,1.2696e-24
2.175,0.312,0.005,0.03241,0.0065872,-1.373e-38
2.125,0.36,0.005,0.031472,0.0068575,-2.8943e-38
2.075,0.408,0.005,0.030195,0.0070063,3.7338e-41
2.025,0.456,0.005,0.028606,0.0070365,-1.6479e-24
1.975,0.50502,0.005,0.026675,0.0069581,4.1087e-39
1.925,0.55506,0.005,0.024415,0.0067701,3.5428e-25
1.875,0.60511,0.005,0.021903,0.0064692,-3.3713e-25
1.825,0.65515,0.005,0.019172,0.006064,5.8204e-25
1.775,0.70519,0.005,0.016256,0.0055652,5.5618e-25
1.725,0.75523,0.005,0.013192,0.004984,2.7915e-25
1.675,0.80528,0.005,0.010016,0.0043323,4.9211e-25
1.625,0.85532,0.005,0.0067628,0.0036215,-1.4576e-25
1.575,0.90536,0.005,0.0034629,0.0028621,3.9265e-25
1.525,0.9554,0.005,0.00014096,0.0020632,1.7277e-26
1.475,1.0054,0.005,-0.0031856,0.0012325,2.6404e-25
1.425,1.0555,0.005,-0.0065067,0.00037719,4.0741e-25
1.375,1.1055,0.005,-0.0098153,-0.00049303,2.5262e-25
1.325,1.1556,0.005,-0.013103,-0.0013683,-4.8884e-25
1.275,1.2056,0.005,-0.016353,-0.0022311,3.3645e-25
1.225,1.2557,0.005,-0.01953,-0.0030524,8.9317e-25
1.175,1.3057,0.005,-0.022566,-0.0037886,-9.9428e-25
1.125,1.3557,0.005,-0.025353,-0.004386,1.0272e-24
1.075,1.4058,0.005,-0.027767,-0.0047989,-1.6711e-24
1.025,1.4558,0.005,-0.029706,-0.0050059,1.5638e-24
0.975,1.5059,0.005,-0.031113,-0.0050112,2.4474e-25
0.925,1.5559,0.005,-0.031973,-0.0048336,5.6411e-25
0.875,1.606,0.005,-0.032304,-0.0044966,4.0528e-25
0.825,1.656,0.005,-0.032142,-0.0040223,-1.2847e-24
0.775,1.706,0.005,-0.031532,-0.0034288,-1.7038e-26
0.725,1.7561,0.005,-0.030524,-0.0027293,4.2699e-25
0.675,1.8061,0.005,-0.029169,-0.0019323,4.0751e-25
0.625,1.8562,0.005,-0.027517,-0.0010424,-3.4377e-25
0.575,1.9062,0.005,-0.025619,-6.1325e-05,-2.7735e-25
0.525,1.9563,0.005,-0.023522,0.0010118,3.0052e-25
0.475,2.0063,0.005,-0.021271,0.0021796,-1.3561e-25
0.425,2.0563,0.005,-0.01891,0.0034475,4.9973e-25
0.375,2.1064,0.005,-0.016481,0.0048253,5.2089e-25
0.325,2.1564,0.005,-0.014023,0.0063287,6.2083e-25
0.275,2.2065,0.005,-0.011576,0.0079801,7.5735e-25
0.225,2.2565,0.005,-0.0091832,0.0098055,3.3894e-25
0.175,2.3066,0.005,-0.0068823,0.01183,1.7999e-39
0.125,2.3566,0.005,-0.0047198,0.014081,6.3937e-25
0.075,2.4066,0.005,-0.0027149,0.016587,-6.2488e-24
0.025,2.4567,0.005,-0.0017344,0.019018,-8.1155e-24
2.525,0.024,0.005,0.017274,0.0013204,-3.3635e-24
2.475,0.072,0.005,0.02562,0.0027041,8.2774e-26
2.425,0.12,0.005,0.02952,0.00418,7.5008e-25
2.375,0.168,0.005,0.031336,0.0051821,-9.3587e-25
2.325,0.216,0.005,0.03207,0.0059569,-6.9914e-25
2.275,0.264,0.005,0.032106,0.006533,-2.4432e-24
2.225,0.312,0.005,0.031653,0.0069641,8.4085e-25
2.175,0.36,0.005,0.030807,0.0072686,7.6973e-25
2.125,0.408,0.005,0.029616,0.0074539,3.4128e-25
2.075,0.456,0.005,0.028107,0.0075234,-3.1875e-26
2.025,0.50502,0.005,0.026253,0.0074875,3.4435e-25
1.975,0.55506,0.005,0.024063,0.0073443,-6.799e-25
1.925,0.60511,0.005,0.021614,0.0070892,3.2878e-25
1.875,0.65515,0.005,0.018935,0.0067302,-2.2615e-38
1.825,0.70519,0.005,0.016061,0.0062775,-2.741e-25
1.775,0.75523,0.005,0.013027,0.0057425,-1.429e-24
1.725,0.80528,0.005,0.0098695,0.0051371,5.763e-25
1.675,0.85532,0.005,0.0066225,0.0044731,-9.3141e-25
1.625,0.90536,0.005,0.0033178,0.0037615,6.9767e-26
1.575,0.9554,0.005,-1.8703e-05,0.0030119,1.6613e-26
1.525,1.0054,0.005,-0.0033693,0.0022327,3.1912e-25
1.475,1.0555,0.005,-0.006723,0.0014299,5.2228e-26
1.425,1.1055,0.005,-0.010072,0.00061116,-6.8795e-25
1.375,1.1556,0.005,-0.013409,-0.00021464,-8.3354e-39
1.325,1.2056,0.005,-0.016721,-0.0010347,7.2155e-25
1.275,1.2557,0.005,-0.019983,-0.0018255,4.7324e-25
1.225,1.3057,0.005,-0.023135,-0.0025483,-2.6285e-39
1.175,1.3557,0.005,-0.026076,-0.0031493,1.0796e-24
1.125,1.4058,0.005,-0.028674,-0.0035745,0
1.075,1.4558,0.005,-0.030807,-0.003794,-1.6548e-24
1.025,1.5059,0.005,-0.032398,-0.0038085,1.5094e-24
0.975,1.5559,0.005,-0.033422,-0.0036383,-1.3668e-24
0.925,1.606,0.005,-0.03389,-0.0033099,1.2433e-24
0.875,1.656,0.005,-0.033839,-0.0028487,-9.4481e-26
0.825,1.706,0.005,-0.033315,-0.0022754,-5.4161e-25
0.775,1.7561,0.005,-0.032374,-0.0016055,9.4315e-25
0.725,1.8061,0.005,-0.031067,-0.00084912,-5.0869e-25
0.675,1.8562,0.005,-0.029448,-1.213e-05,-3.3886e-25
0.625,1.9062,0.005,-0.027569,0.00090313,-4.5874e-39
0.575,1.9563,0.005,-0.025478,0.0018967,-4.5701e-39
0.525,2.0063,0.005,-0.023223,0.0029706,1.3513e-25
0.475,2.0563,0.005,-0.020848,0.0041288,-9.9882e-25
0.425,2.1064,0.005,-0.018397,0.0053784,4.8431e-25
0.375,2.1564,0.005,-0.015911,0.006731,-9.6766e-40
0.325,2.2065,0.005,-0.013432,0.0082045,1.7739e-25
0.275,2.2565,0.005,-0.011003,0.009822,8.1282e-25
0.225,2.3066,0.005,-0.0086684,0.01161,5.9856e-25
0.175,2.3566,0.005,-0.0064658,0.013596,9.7367e-39
0.125,2.4066,0.005,-0.0044373,0.015811,1.0578e-25
0.075,2.4567,0.005,-0.0025761,0.018297,7.4785e-27
0.025,2.5067,0.005,-0.0016422,0.020739,1.0106e-23
2.575,0.024,0.005,0.015253,0.0013589,3.3987e-24
2.525,0.072,0.005,0.023773,0.0027974,-4.4245e-24
2.475,0.12,0.005,0.02805,0.0043774,2.1331e-24
2.425,0.168,0.005,0.030117,0.0054454,-9.3127e-25
2.375,0.216,0.005,0.031034,0.0062618,-7.0712e-25
2.325,0.264,0.005,0.03121,0.0068753,4.0977e-25
2.275,0.312,0.005,0.030866,0.0073372,-8.7815e-25
2.225,0.36,0.005,0.030114,0.0076725,8.0622e-25
2.175,0.408,0.005,0.02901,0.0078906,-3.1734e-39
2.125,0.456,0.005,0.027582,0.0079956,-3.7302e-25
2.075,0.50502,0.005,0.025806,0.0079983,-7.4218e-25
2.025,0.55506,0.005,0.02369,0.0078963,6.839e-25
1.975,0.60511,0.005,0.021306,0.0076835,-3.8609e-25
1.925,0.65515,0.005,0.018683,0.0073673,-1.3839e-24
1.875,0.70519,0.005,0.015855,0.0069574,2.64e-25
1.825,0.75523,0.005,0.012854,0.006465,-2.2641e-25
1.775,0.80528,0.005,0.009718,0.0059023,6.4061e-25
1.725,0.85532,0.005,0.0064803,0.0052813,6.1515e-25
1.675,0.90536,0.005,0.0031735,0.0046136,-7.7135e-39
1.625,0.9554,0.005,-0.00017573,0.0039095,-9.2338e-39
1.575,1.0054,0.005,-0.0035487,0.0031781,2.2951e-25
1.525,1.0555,0.005,-0.0069337,0.0024253,-7.2235e-40
1.475,1.1055,0.005,-0.010322,0.0016578,-8.8556e-25
1.425,1.1556,0.005,-0.013706,0.00088268,-5.1673e-25
1.375,1.2056,0.005,-0.017078,0.00010939,-1.7732e-25
1.325,1.2557,0.005,-0.020415,-0.00064473,3.6796e-25
1.275,1.3057,0.005,-0.02367,-0.0013478,-1.0031e-24
1.225,1.3557,0.005,-0.026753,-0.0019494,1.101e-24
1.175,1.4058,0.005,-0.029528,-0.0023892,-1.2555e-38
1.125,1.4558,0.005,-0.031856,-0.0026241,-1.7476e-24
1.075,1.5059,0.005,-0.033637,-0.0026471,2.5477e-24
1.025,1.5559,0.005,-0.03483,-0.0024794,0
0.975,1.606,0.005,-0.035441,-0.002152,-1.2781e-24
0.925,1.656,0.005,-0.035504,-0.0016948,5.2276e-25
0.875,1.706,0.005,-0.03507,-0.0011319,-5.0916e-25
0.825,1.7561,0.005,-0.034194,-0.00048126,9.4378e-25
0.775,1.8061,0.005,-0.032935,0.00024495,5.0145e-25
0.725,1.8562,0.005,-0.031347,0.0010398,-3.3312e-25
0.675,1.9062,0.005,-0.029484,0.0019,-2.6639e-25
0.625,1.9563,0.005,-0.027398,0.0028254,-2.0012e-25
0.575,2.0063,0.005,-0.025135,0.0038174,0
0.525,2.0563,0.005,-0.022743,0.004879,6.5113e-26
0.475,2.1064,0.005,-0.020265,0.0060153,-5.0704e-25
0.425,2.1564,0.005,-0.017745,0.0072345,-9.0907e-25
0.375,2.2065,0.005,-0.015226,0.0085498,4.9195e-25
0.325,2.2565,0.005,-0.012751,0.0099797,-2.3903e-25
0.275,2.3066,0.005,-0.010365,0.011548,-5.1782e-25
0.225,2.3566,0.005,-0.0081134,0.013284,-4.6722e-25
0.175,2.4066,0.005,-0.0060351,0.015218,6.8492e-25
0.125,2.4567,0.005,-0.0041715,0.017396,4.9805e-24
0.075,2.5067,0.005,-0.0025003,0.01989,3.7753e-24
0.025,2.5568,0.005,-0.0016208,0.022474,2.3321e-24
2.625,0.024,0.005,0.01319,0.0013873,6.6357e-38
2.575,0.072,0.005,0.021847,0.0028749,1.4772e-25
2.525,0.12,0.005,0.026507,0.0045581,4.5612e-25
2.475,0.168,0.005,0.028848,0.0057016,1.8565e-24
2.425,0.216,0.005,0.02996,0.0065626,-1.4005e-24
2.375,0.264,0.005,0.030283,0.0072152,3.0449e-24
2.325,0.312,0.005,0.030053,0.0077063,-8.3066e-25
2.275,0.36,0.005,0.029398,0.0080696,-3.9962e-26
2.225,0.408,0.005,0.028381,0.0083171,-1.8419e-26
2.175,0.456,0.005,0.027036,0.008454,-2.2137e-24
2.125,0.50502,0.005,0.025339,0.0084917,1.4893e-24
2.075,0.55506,0.005,0.023298,0.0084273,-2.7826e-38
2.025,0.60511,0.005,0.020982,0.0082533,-3.1446e-25
1.975,0.65515,0.005,0.018418,0.0079765,7.4051e-25
1.925,0.70519,0.005,0.015638,0.007606,-2.5435e-25
1.875,0.75523,0.005,0.012675,0.0071528,0
1.825,0.80528,0.005,0.0095643,0.0066289,-3.6494e-25
1.775,0.85532,0.005,0.0063396,0.0060469,-5.7162e-25
1.725,0.90536,0.005,0.0030338,0.0054189,-2.5147e-40
1.675,0.9554,0.005,-0.00032565,0.0047558,-6.474e-25
1.625,1.0054,0.005,-0.0037191,0.0040676,-9.5404e-25
1.575,1.0555,0.005,-0.0071336,0.0033608,4.2206e-25
1.525,1.1055,0.005,-0.01056,0.0026419,-3.2913e-25
1.475,1.1556,0.005,-0.013991,0.0019168,-4.6508e-25
1.425,1.2056,0.005,-0.017419,0.0011927,-4.077e-26
1.375,1.2557,0.005,-0.020826,0.00048174,2.3837e-25
1.325,1.3057,0.005,-0.024174,-0.00019207,-9.6019e-25
1.275,1.3557,0.005,-0.027385,-0.00078602,-4.8678e-25
1.225,1.4058,0.005,-0.030328,-0.0012394,2.5016e-25
1.175,1.4558,0.005,-0.032849,-0.0014954,7.1146e-25
1.125,1.5059,0.005,-0.034825,-0.0015318,-1.6806e-24
1.075,1.5559,0.005,-0.036194,-0.0013661,-2.7152e-25
1.025,1.606,0.005,-0.036953,-0.0010344,-1.9913e-25
0.975,1.656,0.005,-0.037135,-0.00057286,5.2744e-25
0.925,1.706,0.005,-0.036792,-1.0598e-05,-5.5496e-25
0.875,1.7561,0.005,-0.035984,0.00063104,1.439e-24
0.825,1.8061,0.005,-0.03477,0.0013377,3.9538e-25
0.775,1.8562,0.005,-0.033211,0.0021011,-1.1451e-24
0.725,1.9062,0.005,-0.031363,0.0029172,-7.8564e-39
0.675,1.9563,0.005,-0.029279,0.0037853,1.9415e-25
0.625,2.0063,0.005,-0.027007,0.0047068,-3.7219e-25
0.575,2.0563,0.005,-0.024596,0.0056842,6.5121e-26
0.525,2.1064,0.005,-0.022089,0.0067213,-4.9848e-25
0.475,2.1564,0.005,-0.019531,0.0078239,9.9427e-25
0.425,2.2065,0.005,-0.016964,0.0090009,6.3061e-25
0.375,2.2565,0.005,-0.014435,0.010266,2.1141e-25
0.325,2.3066,0.005,-0.011987,0.011637,-1.2429e-38
0.275,2.3566,0.005,-0.0096676,0.013141,4.9978e-25
0.225,2.4066,0.005,-0.0075243,0.014807,1.8385e-26
0.175,2.4567,0.005,-0.0055999,0.016679,-4.9375e-38
0.125,2.5067,0.005,-0.0039436,0.018817,1.1297e-24
0.075,2.5568,0.005,-0.002548,0.021349,-2.5467e-24
0.025,2.6068,0.005,-0.0016959,0.024418,-7.032e-24
2.675,0.024,0.005,0.011097,0.0014105,-3.7518e-24
2.625,0.072,0.005,0.019854,0.0029286,2.2311e-24
2.575,0.12,0.005,0.024892,0.0047132,1.0052e-37
2.525,0.168,0.005,0.027531,0.0059427,-8.8594e-25
2.475,0.216,0.005,0.028848,0.006855,1.9111e-25
2.425,0.264,0.005,0.029327,0.0075502,2.0835e-24
2.375,0.312,0.005,0.029216,0.0080702,1.8979e-38
2.325,0.36,0.005,0.02866,0.0084597,-4.1046e-25
2.275,0.408,0.005,0.027732,0.0087339,-6.2467e-38
2.225,0.456,0.005,0.02647,0.0088994,4.4341e-25
2.175,0.50502,0.005,0.024854,0.0089687,-1.1012e-24
2.125,0.55506,0.005,0.022889,0.0089383,1.4694e-24
2.075,0.60511,0.005,0.020644,0.0087998,-1.5411e-38
2.025,0.65515,0.005,0.018142,0.0085591,1.0641e-24
1.975,0.70519,0.005,0.015415,0.0082246,-1.8041e-24
1.925,0.75523,0.005,0.012493,0.0078069,0
1.875,0.80528,0.005,0.0094113,0.0073181,-9.2939e-25
1.825,0.85532,0.005,0.0062035,0.006771,8.6889e-25
1.775,0.90536,0.005,0.0029024,0.0061781,-4.8312e-26
1.725,0.9554,0.005,-0.00046405,0.0055512,1.482e-24
1.675,1.0054,0.005,-0.0038753,0.0049011,1.3649e-24
1.625,1.0555,0.005,-0.0073174,0.0042351,-5.2688e-25
1.575,1.1055,0.005,-0.01078,0.0035603,-3.0505e-25
1.525,1.1556,0.005,-0.014257,0.0028823,2.6334e-25
1.475,1.2056,0.005,-0.017739,0.0022069,5.6333e-25
1.425,1.2557,0.005,-0.021214,0.0015431,7.1853e-25
1.375,1.3057,0.005,-0.024649,0.00090801,-1.4865e-24
1.325,1.3557,0.005,-0.027975,0.00033444,2.059e-24
1.275,1.4058,0.005,-0.031074,-0.00012382,-1.2842e-24
1.225,1.4558,0.005,-0.033784,-0.000403,2.252e-32
1.175,1.5059,0.005,-0.035957,-0.00046165,-6.9892e-25
1.125,1.5559,0.005,-0.037509,-0.00030375,6.4437e-25
1.075,1.606,0.005,-0.038423,3.3349e-05,5.8399e-25
1.025,1.656,0.005,-0.03873,0.00050545,-5.3749e-25
0.975,1.706,0.005,-0.038481,0.001076,5.2553e-26
0.925,1.7561,0.005,-0.03774,0.0017188,4.6852e-25
0.875,1.8061,0.005,-0.036572,0.0024168,9.2022e-39
0.825,1.8562,0.005,-0.035041,0.0031596,-3.1654e-25
0.775,1.9062,0.005,-0.033205,0.0039423,4.9024e-25
0.725,1.9563,0.005,-0.03112,0.004764,-6.8177e-25
0.675,2.0063,0.005,-0.028837,0.0056259,-8.8675e-39
0.625,2.0563,0.005,-0.026404,0.0065306,6.329e-26
0.575,2.1064,0.005,-0.023866,0.0074815,-1.1777e-27
0.525,2.1564,0.005,-0.021268,0.0084829,1.5085e-24
0.475,2.2065,0.005,-0.018651,0.0095403,-6.2078e-25
0.425,2.2565,0.005,-0.016062,0.010663,3.0221e-25
0.375,2.3066,0.005,-0.013544,0.011863,2.2757e-25
0.325,2.3566,0.005,-0.011146,0.01316,-1.4849e-25
0.275,2.4066,0.005,-0.0089161,0.014581,5.997e-26
0.225,2.4567,0.005,-0.0069063,0.01616,5.3747e-26
0.175,2.5067,0.005,-0.0051699,0.017949,-7.3801e-25
0.125,2.5568,0.005,-0.0037874,0.020034,-1.7816e-24
0.075,2.6068,0.005,-0.0028285,0.022699,-1.2352e-24
0.025,2.6569,0.005,-0.0018964,0.026693,-7.8014e-24
2.725,0.024,0.005,0.0090337,0.0013673,4.2965e-25
2.675,0.072,0.005,0.017813,0.002951,2.185e-25
2.625,0.12,0.005,0.023209,0.0048316,1.6089e-38
2.575,0.168,0.005,0.026163,0.0061593,2.4105e-24
2.525,0.216,0.005,0.027699,0.0071334,-2.2525e-24
2.475,0.264,0.005,0.028343,0.0078752,1.9004e-38
2.425,0.312,0.005,0.028358,0.0084268,4.4966e-25
2.375,0.36,0.005,0.027904,0.0088419,8.4391e-25
2.325,0.408,0.005,0.027066,0.0091406,-3.2058e-39
2.275,0.456,0.005,0.025888,0.0093322,7.6401e-26
2.225,0.50502,0.005,0.024353,0.0094299,-8.783e-25
2.175,0.55506,0.005,0.022467,0.0094303,3.2977e-25
2.125,0.60511,0.005,0.020293,0.009324,-6.0582e-25
2.075,0.65515,0.005,0.017857,0.0091162,8.2514e-25
2.025,0.70519,0.005,0.015186,0.0088145,-2.3638e-25
1.975,0.75523,0.005,0.01231,0.0084289,6.2871e-25
1.925,0.80528,0.005,0.0092616,0.0079713,9.7485e-25
1.875,0.85532,0.005,0.0060751,0.0074548,8.2404e-25
1.825,0.90536,0.005,0.0027828,0.0068925,-7.7959e-26
1.775,0.9554,0.005,-0.00058677,0.0062966,7.6727e-25
1.725,1.0054,0.005,-0.0040125,0.0056792,1.0852e-25
1.675,1.0555,0.005,-0.0074795,0.0050484,-4.311e-25
1.625,1.1055,0.005,-0.010977,0.004412,-7.9863e-25
1.575,1.1556,0.005,-0.014497,0.0037762,-9.5807e-27
1.525,1.2056,0.005,-0.018033,0.0031466,5.1069e-25
1.475,1.2557,0.005,-0.021574,0.0025304,6.8765e-25
1.425,1.3057,0.005,-0.025092,0.0019401,4.7334e-25
1.375,1.3557,0.005,-0.028527,0.0013995,5.7463e-25
1.325,1.4058,0.005,-0.031768,0.00095122,-5.7994e-25
1.275,1.4558,0.005,-0.034657,0.00065593,4.3705e-25
1.225,1.5059,0.005,-0.037029,0.00056927,-3.603e-25
1.175,1.5559,0.005,-0.038771,0.00070883,-2.8301e-25
1.125,1.606,0.005,-0.039848,0.0010459,2.0586e-25
1.075,1.656,0.005,-0.040284,0.0015305,1.2821e-25
1.025,1.706,0.005,-0.040133,0.0021164,5.6448e-25
0.975,1.7561,0.005,-0.039461,0.0027701,-2.603e-26
0.925,1.8061,0.005,-0.038339,0.0034699,8.6222e-25
0.875,1.8562,0.005,-0.036834,0.004203,-1.335e-25
0.825,1.9062,0.005,-0.035008,0.0049632,-2.4015e-25
0.775,1.9563,0.005,-0.03292,0.0057491,-3.558e-33
0.725,2.0063,0.005,-0.030623,0.0065619,6.1406e-25
0.675,2.0563,0.005,-0.028167,0.0074048,-5.9583e-26
0.625,2.1064,0.005,-0.025597,0.0082813,5.0503e-25
0.575,2.1564,0.005,-0.022956,0.009195,-9.5821e-25
0.525,2.2065,0.005,-0.020289,0.01015,-2.3553e-25
0.475,2.2565,0.005,-0.017637,0.011151,-5.0462e-25
0.425,2.3066,0.005,-0.015046,0.012206,2.3902e-25
0.375,2.3566,0.005,-0.012561,0.013326,4.9036e-25
0.325,2.4066,0.005,-0.010233,0.014532,-1.1035e-24
0.275,2.4567,0.005,-0.0081131,0.015849,-4.6448e-25
0.225,2.5067,0.005,-0.0062608,0.017316,9.893e-25
0.175,2.5568,0.005,-0.0047526,0.018988,0
0.125,2.6068,0.005,-0.0037469,0.02098,3.956e-38
0.075,2.6569,0.005,-0.0035961,0.023716,3.3199e-24
0.025,2.7069,0.005,-0.0034725,0.030647,1.172e-23
2.775,0.024,0.005,0.0069498,0.001189,3.6431e-24
2.725,0.072,0.005,0.01576,0.0029314,2.0013e-24
2.675,0.12,0.005,0.021463,0.0048971,4.6759e-25
2.625,0.168,0.005,0.024746,0.0063384,5.3091e-25
2.575,0.216,0.005,0.026515,0.0073879,2.6227e-38
2.525,0.264,0.005,0.027335,0.0081826,-3.2195e-24
2.475,0.312,0.005,0.027482,0.0087722,1.4482e-24
2.425,0.36,0.005,0.027133,0.0092139,5.0339e-26
2.375,0.408,0.005,0.026387,0.0095366,4.6634e-25
2.325,0.456,0.005,0.025293,0.0097521,8.4138e-25
2.275,0.50502,0.005,0.023839,0.0098756,-8.9221e-25
2.225,0.55506,0.005,0.022032,0.0099039,-1.0818e-24
2.175,0.60511,0.005,0.019933,0.0098269,2.9801e-25
2.125,0.65515,0.005,0.017565,0.009649,1.1159e-40
2.075,0.70519,0.005,0.014954,0.0093769,6.3621e-25
2.025,0.75523,0.005,0.012127,0.0090201,6.8336e-25
1.975,0.80528,0.005,0.0091175,0.0085902,-7.3661e-25
1.925,0.85532,0.005,0.0059571,0.0081003,-1.764e-24
1.875,0.90536,0.005,0.0026784,0.0075637,8.1062e-39
1.825,0.9554,0.005,-0.00069,0.0069938,2.3475e-38
1.775,1.0054,0.005,-0.0041264,0.0064033,-1.819e-24
1.725,1.0555,0.005,-0.0076149,0.0058014,-1.0885e-24
1.675,1.1055,0.005,-0.011144,0.0051973,-2.6985e-25
1.625,1.1556,0.005,-0.014707,0.0045978,-4.8911e-25
1.575,1.2056,0.005,-0.018296,0.0040091,-4.6413e-25
1.525,1.2557,0.005,-0.021902,0.0034379,-1.7125e-25
1.475,1.3057,0.005,-0.025501,0.0028943,2.2119e-26
1.425,1.3557,0.005,-0.029039,0.0023955,-2.7607e-24
1.375,1.4058,0.005,-0.032414,0.0019728,2.23e-24
1.325,1.4558,0.005,-0.035471,0.0016765,-2.649e-24
1.275,1.5059,0.005,-0.038036,0.0015655,6.6504e-25
1.225,1.5559,0.005,-0.039974,0.0016776,-9.5622e-25
1.175,1.606,0.005,-0.041223,0.002004,8.303e-25
1.125,1.656,0.005,-0.041796,0.002497,6.933e-25
1.075,1.706,0.005,-0.041747,0.0031015,-5.6826e-25
1.025,1.7561,0.005,-0.041147,0.0037737,4.9561e-25
0.975,1.8061,0.005,-0.04007,0.0044853,0
0.925,1.8562,0.005,-0.038589,0.0052194,-5.9204e-25
0.875,1.9062,0.005,-0.036771,0.0059679,4.7769e-25
0.825,1.9563,0.005,-0.034677,0.0067286,-3.3533e-33
0.775,2.0063,0.005,-0.032364,0.0075026,1.1006e-25
0.725,2.0563,0.005,-0.029882,0.0082938,-9.448e-25
0.675,2.1064,0.005,-0.027277,0.0091065,2.3303e-39
0.625,2.1564,0.005,-0.024594,0.0099444,-5.1218e-25
0.575,2.2065,0.005,-0.021875,0.010811,-1.1269e-25
0.525,2.2565,0.005,-0.019161,0.011709,-5.1642e-25
0.475,2.3066,0.005,-0.016496,0.012642,-5.1427e-25
0.425,2.3566,0.005,-0.013924,0.013617,1.0179e-24
0.375,2.4066,0.005,-0.011491,0.014642,6.7279e-33
0.325,2.4567,0.005,-0.0092496,0.015736,-3.9497e-25
0.275,2.5067,0.005,-0.0072554,0.016923,4.1595e-27
0.225,2.5568,0.005,-0.0055802,0.018239,3.9171e-25
0.175,2.6068,0.005,-0.0043426,0.019714,1.0474e-24
0.125,2.6569,0.005,-0.0039213,0.021436,-4.0877e-25
0.075,2.7069,0.005,-0.0055049,0.02481,1.6095e-37
0.025,2.7569,0.005,-0.004053,0.036652,4.3193e-23
2.825,0.024,0.005,0.0050862,0.00095901,-9.7913e-25
2.775,0.072,0.005,0.013706,0.0028376,-2.4723e-24
2.725,0.12,0.005,0.019666,0.0048882,3.9545e-25
2.675,0.168,0.005,0.023279,0.0064627,-7.3522e-25
2.625,0.216,0.005,0.025298,0.0076057,1.1622e-24
2.575,0.264,0.005,0.026301,0.0084635,-1.6082e-24
2.525,0.312,0.005,0.02659,0.0091003,4.8219e-25
2.475,0.36,0.005,0.02635,0.0095724,0
2.425,0.408,0.005,0.025696,0.0099197,2.1933e-24
2.375,0.456,0.005,0.024686,0.010158,-1.9986e-24
2.325,0.50502,0.005,0.023315,0.010306,9.0324e-25
2.275,0.55506,0.005,0.021588,0.01036,1.2201e-24
2.225,0.60511,0.005,0.019565,0.010309,-1.4791e-24
2.175,0.65515,0.005,0.017268,0.010159,-1.5769e-38
2.125,0.70519,0.005,0.01472,0.0099132,-2.2027e-25
2.075,0.75523,0.005,0.011948,0.0095821,9.0982e-25
2.025,0.80528,0.005,0.0089809,0.0091764,-7.9265e-25
1.975,0.85532,0.005,0.0058518,0.0087091,1.0102e-24
1.925,0.90536,0.005,0.0025918,0.008194,-7.7416e-41
1.875,0.9554,0.005,-0.00077041,0.0076449,-8.9259e-25
1.825,1.0054,0.005,-0.0042129,0.0070755,1.7437e-24
1.775,1.0555,0.005,-0.0077191,0.0064963,1.8584e-25
1.725,1.1055,0.005,-0.011278,0.0059176,-2.5819e-25
1.675,1.1556,0.005,-0.01488,0.0053478,-9.2444e-25
1.625,1.2056,0.005,-0.018521,0.0047939,-4.5246e-25
1.575,1.2557,0.005,-0.022193,0.0042632,5.2232e-25
1.525,1.3057,0.005,-0.025873,0.0037647,-6.3288e-25
1.475,1.3557,0.005,-0.029513,0.0033117,-1.4098e-24
1.425,1.4058,0.005,-0.033014,0.0029264,-5.7117e-25
1.375,1.4558,0.005,-0.036228,0.0026465,-4.7767e-25
1.325,1.5059,0.005,-0.038979,0.0025244,-9.776e-25
1.275,1.5559,0.005,-0.041113,0.0026087,2.8221e-25
1.225,1.606,0.005,-0.042544,0.0029133,1.0217e-24
1.175,1.656,0.005,-0.043263,0.0034053,1.1464e-38
1.125,1.706,0.005,-0.043321,0.0040259,-5.7116e-25
1.075,1.7561,0.005,-0.042795,0.004721,9.6346e-25
1.025,1.8061,0.005,-0.041764,0.0054524,0
0.975,1.8562,0.005,-0.040306,0.0061975,-2.8429e-25
0.925,1.9062,0.005,-0.038493,0.0069448,-2.1642e-25
0.875,1.9563,0.005,-0.03639,0.0076908,4.7875e-25
0.825,2.0063,0.005,-0.034057,0.0084363,1.001e-25
0.775,2.0563,0.005,-0.031546,0.0091856,4.6566e-26
0.725,2.1064,0.005,-0.028905,0.0099441,-4.9428e-25
0.675,2.1564,0.005,-0.026179,0.010717,5.1462e-25
0.625,2.2065,0.005,-0.023408,0.011507,-9.2516e-40
0.575,2.2565,0.005,-0.020634,0.012317,-1.629e-25
0.525,2.3066,0.005,-0.017896,0.013149,-5.3019e-25
0.475,2.3566,0.005,-0.015237,0.014003,-1.0617e-24
0.425,2.4066,0.005,-0.012701,0.014883,-3.1937e-25
0.375,2.4567,0.005,-0.010335,0.015796,1.5704e-24
0.325,2.5067,0.005,-0.0081905,0.016754,8.4407e-25
0.275,2.5568,0.005,-0.0063275,0.017776,-4.6123e-39
0.225,2.6068,0.005,-0.0048332,0.018863,3.6828e-25
0.175,2.6569,0.005,-0.0039001,0.020029,1.4514e-25
0.125,2.7069,0.005,-0.0041772,0.021242,-1.162e-38
0.075,2.7569,0.005,-0.0047172,0.019217,3.13e-23
0.025,2.807,0.005,0.060934,0.03445,0
2.875,0.024,0.005,0.0034527,0.0007176,6.4259e-25
2.825,0.072,0.005,0.011672,0.0026306,4.0909e-25
2.775,0.12,0.005,0.017821,0.0047762,-1.1971e-38
2.725,0.168,0.005,0.021761,0.0065107,2.8013e-24
2.675,0.216,0.005,0.024045,0.0077715,-5.7755e-25
2.625,0.264,0.005,0.025243,0.0087075,-3.8743e-38
2.575,0.312,0.005,0.025681,0.009403,2.2233e-38
2.525,0.36,0.005,0.025556,0.0099121,-1.8943e-24
2.475,0.408,0.005,0.024996,0.010287,-9.084e-25
2.425,0.456,0.005,0.024072,0.010549,4.0209e-25
2.375,0.50502,0.005,0.022783,0.01072,3.3654e-25
2.325,0.55506,0.005,0.021137,0.010798,-1.7147e-38
2.275,0.60511,0.005,0.019192,0.010772,3.3999e-25
2.225,0.65515,0.005,0.016968,0.010646,1.1765e-24
2.175,0.70519,0.005,0.014486,0.010425,-1.1454e-24
2.125,0.75523,0.005,0.011772,0.010117,4.8903e-38
2.075,0.80528,0.005,0.0088536,0.009732,1.1863e-25
2.025,0.85532,0.005,0.005761,0.0092837,9.155e-25
1.975,0.90536,0.005,0.0025254,0.0087857,-6.7358e-27
1.925,0.9554,0.005,-0.0008252,0.0082523,-1.0006e-24
1.875,1.0054,0.005,-0.0042687,0.0076984,-2.4446e-25
1.825,1.0555,0.005,-0.0077883,0.0071355,-1.5357e-38
1.775,1.1055,0.005,-0.011372,0.0065755,4.9965e-33
1.725,1.1556,0.005,-0.015013,0.0060282,-3.164e-25
1.675,1.2056,0.005,-0.018705,0.0055023,-5.5216e-25
1.625,1.2557,0.005,-0.022442,0.0050061,7.8196e-39
1.575,1.3057,0.005,-0.026205,0.0045487,5.6109e-25
1.525,1.3557,0.005,-0.029945,0.0041414,-1.3219e-24
1.475,1.4058,0.005,-0.033569,0.0038,-7.6204e-25
1.425,1.4558,0.005,-0.036932,0.0035511,2.0499e-24
1.375,1.5059,0.005,-0.039859,0.0034355,-1.4054e-24
1.325,1.5559,0.005,-0.042187,0.0035014,8.8862e-25
1.275,1.606,0.005,-0.043804,0.0037801,1.8332e-25
1.225,1.656,0.005,-0.04468,0.0042596,6.1827e-39
1.175,1.706,0.005,-0.044854,0.004889,5.6231e-25
1.125,1.7561,0.005,-0.044406,0.0056063,-9.7339e-25
1.075,1.8061,0.005,-0.043421,0.0063628,4.9038e-25
1.025,1.8562,0.005,-0.041985,0.0071271,4.7572e-25
0.975,1.9062,0.005,-0.040174,0.0078832,-9.4359e-25
0.925,1.9563,0.005,-0.038058,0.0086246,1.4288e-25
0.875,2.0063,0.005,-0.035701,0.0093515,8.8513e-26
0.825,2.0563,0.005,-0.033158,0.010069,7.4729e-26
0.775,2.1064,0.005,-0.030479,0.010782,-4.9229e-25
0.725,2.1564,0.005,-0.027707,0.011498,-5.1556e-25
0.675,2.2065,0.005,-0.024885,0.012222,-5.4829e-40
0.625,2.2565,0.005,-0.02205,0.012957,-1.3642e-39
0.575,2.3066,0.005,-0.019243,0.013703,0
0.525,2.3566,0.005,-0.016501,0.014458,-5.5175e-25
0.475,2.4066,0.005,-0.013866,0.015222,-1.8006e-24
0.425,2.4567,0.005,-0.011379,0.015993,-1.1318e-24
0.375,2.5067,0.005,-0.0090862,0.016773,5.7352e-25
0.325,2.5568,0.005,-0.0070335,0.017564,-5.7686e-25
0.275,2.6068,0.005,-0.0052737,0.018354,-5.4752e-25
0.225,2.6569,0.005,-0.0038493,0.019149,-8.4022e-26
0.175,2.7069,0.005,-0.0025633,0.019654,7.7988e-25
0.125,2.7569,0.005,0.0019321,0.016728,4.2198e-24
0.075,2.807,0.005,0.05172,0.013711,-6.954e-23
0.025,2.86,0.005,0.45354,-0.003025,-8.1444e-25
2.925,0.024,0.005,0.0022488,0.00053488,-7.9649e-25
2.875,0.072,0.005,0.0096849,0.0023049,2.4085e-24
2.825,0.12,0.005,0.015934,0.0045382,-1.5051e-25
2.775,0.168,0.005,0.02019,0.0064564,1.8534e-24
2.725,0.216,0.005,0.022756,0.0078647,-3.1249e-24
2.675,0.264,0.005,0.024159,0.0089006,1.6081e-24
2.625,0.312,0.005,0.024756,0.0096686,-9.9556e-25
2.575,0.36,0.005,0.024753,0.010226,9.1181e-25
2.525,0.408,0.005,0.02429,0.010634,-1.8438e-24
2.475,0.456,0.005,0.023452,0.010922,5.2891e-25
2.425,0.50502,0.005,0.022245,0.011116,-3.6561e-25
2.375,0.55506,0.005,0.020681,0.011217,6.3982e-25
2.325,0.60511,0.005,0.018814,0.011214,-2.8533e-25
2.275,0.65515,0.005,0.016665,0.011111,2.4772e-25
2.225,0.70519,0.005,0.014254,0.010912,-1.922e-24
2.175,0.75523,0.005,0.011602,0.010625,-9.7739e-25
2.125,0.80528,0.005,0.0087366,0.010259,1.0888e-25
2.075,0.85532,0.005,0.0056863,0.0098262,1.0213e-24
2.025,0.90536,0.005,0.0024809,0.0093414,0
1.975,0.9554,0.005,-0.00085212,0.0088192,1.0544e-24
1.925,1.0054,0.005,-0.0042909,0.0082753,-8.6714e-25
1.875,1.0555,0.005,-0.0078189,0.0077225,-3.7825e-25
1.825,1.1055,0.005,-0.011424,0.0071742,-1.0991e-24
1.775,1.1556,0.005,-0.0151,0.0066421,6.7659e-39
1.725,1.2056,0.005,-0.018842,0.0061366,1.3601e-24
1.675,1.2557,0.005,-0.022646,0.0056679,9.2504e-25
1.625,1.3057,0.005,-0.026492,0.005246,1.5815e-25
1.575,1.3557,0.005,-0.030334,0.0048814,-2.7008e-25
1.525,1.4058,0.005,-0.034079,0.0045859,1.2845e-24
1.475,1.4558,0.005,-0.037586,0.0043772,2.7531e-25
1.425,1.5059,0.005,-0.040679,0.0042843,1.2006e-24
1.375,1.5559,0.005,-0.043192,0.0043476,-1.0663e-24
1.325,1.606,0.005,-0.044999,0.0046054,2.1561e-24
1.275,1.656,0.005,-0.046041,0.0050658,-1.8992e-24
1.225,1.706,0.005,-0.046342,0.0056936,9.1395e-27
1.175,1.7561,0.005,-0.045978,0.0064279,9.0572e-39
1.125,1.8061,0.005,-0.045041,0.0072106,5.0157e-25
1.075,1.8562,0.005,-0.043625,0.0080002,2.2285e-25
1.025,1.9062,0.005,-0.041813,0.0087735,-2.0493e-39
0.975,1.9563,0.005,-0.039681,0.0095199,-4.7339e-25
0.925,2.0063,0.005,-0.037296,0.010238,0
0.875,2.0563,0.005,-0.034716,0.010932,1.0068e-24
0.825,2.1064,0.005,-0.031994,0.011609,4.0257e-26
0.775,2.1564,0.005,-0.029175,0.012277,4.5383e-39
0.725,2.2065,0.005,-0.0263,0.012943,-6.4058e-25
0.675,2.2565,0.005,-0.023407,0.013611,-3.6232e-40
0.625,2.3066,0.005,-0.020532,0.014283,5.5527e-25
0.575,2.3566,0.005,-0.017712,0.014956,2.4305e-39
0.525,2.4066,0.005,-0.014983,0.015626,-5.8565e-25
0.475,2.4567,0.005,-0.012383,0.016287,-6.0559e-25
0.425,2.5067,0.005,-0.0099487,0.016932,0
0.375,2.5568,0.005,-0.0077135,0.01755,6.7602e-25
0.325,2.6068,0.005,-0.0056998,0.01812,4.0767e-25
0.275,2.6569,0.005,-0.0038365,0.018642,7.4978e-25
0.225,2.7069,0.005,-0.0012521,0.018848,4.9418e-39
0.175,2.7569,0.005,0.0084452,0.016817,-6.1744e-32
0.125,2.807,0.005,0.072254,0.0091096,1.4422e-23
0.075,2.86,0.005,0.45178,-0.0028001,0
0.025,2.916,0.005,0.45555,-0.0012889,5.5502e-38
2.975,0.024,0.005,0.0013287,0.00042893,-5.7494e-24
2.925,0.072,0.005,0.0077693,0.0018987,8.1557e-25
2.875,0.12,0.005,0.014014,0.0041708,-8.8952e-39
2.825,0.168,0.005,0.018562,0.006276,2.9384e-25
2.775,0.216,0.005,0.021423,0.0078645,-1.6746e-38
2.725,0.264,0.005,0.023047,0.0090275,9.9803e-25
2.675,0.312,0.005,0.023814,0.0098837,-4.9695e-25
2.625,0.36,0.005,0.023941,0.010504,9.5544e-25
2.575,0.408,0.005,0.02358,0.010953,-7.5695e-40
2.525,0.456,0.005,0.022829,0.011272,-2.201e-24
2.475,0.50502,0.005,0.021705,0.011492,1.2993e-24
2.425,0.55506,0.005,0.020221,0.011616,1.631e-38
2.375,0.60511,0.005,0.018435,0.011636,-5.6234e-25
2.325,0.65515,0.005,0.016362,0.011555,8.6236e-39
2.275,0.70519,0.005,0.014023,0.011377,2.172e-24
2.225,0.75523,0.005,0.011438,0.011109,-1.157e-24
2.175,0.80528,0.005,0.0086308,0.010759,9.9611e-26
2.125,0.85532,0.005,0.0056285,0.010339,-8.6958e-26
2.075,0.90536,0.005,0.0024595,0.0098641,1.0886e-24
2.025,0.9554,0.005,-0.00084952,0.0093488,7.9532e-26
1.975,1.0054,0.005,-0.0042775,0.0088097,1.0496e-24
1.925,1.0555,0.005,-0.0078083,0.0082609,9.9018e-25
1.875,1.1055,0.005,-0.011431,0.0077174,2.4299e-25
1.825,1.1556,0.005,-0.015138,0.007193,5.4271e-25
1.775,1.2056,0.005,-0.018929,0.0067001,-6.6751e-33
1.725,1.2557,0.005,-0.022799,0.0062511,3.8237e-25
1.675,1.3057,0.005,-0.026731,0.0058578,4.3684e-25
1.625,1.3557,0.005,-0.030677,0.0055308,-4.9924e-25
1.575,1.4058,0.005,-0.034543,0.0052796,-4.9831e-25
1.525,1.4558,0.005,-0.038189,0.0051155,1.2802e-24
1.475,1.5059,0.005,-0.041442,0.0050571,1.401e-24
1.425,1.5559,0.005,-0.044133,0.0051344,-1.6295e-24
1.375,1.606,0.005,-0.046125,0.0053835,1.2672e-24
1.325,1.656,0.005,-0.047341,0.0058254,-1.2432e-24
1.275,1.706,0.005,-0.04778,0.0064439,5.8028e-25
1.225,1.7561,0.005,-0.047508,0.0071874,3.9699e-39
1.175,1.8061,0.005,-0.046624,0.0079933,6.7797e-39
1.125,1.8562,0.005,-0.045227,0.0088108,-4.9007e-25
1.075,1.9062,0.005,-0.043411,0.009608,6.4977e-25
1.025,1.9563,0.005,-0.041258,0.010368,0
0.975,2.0063,0.005,-0.03884,0.011086,-4.7839e-25
0.925,2.0563,0.005,-0.036219,0.011766,4.8775e-25
0.875,2.1064,0.005,-0.03345,0.012415,1.03e-24
0.825,2.1564,0.005,-0.03058,0.013043,-4.8757e-39
0.775,2.2065,0.005,-0.02765,0.013658,-5.2957e-25
0.725,2.2565,0.005,-0.024697,0.014266,-5.4577e-25
0.675,2.3066,0.005,-0.021757,0.014871,-1.6881e-39
0.625,2.3566,0.005,-0.018862,0.015473,2.5385e-25
0.575,2.4066,0.005,-0.016045,0.016066,3.025e-25
0.525,2.4567,0.005,-0.013338,0.01664,1.6409e-24
0.475,2.5067,0.005,-0.010772,0.017182,1.2643e-24
0.425,2.5568,0.005,-0.0083676,0.017672,7.6008e-25
0.375,2.6068,0.005,-0.006107,0.018093,8.6207e-25
0.325,2.6569,0.005,-0.0038178,0.018415,-8.1811e-25
0.275,2.7069,0.005,2.8774e-06,0.018238,1.5556e-24
0.225,2.7569,0.005,0.014623,0.016465,1.7305e-25
0.175,2.807,0.005,0.092428,0.0091257,-1.3219e-24
0.125,2.86,0.005,0.45002,-0.0042978,-1.2214e-24
0.075,2.916,0.005,0.45592,-0.0012166,-4.896e-24
0.025,2.972,0.005,0.45358,-2.1672e-05,0
3.025,0.024,0.005,0.00063622,0.00040608,1.7795e-24
2.975,0.072,0.005,0.0060461,0.0014982,2.8436e-24
2.925,0.12,0.005,0.012084,0.0036913,2.8266e-25
2.875,0.168,0.005,0.016873,0.0059567,1.6496e-25
2.825,0.216,0.005,0.02004,0.0077453,1.254e-24
2.775,0.264,0.005,0.021904,0.009065,-2.3505e-24
2.725,0.312,0.005,0.022851,0.010032,9.6205e-25
2.675,0.36,0.005,0.023118,0.010735,-4.4738e-25
2.625,0.408,0.005,0.022866,0.011237,9.3647e-25
2.575,0.456,0.005,0.022204,0.011594,-7.3689e-25
2.525,0.50502,0.005,0.021163,0.011844,-6.4851e-25
2.475,0.55506,0.005,0.019761,0.011993,-3.5372e-25
2.425,0.60511,0.005,0.018054,0.012037,1.6773e-38
2.375,0.65515,0.005,0.01606,0.011978,-9.9318e-25
2.325,0.70519,0.005,0.013796,0.01182,1.2018e-24
2.275,0.75523,0.005,0.011281,0.011569,-1.1741e-24
2.225,0.80528,0.005,0.0085366,0.011233,-1.056e-24
2.175,0.85532,0.005,0.0055881,0.010825,-3.3387e-26
2.125,0.90536,0.005,0.0024619,0.010357,1.0965e-24
2.075,0.9554,0.005,-0.0008164,0.0098445,0
2.025,1.0054,0.005,-0.0042268,0.0093055,-5.9601e-34
1.975,1.0555,0.005,-0.007754,0.0087549,0
1.925,1.1055,0.005,-0.011388,0.0082095,7.3304e-25
1.875,1.1556,0.005,-0.015124,0.0076851,-2.087e-39
1.825,1.2056,0.005,-0.018961,0.0071968,-7.956e-25
1.775,1.2557,0.005,-0.022896,0.0067592,-1.3448e-24
1.725,1.3057,0.005,-0.026916,0.0063865,-7.6774e-25
1.675,1.3557,0.005,-0.030969,0.0060904,-1.1409e-24
1.625,1.4058,0.005,-0.034958,0.0058795,-6.5257e-25
1.575,1.4558,0.005,-0.038743,0.0057602,1.6022e-26
1.525,1.5059,0.005,-0.042149,0.0057432,-5.956e-25
1.475,1.5559,0.005,-0.04501,0.0058481,-2.7958e-25
1.425,1.606,0.005,-0.047184,0.0061037,-1.2904e-24
1.375,1.656,0.005,-0.048576,0.0065354,1.1033e-24
1.325,1.706,0.005,-0.049162,0.0071426,-5.2835e-25
1.275,1.7561,0.005,-0.048994,0.0078877,-1.3022e-25
1.225,1.8061,0.005,-0.048168,0.0087114,-2.0562e-25
1.175,1.8562,0.005,-0.046793,0.0095559,-5.0055e-25
1.125,1.9062,0.005,-0.044971,0.010381,1.5679e-25
1.075,1.9563,0.005,-0.042792,0.011161,9.6324e-26
1.025,2.0063,0.005,-0.040334,0.011887,-4.7865e-25
0.975,2.0563,0.005,-0.037666,0.012561,-4.8644e-25
0.925,2.1064,0.005,-0.034845,0.013191,4.9834e-25
0.875,2.1564,0.005,-0.031919,0.013785,-7.2093e-41
0.825,2.2065,0.005,-0.02893,0.014356,-2.4046e-25
0.775,2.2565,0.005,-0.025916,0.01491,-5.4785e-25
0.725,2.3066,0.005,-0.02291,0.015455,-5.6851e-25
0.675,2.3566,0.005,-0.019943,0.015992,-2.5224e-25
0.625,2.4066,0.005,-0.017043,0.016516,6.0877e-33
0.575,2.4567,0.005,-0.014236,0.017018,3.6376e-25
0.525,2.5067,0.005,-0.011543,0.017479,-4.2598e-25
0.475,2.5568,0.005,-0.0089726,0.017872,-1.65e-24
0.425,2.6068,0.005,-0.0064734,0.018187,4.6357e-25
0.375,2.6569,0.005,-0.0037455,0.018336,9.667e-25
0.325,2.7069,0.005,0.0015499,0.017788,-1.999e-24
0.275,2.7569,0.005,0.021502,0.01581,2.1785e-25
0.225,2.807,0.005,0.10862,0.008321,-1.21e-37
0.175,2.86,0.005,0.44719,-0.0054303,2.4133e-24
0.125,2.916,0.005,0.45665,-0.0010509,-1.3048e-24
0.075,2.972,0.005,0.45305,-0.00032903,1.1314e-24
3.075,0.024,0.005,8.2039e-05,0.00037863,6.9135e-24
3.025,0.072,0.005,0.0045968,0.0011594,1.918e-24
2.975,0.12,0.005,0.010199,0.0031383,1.9328e-38
2.925,0.168,0.005,0.01513,0.0054976,4.5989e-26
2.875,0.216,0.005,0.018598,0.0074895,-1.0526e-24
2.825,0.264,0.005,0.020723,0.008993,8.7865e-25
2.775,0.312,0.005,0.021864,0.010097,0
2.725,0.36,0.005,0.022283,0.010904,-2.6305e-38
2.675,0.408,0.005,0.022146,0.011475,-9.3652e-25
2.625,0.456,0.005,0.021578,0.01188,9.3366e-25
2.575,0.50502,0.005,0.020621,0.012166,-1.7033e-24
2.525,0.55506,0.005,0.019301,0.012345,1.612e-24
2.475,0.60511,0.005,0.017674,0.012414,-1.5435e-24
2.425,0.65515,0.005,0.015759,0.012377,-3.5306e-38
2.375,0.70519,0.005,0.013572,0.01224,-7.4746e-34
2.325,0.75523,0.005,0.011131,0.012006,1.0511e-24
2.275,0.80528,0.005,0.008454,0.011685,9.9654e-25
2.225,0.85532,0.005,0.0055649,0.011285,1.0897e-24
2.175,0.90536,0.005,0.0024881,0.010822,-1.1156e-24
2.125,0.9554,0.005,-0.00075243,0.01031,1.0768e-24
2.075,1.0054,0.005,-0.004138,0.0097669,-1.2953e-24
2.025,1.0555,0.005,-0.0076546,0.0092092,-1.5036e-24
1.975,1.1055,0.005,-0.011294,0.0086554,-1.2739e-24
1.925,1.1556,0.005,-0.015053,0.0081234,-1.2286e-24
1.875,1.2056,0.005,-0.018933,0.0076311,2.9741e-25
1.825,1.2557,0.005,-0.022935,0.0071963,1.8046e-24
1.775,1.3057,0.005,-0.027043,0.0068355,-2.6935e-39
1.725,1.3557,0.005,-0.031206,0.0065624,-8.0498e-25
1.675,1.4058,0.005,-0.035322,0.0063856,-3.9653e-25
1.625,1.4558,0.005,-0.039246,0.0063086,4.4173e-25
1.575,1.5059,0.005,-0.042803,0.0063357,9.8365e-25
1.525,1.5559,0.005,-0.045828,0.0064775,7.1142e-39
1.475,1.606,0.005,-0.048177,0.0067539,-1.522e-24
1.425,1.656,0.005,-0.049743,0.0071878,5.0067e-25
1.375,1.706,0.005,-0.050483,0.0077878,-4.9003e-25
1.325,1.7561,0.005,-0.050429,0.0085311,1.5043e-25
1.275,1.8061,0.005,-0.04967,0.0093664,8.3945e-25
1.225,1.8562,0.005,-0.04832,0.010235,-5.1078e-25
1.175,1.9062,0.005,-0.046491,0.011089,8.1004e-39
1.125,1.9563,0.005,-0.044282,0.011893,-7.9305e-26
1.075,2.0063,0.005,-0.04178,0.012634,9.616e-25
1.025,2.0563,0.005,-0.039058,0.01331,1.4524e-26
0.975,2.1064,0.005,-0.036178,0.013927,1.0625e-25
0.925,2.1564,0.005,-0.03319,0.014496,1.0233e-24
0.875,2.2065,0.005,-0.030138,0.015027,1.0576e-24
0.825,2.2565,0.005,-0.027059,0.015533,3.2829e-25
0.775,2.3066,0.005,-0.023985,0.016022,3.6638e-25
0.725,2.3566,0.005,-0.020945,0.016496,-1.1981e-24
0.675,2.4066,0.005,-0.017964,0.016956,-6.3493e-25
0.625,2.4567,0.005,-0.015061,0.017394,6.8551e-25
0.575,2.5067,0.005,-0.012246,0.017786,-8.4819e-33
0.525,2.5568,0.005,-0.0095056,0.018102,-1.3389e-24
0.475,2.6068,0.005,-0.0067442,0.018317,-6.2656e-25
0.425,2.6569,0.005,-0.003504,0.018298,2.9014e-24
0.375,2.7069,0.005,0.0034856,0.017461,-4.3841e-39
0.325,2.7569,0.005,0.029117,0.015087,2.701e-24
0.275,2.807,0.005,0.12302,0.0061867,1.2301e-37
0.225,2.86,0.005,0.4441,-0.0051375,0
0.175,2.916,0.005,0.45662,-0.00096624,1.2628e-38
0.125,2.972,0.005,0.45198,-0.00070333,-8.9961e-25
3.125,0.024,0.005,-0.00031317,0.00025323,5.5231e-38
3.075,0.072,0.005,0.0034471,0.00087485,1.8556e-24
3.025,0.12,0.005,0.0084487,0.0025697,5.3079e-25
2.975,0.168,0.005,0.01336,0.0049147,4.5621e-25
2.925,0.216,0.005,0.017093,0.0070855,1.3547e-25
2.875,0.264,0.005,0.019495,0.008792,-3.0461e-38
2.825,0.312,0.005,0.020847,0.010061,-3.882e-25
2.775,0.36,0.005,0.021431,0.010993,-9.177e-25
2.725,0.408,0.005,0.021421,0.011655,-1.7e-38
2.675,0.456,0.005,0.020951,0.012122,-1.7716e-38
2.625,0.50502,0.005,0.020079,0.012452,1.3353e-24
2.575,0.55506,0.005,0.018842,0.012666,-3.7037e-38
2.525,0.60511,0.005,0.017295,0.012764,7.5165e-25
2.475,0.65515,0.005,0.01546,0.012753,3.1928e-38
2.425,0.70519,0.005,0.013353,0.012637,-1.8091e-25
2.375,0.75523,0.005,0.010987,0.012421,1.07e-24
2.325,0.80528,0.005,0.0083826,0.012113,-2.0134e-38
2.275,0.85532,0.005,0.0055584,0.011723,-1.151e-24
2.225,0.90536,0.005,0.0025375,0.011263,-1.2273e-24
2.175,0.9554,0.005,-0.00065796,0.010749,-2.282e-25
2.125,1.0054,0.005,-0.004011,0.010198,-9.9871e-25
2.075,1.0555,0.005,-0.0075094,0.0096287,9.0669e-25
2.025,1.1055,0.005,-0.011147,0.0090603,-1.0712e-24
1.975,1.1556,0.005,-0.014923,0.0085132,7.293e-25
1.925,1.2056,0.005,-0.018843,0.0080083,0
1.875,1.2557,0.005,-0.022909,0.007567,5.4437e-38
1.825,1.3057,0.005,-0.027107,0.0072088,-3.804e-25
1.775,1.3557,0.005,-0.031383,0.0069499,2.1753e-25
1.725,1.4058,0.005,-0.035629,0.0067995,0
1.675,1.4558,0.005,-0.039694,0.0067598,1.8197e-25
1.625,1.5059,0.005,-0.043403,0.0068303,3.9137e-25
1.575,1.5559,0.005,-0.046589,0.0070143,-6.1216e-25
1.525,1.606,0.005,-0.049107,0.0073226,-4.6601e-25
1.475,1.656,0.005,-0.050844,0.0077722,0
1.425,1.706,0.005,-0.051741,0.0083742,4.3888e-25
1.375,1.7561,0.005,-0.051809,0.0091171,8.0607e-39
1.325,1.8061,0.005,-0.051127,0.0099602,5.3671e-25
1.275,1.8562,0.005,-0.049809,0.010848,3.9448e-33
1.225,1.9062,0.005,-0.047973,0.01173,-5.0058e-25
1.175,1.9563,0.005,-0.045731,0.012561,6.1909e-26
1.125,2.0063,0.005,-0.043178,0.013323,7.8824e-41
1.075,2.0563,0.005,-0.040396,0.014007,3.0282e-26
1.025,2.1064,0.005,-0.037449,0.014618,6.6454e-26
0.975,2.1564,0.005,-0.034392,0.015167,4.205e-39
0.925,2.2065,0.005,-0.03127,0.015666,5.2795e-25
0.875,2.2565,0.005,-0.028121,0.016127,1.0966e-24
0.825,2.3066,0.005,-0.024975,0.016562,-1.7839e-38
0.775,2.3566,0.005,-0.021859,0.016976,-6.0245e-25
0.725,2.4066,0.005,-0.018795,0.017372,0
0.675,2.4567,0.005,-0.015795,0.017743,3.5611e-25
0.625,2.5067,0.005,-0.012857,0.01807,-4.1169e-25
0.575,2.5568,0.005,-0.0099368,0.018326,-4.5463e-25
0.525,2.6068,0.005,-0.0068786,0.018433,-7.5543e-25
0.475,2.6569,0.005,-0.0029753,0.018232,-3.0045e-24
0.425,2.7069,0.005,0.0059581,0.017116,1.6487e-24
0.375,2.7569,0.005,0.037315,0.014231,-3.1223e-24
0.325,2.807,0.005,0.1366,0.0036272,1.1715e-23
0.275,2.86,0.005,0.44065,-0.0050885,1.9863e-24
0.225,2.916,0.005,0.45662,-0.00061436,-3.874e-25
0.175,2.972,0.005,0.45055,-0.0011023,0
3.175,0.024,0.005,-0.00055714,0.0001464,-3.2201e-24
3.125,0.072,0.005,0.0025648,0.00061269,-5.3954e-26
3.075,0.12,0.005,0.006908,0.0020273,1.1798e-38
3.025,0.168,0.005,0.011607,0.0042406,-9.8697e-25
2.975,0.216,0.005,0.015532,0.0065339,-1.5002e-27
2.925,0.264,0.005,0.018212,0.0084456,-1.8977e-25
2.875,0.312,0.005,0.019795,0.0099028,9.6642e-39
2.825,0.36,0.005,0.020557,0.010982,8.8824e-25
2.775,0.408,0.005,0.020685,0.01176,0
2.725,0.456,0.005,0.02032,0.012307,-3.4438e-25
2.675,0.50502,0.005,0.019538,0.012695,2.3408e-24
2.625,0.55506,0.005,0.018384,0.012952,-7.3068e-25
2.575,0.60511,0.005,0.016919,0.013085,2.5683e-25
2.525,0.65515,0.005,0.015164,0.013101,2.1837e-25
2.475,0.70519,0.005,0.013136,0.013009,-1.9507e-24
2.425,0.75523,0.005,0.01085,0.012814,-1.0867e-24
2.375,0.80528,0.005,0.0083214,0.01252,2.7458e-34
2.325,0.85532,0.005,0.0055675,0.012139,-4.1114e-38
2.275,0.90536,0.005,0.002609,0.011682,-1.1555e-25
2.225,0.9554,0.005,-0.00053402,0.011164,-2.349e-24
2.175,1.0054,0.005,-0.0038464,0.010604,8.3433e-25
2.125,1.0555,0.005,-0.0073182,0.010019,-4.5691e-34
2.075,1.1055,0.005,-0.010946,0.0094302,1.3688e-24
2.025,1.1556,0.005,-0.014732,0.0088608,1.0469e-24
1.975,1.2056,0.005,-0.018687,0.0083347,0
1.925,1.2557,0.005,-0.022816,0.0078768,-1.4596e-24
1.875,1.3057,0.005,-0.027104,0.0075112,-5.1532e-25
1.825,1.3557,0.005,-0.031495,0.0072567,-2.4765e-25
1.775,1.4058,0.005,-0.035875,0.0071237,4.9649e-25
1.725,1.4558,0.005,-0.040086,0.0071144,4.9393e-25
1.675,1.5059,0.005,-0.043948,0.0072251,2.2349e-25
1.625,1.5559,0.005,-0.047293,0.0074531,9.4972e-26
1.575,1.606,0.005,-0.049976,0.0078009,-3.7037e-25
1.525,1.656,0.005,-0.051881,0.0082781,-3.7369e-25
1.475,1.706,0.005,-0.052935,0.0088937,-8.8015e-26
1.425,1.7561,0.005,-0.053131,0.0096421,1.4322e-25
1.375,1.8061,0.005,-0.052535,0.010493,-1.3346e-24
1.325,1.8562,0.005,-0.051255,0.011398,7.0007e-25
1.275,1.9062,0.005,-0.049417,0.012304,-9.7252e-40
1.225,1.9563,0.005,-0.047139,0.013163,-4.0715e-25
1.175,2.0063,0.005,-0.044531,0.013948,-1.4625e-24
1.125,2.0563,0.005,-0.04168,0.014646,4.4426e-25
1.075,2.1064,0.005,-0.038658,0.015258,1.6106e-33
1.025,2.1564,0.005,-0.035525,0.015793,-1.0215e-24
0.975,2.2065,0.005,-0.032325,0.016264,-2.8152e-25
0.925,2.2565,0.005,-0.029098,0.016685,-4.5356e-39
0.875,2.3066,0.005,-0.025873,0.017068,4.9423e-39
0.825,2.3566,0.005,-0.022676,0.017423,3.5898e-25
0.775,2.4066,0.005,-0.019522,0.017753,2.8958e-25
0.725,2.4567,0.005,-0.01642,0.018054,-1.0402e-24
0.675,2.5067,0.005,-0.013348,0.01831,-1.5611e-24
0.625,2.5568,0.005,-0.010227,0.018495,4.9806e-25
0.575,2.6068,0.005,-0.0068315,0.018482,3.1333e-25
0.525,2.6569,0.005,-0.0020865,0.018107,-1.7907e-24
0.475,2.7069,0.005,0.0091729,0.016661,-3.2945e-38
0.425,2.7569,0.005,0.046079,0.012962,-3.0444e-24
0.375,2.807,0.005,0.14921,0.0013981,8.745e-24
0.325,2.86,0.005,0.43768,-0.0058571,-6.8175e-24
0.275,2.916,0.005,0.45694,9.4985e-05,-2.9859e-24
0.225,2.972,0.005,0.44906,-0.0013956,-1.55e-24
3.225,0.024,0.005,-0.00069436,9.1071e-05,0
3.175,0.072,0.005,0.0019144,0.00038859,5.7769e-25
3.125,0.12,0.005,0.0056097,0.0015282,-4.5228e-39
3.075,0.168,0.005,0.0099515,0.0035255,-7.7279e-25
3.025,0.216,0.005,0.01394,0.0058495,-4.1169e-25
2.975,0.264,0.005,0.016873,0.0079443,-6.2419e-25
2.925,0.312,0.005,0.018699,0.0096053,1.5062e-38
2.875,0.36,0.005,0.019653,0.010856,-8.4743e-25
2.825,0.408,0.005,0.019933,0.011773,0
2.775,0.456,0.005,0.019685,0.012421,-1.2329e-24
2.725,0.50502,0.005,0.018997,0.012883,1.6139e-24
2.675,0.55506,0.005,0.017927,0.013194,-1.9493e-38
2.625,0.60511,0.005,0.016543,0.013368,-4.9379e-25
2.575,0.65515,0.005,0.01487,0.013419,1.69e-24
2.525,0.70519,0.005,0.012924,0.013355,-1.6797e-25
2.475,0.75523,0.005,0.010719,0.013182,1.9191e-38
2.425,0.80528,0.005,0.0082693,0.012906,1.2527e-25
2.375,0.85532,0.005,0.0055906,0.012535,-1.1711e-24
2.325,0.90536,0.005,0.0027008,0.012081,1.216e-24
2.275,0.9554,0.005,-0.00038233,0.011559,1.352e-25
2.225,1.0054,0.005,-0.0036457,0.010988,2.64e-24
2.175,1.0555,0.005,-0.0070821,0.010384,-7.7822e-38
2.125,1.1055,0.005,-0.010691,0.0097708,-2.6864e-25
2.075,1.1556,0.005,-0.01448,0.0091727,-2.6624e-40
2.025,1.2056,0.005,-0.018462,0.0086167,5.5047e-33
1.975,1.2557,0.005,-0.022649,0.0081322,1.1708e-24
1.925,1.3057,0.005,-0.027028,0.0077484,1.0235e-24
1.875,1.3557,0.005,-0.031538,0.0074874,-1.5446e-38
1.825,1.4058,0.005,-0.036055,0.0073619,-1.8348e-25
1.775,1.4558,0.005,-0.040415,0.0073743,1.8531e-25
1.725,1.5059,0.005,-0.044434,0.0075198,2.0565e-25
1.675,1.5559,0.005,-0.04794,0.0077906,1.789e-26
1.625,1.606,0.005,-0.050788,0.0081823,-7.2141e-25
1.575,1.656,0.005,-0.052857,0.0086965,9.473e-39
1.525,1.706,0.005,-0.054066,0.0093371,3.0643e-25
1.475,1.7561,0.005,-0.054395,0.0101,5.5608e-25
1.425,1.8061,0.005,-0.053891,0.010962,-1.028e-24
1.375,1.8562,0.005,-0.052658,0.011882,1.5179e-25
1.325,1.9062,0.005,-0.05082,0.012812,-8.5429e-26
1.275,1.9563,0.005,-0.048508,0.013698,5.276e-25
1.225,2.0063,0.005,-0.045839,0.014508,-1.084e-38
1.175,2.0563,0.005,-0.042913,0.015224,1.2702e-25
1.125,2.1064,0.005,-0.039808,0.015842,5.0053e-25
1.075,2.1564,0.005,-0.036588,0.016368,-5.1155e-25
1.025,2.2065,0.005,-0.033302,0.016816,0
0.975,2.2565,0.005,-0.029989,0.017201,-6.9372e-39
0.925,2.3066,0.005,-0.026677,0.017536,5.7215e-25
0.875,2.3566,0.005,-0.023389,0.017831,1.2061e-24
0.825,2.4066,0.005,-0.020137,0.018093,5.5422e-25
0.775,2.4567,0.005,-0.01692,0.018317,1.016e-24
0.725,2.5067,0.005,-0.013692,0.018497,-3.5807e-25
0.675,2.5568,0.005,-0.01035,0.018573,2.8435e-38
0.625,2.6068,0.005,-0.0065053,0.018447,1.3405e-24
0.575,2.6569,0.005,-0.00078308,0.017883,-1.163e-32
0.525,2.7069,0.005,0.013184,0.01614,-9.5152e-25
0.475,2.7569,0.005,0.05538,0.011213,4.0743e-24
0.425,2.807,0.005,0.16107,-0.00046488,6.7736e-24
0.375,2.86,0.005,0.43447,-0.0062878,6.0604e-24
0.325,2.916,0.005,0.4575,0.00085138,6.9542e-25
0.275,2.972,0.005,0.44765,-0.0016532,-1.1172e-24
3.275,0.024,0.005,-0.00076695,3.9351e-05,0
3.225,0.072,0.005,0.0014587,0.00022024,1.4802e-24
3.175,0.12,0.005,0.0045613,0.0010882,8.0197e-25
3.125,0.168,0.005,0.0084512,0.0028119,-5.9377e-25
3.075,0.216,0.005,0.012358,0.0050627,3.8055e-40
3.025,0.264,0.005,0.015485,0.0072896,-9.8983e-25
2.975,0.312,0.005,0.017556,0.0091539,9.8089e-26
2.925,0.36,0.005,0.018713,0.010596,-7.9399e-25
2.875,0.408,0.005,0.019159,0.011677,1.8008e-38
2.825,0.456,0.005,0.019039,0.012449,9.1667e-25
2.775,0.50502,0.005,0.018453,0.013002,-1.0257e-24
2.725,0.55506,0.005,0.017471,0.013382,1.5559e-24
2.675,0.60511,0.005,0.016169,0.013609,-4.665e-25
2.625,0.65515,0.005,0.014578,0.013703,2.0049e-25
2.575,0.70519,0.005,0.012714,0.013671,-6.4202e-34
2.525,0.75523,0.005,0.010592,0.013524,1.0026e-24
2.475,0.80528,0.005,0.0082248,0.013268,-1.2029e-24
2.425,0.85532,0.005,0.0056259,0.01291,-9.4219e-38
2.375,0.90536,0.005,0.0028107,0.012462,-7.3167e-26
2.325,0.9554,0.005,-0.00020521,0.011937,1.2789e-24
2.275,1.0054,0.005,-0.0034112,0.011354,-1.2437e-24
2.225,1.0555,0.005,-0.0068028,0.01073,-2.5019e-25
2.175,1.1055,0.005,-0.010383,0.010088,2.7809e-25
2.125,1.1556,0.005,-0.014165,0.0094562,0
2.075,1.2056,0.005,-0.018168,0.0088629,1.3156e-24
2.025,1.2557,0.005,-0.022409,0.0083416,1.9047e-24
1.975,1.3057,0.005,-0.026876,0.0079266,-6.3637e-25
1.925,1.3557,0.005,-0.031503,0.0076479,5.4373e-25
1.875,1.4058,0.005,-0.036162,0.0075186,1.2489e-25
1.825,1.4558,0.005,-0.040678,0.0075425,-2.6586e-25
1.775,1.5059,0.005,-0.044859,0.0077156,9.2505e-26
1.725,1.5559,0.005,-0.04853,0.0080256,-1.4792e-25
1.675,1.606,0.005,-0.051543,0.0084624,1.7241e-26
1.625,1.656,0.005,-0.053775,0.0090202,2.3814e-25
1.575,1.706,0.005,-0.055138,0.009696,4.6049e-33
1.525,1.7561,0.005,-0.055599,0.010484,0
1.475,1.8061,0.005,-0.055193,0.011364,4.8925e-25
1.425,1.8562,0.005,-0.054014,0.012302,-2.4294e-25
1.375,1.9062,0.005,-0.052183,0.013254,-4.0058e-39
1.325,1.9563,0.005,-0.049836,0.014166,5.1324e-25
1.275,2.0063,0.005,-0.047104,0.015003,1.0435e-24
1.225,2.0563,0.005,-0.044096,0.015738,-4.1833e-25
1.175,2.1064,0.005,-0.0409,0.016366,-6.1391e-25
1.125,2.1564,0.005,-0.037584,0.016889,1.3528e-25
1.075,2.2065,0.005,-0.034201,0.017319,6.8527e-25
1.025,2.2565,0.005,-0.030792,0.01767,5.4653e-25
0.975,2.3066,0.005,-0.027383,0.017959,-7.4141e-39
0.925,2.3566,0.005,-0.023994,0.018195,-2.3191e-25
0.875,2.4066,0.005,-0.020631,0.018386,0
0.825,2.4567,0.005,-0.017281,0.018532,2.9497e-25
0.775,2.5067,0.005,-0.013877,0.018612,1.2467e-24
0.725,2.5568,0.005,-0.010258,0.018565,-1.5649e-24
0.675,2.6068,0.005,-0.0058808,0.018309,2.6976e-40
0.625,2.6569,0.005,0.0010602,0.017502,2.2018e-38
0.575,2.7069,0.005,0.01792,0.015333,-8.3117e-25
0.525,2.7569,0.005,0.064794,0.009582,4.2526e-24
0.475,2.807,0.005,0.17203,-0.001983,1.289e-23
0.425,2.86,0.005,0.43096,-0.0066462,6.2562e-24
0.375,2.916,0.005,0.45798,0.0012625,1.0121e-24
0.325,2.972,0.005,0.44637,-0.0019765,2.4148e-24
3.325,0.024,0.005,-0.00077774,-3.416e-05,2.2364e-24
3.275,0.072,0.005,0.0011702,9.8834e-05,8.413e-26
3.225,0.12,0.005,0.0037559,0.00071742,1.165e-24
3.175,0.168,0.005,0.0071479,0.0021346,-7.5563e-25
3.125,0.216,0.005,0.010842,0.0042187,-7.2629e-25
3.075,0.264,0.005,0.014069,0.0064978,4.4137e-25
3.025,0.312,0.005,0.016364,0.0085416,3.1604e-26
2.975,0.36,0.005,0.017734,0.010187,1.1202e-25
2.925,0.408,0.005,0.018357,0.01145,-8.2932e-25
2.875,0.456,0.005,0.018378,0.012373,-9.0387e-25
2.825,0.50502,0.005,0.017903,0.01304,-1.2437e-24
2.775,0.55506,0.005,0.017014,0.013505,2.3176e-24
2.725,0.60511,0.005,0.015796,0.013797,-2.1706e-25
2.675,0.65515,0.005,0.014287,0.013941,-1.0831e-24
2.625,0.70519,0.005,0.012506,0.013952,1.1037e-24
2.575,0.75523,0.005,0.010468,0.013838,-2.1906e-38
2.525,0.80528,0.005,0.0081861,0.013606,2.0892e-34
2.475,0.85532,0.005,0.005671,0.013265,2.3892e-24
2.425,0.90536,0.005,0.002936,0.012825,-2.4011e-24
2.375,0.9554,0.005,-5.6297e-06,0.012299,3.0392e-34
2.325,1.0054,0.005,-0.0031457,0.011705,-2.1294e-25
2.275,1.0555,0.005,-0.0064828,0.01106,-2.9718e-24
2.225,1.1055,0.005,-0.010025,0.010388,-5.7586e-33
2.175,1.1556,0.005,-0.013789,0.0097178,1.1346e-24
2.125,1.2056,0.005,-0.017803,0.0090804,3.7556e-39
2.075,1.2557,0.005,-0.02209,0.0085138,3.8497e-39
2.025,1.3057,0.005,-0.026643,0.008057,-8.7478e-25
1.975,1.3557,0.005,-0.031391,0.0077447,0
1.925,1.4058,0.005,-0.036189,0.0075997,4.5392e-25
1.875,1.4558,0.005,-0.040869,0.0076234,-4.3625e-25
1.825,1.5059,0.005,-0.045218,0.0078147,-2.2887e-25
1.775,1.5559,0.005,-0.049059,0.0081583,0
1.725,1.606,0.005,-0.05224,0.008639,-9.3452e-26
1.675,1.656,0.005,-0.054636,0.0092439,-1.267e-25
1.625,1.706,0.005,-0.056154,0.009963,1.5148e-25
1.575,1.7561,0.005,-0.056748,0.010786,3.0875e-25
1.525,1.8061,0.005,-0.056442,0.011693,8.1329e-39
1.475,1.8562,0.005,-0.055322,0.012653,-2.5616e-25
1.425,1.9062,0.005,-0.053503,0.013629,9.8102e-25
1.375,1.9563,0.005,-0.051125,0.014568,1.4895e-26
1.325,2.0063,0.005,-0.048327,0.01543,1.0104e-24
1.275,2.0563,0.005,-0.045232,0.016188,6.9922e-25
1.225,2.1064,0.005,-0.041935,0.016829,-5.0661e-25
1.175,2.1564,0.005,-0.038513,0.017353,-1.48e-25
1.125,2.2065,0.005,-0.035023,0.017768,-6.6701e-33
1.075,2.2565,0.005,-0.031506,0.01809,-5.4711e-25
1.025,2.3066,0.005,-0.027989,0.018334,-2.0417e-25
0.975,2.3566,0.005,-0.024486,0.018513,-8.245e-25
0.925,2.4066,0.005,-0.020997,0.018632,-4.903e-33
0.875,2.4567,0.005,-0.017487,0.018692,2.6751e-25
0.825,2.5067,0.005,-0.013886,0.018652,-5.0886e-25
0.775,2.5568,0.005,-0.0099178,0.018484,-3.1659e-25
0.725,2.6068,0.005,-0.0049358,0.01806,-2.2471e-24
0.675,2.6569,0.005,0.0034619,0.016948,1.05e-24
0.625,2.7069,0.005,0.023487,0.014163,0
0.575,2.7569,0.005,0.074217,0.0081622,7.5584e-32
0.525,2.807,0.005,0.18188,-0.0032102,5.0409e-24
0.475,2.86,0.005,0.42727,-0.0068312,-5.4213e-24
0.425,2.916,0.005,0.45822,0.0014707,7.7174e-25
0.375,2.972,0.005,0.44519,-0.0023771,1.7772e-24
3.375,0.024,0.005,-0.00073412,-0.00010689,9.4069e-42
3.325,0.072,0.005,0.0010308,-3.4835e-06,7.8606e-25
3.275,0.12,0.005,0.0031869,0.00040944,1.097e-25
3.225,0.168,0.005,0.0060723,0.0015184,-5.6996e-25
3.175,0.216,0.005,0.0094528,0.0033653,-9.8241e-25
3.125,0.264,0.005,0.012661,0.0055995,-1.8882e-26
3.075,0.312,0.005,0.015133,0.0077729,1.7075e-25
3.025,0.36,0.005,0.016713,0.0096167,-8.721e-27
2.975,0.408,0.005,0.017521,0.011074,-7.7945e-25
2.925,0.456,0.005,0.017695,0.012175,-8.5775e-25
2.875,0.50502,0.005,0.017342,0.012979,3.9241e-25
2.825,0.55506,0.005,0.016553,0.01355,-1.0383e-24
2.775,0.60511,0.005,0.015423,0.013922,8.7274e-25
2.725,0.65515,0.005,0.013996,0.01413,-1.4481e-39
2.675,0.70519,0.005,0.012299,0.014191,1.2576e-24
2.625,0.75523,0.005,0.010347,0.014118,-1.2397e-24
2.575,0.80528,0.005,0.0081514,0.013917,4.7704e-26
2.525,0.85532,0.005,0.0057233,0.013598,-1.2183e-24
2.475,0.90536,0.005,0.0030737,0.013171,-2.5798e-24
2.425,0.9554,0.005,0.00021294,0.012647,-1.5779e-25
2.375,1.0054,0.005,-0.0028528,0.012044,-1.0531e-24
2.325,1.0555,0.005,-0.0061256,0.01138,2.208e-24
2.275,1.1055,0.005,-0.0096177,0.010677,-9.0189e-25
2.225,1.1556,0.005,-0.013353,0.0099641,3.9447e-38
2.175,1.2056,0.005,-0.017368,0.0092767,2.7831e-25
2.125,1.2557,0.005,-0.021692,0.0086558,-3.6085e-38
2.075,1.3057,0.005,-0.026325,0.0081464,4.1484e-25
2.025,1.3557,0.005,-0.031193,0.0077897,-1.5539e-24
1.975,1.4058,0.005,-0.036143,0.0076136,-2.7354e-26
1.925,1.4558,0.005,-0.040981,0.0076229,-5.0214e-25
1.875,1.5059,0.005,-0.045507,0.0078213,2.2638e-26
1.825,1.5559,0.005,-0.049525,0.0081904,-1.7835e-25
1.775,1.606,0.005,-0.052881,0.0087113,5.179e-26
1.725,1.656,0.005,-0.055443,0.0093645,4.2116e-26
1.675,1.706,0.005,-0.057115,0.010132,3.0732e-25
1.625,1.7561,0.005,-0.057843,0.010999,0
1.575,1.8061,0.005,-0.05764,0.011942,8.3795e-39
1.525,1.8562,0.005,-0.056582,0.012932,-4.3643e-26
1.475,1.9062,0.005,-0.05478,0.013935,-3.9126e-39
1.425,1.9563,0.005,-0.052372,0.014902,-3.8251e-26
1.375,2.0063,0.005,-0.049508,0.015791,-8.0949e-26
1.325,2.0563,0.005,-0.046321,0.016573,-3.9196e-25
1.275,2.1064,0.005,-0.042917,0.017229,5.099e-25
1.225,2.1564,0.005,-0.039379,0.017757,-5.1773e-25
1.175,2.2065,0.005,-0.03577,0.018163,-7.0898e-25
1.125,2.2565,0.005,-0.032133,0.018459,3.5841e-25
1.075,2.3066,0.005,-0.028494,0.01866,-2.0166e-25
1.025,2.3566,0.005,-0.024863,0.018781,-2.1502e-25
0.975,2.4066,0.005,-0.021229,0.018832,0
0.925,2.4567,0.005,-0.017548,0.01879,2.3036e-25
0.875,2.5067,0.005,-0.013683,0.018636,-1.9076e-25
0.825,2.5568,0.005,-0.009339,0.018326,-3.5793e-26
0.775,2.6068,0.005,-0.0036266,0.017698,-3.4874e-25
0.725,2.6569,0.005,0.0063748,0.016251,-1.0677e-24
0.675,2.7069,0.005,0.029503,0.012914,-1.0701e-37
0.625,2.7569,0.005,0.083365,0.0068333,6.3544e-38
0.575,2.807,0.005,0.19074,-0.0041782,5.2661e-25
0.525,2.86,0.005,0.42346,-0.0068441,1.735e-24
0.475,2.916,0.005,0.45825,0.0015614,-1.8572e-38
0.425,2.972,0.005,0.44397,-0.0027917,0
3.425,0.024,0.005,-0.00060886,-0.00016849,-2.2245e-24
3.375,0.072,0.005,0.0010085,-0.00011262,9.7501e-26
3.325,0.12,0.005,0.0028325,0.00014482,4.2363e-25
3.275,0.168,0.005,0.0052411,0.00097149,-1.6803e-24
3.225,0.216,0.005,0.0082363,0.0025379,-5.6488e-25
3.175,0.264,0.005,0.011308,0.0046356,3.0046e-25
3.125,0.312,0.005,0.013883,0.0068663,-4.1958e-25
3.075,0.36,0.005,0.015652,0.0088806,-9.8755e-39
3.025,0.408,0.005,0.016646,0.010539,7.1764e-25
2.975,0.456,0.005,0.016983,0.011835,-8.4028e-26
2.925,0.50502,0.005,0.016764,0.012802,-1.4065e-25
2.875,0.55506,0.005,0.016083,0.013501,-8.643e-25
2.825,0.60511,0.005,0.015045,0.013973,-1.0701e-24
2.775,0.65515,0.005,0.013703,0.014258,1.0998e-24
2.725,0.70519,0.005,0.01209,0.014381,-1.318e-25
2.675,0.75523,0.005,0.010225,0.014357,4.0372e-38
2.625,0.80528,0.005,0.0081184,0.014196,1.1784e-24
2.575,0.85532,0.005,0.0057803,0.013906,2.1607e-38
2.525,0.90536,0.005,0.0032201,0.013497,-8.5654e-26
2.475,0.9554,0.005,0.00044656,0.012981,-3.2233e-34
2.425,1.0054,0.005,-0.0025369,0.012374,-2.7979e-24
2.375,1.0555,0.005,-0.0057353,0.011692,-2.789e-25
2.325,1.1055,0.005,-0.0091658,0.010958,1.5196e-24
2.275,1.1556,0.005,-0.01286,0.010202,-1.1646e-24
2.225,1.2056,0.005,-0.016861,0.0094593,-2.8412e-25
2.175,1.2557,0.005,-0.021213,0.0087759,1.297e-38
2.125,1.3057,0.005,-0.025918,0.0082024,1.5068e-25
2.075,1.3557,0.005,-0.030902,0.0077876,8.0525e-25
2.025,1.4058,0.005,-0.036003,0.0075668,-6.5971e-25
1.975,1.4558,0.005,-0.041009,0.007555,5.2905e-25
1.925,1.5059,0.005,-0.045721,0.0077407,2.0869e-25
1.875,1.5559,0.005,-0.049924,0.0081249,-5.5943e-39
1.825,1.606,0.005,-0.053461,0.0086801,-2.2634e-26
1.775,1.656,0.005,-0.056196,0.00938,3.8429e-26
1.725,1.706,0.005,-0.058025,0.0102,0
1.675,1.7561,0.005,-0.058888,0.011117,3.0421e-25
1.625,1.8061,0.005,-0.058788,0.012106,3.7757e-25
1.575,1.8562,0.005,-0.057796,0.013132,6.4342e-27
1.525,1.9062,0.005,-0.056013,0.014169,-4.8081e-25
1.475,1.9563,0.005,-0.05358,0.015167,-6.2831e-25
1.425,2.0063,0.005,-0.050649,0.016086,-7.1128e-25
1.375,2.0563,0.005,-0.047365,0.016892,-1.0199e-24
1.325,2.1064,0.005,-0.043846,0.017565,-1.5674e-25
1.275,2.1564,0.005,-0.040183,0.0181,-8.691e-25
1.225,2.2065,0.005,-0.036443,0.0185,-1.0658e-24
1.175,2.2565,0.005,-0.032673,0.018773,1.9328e-25
1.125,2.3066,0.005,-0.0289,0.018936,7.6986e-25
1.075,2.3566,0.005,-0.025126,0.019001,3.9041e-25
1.025,2.4066,0.005,-0.021322,0.018975,0
0.975,2.4567,0.005,-0.017438,0.01883,-8.8088e-25
0.925,2.5067,0.005,-0.013288,0.018568,-1.5036e-24
0.875,2.5568,0.005,-0.0085088,0.018095,1.7926e-24
0.825,2.6068,0.005,-0.001948,0.017231,9.8707e-25
0.775,2.6569,0.005,0.0097728,0.015444,-9.2723e-25
0.725,2.7069,0.005,0.035787,0.011633,-5.2046e-25
0.675,2.7569,0.005,0.09213,0.0055836,-3.3519e-24
0.625,2.807,0.005,0.19871,-0.0049178,-3.5556e-24
0.575,2.86,0.005,0.41959,-0.0068026,1.4014e-24
0.525,2.916,0.005,0.45813,0.0015691,2.5364e-25
0.475,2.972,0.005,0.44269,-0.0031711,9.6884e-25
3.475,0.024,0.005,-0.00038369,-0.00026008,0
3.425,0.072,0.005,0.0011133,-0.00025794,-8.0255e-25
3.375,0.12,0.005,0.0026682,-0.00010907,3.5843e-25
3.325,0.168,0.005,0.0046562,0.00048537,5.32e-25
3.275,0.216,0.005,0.0072281,0.0017578,-9.999e-25
3.225,0.264,0.005,0.010068,0.0036524,5.718e-25
3.175,0.312,0.005,0.012646,0.0058522,1.207e-38
3.125,0.36,0.005,0.014563,0.0079872,-1.5544e-24
3.075,0.408,0.005,0.015733,0.0098362,-6.4583e-25
3.025,0.456,0.005,0.016239,0.011335,1.4848e-26
2.975,0.50502,0.005,0.016163,0.012489,9.3187e-25
2.925,0.55506,0.005,0.015599,0.013342,1.0121e-24
2.875,0.60511,0.005,0.014658,0.013935,-2.7197e-25
2.825,0.65515,0.005,0.013406,0.014315,-5.8405e-40
2.775,0.70519,0.005,0.011879,0.014513,1.2506e-24
2.725,0.75523,0.005,0.010101,0.01455,-9.8245e-40
2.675,0.80528,0.005,0.0080845,0.014437,-4.2149e-38
2.625,0.85532,0.005,0.0058387,0.014185,1.8603e-26
2.575,0.90536,0.005,0.0033719,0.013802,2.6075e-24
2.525,0.9554,0.005,0.00069085,0.013299,3.1078e-24
2.475,1.0054,0.005,-0.0022027,0.012693,2.8205e-24
2.425,1.0555,0.005,-0.005317,0.011998,-3.662e-38
2.375,1.1055,0.005,-0.0086739,0.011237,-3.1736e-25
2.325,1.1556,0.005,-0.012312,0.010437,9.4937e-39
2.275,1.2056,0.005,-0.016286,0.009636,-8.2217e-25
2.225,1.2557,0.005,-0.02065,0.008883,-1.9473e-38
2.175,1.3057,0.005,-0.025418,0.0082345,-2.8624e-25
2.125,1.3557,0.005,-0.030514,0.0077473,7.805e-25
2.075,1.4058,0.005,-0.035765,0.0074654,-1.1548e-25
2.025,1.4558,0.005,-0.040949,0.0074121,1.1269e-24
1.975,1.5059,0.005,-0.045848,0.0075817,-5.6753e-25
1.925,1.5559,0.005,-0.050252,0.0079665,2.832e-25
1.875,1.606,0.005,-0.05398,0.0085473,-3.7455e-39
1.825,1.656,0.005,-0.056894,0.0092904,1.1394e-25
1.775,1.706,0.005,-0.058885,0.010163,-8.2996e-26
1.725,1.7561,0.005,-0.059886,0.011136,-5.5764e-26
1.675,1.8061,0.005,-0.059891,0.012178,0
1.625,1.8562,0.005,-0.058965,0.01325,5.4338e-26
1.575,1.9062,0.005,-0.057205,0.014327,6.7557e-26
1.525,1.9563,0.005,-0.054747,0.01536,3.9392e-25
1.475,2.0063,0.005,-0.05175,0.016311,-1.2526e-25
1.425,2.0563,0.005,-0.048365,0.017145,-4.5197e-39
1.375,2.1064,0.005,-0.044724,0.017838,-1.7145e-25
1.325,2.1564,0.005,-0.040928,0.018382,5.2186e-25
1.275,2.2065,0.005,-0.037046,0.018779,5.34e-25
1.225,2.2565,0.005,-0.03313,0.019033,-1.1054e-24
1.175,2.3066,0.005,-0.029207,0.01916,-7.6902e-25
1.125,2.3566,0.005,-0.02527,0.019174,5.9917e-25
1.075,2.4066,0.005,-0.02129,0.019064,8.2522e-25
1.025,2.4567,0.005,-0.017155,0.018833,6.788e-25
0.975,2.5067,0.005,-0.012704,0.018441,-7.4836e-25
0.925,2.5568,0.005,-0.0074077,0.0178,8.3964e-25
0.875,2.6068,0.005,9.0165e-05,0.016689,1.9519e-25
0.825,2.6569,0.005,0.013576,0.014572,1.6304e-24
0.775,2.7069,0.005,0.042219,0.010345,-4.7034e-25
0.725,2.7569,0.005,0.10051,0.0044063,-2.3632e-25
0.675,2.807,0.005,0.20587,-0.0054297,-3.1987e-24
0.625,2.86,0.005,0.41572,-0.0067342,-5.9148e-26
0.575,2.916,0.005,0.4579,0.0015226,3.2982e-25
0.525,2.972,0.005,0.44134,-0.0034945,1.1131e-24
3.525,0.024,0.005,-9.1371e-06,-0.00040556,2.583e-24
3.475,0.072,0.005,0.0013631,-0.00045588,2.0495e-25
3.425,0.12,0.005,0.0026773,-0.0003967,3.656e-25
3.375,0.168,0.005,0.0043081,3.1213e-05,-6.9964e-25
3.325,0.216,0.005,0.0064532,0.0010313,-3.8754e-39
3.275,0.264,0.005,0.0089853,0.0026799,4.4217e-25
3.225,0.312,0.005,0.011463,0.0047662,2.8203e-25
3.175,0.36,0.005,0.013465,0.0069568,-2.3639e-26
3.125,0.408,0.005,0.014788,0.0089651,-1.1354e-24
3.075,0.456,0.005,0.015458,0.010664,1.2542e-38
3.025,0.50502,0.005,0.015533,0.012023,1.8996e-26
2.975,0.55506,0.005,0.015096,0.013052,0
2.925,0.60511,0.005,0.01426,0.013791,1.0535e-24
2.875,0.65515,0.005,0.0131,0.014287,-1.1009e-24
2.825,0.70519,0.005,0.011662,0.014577,-1.0346e-24
2.775,0.75523,0.005,0.009972,0.014687,-1.09e-24
2.725,0.80528,0.005,0.0080464,0.014635,-1.1606e-24
2.675,0.85532,0.005,0.0058953,0.014429,-1.2069e-24
2.625,0.90536,0.005,0.0035251,0.014081,2.4428e-24
2.575,0.9554,0.005,0.00094133,0.013601,1.4725e-24
2.525,1.0054,0.005,-0.0018555,0.013003,8.3536e-25
2.475,1.0555,0.005,-0.0048764,0.012301,-9.7243e-25
2.425,1.1055,0.005,-0.0081476,0.011516,3.2462e-25
2.375,1.1556,0.005,-0.011715,0.010674,0
2.325,1.2056,0.005,-0.015645,0.0098145,1.1168e-24
2.275,1.2557,0.005,-0.020006,0.0089865,1.6473e-38
2.225,1.3057,0.005,-0.024824,0.008253,-1.7459e-38
2.175,1.3557,0.005,-0.030023,0.0076796,-8.4253e-25
2.125,1.4058,0.005,-0.035424,0.0073204,6.1021e-26
2.075,1.4558,0.005,-0.04079,0.0072075,5.9315e-25
2.025,1.5059,0.005,-0.045888,0.0073464,-6.4811e-25
1.975,1.5559,0.005,-0.0505,0.0077221,0
1.925,1.606,0.005,-0.054433,0.0083167,3.9631e-25
1.875,1.656,0.005,-0.057536,0.0090967,0
1.825,1.706,0.005,-0.059696,0.010021,-1.5556e-25
1.775,1.7561,0.005,-0.060838,0.011053,-3.0815e-25
1.725,1.8061,0.005,-0.060951,0.012153,-1.1149e-25
1.675,1.8562,0.005,-0.060092,0.013279,1.0866e-25
1.625,1.9062,0.005,-0.058357,0.014404,-4.7708e-39
1.575,1.9563,0.005,-0.055876,0.015479,-1.2615e-25
1.525,2.0063,0.005,-0.052812,0.016467,0
1.475,2.0563,0.005,-0.049325,0.017331,5.0725e-25
1.425,2.1064,0.005,-0.045555,0.018048,5.0568e-26
1.375,2.1564,0.005,-0.041615,0.018603,1.0499e-24
1.325,2.2065,0.005,-0.037581,0.018997,1.2783e-24
1.275,2.2565,0.005,-0.033504,0.019238,7.5303e-25
1.225,2.3066,0.005,-0.029419,0.019333,-1.1448e-24
1.175,2.3566,0.005,-0.025304,0.01929,-9.8141e-25
1.125,2.4066,0.005,-0.021111,0.019108,-1.6509e-25
1.075,2.4567,0.005,-0.016733,0.018785,-1.0588e-25
1.025,2.5067,0.005,-0.011921,0.018266,-3.3603e-39
0.975,2.5568,0.005,-0.0060507,0.017451,-1.4907e-24
0.925,2.6068,0.005,0.0024555,0.016097,9.1701e-25
0.875,2.6569,0.005,0.017705,0.01367,1.4849e-24
0.825,2.7069,0.005,0.048687,0.0091546,4.0016e-25
0.775,2.7569,0.005,0.10846,0.0033252,-3.1091e-24
0.725,2.807,0.005,0.21227,-0.0057869,2.5309e-24
0.675,2.86,0.005,0.41187,-0.0066583,-1.5626e-24
0.625,2.916,0.005,0.45756,0.0014379,0
0.575,2.972,0.005,0.43994,-0.0037574,9.1187e-25
3.575,0.024,0.005,0.00055049,-0.00053184,-1.5078e-24
3.525,0.072,0.005,0.0017727,-0.00070303,-7.9388e-25
3.475,0.12,0.005,0.0028583,-0.00073616,3.5759e-25
3.425,0.168,0.005,0.0041744,-0.00043695,-3.6684e-25
3.375,0.216,0.005,0.0059233,0.00034505,-7.6012e-25
3.325,0.264,0.005,0.0080962,0.0017345,1.7504e-25
3.275,0.312,0.005,0.010387,0.0036493,6.8763e-25
3.225,0.36,0.005,0.012389,0.0058179,3.3675e-25
3.175,0.408,0.005,0.013825,0.007937,9.7407e-25
3.125,0.456,0.005,0.014643,0.0098164,-5.9376e-25
3.075,0.50502,0.005,0.01487,0.011387,1.1319e-25
3.025,0.55506,0.005,0.014568,0.012615,9.3108e-25
2.975,0.60511,0.005,0.013844,0.013523,-4.4776e-26
2.925,0.65515,0.005,0.012782,0.014158,-3.9095e-38
2.875,0.70519,0.005,0.011435,0.01456,-3.2617e-34
2.825,0.75523,0.005,0.0098333,0.014758,1.17e-24
2.775,0.80528,0.005,0.0080032,0.01478,1.1729e-24
2.725,0.85532,0.005,0.0059465,0.014633,1.2318e-24
2.675,0.90536,0.005,0.0036757,0.01433,-1.2671e-24
2.625,0.9554,0.005,0.0011932,0.013881,-1.31e-24
2.575,1.0054,0.005,-0.0015012,0.0133,-1.7734e-24
2.525,1.0555,0.005,-0.00442,0.012599,-3.6978e-24
2.475,1.1055,0.005,-0.0075938,0.011797,-2.4437e-24
2.425,1.1556,0.005,-0.011076,0.010919,1.1729e-24
2.375,1.2056,0.005,-0.014944,0.010002,-1.5363e-38
2.325,1.2557,0.005,-0.019283,0.0090956,-1.0435e-24
2.275,1.3057,0.005,-0.024133,0.0082688,-1.0956e-24
2.225,1.3557,0.005,-0.029425,0.0075962,8.5136e-25
2.175,1.4058,0.005,-0.034972,0.0071435,7.3737e-25
2.125,1.4558,0.005,-0.040525,0.0069535,-1.3952e-24
2.075,1.5059,0.005,-0.045833,0.007041,1.1466e-24
2.025,1.5559,0.005,-0.050663,0.0073961,-7.5224e-25
1.975,1.606,0.005,-0.054814,0.0079939,9.7893e-27
1.925,1.656,0.005,-0.05812,0.0088013,2.4704e-25
1.875,1.706,0.005,-0.060457,0.0097737,0
1.825,1.7561,0.005,-0.061748,0.010864,-6.4451e-26
1.775,1.8061,0.005,-0.061971,0.012028,0
1.725,1.8562,0.005,-0.06118,0.013215,3.3021e-25
1.675,1.9062,0.005,-0.059471,0.014396,3.9977e-25
1.625,1.9563,0.005,-0.056968,0.015519,-4.4943e-25
1.575,2.0063,0.005,-0.053837,0.016549,1.2538e-25
1.525,2.0563,0.005,-0.050245,0.017449,1.9435e-25
1.475,2.1064,0.005,-0.046341,0.018193,7.2171e-25
1.425,2.1564,0.005,-0.042247,0.018764,-5.2708e-25
1.375,2.2065,0.005,-0.038052,0.019155,-9.6535e-25
1.325,2.2565,0.005,-0.033797,0.019388,-5.4801e-25
1.275,2.3066,0.005,-0.029533,0.019452,5.721e-25
1.225,2.3566,0.005,-0.025226,0.019353,-6.0388e-25
1.175,2.4066,0.005,-0.020801,0.01911,-6.3395e-25
1.125,2.4567,0.005,-0.01615,0.018688,3.6133e-39
1.075,2.5067,0.005,-0.010941,0.018046,8.4742e-25
1.025,2.5568,0.005,-0.0044512,0.01706,0
0.975,2.6068,0.005,0.0051087,0.015473,-1.9449e-24
0.925,2.6569,0.005,0.022073,0.012769,2.5626e-24
0.875,2.7069,0.005,0.055094,0.008086,3.6669e-25
0.825,2.7569,0.005,0.11594,0.0023686,-2.5529e-24
0.775,2.807,0.005,0.21801,-0.0060525,-2.5484e-24
0.725,2.86,0.005,0.40806,-0.0065543,-3.643e-25
0.675,2.916,0.005,0.45713,0.0013324,0
0.625,2.972,0.005,0.4385,-0.0039609,0
3.625,0.024,0.005,0.0012748,-0.000643,-1.5671e-24
3.575,0.072,0.005,0.0023532,-0.00096686,1.0241e-24
3.525,0.12,0.005,0.0032055,-0.0011238,-4.8717e-25
3.475,0.168,0.005,0.0042382,-0.00094823,-4.532e-25
3.425,0.216,0.005,0.0056296,-0.00033454,-3.762e-25
3.375,0.264,0.005,0.0074279,0.00081791,1.4163e-24
3.325,0.312,0.005,0.0094591,0.002525,9.5056e-25
3.275,0.36,0.005,0.011373,0.004602,-7.0651e-25
3.225,0.408,0.005,0.012865,0.0067725,4.0687e-25
3.175,0.456,0.005,0.013801,0.0088001,1.2921e-24
3.125,0.50502,0.005,0.014173,0.010573,1.8699e-26
3.075,0.55506,0.005,0.014009,0.012011,-9.0153e-25
3.025,0.60511,0.005,0.013405,0.013111,0
2.975,0.65515,0.005,0.012447,0.013909,-5.7939e-38
2.925,0.70519,0.005,0.011196,0.014446,1.1297e-24
2.875,0.75523,0.005,0.0096881,0.014753,-2.1142e-38
2.825,0.80528,0.005,0.0079468,0.014865,-3.5378e-40
2.775,0.85532,0.005,0.0059888,0.014787,1.8846e-26
2.725,0.90536,0.005,0.0038195,0.014541,-1.2682e-24
2.675,0.9554,0.005,0.0014416,0.014135,-1.5287e-25
2.625,1.0054,0.005,-0.0011455,0.013582,-2.285e-25
2.575,1.0555,0.005,-0.0039548,0.012892,9.7728e-25
2.525,1.1055,0.005,-0.0070202,0.012082,-5.5686e-25
2.475,1.1556,0.005,-0.010401,0.011175,3.1039e-38
2.425,1.2056,0.005,-0.014188,0.010203,6.2915e-33
2.375,1.2557,0.005,-0.018485,0.0092191,0
2.325,1.3057,0.005,-0.023348,0.008293,6.6391e-25
2.275,1.3557,0.005,-0.028719,0.0075094,-1.6821e-24
2.225,1.4058,0.005,-0.034406,0.0069471,7.4836e-25
2.175,1.4558,0.005,-0.040148,0.0066615,1.2126e-38
2.125,1.5059,0.005,-0.045674,0.006678,-2.4096e-25
2.075,1.5559,0.005,-0.050737,0.0069939,4.1449e-25
2.025,1.606,0.005,-0.055119,0.0075837,9.475e-27
1.975,1.656,0.005,-0.058641,0.0084089,3.0321e-25
1.925,1.706,0.005,-0.061168,0.0094221,-2.8693e-25
1.875,1.7561,0.005,-0.062614,0.01057,-1.6404e-39
1.825,1.8061,0.005,-0.062953,0.011801,4.257e-25
1.775,1.8562,0.005,-0.062234,0.013054,5.0766e-25
1.725,1.9062,0.005,-0.060551,0.014298,-1.1383e-38
1.675,1.9563,0.005,-0.058026,0.015477,-2.0082e-25
1.625,2.0063,0.005,-0.054827,0.016556,-4.1672e-25
1.575,2.0563,0.005,-0.051127,0.017496,-9.8323e-25
1.525,2.1064,0.005,-0.047085,0.018271,4.5091e-25
1.475,2.1564,0.005,-0.042829,0.018863,9.3994e-39
1.425,2.2065,0.005,-0.038459,0.019259,-9.8349e-25
1.375,2.2565,0.005,-0.034019,0.019485,-5.5121e-25
1.325,2.3066,0.005,-0.029562,0.019515,5.7469e-25
1.275,2.3566,0.005,-0.02503,0.019375,5.9879e-25
1.225,2.4066,0.005,-0.020374,0.019061,0
1.175,2.4567,0.005,-0.015413,0.018549,-1.8612e-26
1.125,2.5067,0.005,-0.0097752,0.017781,-1.7326e-25
1.075,2.5568,0.005,-0.002624,0.016632,2.8473e-25
1.025,2.6068,0.005,0.0080101,0.014829,-2.0172e-24
0.975,2.6569,0.005,0.026603,0.011892,0
0.925,2.7069,0.005,0.06138,0.0071244,3.725e-25
0.875,2.7569,0.005,0.12293,0.0015448,5.6547e-25
0.825,2.807,0.005,0.22317,-0.0062356,-7.4043e-24
0.775,2.86,0.005,0.40429,-0.0063478,5.6325e-25
0.725,2.916,0.005,0.45661,0.0012046,8.2937e-26
0.675,2.972,0.005,0.43702,-0.004108,-1.1439e-24
3.675,0.024,0.005,0.0021322,-0.00082536,2.5211e-24
3.625,0.072,0.005,0.0031062,-0.0012157,-2.1149e-24
3.575,0.12,0.005,0.0037137,-0.0015305,-1.3007e-25
3.525,0.168,0.005,0.0044817,-0.0014957,-4.0654e-25
3.475,0.216,0.005,0.005553,-0.0010359,4.3823e-25
3.425,0.264,0.005,0.0069901,-8.476e-05,2.4356e-25
3.375,0.312,0.005,0.0087124,0.0014052,-1.4382e-25
3.325,0.36,0.005,0.010461,0.0033407,5.3802e-39
3.275,0.408,0.005,0.011936,0.0054979,7.0627e-40
3.225,0.456,0.005,0.01295,0.0076276,9.879e-25
3.175,0.50502,0.005,0.013445,0.0095785,7.1501e-25
3.125,0.55506,0.005,0.013416,0.011231,-1.2447e-24
3.075,0.60511,0.005,0.012937,0.012539,-1.0493e-24
3.025,0.65515,0.005,0.012089,0.013524,-1.0525e-24
2.975,0.70519,0.005,0.010937,0.014218,-5.3542e-35
2.925,0.75523,0.005,0.0095254,0.014657,3.5073e-26
2.875,0.80528,0.005,0.0078802,0.014871,-1.2003e-24
2.825,0.85532,0.005,0.0060214,0.01488,-8.781e-38
2.775,0.90536,0.005,0.0039523,0.014707,1.1945e-24
2.725,0.9554,0.005,0.0016815,0.014356,1.4488e-25
2.675,1.0054,0.005,-0.00079427,0.013842,-2.2134e-25
2.625,1.0555,0.005,-0.0034879,0.013176,-2.8475e-25
2.575,1.1055,0.005,-0.006435,0.01237,2.432e-24
2.525,1.1556,0.005,-0.0097011,0.011442,-1.16e-24
2.475,1.2056,0.005,-0.013388,0.010424,-2.1946e-24
2.425,1.2557,0.005,-0.017618,0.0093649,1.0259e-24
2.375,1.3057,0.005,-0.022471,0.0083364,1.5075e-25
2.325,1.3557,0.005,-0.027903,0.0074322,8.513e-25
2.275,1.4058,0.005,-0.033722,0.0067448,-7.5405e-25
2.225,1.4558,0.005,-0.039652,0.0063446,6.5484e-25
2.175,1.5059,0.005,-0.045405,0.0062698,-1.3194e-38
2.125,1.5559,0.005,-0.050713,0.006526,4.4941e-25
2.075,1.606,0.005,-0.055341,0.0070913,-3.7862e-27
2.025,1.656,0.005,-0.059095,0.0079235,-3.5219e-25
1.975,1.706,0.005,-0.061826,0.0089697,-2.4436e-25
1.925,1.7561,0.005,-0.063438,0.010171,-3.4261e-25
1.875,1.8061,0.005,-0.0639,0.011468,2.9965e-25
1.825,1.8562,0.005,-0.063255,0.012792,7.5977e-25
1.775,1.9062,0.005,-0.0616,0.014105,-3.2652e-25
1.725,1.9563,0.005,-0.059054,0.015348,-4.8491e-25
1.675,2.0063,0.005,-0.055786,0.016483,-4.4384e-25
1.625,2.0563,0.005,-0.051975,0.01747,-7.7713e-27
1.575,2.1064,0.005,-0.047789,0.018281,-7.5998e-25
1.525,2.1564,0.005,-0.043365,0.018897,-1.3022e-38
1.475,2.2065,0.005,-0.038807,0.019309,5.3512e-25
1.425,2.2565,0.005,-0.034178,0.019526,5.5817e-25
1.375,2.3066,0.005,-0.029502,0.01953,-1.9053e-25
1.325,2.3566,0.005,-0.024741,0.019352,4.4141e-25
1.275,2.4066,0.005,-0.019822,0.01897,0
1.225,2.4567,0.005,-0.014528,0.018368,-6.8523e-25
1.175,2.5067,0.005,-0.0084322,0.01748,-7.4875e-25
1.125,2.5568,0.005,-0.00058988,0.016173,8.378e-25
1.075,2.6068,0.005,0.01112,0.014176,-4.4102e-25
1.025,2.6569,0.005,0.031231,0.01105,-1.9354e-24
0.975,2.7069,0.005,0.0675,0.0062594,3.1551e-24
0.925,2.7569,0.005,0.12946,0.00084675,-2.1033e-24
0.875,2.807,0.005,0.22775,-0.0062981,2.3601e-24
0.825,2.86,0.005,0.40059,-0.0060639,-7.7703e-25
0.775,2.916,0.005,0.45599,0.0010643,-1.1987e-25
0.725,2.972,0.005,0.43552,-0.0042021,-1.1858e-25
3.725,0.024,0.005,0.0032702,-0.0013613,0
3.675,0.072,0.005,0.0039996,-0.0014466,-5.3297e-40
3.625,0.12,0.005,0.0043737,-0.0019202,6.5211e-26
3.575,0.168,0.005,0.0048868,-0.0020492,2.3116e-25
3.525,0.216,0.005,0.0056703,-0.0017529,-3.6478e-25
3.475,0.264,0.005,0.0067739,-0.00098823,-9.5778e-26
3.425,0.312,0.005,0.0081694,0.00029199,-1.1113e-25
3.375,0.36,0.005,0.0096877,0.002055,-2.8133e-24
3.325,0.408,0.005,0.011073,0.0041408,-2.5531e-25
3.275,0.456,0.005,0.01211,0.0063188,1.2799e-24
3.225,0.50502,0.005,0.012697,0.0084109,1.5225e-25
3.175,0.55506,0.005,0.01279,0.010265,-2.6808e-38
3.125,0.60511,0.005,0.012436,0.011792,1.6763e-25
3.075,0.65515,0.005,0.011702,0.012983,0
3.025,0.70519,0.005,0.010655,0.013858,8.2124e-27
2.975,0.75523,0.005,0.0093425,0.014451,1.1514e-24
2.925,0.80528,0.005,0.0077962,0.014793,1.2026e-24
2.875,0.85532,0.005,0.006035,0.014902,-1.2296e-24
2.825,0.90536,0.005,0.0040729,0.014817,-1.2651e-24
2.775,0.9554,0.005,0.0019081,0.014536,-1.3485e-25
2.725,1.0054,0.005,-0.00045339,0.014075,-1.3209e-24
2.675,1.0555,0.005,-0.0030266,0.013445,9.9075e-25
2.625,1.1055,0.005,-0.0058473,0.012655,3.2425e-25
2.575,1.1556,0.005,-0.0089848,0.011721,1.1497e-24
2.525,1.2056,0.005,-0.012552,0.010668,-7.5953e-25
2.475,1.2557,0.005,-0.016691,0.0095395,1.0103e-24
2.425,1.3057,0.005,-0.021508,0.0084093,-1.5947e-25
2.375,1.3557,0.005,-0.026978,0.0073773,8.4324e-25
2.325,1.4058,0.005,-0.032915,0.0065507,-1.5766e-25
2.275,1.4558,0.005,-0.039031,0.0060171,1.8069e-25
2.225,1.5059,0.005,-0.045017,0.0058296,-2.6375e-25
2.175,1.5559,0.005,-0.050584,0.0060046,-4.5891e-38
2.125,1.606,0.005,-0.055475,0.0065258,7.4344e-25
2.075,1.656,0.005,-0.059477,0.0073504,-3.9298e-25
2.025,1.706,0.005,-0.062427,0.0084199,1.5314e-25
1.975,1.7561,0.005,-0.064219,0.0096684,-4.0944e-25
1.925,1.8061,0.005,-0.064812,0.01103,2.7443e-25
1.875,1.8562,0.005,-0.064247,0.012427,6.7595e-33
1.825,1.9062,0.005,-0.062622,0.013815,-3.0863e-25
1.775,1.9563,0.005,-0.060055,0.015129,-2.8656e-25
1.725,2.0063,0.005,-0.056716,0.016326,0
1.675,2.0563,0.005,-0.052792,0.017368,1.1948e-24
1.625,2.1064,0.005,-0.048456,0.018222,1.2896e-24
1.575,2.1564,0.005,-0.043855,0.018867,-5.1456e-25
1.525,2.2065,0.005,-0.039102,0.019297,-2.4469e-25
1.475,2.2565,0.005,-0.034268,0.01951,5.583e-25
1.425,2.3066,0.005,-0.029356,0.0195,-7.743e-25
1.375,2.3566,0.005,-0.02436,0.019279,-1.2151e-24
1.325,2.4066,0.005,-0.019152,0.01884,6.3972e-25
1.275,2.4567,0.005,-0.013503,0.018148,6.2355e-25
1.225,2.5067,0.005,-0.0069227,0.017145,1.5039e-24
1.175,2.5568,0.005,0.0016305,0.015691,-2.2936e-24
1.125,2.6068,0.005,0.0144,0.013521,2.1014e-24
1.075,2.6569,0.005,0.035909,0.010248,-6.2765e-25
1.025,2.7069,0.005,0.073425,0.0054798,-4.0732e-25
0.975,2.7569,0.005,0.13557,0.0002541,-3.8801e-32
0.925,2.807,0.005,0.23185,-0.0062968,2.1022e-24
0.875,2.86,0.005,0.39698,-0.0057992,-8.6789e-26
0.825,2.916,0.005,0.4553,0.00091909,1.257e-25
0.775,2.972,0.005,0.43399,-0.0042436,3.543e-25
3.775,0.024,0.005,0.0044128,-0.0013797,-2.3905e-25
3.725,0.072,0.005,0.0049968,-0.001656,-1.2835e-24
3.675,0.12,0.005,0.0051561,-0.0022659,-2.6487e-25
3.625,0.168,0.005,0.0054319,-0.0025645,-1.7417e-25
3.575,0.216,0.005,0.0059552,-0.0024527,-3.0427e-25
3.525,0.264,0.005,0.0067581,-0.0018828,3.7763e-25
3.475,0.312,0.005,0.0078329,-0.00081269,-6.6182e-25
3.425,0.36,0.005,0.0090822,0.00075919,1.0232e-24
3.375,0.408,0.005,0.010309,0.0027261,2.3218e-38
3.325,0.456,0.005,0.011308,0.0048981,4.7344e-39
3.275,0.50502,0.005,0.011944,0.0070861,1.4711e-25
3.225,0.55506,0.005,0.012136,0.0091164,-8.49e-25
3.175,0.60511,0.005,0.011899,0.010859,1.1882e-39
3.125,0.65515,0.005,0.011281,0.01227,1.7684e-38
3.075,0.70519,0.005,0.010343,0.013349,-1.0593e-24
3.025,0.75523,0.005,0.0091346,0.014119,-1.1353e-24
2.975,0.80528,0.005,0.0076899,0.01461,1.5386e-27
2.925,0.85532,0.005,0.0060321,0.01485,-1.2037e-24
2.875,0.90536,0.005,0.0041682,0.01486,-1.1769e-25
2.825,0.9554,0.005,0.0021181,0.014665,-1.2921e-24
2.775,1.0054,0.005,-0.00012837,0.014271,7.8696e-34
2.725,1.0555,0.005,-0.0025775,0.013692,1.2642e-24
2.675,1.1055,0.005,-0.0052657,0.012934,1.2036e-24
2.625,1.1556,0.005,-0.0082633,0.012008,-1.985e-38
2.575,1.2056,0.005,-0.011692,0.010934,2.4568e-24
2.525,1.2557,0.005,-0.015714,0.009748,-1.9827e-24
2.475,1.3057,0.005,-0.020465,0.0085207,-1.9934e-24
2.425,1.3557,0.005,-0.025948,0.0073575,-7.7889e-25
2.375,1.4058,0.005,-0.031985,0.0063799,8.1663e-25
2.325,1.4558,0.005,-0.03828,0.0056944,3.4229e-33
2.275,1.5059,0.005,-0.044503,0.0053723,-3.3303e-25
2.225,1.5559,0.005,-0.050342,0.0054429,-2.0771e-38
2.175,1.606,0.005,-0.055512,0.0058983,-9.1338e-39
2.125,1.656,0.005,-0.059781,0.0066973,6.5994e-39
2.075,1.706,0.005,-0.062967,0.0077774,4.3675e-25
2.025,1.7561,0.005,-0.064953,0.0090655,2.4941e-25
1.975,1.8061,0.005,-0.06569,0.010488,2.8137e-26
1.925,1.8562,0.005,-0.06521,0.011959,-2.7781e-25
1.875,1.9062,0.005,-0.063619,0.013425,-9.6036e-25
1.825,1.9563,0.005,-0.061031,0.014815,-3.3192e-25
1.775,2.0063,0.005,-0.057621,0.016083,0
1.725,2.0563,0.005,-0.053581,0.017185,3.0147e-25
1.675,2.1064,0.005,-0.04909,0.01809,1.2474e-24
1.625,2.1564,0.005,-0.044308,0.018773,7.8341e-25
1.575,2.2065,0.005,-0.039351,0.019226,-5.3099e-25
1.525,2.2565,0.005,-0.034289,0.01944,-9.7346e-39
1.475,2.3066,0.005,-0.029138,0.019419,3.8383e-25
1.425,2.3566,0.005,-0.023883,0.019163,-1.2217e-24
1.375,2.4066,0.005,-0.01837,0.018666,5.2338e-39
1.325,2.4567,0.005,-0.012345,0.017894,5.8935e-25
1.275,2.5067,0.005,-0.0052595,0.016781,7.568e-25
1.225,2.5568,0.005,0.0040153,0.015191,-8.1293e-25
1.175,2.6068,0.005,0.017815,0.01287,-7.679e-25
1.125,2.6569,0.005,0.040599,0.0094876,1.9031e-24
1.075,2.7069,0.005,0.079145,0.0047742,-4.2594e-25
1.025,2.7569,0.005,0.14128,-0.00025131,3.5502e-25
0.975,2.807,0.005,0.23562,-0.0062734,-2.099e-25
0.925,2.86,0.005,0.39344,-0.005691,1.9575e-25
0.875,2.916,0.005,0.45457,0.00078669,-3.6648e-40
0.825,2.972,0.005,0.43248,-0.0042334,-2.6196e-25
3.825,0.024,0.005,0.0057445,-0.0012021,1.056e-24
3.775,0.072,0.005,0.0060332,-0.0017349,-2.6987e-25
3.725,0.12,0.005,0.0060045,-0.0025283,-2.9285e-25
3.675,0.168,0.005,0.0060848,-0.0029958,-1.3881e-25
3.625,0.216,0.005,0.0063761,-0.003084,-2.3377e-25
3.575,0.264,0.005,0.006914,-0.0027314,-4.2326e-25
3.525,0.312,0.005,0.0076901,-0.0018853,6.124e-25
3.475,0.36,0.005,0.0086547,-0.00052751,-1.9438e-39
3.425,0.408,0.005,0.009674,0.0012823,2.4258e-25
3.375,0.456,0.005,0.010574,0.0033928,1.5548e-24
3.325,0.50502,0.005,0.011207,0.0056256,-4.0804e-25
3.275,0.55506,0.005,0.011465,0.0077945,4.667e-26
3.225,0.60511,0.005,0.011328,0.0097373,7.1126e-25
3.175,0.65515,0.005,0.010824,0.011373,8.9978e-25
3.125,0.70519,0.005,0.0099977,0.012672,9.4321e-26
3.075,0.75523,0.005,0.0088965,0.013641,-7.7472e-38
3.025,0.80528,0.005,0.0075564,0.014306,-8.6449e-27
2.975,0.85532,0.005,0.0060027,0.014693,1.2037e-24
2.925,0.90536,0.005,0.0042477,0.014825,1.2944e-24
2.875,0.9554,0.005,0.002304,0.01473,2.1518e-25
2.825,1.0054,0.005,0.00017648,0.014421,2.446e-24
2.775,1.0555,0.005,-0.0021469,0.013908,-1.2604e-24
2.725,1.1055,0.005,-0.0046984,0.013197,-8.3376e-38
2.675,1.1556,0.005,-0.0075477,0.012298,-1.979e-38
2.625,1.2056,0.005,-0.010821,0.01122,6.3873e-33
2.575,1.2557,0.005,-0.014701,0.0099926,-1.9391e-24
2.525,1.3057,0.005,-0.019355,0.0086784,-1.4306e-24
2.475,1.3557,0.005,-0.024818,0.007385,-8.1363e-25
2.425,1.4058,0.005,-0.030931,0.0062476,2.6281e-38
2.375,1.4558,0.005,-0.037394,0.0053931,-6.7496e-25
2.325,1.5059,0.005,-0.043856,0.0049139,1.1076e-24
2.275,1.5559,0.005,-0.049976,0.0048559,-1.6113e-24
2.225,1.606,0.005,-0.055444,0.0052215,4.0024e-25
2.175,1.656,0.005,-0.06,0.0059739,-5.316e-25
2.125,1.706,0.005,-0.063442,0.0070487,-2.1313e-25
2.075,1.7561,0.005,-0.065639,0.0083658,1.0912e-24
2.025,1.8061,0.005,-0.066531,0.0098434,-5.2023e-25
1.975,1.8562,0.005,-0.066148,0.011386,3.6179e-25
1.925,1.9062,0.005,-0.064594,0.012933,-4.1198e-25
1.875,1.9563,0.005,-0.061987,0.014404,7.5537e-33
1.825,2.0063,0.005,-0.058505,0.015748,3.5712e-25
1.775,2.0563,0.005,-0.054345,0.016919,3.3327e-25
1.725,2.1064,0.005,-0.049696,0.017881,6.2862e-33
1.675,2.1564,0.005,-0.044723,0.018609,-4.9644e-25
1.625,2.2065,0.005,-0.039553,0.019089,-2.8496e-25
1.575,2.2565,0.005,-0.034257,0.019316,-1.6506e-24
1.525,2.3066,0.005,-0.028851,0.019288,-1.9231e-25
1.475,2.3566,0.005,-0.023316,0.019003,6.0861e-25
1.425,2.4066,0.005,-0.017482,0.018453,-5.6655e-25
1.375,2.4567,0.005,-0.011062,0.017606,6.9542e-25
1.325,2.5067,0.005,-0.0034552,0.016393,0
1.275,2.5568,0.005,0.0065437,0.014678,1.64e-24
1.225,2.6068,0.005,0.021334,0.012228,-7.5043e-25
1.175,2.6569,0.005,0.045268,0.008768,3.7309e-24
1.125,2.7069,0.005,0.084655,0.0041309,-2.7732e-24
1.075,2.7569,0.005,0.14664,-0.00068799,-1.6994e-24
1.025,2.807,0.005,0.23907,-0.0062414,1.613e-24
0.975,2.86,0.005,0.38989,-0.0056512,8.9304e-25
0.925,2.916,0.005,0.45376,0.0006512,0
0.875,2.972,0.005,0.43098,-0.0041776,2.9745e-25
3.875,0.024,0.005,0.0069366,-0.0010558,-9.1821e-25
3.825,0.072,0.005,0.0070718,-0.0016935,-1.1198e-24
3.775,0.12,0.005,0.0068606,-0.0026361,3.1066e-25
3.725,0.168,0.005,0.0067878,-0.0032835,-1.6706e-26
3.675,0.216,0.005,0.0068958,-0.0035858,-3.2176e-25
3.625,0.264,0.005,0.0072007,-0.0034711,3.8059e-25
3.575,0.312,0.005,0.0077126,-0.0028798,5.7816e-25
3.525,0.36,0.005,0.0083981,-0.0017648,-7.8817e-25
3.475,0.408,0.005,0.0091821,-0.00015513,-6.3039e-26
3.425,0.456,0.005,0.0099304,0.0018366,1.0474e-24
3.375,0.50502,0.005,0.010509,0.0040585,3.3562e-25
3.325,0.55506,0.005,0.01079,0.006318,-4.801e-25
3.275,0.60511,0.005,0.01073,0.0084324,1.1135e-24
3.225,0.65515,0.005,0.010328,0.010286,8.1671e-25
3.175,0.70519,0.005,0.0096131,0.011814,-1.4453e-25
3.125,0.75523,0.005,0.0086228,0.013002,-1.0441e-24
3.075,0.80528,0.005,0.0073915,0.013862,-2.0015e-26
3.025,0.85532,0.005,0.0059452,0.014418,-1.1597e-24
2.975,0.90536,0.005,0.0043003,0.014697,0
2.925,0.9554,0.005,0.0024663,0.01472,1.1682e-24
2.875,1.0054,0.005,0.0004563,0.014511,-1.2925e-24
2.825,1.0555,0.005,-0.0017399,0.014081,-1.478e-24
2.775,1.1055,0.005,-0.004153,0.013436,-1.1864e-24
2.725,1.1556,0.005,-0.0068483,0.012581,1.111e-24
2.675,1.2056,0.005,-0.009954,0.011521,1.3407e-24
2.625,1.2557,0.005,-0.013667,0.010272,-1.9128e-38
2.575,1.3057,0.005,-0.018189,0.0088871,1.5433e-24
2.525,1.3557,0.005,-0.023597,0.0074706,-6.2124e-25
2.475,1.4058,0.005,-0.029758,0.0061688,-7.0574e-25
2.425,1.4558,0.005,-0.036371,0.0051306,-5.441e-25
2.375,1.5059,0.005,-0.043069,0.0044721,-2.2813e-25
2.325,1.5559,0.005,-0.049479,0.00426,1.1205e-24
2.275,1.606,0.005,-0.055261,0.0045099,-8.9038e-25
2.225,1.656,0.005,-0.060125,0.0051923,4.0801e-25
2.175,1.706,0.005,-0.063845,0.0062424,1.9932e-32
2.125,1.7561,0.005,-0.066271,0.0075746,2.0236e-25
2.075,1.8061,0.005,-0.067336,0.0090984,-1.4409e-24
2.025,1.8562,0.005,-0.067059,0.01071,-5.2382e-25
1.975,1.9062,0.005,-0.06555,0.012338,-4.8061e-39
1.925,1.9563,0.005,-0.062926,0.013894,0
1.875,2.0063,0.005,-0.059372,0.015321,-3.9409e-25
1.825,2.0563,0.005,-0.05509,0.016567,-1.9523e-26
1.775,2.1064,0.005,-0.050277,0.017593,3.4067e-25
1.725,2.1564,0.005,-0.045106,0.018373,3.4225e-39
1.675,2.2065,0.005,-0.03971,0.018888,5.1416e-25
1.625,2.2565,0.005,-0.034169,0.019133,3.0214e-25
1.575,2.3066,0.005,-0.028502,0.019105,-1.3419e-24
1.525,2.3566,0.005,-0.022666,0.018799,-2.4127e-25
1.475,2.4066,0.005,-0.016496,0.018202,-6.3652e-25
1.425,2.4567,0.005,-0.0096641,0.017285,7.7618e-39
1.375,2.5067,0.005,-0.0015235,0.015981,-7.6996e-25
1.325,2.5568,0.005,0.0091954,0.014156,7.8601e-25
1.275,2.6068,0.005,0.02493,0.011599,-6.4006e-25
1.225,2.6569,0.005,0.049897,0.008088,1.8186e-24
1.175,2.7069,0.005,0.089962,0.0035398,-2.6753e-24
1.125,2.7569,0.005,0.15167,-0.0010758,3.7291e-25
1.075,2.807,0.005,0.24222,-0.0062142,1.2993e-24
1.025,2.86,0.005,0.38647,-0.0056479,1.8554e-24
0.975,2.916,0.005,0.45295,0.000544,-6.7816e-25
0.925,2.972,0.005,0.42951,-0.0040863,-7.2836e-39
3.925,0.024,0.005,0.007973,-0.00090656,-7.8131e-25
3.875,0.072,0.005,0.0080632,-0.0015498,-3.7135e-24
3.825,0.12,0.005,0.007692,-0.0025711,-1.1615e-24
3.775,0.168,0.005,0.007473,-0.0033702,3.021e-25
3.725,0.216,0.005,0.007441,-0.003877,-2.2575e-25
3.675,0.264,0.005,0.0075791,-0.0040259,-2.9035e-25
3.625,0.312,0.005,0.0078539,-0.0037181,1.5199e-40
3.575,0.36,0.005,0.0082831,-0.0028917,7.1766e-25
3.525,0.408,0.005,0.0088255,-0.0015258,6.4083e-40
3.475,0.456,0.005,0.0093909,0.00028639,-7.7551e-40
3.425,0.50502,0.005,0.0098664,0.0024267,1.005e-24
3.375,0.55506,0.005,0.010128,0.0047181,-7.5918e-25
3.325,0.60511,0.005,0.010112,0.0069612,8.6432e-27
3.275,0.65515,0.005,0.0097958,0.0090098,-3.5413e-25
3.225,0.70519,0.005,0.0091864,0.010767,-1.0585e-24
3.175,0.75523,0.005,0.0083082,0.012186,-9.7685e-25
3.125,0.80528,0.005,0.0071895,0.013262,-3.2066e-26
3.075,0.85532,0.005,0.0058548,0.01401,9.9453e-39
3.025,0.90536,0.005,0.0043216,0.014454,-2.9202e-26
2.975,0.9554,0.005,0.0026029,0.01462,-1.3031e-24
2.925,1.0054,0.005,0.00070854,0.014528,-2.6675e-24
2.875,1.0555,0.005,-0.0013618,0.014199,-3.9949e-25
2.825,1.1055,0.005,-0.0036358,0.013638,0
2.775,1.1556,0.005,-0.0061747,0.012847,-1.0965e-24
2.725,1.2056,0.005,-0.0091036,0.011826,-6.9042e-38
2.675,1.2557,0.005,-0.012628,0.010582,-2.3373e-39
2.625,1.3057,0.005,-0.016986,0.0091484,-2.0175e-38
2.575,1.3557,0.005,-0.022299,0.0076228,1.6466e-24
2.525,1.4058,0.005,-0.028471,0.0061582,7.23e-25
2.475,1.4558,0.005,-0.035212,0.0049247,6.666e-25
2.425,1.5059,0.005,-0.042136,0.0040661,-1.3634e-38
2.375,1.5559,0.005,-0.048842,0.0036733,5.8004e-25
2.325,1.606,0.005,-0.054954,0.0037798,1.3583e-25
2.275,1.656,0.005,-0.060147,0.004366,-9.1465e-25
2.225,1.706,0.005,-0.064168,0.0053692,-8.7937e-25
2.175,1.7561,0.005,-0.066846,0.0066995,1.3462e-24
2.125,1.8061,0.005,-0.0681,0.0082576,6.9611e-25
2.075,1.8562,0.005,-0.067943,0.0099325,-1.1174e-24
2.025,1.9062,0.005,-0.066486,0.01164,4.3029e-25
1.975,1.9563,0.005,-0.06385,0.013282,-2.8582e-25
1.925,2.0063,0.005,-0.060225,0.014797,-2.7574e-25
1.875,2.0563,0.005,-0.055819,0.016125,6.7252e-39
1.825,2.1064,0.005,-0.050838,0.017224,7.3629e-25
1.775,2.1564,0.005,-0.045463,0.018062,9.1952e-25
1.725,2.2065,0.005,-0.039834,0.018621,2.977e-25
1.675,2.2565,0.005,-0.034036,0.018891,1.6028e-24
1.625,2.3066,0.005,-0.02809,0.018869,9.5597e-25
1.575,2.3566,0.005,-0.021943,0.018549,1.7548e-39
1.525,2.4066,0.005,-0.01542,0.017914,2.5274e-34
1.475,2.4567,0.005,-0.008162,0.016936,-1.4019e-24
1.425,2.5067,0.005,0.00052128,0.015549,7.6474e-25
1.375,2.5568,0.005,0.011951,0.013628,-1.5474e-24
1.325,2.6068,0.005,0.028578,0.010984,7.2372e-25
1.275,2.6569,0.005,0.05447,0.0074459,-1.1552e-24
1.225,2.7069,0.005,0.095076,0.0029955,9.5343e-25
1.175,2.7569,0.005,0.15643,-0.0014332,-3.5375e-24
1.125,2.807,0.005,0.24511,-0.0062072,1.7043e-24
1.075,2.86,0.005,0.38318,-0.0056959,1.1104e-24
1.025,2.916,0.005,0.45207,0.00044402,-1.1846e-25
0.975,2.972,0.005,0.42807,-0.003974,-1.1267e-24
3.975,0.024,0.005,0.0088332,-0.00074822,-2.0647e-24
3.925,0.072,0.005,0.0089407,-0.001327,9.225e-25
3.875,0.12,0.005,0.008448,-0.0023475,9.1676e-25
3.825,0.168,0.005,0.0080972,-0.003238,4.9505e-25
3.775,0.216,0.005,0.0079265,-0.0039107,3.3701e-25
3.725,0.264,0.005,0.0079304,-0.0042837,-2.7377e-25
3.675,0.312,0.005,0.0080583,-0.0042966,-2.8834e-39
3.625,0.36,0.005,0.0082584,-0.0037909,-1.2116e-24
3.575,0.408,0.005,0.008571,-0.002739,6.1696e-26
3.525,0.456,0.005,0.0089432,-0.0011775,2.8349e-24
3.475,0.50502,0.005,0.0092836,0.00080232,1.0559e-25
3.425,0.55506,0.005,0.0094856,0.0030483,-1.4435e-24
3.375,0.60511,0.005,0.0094815,0.0053599,8.5986e-25
3.325,0.65515,0.005,0.009229,0.007564,-5.2957e-39
3.275,0.70519,0.005,0.008715,0.009532,7.562e-25
3.225,0.75523,0.005,0.0079474,0.011185,1.7788e-24
3.175,0.80528,0.005,0.0069444,0.012491,4.4011e-26
3.125,0.85532,0.005,0.0057259,0.013451,1.0757e-24
3.075,0.90536,0.005,0.0043083,0.014082,-1.1238e-24
3.025,0.9554,0.005,0.0027067,0.01441,9.9619e-35
2.975,1.0054,0.005,0.00093093,0.014458,1.2325e-24
2.925,1.0555,0.005,-0.0010156,0.014247,1.2233e-24
2.875,1.1055,0.005,-0.003152,0.013788,4.6096e-25
2.825,1.1556,0.005,-0.0055353,0.013082,1.0808e-24
2.775,1.2056,0.005,-0.008283,0.012125,-9.9144e-25
2.725,1.2557,0.005,-0.011605,0.010912,0
2.675,1.3057,0.005,-0.015764,0.0094593,6.1205e-25
2.625,1.3557,0.005,-0.020939,0.0078465,2.5198e-33
2.575,1.4058,0.005,-0.027081,0.006228,7.3014e-25
2.525,1.4558,0.005,-0.033918,0.0047934,7.7111e-25
2.475,1.5059,0.005,-0.041054,0.0037158,-1.5695e-24
2.425,1.5559,0.005,-0.048057,0.0031161,-3.0308e-38
2.375,1.606,0.005,-0.054513,0.0030497,3.6497e-25
2.325,1.656,0.005,-0.060057,0.0035107,-4.5505e-25
2.275,1.706,0.005,-0.064402,0.0044418,5.2418e-25
2.225,1.7561,0.005,-0.067355,0.0057498,-5.6631e-25
2.175,1.8061,0.005,-0.068819,0.0073272,2.0874e-25
2.125,1.8562,0.005,-0.068798,0.0090567,3.928e-25
2.075,1.9062,0.005,-0.067404,0.010838,5.7791e-25
2.025,1.9563,0.005,-0.064762,0.012569,-1.0326e-32
1.975,2.0063,0.005,-0.061067,0.014174,0
1.925,2.0563,0.005,-0.056537,0.01559,7.4726e-25
1.875,2.1064,0.005,-0.051384,0.016769,7.9397e-25
1.825,2.1564,0.005,-0.045799,0.017675,-7.6568e-39
1.775,2.2065,0.005,-0.039928,0.018286,0
1.725,2.2565,0.005,-0.033863,0.01859,0
1.675,2.3066,0.005,-0.027625,0.018581,9.2555e-25
1.625,2.3566,0.005,-0.021153,0.018253,1.023e-24
1.575,2.4066,0.005,-0.014261,0.01759,2.5509e-24
1.525,2.4567,0.005,-0.0065657,0.016559,-7.0219e-25
1.475,2.5067,0.005,0.0026646,0.0151,3.2468e-25
1.425,2.5568,0.005,0.014791,0.013097,-5.9458e-25
1.375,2.6068,0.005,0.032258,0.010384,1.3021e-24
1.325,2.6569,0.005,0.058971,0.0068395,2.2009e-24
1.275,2.7069,0.005,0.1,0.0024936,1.9983e-24
1.225,2.7569,0.005,0.16092,-0.0017687,-2.3741e-24
1.175,2.807,0.005,0.24777,-0.0061939,4.4614e-24
1.125,2.86,0.005,0.38003,-0.0057995,-5.1778e-25
1.075,2.916,0.005,0.4511,0.0003382,4.5714e-25
1.025,2.972,0.005,0.42665,-0.0038513,4.8955e-25
4.025,0.024,0.005,0.0094917,-0.00058297,-1.9835e-24
3.975,0.072,0.005,0.0096493,-0.0010514,-1.6211e-24
3.925,0.12,0.005,0.0090608,-0.0019881,-2.8428e-39
3.875,0.168,0.005,0.008591,-0.0028887,1.4151e-25
3.825,0.216,0.005,0.0083067,-0.0036619,-7.2681e-26
3.775,0.264,0.005,0.0081801,-0.0042054,1.1991e-24
3.725,0.312,0.005,0.0081659,-0.0044519,-3.3448e-25
3.675,0.36,0.005,0.0082215,-0.0043313,1.2741e-25
3.625,0.408,0.005,0.0083503,-0.0036645,-2.6392e-39
3.575,0.456,0.005,0.0085436,-0.0024317,3.3237e-40
3.525,0.50502,0.005,0.0087402,-0.00070122,1.2836e-25
3.475,0.55506,0.005,0.0088545,0.001402,-1.5496e-25
3.425,0.60511,0.005,0.0088339,0.0036968,3.0804e-25
3.375,0.65515,0.005,0.0086236,0.0059934,-4.7497e-25
3.325,0.70519,0.005,0.0081931,0.0081326,-3.0555e-25
3.275,0.75523,0.005,0.0075329,0.010004,1.5396e-25
3.225,0.80528,0.005,0.0066482,0.011543,5.5298e-26
3.175,0.85532,0.005,0.005551,0.012729,9.981e-25
3.125,0.90536,0.005,0.0042546,0.013567,7.1152e-41
3.075,0.9554,0.005,0.0027741,0.014077,1.1094e-24
3.025,1.0054,0.005,0.0011193,0.014283,-3.1146e-34
2.975,1.0555,0.005,-0.00070367,0.01421,1.4189e-25
2.925,1.1055,0.005,-0.0027059,0.013871,1.138e-24
2.875,1.1556,0.005,-0.0049368,0.013271,4.2043e-38
2.825,1.2056,0.005,-0.0075038,0.012401,5.2302e-25
2.775,1.2557,0.005,-0.010613,0.011249,8.7936e-25
2.725,1.3057,0.005,-0.014547,0.0098109,-5.7067e-38
2.675,1.3557,0.005,-0.019539,0.0081423,1.4512e-25
2.625,1.4058,0.005,-0.025602,0.0063881,-1.8174e-38
2.575,1.4558,0.005,-0.032496,0.0047535,1.2579e-26
2.525,1.5059,0.005,-0.039821,0.0034424,-4.0801e-25
2.475,1.5559,0.005,-0.047117,0.00261,-6.0821e-25
2.425,1.606,0.005,-0.053926,0.0023401,-3.3041e-25
2.375,1.656,0.005,-0.059842,0.0026446,9.6941e-25
2.325,1.706,0.005,-0.064539,0.0034748,5.4959e-26
2.275,1.7561,0.005,-0.067791,0.004737,-5.5463e-25
2.225,1.8061,0.005,-0.069487,0.0063155,6.0958e-25
2.175,1.8562,0.005,-0.069622,0.0080874,1.6128e-25
2.125,1.9062,0.005,-0.068303,0.0099362,-6.4465e-25
2.075,1.9563,0.005,-0.065662,0.011753,-7.0978e-26
2.025,2.0063,0.005,-0.061902,0.013452,-1.0361e-24
1.975,2.0563,0.005,-0.057247,0.014961,2.0742e-25
1.925,2.1064,0.005,-0.05192,0.016226,4.2691e-25
1.875,2.1564,0.005,-0.046119,0.017208,-4.0484e-25
1.825,2.2065,0.005,-0.039998,0.01788,-3.3021e-25
1.775,2.2565,0.005,-0.033655,0.018227,0
1.725,2.3066,0.005,-0.027113,0.01824,-1.9875e-25
1.675,2.3566,0.005,-0.020304,0.017912,-1.0039e-25
1.625,2.4066,0.005,-0.013031,0.017228,-4.301e-26
1.575,2.4567,0.005,-0.0048861,0.016156,7.0202e-25
1.525,2.5067,0.005,0.0048929,0.014635,-1.1336e-32
1.475,2.5568,0.005,0.017698,0.012564,1.6885e-24
1.425,2.6068,0.005,0.035952,0.0098009,-2.7555e-24
1.375,2.6569,0.005,0.063393,0.0062655,-6.0751e-25
1.325,2.7069,0.005,0.10475,0.0020287,3.8194e-38
1.275,2.7569,0.005,0.16519,-0.0020805,1.9604e-24
1.225,2.807,0.005,0.25022,-0.0061623,1.0529e-24
1.175,2.86,0.005,0.37704,-0.0059322,8.9036e-25
1.125,2.916,0.005,0.45004,0.00021992,0
1.075,2.972,0.005,0.42526,-0.0037225,5.1042e-25
4.075,0.024,0.005,0.0099443,-0.00043716,2.1428e-24
4.025,0.072,0.005,0.010134,-0.0007457,-6.1489e-25
3.975,0.12,0.005,0.0094673,-0.00153,-1.8988e-24
3.925,0.168,0.005,0.0088812,-0.0023359,-1.0695e-24
3.875,0.216,0.005,0.0084801,-0.0031155,-3.671e-26
3.825,0.264,0.005,0.0082444,-0.0037805,-3.5919e-25
3.775,0.312,0.005,0.008119,-0.0042196,0
3.725,0.36,0.005,0.0080516,-0.0043508,-4.0601e-25
3.675,0.408,0.005,0.0080307,-0.0040839,-6.1075e-25
3.625,0.456,0.005,0.0080939,-0.0032769,3.0205e-24
3.575,0.50502,0.005,0.0081636,-0.0019108,6.0393e-26
3.525,0.55506,0.005,0.0081931,-6.3428e-05,-3.0789e-24
3.475,0.60511,0.005,0.0081415,0.0020953,8.2869e-25
3.425,0.65515,0.005,0.0079595,0.0043868,-9.9099e-39
3.375,0.70519,0.005,0.0076039,0.0066287,-5.2594e-25
3.325,0.75523,0.005,0.0070494,0.0086747,-3.4357e-38
3.275,0.80528,0.005,0.0062873,0.01043,7.9477e-25
3.225,0.85532,0.005,0.0053188,0.011843,9.0169e-25
3.175,0.90536,0.005,0.0041516,0.012899,-1.7685e-38
3.125,0.9554,0.005,0.0027983,0.013608,2.4841e-27
3.075,1.0054,0.005,0.0012687,0.013991,1.075e-24
3.025,1.0555,0.005,-0.00042964,0.014073,-1.261e-24
2.975,1.1055,0.005,-0.0023006,0.013873,-3.7864e-38
2.925,1.1556,0.005,-0.0043848,0.013397,-1.0407e-24
2.875,1.2056,0.005,-0.006776,0.012638,-2.3868e-25
2.825,1.2557,0.005,-0.0096692,0.011576,1.1228e-38
2.775,1.3057,0.005,-0.013358,0.01019,-9.7914e-25
2.725,1.3557,0.005,-0.018124,0.0085051,-1.6216e-25
2.675,1.4058,0.005,-0.024054,0.0066439,2.1309e-25
2.625,1.4558,0.005,-0.030956,0.0048199,5.8743e-25
2.575,1.5059,0.005,-0.038439,0.0032667,7.713e-25
2.525,1.5559,0.005,-0.046015,0.0021783,-1.2321e-24
2.475,1.606,0.005,-0.053185,0.0016734,-9.2624e-25
2.425,1.656,0.005,-0.059493,0.0017878,-8.0796e-25
2.375,1.706,0.005,-0.064567,0.0024856,5.1678e-25
2.325,1.7561,0.005,-0.068146,0.0036749,1.6088e-24
2.275,1.8061,0.005,-0.070098,0.0052328,-1.0172e-24
2.225,1.8562,0.005,-0.070409,0.0070309,1.2982e-24
2.175,1.9062,0.005,-0.06918,0.0089369,-6.3997e-25
2.125,1.9563,0.005,-0.066551,0.010836,-6.0291e-25
2.075,2.0063,0.005,-0.062731,0.012628,5.5835e-25
2.025,2.0563,0.005,-0.057953,0.014234,2.1386e-25
1.975,2.1064,0.005,-0.052451,0.015592,1.5947e-25
1.925,2.1564,0.005,-0.046429,0.016658,0
1.875,2.2065,0.005,-0.040051,0.017399,-6.9666e-25
1.825,2.2565,0.005,-0.03342,0.017798,-9.6421e-25
1.775,2.3066,0.005,-0.026562,0.017843,-2.0348e-25
1.725,2.3566,0.005,-0.019404,0.017525,-9.6838e-26
1.675,2.4066,0.005,-0.011737,0.016829,-1.9014e-24
1.625,2.4567,0.005,-0.0031345,0.015725,2.8157e-25
1.575,2.5067,0.005,0.0071928,0.014156,2.7961e-24
1.525,2.5568,0.005,0.020657,0.012031,-9.4796e-25
1.475,2.6068,0.005,0.039645,0.0092332,-6.3802e-25
1.425,2.6569,0.005,0.067728,0.0057206,-2.604e-24
1.375,2.7069,0.005,0.10934,0.001597,-4.3899e-24
1.325,2.7569,0.005,0.16923,-0.0023656,-2.1187e-24
1.275,2.807,0.005,0.25248,-0.0061238,2.8288e-25
1.225,2.86,0.005,0.37416,-0.0060243,-9.4586e-25
1.175,2.916,0.005,0.44887,8.9853e-05,5.2873e-25
1.125,2.972,0.005,0.42387,-0.0035912,0
4.125,0.024,0.005,0.010207,-0.00032686,1.536e-24
4.075,0.072,0.005,0.010431,-0.00043732,-3.5691e-25
4.025,0.12,0.005,0.0096156,-0.0010238,-2.1024e-25
3.975,0.168,0.005,0.008873,-0.0016221,-3.8423e-25
3.925,0.216,0.005,0.0082992,-0.0022757,1.9883e-38
3.875,0.264,0.005,0.0079135,-0.0028994,-9.8858e-25
3.825,0.312,0.005,0.0076697,-0.0034164,-5.8101e-25
3.775,0.36,0.005,0.0075045,-0.0037391,1.7057e-24
3.725,0.408,0.005,0.0074214,-0.0037873,-3.414e-39
3.675,0.456,0.005,0.0073971,-0.0034359,-7.4868e-25
3.625,0.50502,0.005,0.0074103,-0.0025362,1.1878e-24
3.575,0.55506,0.005,0.0073938,-0.0010953,-2.5425e-26
3.525,0.60511,0.005,0.007332,0.00077145,1.9386e-24
3.475,0.65515,0.005,0.0071856,0.0029104,3.1311e-25
3.425,0.70519,0.005,0.0069082,0.0051374,4.4726e-25
3.375,0.75523,0.005,0.0064659,0.0072794,5.3707e-38
3.325,0.80528,0.005,0.0058353,0.0091998,-6.8891e-25
3.275,0.85532,0.005,0.0050079,0.010816,-7.9346e-25
3.225,0.90536,0.005,0.0039823,0.012087,-8.5481e-25
3.175,0.9554,0.005,0.002767,0.013002,2.5413e-26
3.125,1.0054,0.005,0.0013705,0.013574,-1.5221e-26
3.075,1.0555,0.005,-0.00019927,0.013826,0
3.025,1.1055,0.005,-0.0019405,0.013779,-9.2989e-25
2.975,1.1556,0.005,-0.0038839,0.013445,1.0126e-24
2.925,1.2056,0.005,-0.0061077,0.012819,1.3663e-24
2.875,1.2557,0.005,-0.0087897,0.011875,-4.4945e-38
2.825,1.3057,0.005,-0.012222,0.010578,-4.1269e-25
2.775,1.3557,0.005,-0.016724,0.0089224,-5.0149e-25
2.725,1.4058,0.005,-0.022463,0.0069953,1.9065e-38
2.675,1.4558,0.005,-0.029316,0.0050037,-9.0716e-26
2.625,1.5059,0.005,-0.036913,0.0032088,-1.4511e-26
2.575,1.5559,0.005,-0.044749,0.0018459,8.0097e-25
2.525,1.606,0.005,-0.05228,0.0010747,-8.4503e-25
2.475,1.656,0.005,-0.058996,0.00096285,-6.1036e-25
2.425,1.706,0.005,-0.064474,0.0014935,1.0497e-24
2.375,1.7561,0.005,-0.068409,0.0025797,-8.1864e-26
2.325,1.8061,0.005,-0.070644,0.0040916,-8.6942e-25
2.275,1.8562,0.005,-0.071155,0.0058961,-5.2347e-41
2.225,1.9062,0.005,-0.070032,0.0078465,-6.7387e-25
2.175,1.9563,0.005,-0.067428,0.00982,-5.784e-25
2.125,2.0063,0.005,-0.063556,0.011703,-1.1937e-24
2.075,2.0563,0.005,-0.058659,0.013408,-1.5621e-25
2.025,2.1064,0.005,-0.05298,0.014865,7.2884e-25
1.975,2.1564,0.005,-0.046734,0.016022,0
1.925,2.2065,0.005,-0.040093,0.016841,0
1.875,2.2565,0.005,-0.033165,0.017302,-2.2544e-38
1.825,2.3066,0.005,-0.025979,0.017389,-2.0933e-25
1.775,2.3566,0.005,-0.018461,0.017091,-9.9884e-39
1.725,2.4066,0.005,-0.01039,0.016393,5.5574e-25
1.675,2.4567,0.005,-0.0013224,0.015268,-3.0125e-25
1.625,2.5067,0.005,0.009551,0.013663,1.3213e-24
1.575,2.5568,0.005,0.023652,0.011497,9.5078e-25
1.525,2.6068,0.005,0.043323,0.0086807,-1.309e-24
1.475,2.6569,0.005,0.071971,0.0052022,-9.5379e-25
1.425,2.7069,0.005,0.11375,0.0011947,-2.2212e-24
1.375,2.7569,0.005,0.17306,-0.0026268,1.4743e-24
1.325,2.807,0.005,0.25456,-0.0060821,2.2698e-24
1.275,2.86,0.005,0.37139,-0.006087,-4.8444e-25
1.225,2.916,0.005,0.44758,-4.5701e-05,-8.4275e-39
1.175,2.972,0.005,0.42249,-0.0034583,-5.0273e-25
4.175,0.024,0.005,0.010349,-0.00024281,0
4.125,0.072,0.005,0.010428,-0.00018667,4.6078e-38
4.075,0.12,0.005,0.0094543,-0.00049112,9.7956e-25
4.025,0.168,0.005,0.0084504,-0.00077356,-2.9941e-26
3.975,0.216,0.005,0.0075983,-0.0011218,2.0652e-40
3.925,0.264,0.005,0.0069522,-0.0014967,1.9089e-38
3.875,0.312,0.005,0.0065083,-0.0018798,5.6361e-25
3.825,0.36,0.005,0.0062365,-0.0022326,-1.2077e-24
3.775,0.408,0.005,0.0061108,-0.0024838,6.1981e-25
3.725,0.456,0.005,0.006097,-0.002522,4.4122e-25
3.675,0.50502,0.005,0.0061445,-0.0021617,2.2748e-24
3.625,0.55506,0.005,0.0061984,-0.0012829,-1.4016e-24
3.575,0.60511,0.005,0.0062315,8.927e-05,-6.8577e-28
3.525,0.65515,0.005,0.006189,0.0018638,-2.2171e-25
3.475,0.70519,0.005,0.0060268,0.0038848,-5.5656e-25
3.425,0.75523,0.005,0.0057205,0.0059738,-5.1402e-25
3.375,0.80528,0.005,0.0052443,0.0079616,-6.1272e-25
3.325,0.85532,0.005,0.0045786,0.0097192,-2.4884e-38
3.275,0.90536,0.005,0.0037155,0.01117,8.3732e-25
3.225,0.9554,0.005,0.0026565,0.012279,1.0031e-34
3.175,1.0054,0.005,0.0014076,0.01304,-1.8807e-24
3.125,1.0555,0.005,-2.4039e-05,0.013469,-8.6154e-26
3.075,1.1055,0.005,-0.0016333,0.013586,0
3.025,1.1556,0.005,-0.0034399,0.013406,-9.7665e-25
2.975,1.2056,0.005,-0.0055061,0.012928,-4.6925e-38
2.925,1.2557,0.005,-0.007987,0.012127,5.4441e-38
2.875,1.3057,0.005,-0.01116,0.010956,-1.0256e-38
2.825,1.3557,0.005,-0.015371,0.0093767,6.6602e-25
2.775,1.4058,0.005,-0.02086,0.0074355,3.5265e-25
2.725,1.4558,0.005,-0.027597,0.0053119,1.4732e-25
2.675,1.5059,0.005,-0.035255,0.0032859,8.3689e-25
2.625,1.5559,0.005,-0.04332,0.0016367,-1.1121e-26
2.575,1.606,0.005,-0.051204,0.00057193,1.2781e-24
2.525,1.656,0.005,-0.058339,0.00019619,-1.1809e-24
2.475,1.706,0.005,-0.064248,0.00051934,-4.4206e-25
2.425,1.7561,0.005,-0.068572,0.00147,1.6952e-24
2.375,1.8061,0.005,-0.071114,0.002907,1.1068e-24
2.325,1.8562,0.005,-0.071851,0.0046949,-1.3692e-24
2.275,1.9062,0.005,-0.070857,0.0066724,-4.3829e-25
2.225,1.9563,0.005,-0.068292,0.00871,2.7038e-32
2.175,2.0063,0.005,-0.064377,0.010679,6.1342e-25
2.125,2.0563,0.005,-0.059367,0.012484,-5.7923e-25
2.075,2.1064,0.005,-0.053512,0.014043,-1.915e-25
2.025,2.1564,0.005,-0.04704,0.015297,4.5563e-25
1.975,2.2065,0.005,-0.040129,0.016204,0
1.925,2.2565,0.005,-0.032896,0.016735,8.4242e-25
1.875,2.3066,0.005,-0.025373,0.016874,4.3253e-25
1.825,2.3566,0.005,-0.017483,0.016607,4.4832e-25
1.775,2.4066,0.005,-0.0089984,0.015919,-1.504e-33
1.725,2.4567,0.005,0.00053909,0.014784,8.8772e-39
1.675,2.5067,0.005,0.011954,0.013155,-1.4023e-24
1.625,2.5568,0.005,0.02667,0.010963,2.6028e-24
1.575,2.6068,0.005,0.046975,0.0081419,-1.2861e-24
1.525,2.6569,0.005,0.076118,0.004708,-1.5126e-24
1.475,2.7069,0.005,0.118,0.00081829,-1.6374e-24
1.425,2.7569,0.005,0.1767,-0.0028663,9.9407e-25
1.375,2.807,0.005,0.25646,-0.0060416,2.0679e-24
1.325,2.86,0.005,0.36877,-0.0061292,1.1672e-24
1.275,2.916,0.005,0.44616,-0.00018544,-4.3158e-25
1.225,2.972,0.005,0.42112,-0.0033222,-1.4374e-24
4.225,0.024,0.005,0.01044,-0.00018833,-1.6858e-24
4.175,0.072,0.005,0.010188,-5.6443e-05,7.3989e-25
4.125,0.12,0.005,0.0088751,6.6568e-05,-3.5067e-25
4.075,0.168,0.005,0.0074198,0.00025178,1.1494e-25
4.025,0.216,0.005,0.0061394,0.00037735,-9.4918e-25
3.975,0.264,0.005,0.0050903,0.00046601,5.6335e-25
3.925,0.312,0.005,0.0043478,0.00044886,-1.2622e-25
3.875,0.36,0.005,0.0039065,0.00030149,-1.2155e-24
3.825,0.408,0.005,0.0037395,5.2138e-05,1.7855e-24
3.775,0.456,0.005,0.0037923,-0.00020964,1.6518e-24
3.725,0.50502,0.005,0.0039635,-0.00029664,-1.7664e-24
3.675,0.55506,0.005,0.0041973,-3.6404e-05,1.1629e-24
3.625,0.60511,0.005,0.0044659,0.00063092,8.0807e-25
3.575,0.65515,0.005,0.0046813,0.0017509,-2.0685e-39
3.525,0.70519,0.005,0.0047746,0.0032772,-6.391e-25
3.475,0.75523,0.005,0.0046946,0.0050641,0
3.425,0.80528,0.005,0.0044282,0.0069273,5.614e-25
3.375,0.85532,0.005,0.003965,0.0086965,3.3486e-38
3.325,0.90536,0.005,0.003298,0.010247,-2.5626e-38
3.275,0.9554,0.005,0.0024247,0.011502,1.3238e-34
3.225,1.0054,0.005,0.0013479,0.012428,-4.0486e-26
3.175,1.0555,0.005,7.3108e-05,0.013023,1.8477e-24
3.125,1.1055,0.005,-0.001394,0.013301,0
3.075,1.1556,0.005,-0.0030629,0.013279,-9.3251e-25
3.025,1.2056,0.005,-0.0049794,0.012958,-8.9091e-25
2.975,1.2557,0.005,-0.0072726,0.012317,-8.2256e-25
2.925,1.3057,0.005,-0.010194,0.011301,3.2489e-25
2.875,1.3557,0.005,-0.014096,0.0098462,2.0936e-25
2.825,1.4058,0.005,-0.019285,0.0079486,2.116e-25
2.775,1.4558,0.005,-0.025832,0.0057447,-2.0581e-25
2.725,1.5059,0.005,-0.033482,0.0035124,-1.6748e-25
2.675,1.5559,0.005,-0.041732,0.0015738,-1.611e-25
2.625,1.606,0.005,-0.049954,0.0001922,0
2.575,1.656,0.005,-0.057514,-0.00048102,4.5422e-25
2.525,1.706,0.005,-0.063871,-0.00040996,-6.6676e-25
2.475,1.7561,0.005,-0.068619,0.00036225,-5.4233e-25
2.425,1.8061,0.005,-0.071505,0.0016953,5.3671e-25
2.375,1.8562,0.005,-0.072489,0.0034437,-4.5078e-25
2.325,1.9062,0.005,-0.071647,0.0054246,-3.7455e-25
2.275,1.9563,0.005,-0.069139,0.0075119,1.4107e-32
2.225,2.0063,0.005,-0.065195,0.0095598,-9.6903e-26
2.175,2.0563,0.005,-0.060079,0.011461,6.3205e-25
2.125,2.1064,0.005,-0.054052,0.013124,1.7746e-24
2.075,2.1564,0.005,-0.047351,0.014481,4.8111e-25
2.025,2.2065,0.005,-0.040167,0.015483,-8.1495e-25
1.975,2.2565,0.005,-0.032622,0.016095,-7.6131e-25
1.925,2.3066,0.005,-0.024752,0.016297,-2.2419e-25
1.875,2.3566,0.005,-0.01648,0.016072,4.4843e-39
1.825,2.4066,0.005,-0.0075729,0.015405,0
1.775,2.4567,0.005,0.0024387,0.014272,-6.5201e-25
1.725,2.5067,0.005,0.014391,0.012632,6.1828e-25
1.675,2.5568,0.005,0.029699,0.010428,9.4653e-25
1.625,2.6068,0.005,0.050591,0.0076151,3.1799e-24
1.575,2.6569,0.005,0.080166,0.0042349,-3.2493e-24
1.525,2.7069,0.005,0.12209,0.00046426,9.1019e-39
1.475,2.7569,0.005,0.18014,-0.003086,2.8401e-32
1.425,2.807,0.005,0.25821,-0.0060028,2.1173e-24
1.375,2.86,0.005,0.36627,-0.0061569,2.447e-38
1.325,2.916,0.005,0.44463,-0.00033113,4.0933e-26
1.275,2.972,0.005,0.41975,-0.0031809,-2.5612e-25
4.275,0.024,0.005,0.010486,-0.00011303,-2.6283e-40
4.225,0.072,0.005,0.009572,5.1425e-05,8.5427e-25
4.175,0.12,0.005,0.0076542,0.00072572,1.6997e-25
4.125,0.168,0.005,0.0055232,0.0015208,-6.0559e-25
4.075,0.216,0.005,0.0035885,0.0023594,-3.3719e-26
4.025,0.264,0.005,0.002018,0.0031053,5.2935e-39
3.975,0.312,0.005,0.00090189,0.0036488,4.5932e-39
3.925,0.36,0.005,0.00026123,0.0039077,7.4224e-25
3.875,0.408,0.005,5.0156e-05,0.0038714,-3.9993e-25
3.825,0.456,0.005,0.00019424,0.0035935,5.1211e-25
3.775,0.50502,0.005,0.00053722,0.0032637,-1.5404e-24
3.725,0.55506,0.005,0.0010238,0.0030403,6.2448e-25
3.675,0.60511,0.005,0.0016402,0.0029948,-1.2352e-38
3.625,0.65515,0.005,0.0022642,0.0032793,-2.8155e-25
3.575,0.70519,0.005,0.002784,0.0039823,-6.5232e-25
3.525,0.75523,0.005,0.0031133,0.0050919,1.7124e-25
3.475,0.80528,0.005,0.0032032,0.0065006,6.4563e-25
3.425,0.85532,0.005,0.0030457,0.0080319,5.5005e-26
3.375,0.90536,0.005,0.0026418,0.0095101,6.9172e-26
3.325,0.9554,0.005,0.0020032,0.010802,-6.508e-25
3.275,1.0054,0.005,0.0011376,0.011827,5.3796e-26
3.225,1.0555,0.005,5.0972e-05,0.012549,1.1565e-35
3.175,1.1055,0.005,-0.0012514,0.012965,0
3.125,1.1556,0.005,-0.0027718,0.013086,0
3.075,1.2056,0.005,-0.0045401,0.012917,1.7663e-25
3.025,1.2557,0.005,-0.0066577,0.012439,1.0848e-38
2.975,1.3057,0.005,-0.0093413,0.011598,-3.8734e-38
2.925,1.3557,0.005,-0.01293,0.010307,-2.3079e-25
2.875,1.4058,0.005,-0.017779,0.0085136,-6.0155e-25
2.825,1.4558,0.005,-0.024059,0.0062944,-5.6391e-25
2.775,1.5059,0.005,-0.03162,0.0038977,-1.3274e-24
2.725,1.5559,0.005,-0.039995,0.0016786,-6.0263e-25
2.675,1.606,0.005,-0.048527,-3.7835e-05,7.0493e-25
2.625,1.656,0.005,-0.056512,-0.0010401,6.9065e-25
2.575,1.706,0.005,-0.063333,-0.0012582,-1.814e-24
2.525,1.7561,0.005,-0.06853,-0.00071824,-1.1138e-24
2.475,1.8061,0.005,-0.071805,0.00046772,1.2253e-24
2.425,1.8562,0.005,-0.073062,0.0021662,0
2.375,1.9062,0.005,-0.072395,0.0041147,-1.1673e-24
2.325,1.9563,0.005,-0.069966,0.0062338,1.457e-32
2.275,2.0063,0.005,-0.066008,0.0083492,1.8127e-25
2.225,2.0563,0.005,-0.060795,0.010342,-1.2241e-24
2.175,2.1064,0.005,-0.054601,0.012109,-1.6629e-38
2.125,2.1564,0.005,-0.047674,0.013574,5.0586e-25
2.075,2.2065,0.005,-0.040213,0.014677,-2.4988e-25
2.025,2.2565,0.005,-0.032348,0.01538,-3.3916e-25
1.975,2.3066,0.005,-0.024123,0.015655,-6.4074e-25
1.925,2.3566,0.005,-0.015461,0.015483,-5.7708e-25
1.875,2.4066,0.005,-0.0061233,0.014849,8.7198e-26
1.825,2.4567,0.005,0.0043655,0.01373,-3.3326e-25
1.775,2.5067,0.005,0.016847,0.012092,6.4955e-25
1.725,2.5568,0.005,0.032726,0.0098904,0
1.675,2.6068,0.005,0.054163,0.0070983,-1.2395e-24
1.625,2.6569,0.005,0.084112,0.00378,-8.4916e-25
1.575,2.7069,0.005,0.12603,0.00012916,3.5807e-38
1.525,2.7569,0.005,0.18342,-0.0032882,-4.5679e-25
1.475,2.807,0.005,0.2598,-0.0059672,1.3989e-24
1.425,2.86,0.005,0.36391,-0.0061736,1.0037e-25
1.375,2.916,0.005,0.44299,-0.00048271,0
1.325,2.972,0.005,0.41839,-0.0030338,4.4348e-25
4.325,0.024,0.005,0.010313,0.00013118,9.1393e-25
4.275,0.072,0.005,0.0083276,0.00035519,1.4367e-24
4.225,0.12,0.005,0.005367,0.0016731,2.4378e-24
4.175,0.168,0.005,0.0023146,0.0033078,9.7411e-26
4.125,0.216,0.005,-0.00045348,0.0050319,1.3186e-25
4.075,0.264,0.005,-0.002609,0.00658,-4.4282e-25
4.025,0.312,0.005,-0.0040664,0.0077822,5.1172e-25
3.975,0.36,0.005,-0.0048578,0.0085568,2.6136e-39
3.925,0.408,0.005,-0.0050567,0.0088708,6.8275e-25
3.875,0.456,0.005,-0.00477,0.0087496,7.9419e-25
3.825,0.50502,0.005,-0.0042102,0.0083851,1.1414e-38
3.775,0.55506,0.005,-0.0034378,0.0079047,-2.6373e-24
3.725,0.60511,0.005,-0.0024498,0.0073484,2.2739e-24
3.675,0.65515,0.005,-0.0013667,0.0068826,0
3.625,0.70519,0.005,-0.00031397,0.0066676,-2.6443e-25
3.575,0.75523,0.005,0.00058399,0.0068166,-5.9513e-26
3.525,0.80528,0.005,0.0012484,0.0073753,1.1274e-25
3.475,0.85532,0.005,0.0015674,0.0082523,4.0917e-25
3.425,0.90536,0.005,0.0015743,0.0093334,5.0596e-25
3.375,0.9554,0.005,0.0012747,0.010434,5.7889e-25
3.325,1.0054,0.005,0.00069099,0.011409,7.1965e-25
3.275,1.0555,0.005,-0.00015648,0.012166,-7.7218e-25
3.225,1.1055,0.005,-0.0012555,0.01266,-6.3241e-26
3.175,1.1556,0.005,-0.002602,0.012884,8.3148e-25
3.125,1.2056,0.005,-0.0042097,0.012839,1.9115e-25
3.075,1.2557,0.005,-0.006157,0.012509,-1.6494e-38
3.025,1.3057,0.005,-0.0086189,0.011841,-1.0087e-24
2.975,1.3557,0.005,-0.011902,0.01074,-2.634e-25
2.925,1.4058,0.005,-0.016383,0.0091055,-2.9573e-26
2.875,1.4558,0.005,-0.022327,0.0069429,2.3684e-25
2.825,1.5059,0.005,-0.029707,0.0044441,-6.934e-25
2.775,1.5559,0.005,-0.038128,0.0019704,5.9408e-25
2.725,1.606,0.005,-0.046927,-9.0404e-05,3.5342e-33
2.675,1.656,0.005,-0.055329,-0.0014529,-1.0855e-26
2.625,1.706,0.005,-0.062626,-0.0019948,7.4026e-25
2.575,1.7561,0.005,-0.068289,-0.0017279,3.9538e-25
2.525,1.8061,0.005,-0.071987,-0.00074687,-2.6043e-24
2.475,1.8562,0.005,-0.07355,0.00085936,2.5076e-24
2.425,1.9062,0.005,-0.07309,0.0027554,-5.2696e-25
2.375,1.9563,0.005,-0.070766,0.0048861,-5.9756e-26
2.325,2.0063,0.005,-0.066813,0.0070542,1.4324e-24
2.275,2.0563,0.005,-0.061517,0.0091301,-2.9152e-25
2.225,2.1064,0.005,-0.055164,0.011,6.0314e-25
2.175,2.1564,0.005,-0.048012,0.012574,-8.4968e-26
2.125,2.2065,0.005,-0.040272,0.013785,-1.3413e-24
2.075,2.2565,0.005,-0.032084,0.014586,-6.2885e-25
2.025,2.3066,0.005,-0.023496,0.014945,1.2642e-25
1.975,2.3566,0.005,-0.014434,0.014838,3.3851e-25
1.925,2.4066,0.005,-0.0046598,0.014249,-6.0986e-25
1.875,2.4567,0.005,0.0063084,0.013157,2.44e-25
1.825,2.5067,0.005,0.019313,0.011535,6.1612e-25
1.775,2.5568,0.005,0.03574,0.0093485,9.3298e-25
1.725,2.6068,0.005,0.057682,0.0065893,-1.2167e-24
1.675,2.6569,0.005,0.087956,0.0033404,3.1514e-25
1.625,2.7069,0.005,0.12983,-0.00019024,-2.4082e-24
1.575,2.7569,0.005,0.18652,-0.0034755,-4.5452e-25
1.525,2.807,0.005,0.26125,-0.0059362,1.7766e-24
1.475,2.86,0.005,0.36167,-0.0061831,2.2898e-38
1.425,2.916,0.005,0.44125,-0.00063948,1.496e-26
1.375,2.972,0.005,0.41703,-0.0028811,0
4.375,0.024,0.005,0.0095506,0.00075254,1.1207e-37
4.325,0.072,0.005,0.0059859,0.001126,2.1756e-24
4.275,0.12,0.005,0.0015695,0.0032303,1.8875e-24
4.225,0.168,0.005,-0.0027087,0.0059065,-9.5404e-25
4.175,0.216,0.005,-0.0062836,0.0085855,7.5327e-26
4.125,0.264,0.005,-0.0089847,0.010973,2.5686e-25
4.075,0.312,0.005,-0.010727,0.012909,-2.4578e-25
4.025,0.36,0.005,-0.011587,0.014272,-1.7346e-25
3.975,0.408,0.005,-0.011686,0.01502,4.0828e-25
3.925,0.456,0.005,-0.011167,0.015162,2.0433e-38
3.875,0.50502,0.005,-0.010305,0.014902,-5.5712e-25
3.825,0.55506,0.005,-0.0091725,0.014335,-8.5949e-25
3.775,0.60511,0.005,-0.0077597,0.01346,1.1638e-24
3.725,0.65515,0.005,-0.006197,0.012446,4.3351e-25
3.675,0.70519,0.005,-0.0046073,0.011469,-4.0664e-25
3.625,0.75523,0.005,-0.0031106,0.010685,-2.5002e-25
3.575,0.80528,0.005,-0.0018355,0.010225,5.6837e-26
3.525,0.85532,0.005,-0.00079676,0.0101,-2.3139e-27
3.475,0.90536,0.005,-0.00021518,0.010361,-2.3575e-25
3.425,0.9554,0.005,8.79e-06,0.010879,7.2684e-25
3.375,1.0054,0.005,-0.00015043,0.011509,-6.9921e-25
3.325,1.0555,0.005,-0.00065783,0.0121,6.8406e-25
3.275,1.1055,0.005,-0.0014809,0.012544,8.1851e-25
3.225,1.1556,0.005,-0.0026067,0.012782,7.8742e-25
3.175,1.2056,0.005,-0.004027,0.012802,2.2807e-25
3.125,1.2557,0.005,-0.0057929,0.012573,1.227e-38
3.075,1.3057,0.005,-0.0080436,0.012052,-2.9609e-25
3.025,1.3557,0.005,-0.011037,0.011139,-4.1562e-25
2.975,1.4058,0.005,-0.015141,0.0097015,1.3111e-24
2.925,1.4558,0.005,-0.02069,0.0076666,4.0576e-25
2.875,1.5059,0.005,-0.027787,0.0051448,-4.4695e-25
2.825,1.5559,0.005,-0.036159,0.0024634,-2.6903e-25
2.775,1.606,0.005,-0.045161,6.2644e-05,-1.3986e-26
2.725,1.656,0.005,-0.053959,-0.0016879,3.0843e-38
2.675,1.706,0.005,-0.061743,-0.0025927,8.6902e-25
2.625,1.7561,0.005,-0.067894,-0.0026324,7.8733e-25
2.575,1.8061,0.005,-0.072029,-0.0018933,-1.0223e-24
2.525,1.8562,0.005,-0.073945,-0.00049594,7.1469e-25
2.475,1.9062,0.005,-0.073719,0.0013639,-7.0214e-25
2.425,1.9563,0.005,-0.071531,0.0034808,-1.5103e-24
2.375,2.0063,0.005,-0.067605,0.005684,-1.0934e-24
2.325,2.0563,0.005,-0.062243,0.0078319,4.817e-25
2.275,2.1064,0.005,-0.055741,0.0097986,-1.1495e-25
2.225,2.1564,0.005,-0.048369,0.011482,5.4795e-25
2.175,2.2065,0.005,-0.040351,0.012805,4.653e-25
2.125,2.2565,0.005,-0.031836,0.013712,-1.6011e-25
2.075,2.3066,0.005,-0.022879,0.014165,-2.9889e-25
2.025,2.3566,0.005,-0.013411,0.014134,4.8968e-25
1.975,2.4066,0.005,-0.0031929,0.013603,3.8059e-25
1.925,2.4567,0.005,0.0082563,0.012551,5.3695e-25
1.875,2.5067,0.005,0.021777,0.010958,-1.2013e-24
1.825,2.5568,0.005,0.038731,0.0088002,1.5211e-24
1.775,2.6068,0.005,0.061143,0.0060857,-1.1944e-24
1.725,2.6569,0.005,0.091695,0.0029131,-2.7259e-32
1.675,2.7069,0.005,0.13348,-0.00049699,-4.9528e-25
1.625,2.7569,0.005,0.18947,-0.0036509,3.1377e-24
1.575,2.807,0.005,0.26258,-0.005911,1.1907e-25
1.525,2.86,0.005,0.35956,-0.0061879,1.3304e-24
1.475,2.916,0.005,0.4394,-0.00080068,-3.7466e-25
1.425,2.972,0.005,0.41569,-0.0027233,-4.4217e-25
4.425,0.024,0.005,0.0078301,0.0017594,5.9982e-24
4.375,0.072,0.005,0.0022645,0.002505,-3.1563e-24
4.325,0.12,0.005,-0.0041275,0.0056546,2.1936e-24
4.275,0.168,0.005,-0.0097108,0.0094214,-3.1975e-25
4.225,0.216,0.005,-0.014202,0.013188,-2.4916e-26
4.175,0.264,0.005,-0.017391,0.016475,-2.7214e-28
4.125,0.312,0.005,-0.019317,0.019186,0
4.075,0.36,0.005,-0.020125,0.021185,-1.0767e-25
4.025,0.408,0.005,-0.020002,0.022414,4.1006e-38
3.975,0.456,0.005,-0.019137,0.022877,5.2378e-25
3.925,0.50502,0.005,-0.01786,0.022805,1.874e-38
3.875,0.55506,0.005,-0.016262,0.022262,-2.5759e-25
3.825,0.60511,0.005,-0.014331,0.021202,-7.8918e-25
3.775,0.65515,0.005,-0.012212,0.019786,8.8764e-25
3.725,0.70519,0.005,-0.010035,0.018197,4.8943e-34
3.675,0.75523,0.005,-0.0079213,0.016614,-1.5936e-25
3.625,0.80528,0.005,-0.0059796,0.015192,-1.1205e-34
3.575,0.85532,0.005,-0.0043416,0.014037,0
3.525,0.90536,0.005,-0.0029815,0.01325,2.1103e-25
3.475,0.9554,0.005,-0.0020935,0.012815,-2.6272e-25
3.425,1.0054,0.005,-0.0016452,0.012691,2.2789e-25
3.375,1.0555,0.005,-0.0016473,0.012768,-5.6231e-25
3.325,1.1055,0.005,-0.0020676,0.012904,5.8597e-25
3.275,1.1556,0.005,-0.0028734,0.012984,-7.3545e-25
3.225,1.2056,0.005,-0.0040486,0.012937,-2.8276e-25
3.175,1.2557,0.005,-0.0056082,0.012725,-8.3605e-25
3.125,1.3057,0.005,-0.0076389,0.012291,4.7404e-39
3.075,1.3557,0.005,-0.010357,0.011528,3.9657e-25
3.025,1.4058,0.005,-0.014088,0.010293,-7.216e-25
2.975,1.4558,0.005,-0.019204,0.0084417,-7.8885e-25
2.925,1.5059,0.005,-0.025926,0.0059815,-1.6432e-24
2.875,1.5559,0.005,-0.034129,0.0031643,-5.963e-25
2.825,1.606,0.005,-0.043246,0.00044768,-4.8363e-25
2.775,1.656,0.005,-0.052401,-0.0017101,2.9957e-38
2.725,1.706,0.005,-0.060674,-0.0030196,-1.5656e-24
2.675,1.7561,0.005,-0.067336,-0.0034088,1.2464e-24
2.625,1.8061,0.005,-0.071929,-0.002944,0
2.575,1.8562,0.005,-0.074247,-0.0018054,-1.5958e-24
2.525,1.9062,0.005,-0.074285,-4.0439e-05,6.7966e-25
2.475,1.9563,0.005,-0.072253,0.0020316,6.0129e-25
2.425,2.0063,0.005,-0.06838,0.0042502,4.2074e-38
2.375,2.0563,0.005,-0.062971,0.0064548,-1.4056e-24
2.325,2.1064,0.005,-0.056334,0.0085101,4.2726e-25
2.275,2.1564,0.005,-0.04875,0.010301,4.8015e-25
2.225,2.2065,0.005,-0.040456,0.011739,-4.5621e-25
2.175,2.2565,0.005,-0.031612,0.012758,1.3147e-25
2.125,2.3066,0.005,-0.022281,0.013312,7.5272e-25
2.075,2.3566,0.005,-0.012399,0.01337,-3.246e-25
2.025,2.4066,0.005,-0.0017328,0.012908,-1.6853e-39
1.975,2.4567,0.005,0.010198,0.01191,3.4355e-25
1.925,2.5067,0.005,0.024228,0.010359,-9.6488e-25
1.875,2.5568,0.005,0.041689,0.0082431,9.1493e-25
1.825,2.6068,0.005,0.064537,0.0055848,-6.1391e-25
1.775,2.6569,0.005,0.095329,0.0024955,-1.3339e-24
1.725,2.7069,0.005,0.13698,-0.00079392,-5.9204e-38
1.675,2.7569,0.005,0.19227,-0.0038174,4.4255e-25
1.625,2.807,0.005,0.26379,-0.0058931,4.6484e-25
1.575,2.86,0.005,0.35756,-0.0061905,5.5891e-25
1.525,2.916,0.005,0.43746,-0.00096545,-1.0829e-40
1.475,2.972,0.005,0.41435,-0.0025615,-7.4878e-25
4.475,0.024,0.005,0.0046492,0.0029122,4.2318e-24
4.425,0.072,0.005,-0.0031578,0.0045262,6.9483e-24
4.375,0.12,0.005,-0.011936,0.008978,-1.7074e-24
4.325,0.168,0.005,-0.019061,0.014048,1.2552e-24
4.275,0.216,0.005,-0.024385,0.018943,-7.0539e-26
4.225,0.264,0.005,-0.02799,0.023291,5.7009e-25
4.175,0.312,0.005,-0.030008,0.026822,6.7069e-25
4.125,0.36,0.005,-0.03065,0.029465,6.7246e-25
4.075,0.408,0.005,-0.030175,0.031188,-7.3451e-25
4.025,0.456,0.005,-0.02882,0.031989,-4.7277e-25
3.975,0.50502,0.005,-0.026995,0.032141,-5.6367e-25
3.925,0.55506,0.005,-0.024806,0.031684,1.5704e-25
3.875,0.60511,0.005,-0.022241,0.030526,7.3657e-25
3.825,0.65515,0.005,-0.019462,0.028815,-7.2805e-25
3.775,0.70519,0.005,-0.016612,0.02673,-7.3374e-35
3.725,0.75523,0.005,-0.013815,0.02446,2.867e-38
3.675,0.80528,0.005,-0.011183,0.022188,0
3.625,0.85532,0.005,-0.0088135,0.020066,9.1449e-42
3.575,0.90536,0.005,-0.0067947,0.018212,-1.3143e-25
3.525,0.9554,0.005,-0.0051671,0.0167,-1.4524e-25
3.475,1.0054,0.005,-0.0040191,0.015551,4.2596e-25
3.425,1.0555,0.005,-0.0033691,0.01475,-4.1302e-26
3.375,1.1055,0.005,-0.0032257,0.01422,-5.2221e-25
3.325,1.1556,0.005,-0.0035725,0.013845,-4.0493e-39
3.275,1.2056,0.005,-0.0043865,0.013512,4.0282e-25
3.225,1.2557,0.005,-0.005659,0.013141,-8.2781e-25
3.175,1.3057,0.005,-0.0074501,0.012666,-5.0097e-25
3.125,1.3557,0.005,-0.0098881,0.011979,5.3101e-25
3.075,1.4058,0.005,-0.01326,0.010902,1.116e-24
3.025,1.4558,0.005,-0.017924,0.009255,-4.9578e-25
2.975,1.5059,0.005,-0.024191,0.0069329,-1.3413e-24
2.925,1.5559,0.005,-0.032098,0.0040705,-1.4645e-24
2.875,1.606,0.005,-0.041214,0.0010867,6.7217e-25
2.825,1.656,0.005,-0.050661,-0.0014827,9.6094e-25
2.775,1.706,0.005,-0.05941,-0.003237,6.2157e-25
2.725,1.7561,0.005,-0.066602,-0.0040243,-6.3671e-38
2.675,1.8061,0.005,-0.071688,-0.0038822,5.5719e-25
2.625,1.8562,0.005,-0.074421,-0.0029883,-2.0269e-38
2.575,1.9062,0.005,-0.074781,-0.0014185,-6.4688e-25
2.525,1.9563,0.005,-0.072928,0.00056009,-2.0581e-26
2.475,2.0063,0.005,-0.069132,0.0027671,-1.3256e-24
2.425,2.0563,0.005,-0.063699,0.0050094,9.6442e-25
2.375,2.1064,0.005,-0.056942,0.0071411,9.9157e-25
2.325,2.1564,0.005,-0.049157,0.0090345,5.8461e-25
2.275,2.2065,0.005,-0.040591,0.010587,-6.8888e-26
2.225,2.2565,0.005,-0.031417,0.011722,-4.8518e-25
2.175,2.3066,0.005,-0.02171,0.012386,-2.7327e-25
2.125,2.3566,0.005,-0.01141,0.012541,1.1314e-25
2.075,2.4066,0.005,-0.0002901,0.012163,-3.5231e-25
2.025,2.4567,0.005,0.012124,0.011231,0
1.975,2.5067,0.005,0.026654,0.0097354,1.0981e-24
1.925,2.5568,0.005,0.044604,0.0076746,-5.1029e-25
1.875,2.6068,0.005,0.067859,0.0050838,2.3026e-24
1.825,2.6569,0.005,0.098856,0.0020846,-2.324e-24
1.775,2.7069,0.005,0.14036,-0.0010835,4.6836e-25
1.725,2.7569,0.005,0.19492,-0.0039777,-1.2983e-24
1.675,2.807,0.005,0.2649,-0.0058839,2.2782e-24
1.625,2.86,0.005,0.35567,-0.0061927,-8.5057e-25
1.575,2.916,0.005,0.43542,-0.001133,3.849e-25
1.525,2.972,0.005,0.41303,-0.0023968,0
4.525,0.024,0.005,-0.0002141,0.0030672,5.1784e-24
4.475,0.072,0.005,-0.010811,0.0070551,2.7925e-24
4.425,0.12,0.005,-0.022223,0.013196,-3.0011e-25
4.375,0.168,0.005,-0.031011,0.019883,1.2595e-24
4.325,0.216,0.005,-0.037166,0.026081,2.667e-24
4.275,0.264,0.005,-0.041035,0.031485,1.2923e-24
4.225,0.312,0.005,-0.042962,0.03589,1.3902e-24
4.175,0.36,0.005,-0.043275,0.039202,0
4.125,0.408,0.005,-0.042287,0.041419,1.2557e-24
4.075,0.456,0.005,-0.040301,0.042561,-1.0339e-24
4.025,0.50502,0.005,-0.037783,0.04295,-9.3196e-25
3.975,0.55506,0.005,-0.034864,0.042606,6.7431e-25
3.925,0.60511,0.005,-0.031542,0.041402,-1.5492e-38
3.875,0.65515,0.005,-0.027992,0.039474,1.1051e-24
3.825,0.70519,0.005,-0.024368,0.036986,1.2118e-24
3.775,0.75523,0.005,-0.020801,0.034125,1.1769e-24
3.725,0.80528,0.005,-0.01741,0.03109,6.4463e-25
3.675,0.85532,0.005,-0.014291,0.02806,-6.304e-40
3.625,0.90536,0.005,-0.011524,0.025192,4.6701e-25
3.575,0.9554,0.005,-0.0091823,0.022605,2.7924e-25
3.525,1.0054,0.005,-0.0073097,0.020361,7.0466e-26
3.475,1.0555,0.005,-0.0059564,0.018498,-6.946e-39
3.425,1.1055,0.005,-0.0051462,0.017013,-5.5529e-39
3.375,1.1556,0.005,-0.0048978,0.015852,-1.628e-38
3.325,1.2056,0.005,-0.0052114,0.01493,1.052e-24
3.275,1.2557,0.005,-0.0060837,0.014146,7.8646e-25
3.225,1.3057,0.005,-0.0075406,0.013411,6.3932e-25
3.175,1.3557,0.005,-0.009679,0.012621,7.0184e-25
3.125,1.4058,0.005,-0.012689,0.01161,1.8885e-24
3.075,1.4558,0.005,-0.016899,0.010128,1.6492e-24
3.025,1.5059,0.005,-0.022656,0.0079849,-1.6139e-24
2.975,1.5559,0.005,-0.030141,0.0051702,-6.8701e-25
2.925,1.606,0.005,-0.039111,0.0019953,-1.927e-25
2.875,1.656,0.005,-0.048754,-0.00096947,-7.6789e-25
2.825,1.706,0.005,-0.057948,-0.0032008,-1.643e-32
2.775,1.7561,0.005,-0.065679,-0.0044394,-8.5057e-25
2.725,1.8061,0.005,-0.07129,-0.0046792,9.6302e-25
2.675,1.8562,0.005,-0.074467,-0.0040595,9.5085e-25
2.625,1.9062,0.005,-0.075177,-0.0027215,-5.8429e-25
2.575,1.9563,0.005,-0.07355,-0.00089862,-6.7623e-25
2.525,2.0063,0.005,-0.069856,0.0012548,7.2307e-25
2.475,2.0563,0.005,-0.064421,0.0035098,-1.4145e-24
2.425,2.1064,0.005,-0.057565,0.005701,-5.4563e-38
2.375,2.1564,0.005,-0.049592,0.0076872,5.9481e-25
2.325,2.2065,0.005,-0.040761,0.0093527,3.505e-25
2.275,2.2565,0.005,-0.031259,0.010608,-5.1448e-25
2.225,2.3066,0.005,-0.021175,0.011386,2.8712e-25
2.175,2.3566,0.005,-0.010453,0.011645,-1.208e-25
2.125,2.4066,0.005,0.0011251,0.011364,-9.5223e-26
2.075,2.4567,0.005,0.014021,0.010512,-3.4532e-25
2.025,2.5067,0.005,0.029046,0.0090855,8.2477e-25
1.975,2.5568,0.005,0.047468,0.007092,-4.4102e-25
1.925,2.6068,0.005,0.071103,0.0045795,-1.6075e-24
1.875,2.6569,0.005,0.10227,0.0016767,5.117e-32
1.825,2.7069,0.005,0.1436,-0.0013678,1.2983e-24
1.775,2.7569,0.005,0.19744,-0.0041334,-4.1893e-25
1.725,2.807,0.005,0.26591,-0.0058856,7.4723e-25
1.675,2.86,0.005,0.35388,-0.0061966,9.1495e-25
1.625,2.916,0.005,0.43329,-0.0013025,3.69e-26
1.575,2.972,0.005,0.41171,-0.0022307,-3.2394e-25
4.575,0.024,0.005,-0.0071368,0.0036116,-1.3854e-23
4.525,0.072,0.005,-0.021938,0.010252,6.5399e-24
4.475,0.12,0.005,-0.035297,0.018369,-7.4063e-25
4.425,0.168,0.005,-0.045591,0.026853,-1.6465e-24
4.375,0.216,0.005,-0.052421,0.034443,-6.3113e-25
4.325,0.264,0.005,-0.056433,0.040951,6.3612e-24
4.275,0.312,0.005,-0.058101,0.046221,-6.7817e-38
4.225,0.36,0.005,-0.057915,0.050218,-1.9101e-24
4.175,0.408,0.005,-0.056274,0.052955,0
4.125,0.456,0.005,-0.053528,0.054469,1.5915e-25
4.075,0.50502,0.005,-0.0502,0.055137,1.991e-24
4.025,0.55506,0.005,-0.046427,0.054946,1.33e-24
3.975,0.60511,0.005,-0.042223,0.053745,-4.0123e-24
3.925,0.65515,0.005,-0.0378,0.051676,-1.6814e-24
3.875,0.70519,0.005,-0.033303,0.048871,1.4743e-24
3.825,0.75523,0.005,-0.02888,0.045514,-1.2392e-24
3.775,0.80528,0.005,-0.024652,0.041807,7.2368e-34
3.725,0.85532,0.005,-0.020718,0.037942,-7.1288e-40
3.675,0.90536,0.005,-0.017164,0.034109,0
3.625,0.9554,0.005,-0.014054,0.030464,0
3.575,1.0054,0.005,-0.011448,0.027122,9.2933e-26
3.525,1.0555,0.005,-0.0093815,0.024146,-2.2535e-26
3.475,1.1055,0.005,-0.0078753,0.021578,1.234e-25
3.425,1.1556,0.005,-0.0069679,0.019418,3.881e-25
3.375,1.2056,0.005,-0.0066804,0.017629,-5.5892e-25
3.325,1.2557,0.005,-0.0070295,0.016146,7.2108e-25
3.275,1.3057,0.005,-0.0080447,0.014882,8.7454e-25
3.225,1.3557,0.005,-0.0097945,0.013735,9.0011e-25
3.175,1.4058,0.005,-0.012426,0.012565,1.9348e-24
3.125,1.4558,0.005,-0.016177,0.011139,-2.0301e-24
3.075,1.5059,0.005,-0.02139,0.009154,-4.2978e-24
3.025,1.5559,0.005,-0.028346,0.006453,-1.85e-38
2.975,1.606,0.005,-0.037005,0.0031821,-7.5718e-25
2.925,1.656,0.005,-0.04671,-0.00013592,1.6722e-25
2.875,1.706,0.005,-0.05629,-0.002865,-1.5441e-24
2.825,1.7561,0.005,-0.064559,-0.0046067,-5.7378e-25
2.775,1.8061,0.005,-0.070711,-0.0052893,-1.1322e-24
2.725,1.8562,0.005,-0.074369,-0.0050122,7.5132e-25
2.675,1.9062,0.005,-0.07545,-0.0039186,1.5595e-24
2.625,1.9563,0.005,-0.074098,-0.0023145,1.2513e-32
2.575,2.0063,0.005,-0.070541,-0.00025661,-2.6388e-25
2.525,2.0563,0.005,-0.065134,0.0019734,-7.0577e-25
2.475,2.1064,0.005,-0.058199,0.0042026,6.5946e-25
2.425,2.1564,0.005,-0.050054,0.0062675,-1.2906e-38
2.375,2.2065,0.005,-0.04097,0.0080392,-1.0331e-24
2.325,2.2565,0.005,-0.031146,0.0094146,-8.3678e-26
2.275,2.3066,0.005,-0.020678,0.010315,2.4926e-25
2.225,2.3566,0.005,-0.0095496,0.010667,1.517e-25
2.175,2.4066,0.005,0.0025008,0.010513,4.7429e-25
2.125,2.4567,0.005,0.01588,0.0097511,-9.5979e-25
2.075,2.5067,0.005,0.031393,0.0084065,3.3974e-25
2.025,2.5568,0.005,0.050271,0.0064927,3.9341e-25
1.975,2.6068,0.005,0.074263,0.0040686,-6.8875e-25
1.925,2.6569,0.005,0.10559,0.0012684,-3.8235e-25
1.875,2.7069,0.005,0.14671,-0.0016496,-2.5431e-24
1.825,2.7569,0.005,0.19983,-0.0042853,-2.4989e-32
1.775,2.807,0.005,0.26684,-0.0058985,1.4598e-24
1.725,2.86,0.005,0.35219,-0.0062023,8.0746e-25
1.675,2.916,0.005,0.43107,-0.0014734,-4.967e-26
1.625,2.972,0.005,0.41039,-0.0020646,9.8579e-26
4.625,0.024,0.005,-0.015617,0.0050238,4.8591e-37
4.575,0.072,0.005,-0.035637,0.013888,3.4051e-25
4.525,0.12,0.005,-0.050964,0.024297,2.4636e-24
4.475,0.168,0.005,-0.062263,0.034475,2.2446e-24
4.425,0.216,0.005,-0.069222,0.043154,-4.8699e-24
4.375,0.264,0.005,-0.072889,0.050504,-7.2459e-24
4.325,0.312,0.005,-0.074023,0.056508,8.2294e-25
4.275,0.36,0.005,-0.073247,0.061197,-4.7281e-38
4.225,0.408,0.005,-0.071008,0.064599,0
4.175,0.456,0.005,-0.067647,0.066734,0
4.125,0.50502,0.005,-0.063642,0.06794,3.3127e-24
4.075,0.55506,0.005,-0.059121,0.068159,2.0863e-24
4.025,0.60511,0.005,-0.054104,0.06721,-1.7483e-24
3.975,0.65515,0.005,-0.048769,0.06515,-2.4244e-24
3.925,0.70519,0.005,-0.043337,0.062164,-2.2758e-33
3.875,0.75523,0.005,-0.037982,0.058438,5.384e-38
3.825,0.80528,0.005,-0.032855,0.054184,-1.5558e-24
3.775,0.85532,0.005,-0.028049,0.049587,2.4466e-25
3.725,0.90536,0.005,-0.023654,0.044865,-5.7839e-25
3.675,0.9554,0.005,-0.019738,0.040206,2.374e-25
3.625,1.0054,0.005,-0.016355,0.03577,1.2484e-25
3.575,1.0555,0.005,-0.013574,0.031672,0
3.525,1.1055,0.005,-0.011348,0.027974,-3.2417e-26
3.475,1.1556,0.005,-0.0097653,0.024714,-1.7072e-38
3.425,1.2056,0.005,-0.0088399,0.021898,1.0125e-24
3.375,1.2557,0.005,-0.0085985,0.019498,6.489e-25
3.325,1.3057,0.005,-0.0090797,0.017455,-8.5149e-26
3.275,1.3557,0.005,-0.01035,0.015689,8.841e-26
3.225,1.4058,0.005,-0.012529,0.01408,0
3.175,1.4558,0.005,-0.01581,0.012453,1.309e-24
3.125,1.5059,0.005,-0.02046,0.010512,9.1269e-25
3.075,1.5559,0.005,-0.026804,0.0079323,-1.8437e-24
3.025,1.606,0.005,-0.034987,0.0046518,1.9794e-24
2.975,1.656,0.005,-0.044577,0.0010502,4.532e-25
2.925,1.706,0.005,-0.054446,-0.0021808,9.4439e-25
2.875,1.7561,0.005,-0.063236,-0.0044762,0
2.825,1.8061,0.005,-0.069946,-0.0056539,-1.1029e-24
2.775,1.8562,0.005,-0.074112,-0.0057904,-1.14e-24
2.725,1.9062,0.005,-0.075574,-0.0050087,1.1267e-24
2.675,1.9563,0.005,-0.074548,-0.0036662,-1.1362e-24
2.625,2.0063,0.005,-0.071175,-0.0017357,9.3891e-25
2.575,2.0563,0.005,-0.065828,0.00042713,1.4962e-24
2.525,2.1064,0.005,-0.058841,0.0026622,-1.3983e-24
2.475,2.1564,0.005,-0.050544,0.004787,5.9561e-25
2.425,2.2065,0.005,-0.04122,0.0066537,5.1882e-25
2.375,2.2565,0.005,-0.03108,0.0081456,-7.0659e-25
2.325,2.3066,0.005,-0.020237,0.0091732,3.274e-25
2.275,2.3566,0.005,-0.0086617,0.0096476,-1.6948e-26
2.225,2.4066,0.005,0.003814,0.009619,3.4938e-26
2.175,2.4567,0.005,0.01769,0.0089455,-1.7645e-25
2.125,2.5067,0.005,0.033685,0.0076958,3.5983e-25
2.075,2.5568,0.005,0.053005,0.0058739,-3.2128e-25
2.025,2.6068,0.005,0.077333,0.0035482,2.561e-24
1.975,2.6569,0.005,0.10878,0.00085804,-2.0068e-24
1.925,2.7069,0.005,0.14969,-0.0019314,0
1.875,2.7569,0.005,0.2021,-0.0044354,3.7378e-25
1.825,2.807,0.005,0.26769,-0.0059207,-8.7393e-26
1.775,2.86,0.005,0.35057,-0.0061977,1.4938e-24
1.725,2.916,0.005,0.42878,-0.0016448,-3.1363e-25
1.675,2.972,0.005,0.40907,-0.0019,7.3163e-39
4.675,0.024,0.005,-0.028535,0.0071486,1.7616e-23
4.625,0.072,0.005,-0.051494,0.017591,-5.7874e-24
4.575,0.12,0.005,-0.067879,0.029718,-4.5863e-24
4.525,0.168,0.005,-0.078942,0.040931,5.1843e-24
4.475,0.216,0.005,-0.085343,0.050376,5.054e-24
4.425,0.264,0.005,-0.088371,0.058374,1.4357e-24
4.375,0.312,0.005,-0.088927,0.065075,-1.5629e-37
4.325,0.36,0.005,-0.087629,0.070515,3.7062e-24
4.275,0.408,0.005,-0.084927,0.074719,-4.2075e-24
4.225,0.456,0.005,-0.08115,0.077694,-1.1033e-23
4.175,0.50502,0.005,-0.076698,0.079709,-1.3736e-37
4.125,0.55506,0.005,-0.071683,0.080672,6.7005e-24
4.075,0.60511,0.005,-0.066127,0.08038,1.0467e-24
4.025,0.65515,0.005,-0.060205,0.078858,3.3355e-24
3.975,0.70519,0.005,-0.054077,0.076176,4.3579e-25
3.925,0.75523,0.005,-0.047919,0.072467,2.6807e-24
3.875,0.80528,0.005,-0.041891,0.067899,2.2866e-24
3.825,0.85532,0.005,-0.036177,0.062749,-1.8812e-24
3.775,0.90536,0.005,-0.030912,0.057286,-4.7186e-38
3.725,0.9554,0.005,-0.026156,0.051708,-3.8445e-25
3.675,1.0054,0.005,-0.02197,0.046227,-9.7232e-25
3.625,1.0555,0.005,-0.018398,0.041005,-8.8038e-25
3.575,1.1055,0.005,-0.015478,0.036158,1.3637e-25
3.525,1.1556,0.005,-0.013208,0.031759,-6.9559e-26
3.475,1.2056,0.005,-0.011635,0.027835,-1.0912e-24
3.425,1.2557,0.005,-0.010781,0.024388,-5.5948e-25
3.375,1.3057,0.005,-0.010688,0.021397,2.4539e-25
3.325,1.3557,0.005,-0.011419,0.018801,7.405e-25
3.275,1.4058,0.005,-0.013082,0.016511,2.8267e-25
3.225,1.4558,0.005,-0.015841,0.014389,-2.973e-24
3.175,1.5059,0.005,-0.019922,0.01222,-5.5632e-24
3.125,1.5559,0.005,-0.025605,0.0096634,1.7857e-24
3.075,1.606,0.005,-0.033162,0.0064172,-6.9204e-25
3.025,1.656,0.005,-0.042432,0.0026172,2.3234e-24
2.975,1.706,0.005,-0.052438,-0.0010936,2.9613e-38
2.925,1.7561,0.005,-0.061704,-0.0039928,-8.2369e-25
2.875,1.8061,0.005,-0.068992,-0.0057298,7.5635e-25
2.825,1.8562,0.005,-0.073672,-0.0063328,-4.3683e-38
2.775,1.9062,0.005,-0.075577,-0.0059698,-2.4223e-24
2.725,1.9563,0.005,-0.074884,-0.0048998,4.9027e-25
2.675,2.0063,0.005,-0.071743,-0.0031517,2.2214e-24
2.625,2.0563,0.005,-0.066493,-0.0011012,-3.2608e-39
2.575,2.1064,0.005,-0.059484,0.0011022,0
2.525,2.1564,0.005,-0.051058,0.0032603,5.8349e-25
2.475,2.2065,0.005,-0.041509,0.0052063,-1.0778e-24
2.425,2.2565,0.005,-0.031065,0.0068066,-4.2526e-25
2.375,2.3066,0.005,-0.019851,0.0079581,2.9033e-25
2.325,2.3566,0.005,-0.0078613,0.008581,1.7505e-25
2.275,2.4066,0.005,0.0051093,0.0086675,0
2.225,2.4567,0.005,0.019438,0.0080954,3.5648e-25
2.175,2.5067,0.005,0.035912,0.0069507,-7.774e-25
2.125,2.5568,0.005,0.055663,0.0052326,1.7514e-24
2.075,2.6068,0.005,0.080308,0.0030151,-2.9407e-25
2.025,2.6569,0.005,0.11187,0.00044258,4.855e-32
1.975,2.7069,0.005,0.15254,-0.0022156,0
1.925,2.7569,0.005,0.20424,-0.0045865,0
1.875,2.807,0.005,0.26846,-0.0059514,6.9718e-25
1.825,2.86,0.005,0.34903,-0.0061906,1.6769e-24
1.775,2.916,0.005,0.4264,-0.0018117,-3.625e-25
1.725,2.972,0.005,0.40775,-0.0017381,-7.3016e-25
4.725,0.024,0.005,-0.043896,0.0084248,-6.9971e-25
4.675,0.072,0.005,-0.06737,0.020044,-9.2944e-24
4.625,0.12,0.005,-0.084176,0.033522,1.6458e-25
4.575,0.168,0.005,-0.094378,0.045342,-6.8043e-24
4.525,0.216,0.005,-0.09993,0.055386,-1.1084e-23
4.475,0.264,0.005,-0.10219,0.063981,6.2832e-24
4.425,0.312,0.005,-0.10212,0.071318,1.0521e-23
4.375,0.36,0.005,-0.10033,0.077469,5.6212e-24
4.325,0.408,0.005,-0.097249,0.082485,0
4.275,0.456,0.005,-0.093192,0.086378,-3.9536e-25
4.225,0.50502,0.005,-0.088476,0.089353,-4.4233e-24
4.175,0.55506,0.005,-0.083197,0.091302,-8.8693e-39
4.125,0.60511,0.005,-0.077377,0.092006,4.5567e-24
4.075,0.65515,0.005,-0.071144,0.091422,4.3303e-24
4.025,0.70519,0.005,-0.064639,0.089553,-4.8513e-33
3.975,0.75523,0.005,-0.057998,0.086436,-3.6347e-24
3.925,0.80528,0.005,-0.051375,0.082188,3.1505e-33
3.875,0.85532,0.005,-0.044928,0.076985,5.0522e-38
3.825,0.90536,0.005,-0.038814,0.071056,2.2076e-24
3.775,0.9554,0.005,-0.033205,0.064748,6.1475e-25
3.725,1.0054,0.005,-0.028202,0.05835,-1.9841e-24
3.675,1.0555,0.005,-0.023847,0.05207,-2.8226e-24
3.625,1.1055,0.005,-0.020174,0.046082,-9.0108e-25
3.575,1.1556,0.005,-0.017212,0.040513,-1.7169e-25
3.525,1.2056,0.005,-0.01498,0.035432,9.9522e-25
3.475,1.2557,0.005,-0.013507,0.030868,-1.9171e-38
3.425,1.3057,0.005,-0.012826,0.02682,-3.3614e-24
3.375,1.3557,0.005,-0.012996,0.023258,-9.8578e-25
3.325,1.4058,0.005,-0.01411,0.020112,1.7098e-24
3.275,1.4558,0.005,-0.016313,0.017274,-3.9118e-24
3.225,1.5059,0.005,-0.019801,0.014581,-4.7152e-24
3.175,1.5559,0.005,-0.024814,0.011787,-7.3401e-24
3.125,1.606,0.005,-0.031639,0.0085177,2.23e-24
3.075,1.656,0.005,-0.040371,0.0045918,-7.1472e-38
3.025,1.706,0.005,-0.050312,0.00045239,-3.496e-24
2.975,1.7561,0.005,-0.059959,-0.0030867,6.2677e-27
2.925,1.8061,0.005,-0.06783,-0.0054688,2.5846e-24
2.875,1.8562,0.005,-0.073066,-0.006591,2.6052e-24
2.825,1.9062,0.005,-0.075425,-0.006699,-1.3927e-24
2.775,1.9563,0.005,-0.075109,-0.0059698,3.8432e-25
2.725,2.0063,0.005,-0.072236,-0.004468,-2.3925e-24
2.675,2.0563,0.005,-0.067117,-0.002581,8.3311e-38
2.625,2.1064,0.005,-0.06012,-0.0004503,2.565e-24
2.575,2.1564,0.005,-0.051591,0.0017066,8.5577e-25
2.525,2.2065,0.005,-0.041838,0.0037098,-7.138e-25
2.475,2.2565,0.005,-0.031103,0.0054061,1.6033e-25
2.425,2.3066,0.005,-0.019525,0.0066764,-2.888e-25
2.375,2.3566,0.005,-0.0071156,0.0074318,1.2264e-25
2.325,2.4066,0.005,0.0063001,0.0076207,2.8577e-25
2.275,2.4567,0.005,0.021125,0.0071999,3.0176e-41
2.225,2.5067,0.005,0.038064,0.0061691,5.6524e-26
2.175,2.5568,0.005,0.058236,0.004566,-8.6996e-25
2.125,2.6068,0.005,0.083183,0.0024661,2.1538e-24
2.075,2.6569,0.005,0.11484,1.8522e-05,9.3883e-25
2.025,2.7069,0.005,0.15526,-0.0025048,-2.7119e-24
1.975,2.7569,0.005,0.20626,-0.0047415,0
1.925,2.807,0.005,0.26916,-0.0059909,1.3682e-24
1.875,2.86,0.005,0.34754,-0.0061859,3.5844e-25
1.825,2.916,0.005,0.42395,-0.0019619,3.5441e-25
1.775,2.972,0.005,0.40643,-0.0015839,3.8727e-25
4.775,0.024,0.005,-0.05857,0.0085309,-5.7568e-25
4.725,0.072,0.005,-0.082815,0.02087,-1.2369e-23
4.675,0.12,0.005,-0.099229,0.035512,-8.1969e-24
4.625,0.168,0.005,-0.10838,0.047765,6.408e-24
4.575,0.216,0.005,-0.11286,0.058262,7.8547e-24
4.525,0.264,0.005,-0.11424,0.067333,7.4909e-24
4.475,0.312,0.005,-0.11348,0.075196,7.0814e-24
4.425,0.36,0.005,-0.11117,0.081955,6.6162e-24
4.375,0.408,0.005,-0.10774,0.087686,5.3417e-24
4.325,0.456,0.005,-0.10344,0.092427,-2.4022e-25
4.275,0.50502,0.005,-0.098547,0.096341,-1.3424e-25
4.225,0.55506,0.005,-0.093137,0.099329,-5.5772e-24
4.175,0.60511,0.005,-0.087235,0.10118,-1.3667e-23
4.125,0.65515,0.005,-0.080931,0.1018,-1.0976e-37
4.075,0.70519,0.005,-0.074314,0.10112,8.1097e-24
4.025,0.75523,0.005,-0.06749,0.099098,-3.5902e-38
3.975,0.80528,0.005,-0.060573,0.09574,-2.0597e-24
3.925,0.85532,0.005,-0.053707,0.09113,5.6694e-24
3.875,0.90536,0.005,-0.047041,0.085437,1.2826e-24
3.825,0.9554,0.005,-0.040731,0.078905,0
3.775,1.0054,0.005,-0.034933,0.071859,1.9515e-24
3.725,1.0555,0.005,-0.029794,0.064683,1.4219e-24
3.675,1.1055,0.005,-0.025375,0.057642,-1.867e-24
3.625,1.1556,0.005,-0.021698,0.050924,4.5202e-39
3.575,1.2056,0.005,-0.018795,0.044663,5.6441e-25
3.525,1.2557,0.005,-0.016689,0.03893,4.798e-25
3.475,1.3057,0.005,-0.015415,0.033753,1.1842e-24
3.425,1.3557,0.005,-0.015018,0.029126,-9.2341e-25
3.375,1.4058,0.005,-0.015576,0.025006,-1.8837e-24
3.325,1.4558,0.005,-0.017212,0.021303,-2.226e-24
3.275,1.5059,0.005,-0.020096,0.017885,-3.272e-24
3.225,1.5559,0.005,-0.024444,0.014564,-1.848e-24
3.175,1.606,0.005,-0.030504,0.011056,2.7523e-24
3.125,1.656,0.005,-0.038511,0.0070073,5.7194e-24
3.075,1.706,0.005,-0.048142,0.0025067,2.2716e-24
3.025,1.7561,0.005,-0.058017,-0.0016784,-1.6612e-24
2.975,1.8061,0.005,-0.066436,-0.0047927,1.019e-24
2.925,1.8562,0.005,-0.072279,-0.0065434,-1.4163e-24
2.875,1.9062,0.005,-0.075128,-0.0071374,-8.7259e-26
2.825,1.9563,0.005,-0.075207,-0.0068026,-1.6189e-24
2.775,2.0063,0.005,-0.07264,-0.0056473,3.8771e-25
2.725,2.0563,0.005,-0.067686,-0.0039762,1.7119e-24
2.675,2.1064,0.005,-0.060735,-0.0019666,-2.1021e-32
2.625,2.1564,0.005,-0.052135,0.00015038,5.2859e-25
2.575,2.2065,0.005,-0.042204,0.0021811,4.8376e-25
2.525,2.2565,0.005,-0.031194,0.0039553,-2.6018e-24
2.475,2.3066,0.005,-0.019264,0.0053355,2.8275e-25
2.425,2.3566,0.005,-0.0064396,0.006219,-1.1831e-25
2.375,2.4066,0.005,0.0074301,0.0065366,0
2.325,2.4567,0.005,0.022729,0.0062496,-3.5418e-25
2.275,2.5067,0.005,0.040136,0.0053502,-6.1514e-25
2.225,2.5568,0.005,0.060717,0.0038712,8.6443e-25
2.175,2.6068,0.005,0.085953,0.0018976,1.1718e-38
2.125,2.6569,0.005,0.11769,-0.00041799,-1.1892e-24
2.075,2.7069,0.005,0.15786,-0.0028024,1.1997e-24
2.025,2.7569,0.005,0.20817,-0.0049028,9.2472e-25
1.975,2.807,0.005,0.26978,-0.0060361,3.9451e-25
1.925,2.86,0.005,0.34611,-0.0061869,7.1099e-25
1.875,2.916,0.005,0.42144,-0.0021097,3.4967e-25
1.825,2.972,0.005,0.4051,-0.0014485,7.0382e-25
4.825,0.024,0.005,-0.073114,0.0082484,-2.941e-23
4.775,0.072,0.005,-0.09805,0.020855,8.9471e-24
4.725,0.12,0.005,-0.1134,0.036013,-8.639e-24
4.675,0.168,0.005,-0.12106,0.048517,-1.4653e-23
4.625,0.216,0.005,-0.12431,0.059313,-2.1127e-24
4.575,0.264,0.005,-0.12472,0.068752,1.7061e-23
4.525,0.312,0.005,-0.12322,0.077027,-8.7187e-38
4.475,0.36,0.005,-0.12038,0.084278,-6.0387e-24
4.425,0.408,0.005,-0.11656,0.090595,-6.9534e-24
4.375,0.456,0.005,-0.11202,0.096038,-1.214e-23
4.325,0.50502,0.005,-0.10695,0.10076,-6.8296e-24
4.275,0.55506,0.005,-0.10143,0.10467,1.0276e-24
4.225,0.60511,0.005,-0.095498,0.1076,-1.1035e-23
4.175,0.65515,0.005,-0.089225,0.10945,-6.1167e-24
4.125,0.70519,0.005,-0.082664,0.11011,2.1679e-24
4.075,0.75523,0.005,-0.075873,0.10947,-1.4798e-38
4.025,0.80528,0.005,-0.068928,0.10744,-2.709e-24
3.975,0.85532,0.005,-0.061924,0.104,-9.4501e-24
3.925,0.90536,0.005,-0.054991,0.099182,0
3.875,0.9554,0.005,-0.048276,0.093147,-1.2847e-24
3.825,1.0054,0.005,-0.041932,0.086142,-1.1014e-24
3.775,1.0555,0.005,-0.036109,0.078494,9.1266e-24
3.725,1.1055,0.005,-0.030955,0.070611,3.3618e-24
3.675,1.1556,0.005,-0.026578,0.062867,1.2387e-38
3.625,1.2056,0.005,-0.023001,0.055464,-9.7281e-25
3.575,1.2557,0.005,-0.020255,0.048545,3.5616e-26
3.525,1.3057,0.005,-0.018376,0.042191,-1.6195e-24
3.475,1.3557,0.005,-0.017405,0.036425,1.5998e-24
3.425,1.4058,0.005,-0.017407,0.031237,6.051e-24
3.375,1.4558,0.005,-0.018479,0.02656,1.5537e-24
3.325,1.5059,0.005,-0.020768,0.022282,-4.7535e-24
3.275,1.5559,0.005,-0.024463,0.018244,-2.1012e-24
3.225,1.606,0.005,-0.029775,0.014232,-2.1514e-24
3.175,1.656,0.005,-0.036957,0.0099265,3.2457e-24
3.125,1.706,0.005,-0.046019,0.0051129,-1.1803e-24
3.075,1.7561,0.005,-0.055916,0.00030576,1.5454e-24
3.025,1.8061,0.005,-0.064799,-0.0036014,1.4044e-24
2.975,1.8562,0.005,-0.071261,-0.0061152,-1.5475e-24
2.925,1.9062,0.005,-0.074669,-0.0072997,1.5352e-24
2.875,1.9563,0.005,-0.075164,-0.007335,1.5117e-24
2.825,2.0063,0.005,-0.072932,-0.0066408,2.5347e-25
2.775,2.0563,0.005,-0.068185,-0.0052479,-1.0246e-24
2.725,2.1064,0.005,-0.061318,-0.0034139,-3.4182e-24
2.675,2.1564,0.005,-0.052682,-0.0013813,4.8006e-25
2.625,2.2065,0.005,-0.0426,0.00064109,5.9042e-25
2.575,2.2565,0.005,-0.031338,0.0024685,9.0385e-25
2.525,2.3066,0.005,-0.01907,0.0039446,-9.8428e-25
2.475,2.3566,0.005,-0.0058402,0.0049502,-9.2475e-25
2.425,2.4066,0.005,0.0084804,0.0054019,-9.5387e-25
2.375,2.4567,0.005,0.02425,0.0052522,-1.0274e-24
2.325,2.5067,0.005,0.042117,0.0044904,-8.011e-25
2.275,2.5568,0.005,0.0631,0.0031464,-7.5129e-26
2.225,2.6068,0.005,0.088615,0.0013059,1.0639e-24
2.175,2.6569,0.005,0.12042,-0.00087044,1.2793e-24
2.125,2.7069,0.005,0.16034,-0.0031124,-2.3845e-24
2.075,2.7569,0.005,0.20996,-0.0050737,-1.3586e-24
2.025,2.807,0.005,0.27033,-0.0060945,7.4058e-25
1.975,2.86,0.005,0.34472,-0.0061957,8.6589e-25
1.925,2.916,0.005,0.41887,-0.0022553,-1.0304e-25
1.875,2.972,0.005,0.40376,-0.0013198,0
4.875,0.024,0.005,-0.087272,0.007876,1.0496e-36
4.825,0.072,0.005,-0.11286,0.020409,-1.259e-23
4.775,0.12,0.005,-0.12669,0.03543,4.3453e-37
4.725,0.168,0.005,-0.13268,0.047956,4.6997e-37
4.675,0.216,0.005,-0.13457,0.058925,-8.0453e-24
4.625,0.264,0.005,-0.13396,0.068636,0
4.575,0.312,0.005,-0.1317,0.077237,1.9316e-24
4.525,0.36,0.005,-0.1283,0.084883,-1.0267e-37
4.475,0.408,0.005,-0.12409,0.091673,-6.55e-24
4.425,0.456,0.005,-0.11926,0.097678,-1.4152e-23
4.375,0.50502,0.005,-0.11397,0.10304,2.499e-25
4.325,0.55506,0.005,-0.10831,0.10771,1.1781e-23
4.275,0.60511,0.005,-0.10233,0.11154,1.5299e-24
4.225,0.65515,0.005,-0.096069,0.11445,-4.3154e-38
4.175,0.70519,0.005,-0.089586,0.11634,-6.6883e-24
4.125,0.75523,0.005,-0.082911,0.11709,-1.0239e-23
4.075,0.80528,0.005,-0.076083,0.11656,-3.2368e-24
4.025,0.85532,0.005,-0.069154,0.11462,-1.1449e-23
3.975,0.90536,0.005,-0.062203,0.1112,-2.1857e-24
3.925,0.9554,0.005,-0.055342,0.1063,0
3.875,1.0054,0.005,-0.048714,0.10004,-2.401e-24
3.825,1.0555,0.005,-0.042472,0.092681,-5.4134e-24
3.775,1.1055,0.005,-0.036763,0.084559,4.6761e-24
3.725,1.1556,0.005,-0.031727,0.076074,-7.8199e-26
3.675,1.2056,0.005,-0.027493,0.067678,-5.3318e-25
3.625,1.2557,0.005,-0.024117,0.059635,3.4084e-38
3.575,1.3057,0.005,-0.02163,0.0521,-2.5108e-24
3.525,1.3557,0.005,-0.020081,0.045152,-5.9393e-25
3.475,1.4058,0.005,-0.019524,0.038821,-9.8273e-39
3.425,1.4558,0.005,-0.020038,0.033079,-5.2027e-24
3.375,1.5059,0.005,-0.021743,0.027834,-1.9276e-24
3.325,1.5559,0.005,-0.024802,0.022951,4.5519e-24
3.275,1.606,0.005,-0.029404,0.018246,1.0174e-23
3.225,1.656,0.005,-0.035758,0.013471,3.9051e-24
3.175,1.706,0.005,-0.044048,0.008316,-3.5923e-24
3.125,1.7561,0.005,-0.05371,0.0029266,-2.9058e-24
3.075,1.8061,0.005,-0.062933,-0.0018054,2.0075e-24
3.025,1.8562,0.005,-0.069982,-0.0051839,2.3824e-32
2.975,1.9062,0.005,-0.074015,-0.0071172,-6.3218e-38
2.925,1.9563,0.005,-0.074942,-0.0076334,2.3344e-25
2.875,2.0063,0.005,-0.073075,-0.0074063,-1.6357e-38
2.825,2.0563,0.005,-0.068591,-0.0063516,-2.5947e-25
2.775,2.1064,0.005,-0.061851,-0.0047564,2.892e-24
2.725,2.1564,0.005,-0.053217,-0.0028585,9.1806e-25
2.675,2.2065,0.005,-0.043017,-0.00088485,2.4348e-24
2.625,2.2565,0.005,-0.031529,0.000964,7.2446e-25
2.575,2.3066,0.005,-0.018942,0.0025159,-2.5641e-25
2.525,2.3566,0.005,-0.0053204,0.0036329,-8.1142e-25
2.475,2.4066,0.005,0.0094429,0.0042169,-6.4717e-25
2.425,2.4567,0.005,0.025677,0.004208,-3.1735e-38
2.375,2.5067,0.005,0.043999,0.0035891,3.3179e-25
2.325,2.5568,0.005,0.065377,0.0023882,2.0246e-25
2.275,2.6068,0.005,0.091164,0.00068861,9.6869e-25
2.225,2.6569,0.005,0.12303,-0.0013421,2.2978e-28
2.175,2.7069,0.005,0.16268,-0.0034379,-6.9932e-26
2.125,2.7569,0.005,0.21164,-0.0052595,2.4508e-24
2.075,2.807,0.005,0.27082,-0.0061707,-2.5132e-25
2.025,2.86,0.005,0.34336,-0.0062182,0
1.975,2.916,0.005,0.41625,-0.0023998,1.1435e-25
1.925,2.972,0.005,0.40242,-0.0011966,-3.2113e-25
4.925,0.024,0.005,-0.10086,0.0074813,2.8958e-23
4.875,0.072,0.005,-0.12696,0.019675,5.9707e-24
4.825,0.12,0.005,-0.13914,0.034171,-6.0888e-24
4.775,0.168,0.005,-0.14341,0.046474,1.0981e-23
4.725,0.216,0.005,-0.14393,0.057479,2.0711e-23
4.675,0.264,0.005,-0.14229,0.06737,9.9444e-24
4.625,0.312,0.005,-0.13926,0.076226,9.3599e-24
4.575,0.36,0.005,-0.1353,0.084197,7.1942e-24
4.525,0.408,0.005,-0.13066,0.091374,-8.1585e-24
4.475,0.456,0.005,-0.12552,0.097829,-1.4237e-23
4.425,0.50502,0.005,-0.11998,0.1037,0
4.375,0.55506,0.005,-0.11414,0.10896,-1.0272e-24
4.325,0.60511,0.005,-0.10803,0.11349,-4.2906e-24
4.275,0.65515,0.005,-0.10173,0.11724,-4.7401e-38
4.225,0.70519,0.005,-0.095264,0.12013,-2.5339e-24
4.175,0.75523,0.005,-0.08867,0.12207,2.9351e-24
4.125,0.80528,0.005,-0.08197,0.12292,3.7041e-24
4.075,0.85532,0.005,-0.07519,0.12252,1.325e-23
4.025,0.90536,0.005,-0.06837,0.12072,5.2304e-24
3.975,0.9554,0.005,-0.061569,0.11739,2.0753e-24
3.925,1.0054,0.005,-0.054886,0.11248,1.2915e-23
3.875,1.0555,0.005,-0.048453,0.1061,2.0667e-33
3.825,1.1055,0.005,-0.042423,0.098478,-7.1427e-24
3.775,1.1556,0.005,-0.036942,0.089969,2.4711e-24
3.725,1.2056,0.005,-0.032146,0.080992,3.0057e-24
3.675,1.2557,0.005,-0.028164,0.072011,9.7755e-25
3.625,1.3057,0.005,-0.02509,0.063383,-6.4847e-25
3.575,1.3557,0.005,-0.022965,0.055265,-1.7225e-24
3.525,1.4058,0.005,-0.021852,0.047755,-1.7141e-24
3.475,1.4558,0.005,-0.021813,0.040873,-1.4001e-24
3.425,1.5059,0.005,-0.022947,0.034573,-1.6425e-23
3.375,1.5559,0.005,-0.02539,0.028739,-2.3581e-24
3.325,1.606,0.005,-0.029311,0.023211,5.4436e-24
3.275,1.656,0.005,-0.034885,0.017784,1.6399e-24
3.225,1.706,0.005,-0.042314,0.012174,-7.0954e-24
3.175,1.7561,0.005,-0.051464,0.0062379,-3.677e-24
3.125,1.8061,0.005,-0.060854,0.00066493,0
3.075,1.8562,0.005,-0.068442,-0.003646,-2.2792e-25
3.025,1.9062,0.005,-0.073112,-0.0064437,-9.1708e-25
2.975,1.9563,0.005,-0.07455,-0.0076814,-4.0635e-24
2.925,2.0063,0.005,-0.073043,-0.0079036,-1.9636e-25
2.875,2.0563,0.005,-0.068879,-0.0072454,4.5004e-38
2.825,2.1064,0.005,-0.062316,-0.0059539,1.6028e-24
2.775,2.1564,0.005,-0.053725,-0.0042483,-3.4594e-25
2.725,2.2065,0.005,-0.043445,-0.0023697,-1.7511e-24
2.675,2.2565,0.005,-0.031762,-0.0005357,-3.2571e-25
2.625,2.3066,0.005,-0.018879,0.0010649,2.509e-24
2.575,2.3566,0.005,-0.0048816,0.0022774,1.9222e-24
2.525,2.4066,0.005,0.010313,0.0029867,2.0129e-24
2.475,2.4567,0.005,0.027006,0.0031188,1.0069e-24
2.425,2.5067,0.005,0.045775,0.0026472,4.8737e-25
2.375,2.5568,0.005,0.067543,0.0015953,1.7101e-24
2.325,2.6068,0.005,0.093596,4.4634e-05,2.1567e-25
2.275,2.6569,0.005,0.12551,-0.0018348,9.5917e-25
2.225,2.7069,0.005,0.16491,-0.0037815,-1.1864e-24
2.175,2.7569,0.005,0.21321,-0.0054628,2.327e-32
2.125,2.807,0.005,0.27125,-0.0062607,-1.9808e-26
2.075,2.86,0.005,0.34204,-0.0062569,6.341e-25
2.025,2.916,0.005,0.41359,-0.0025521,0
1.975,2.972,0.005,0.40106,-0.0010711,-3.0528e-25
4.975,0.024,0.005,-0.1138,0.0070719,-2.8511e-23
4.925,0.072,0.005,-0.14023,0.018762,-1.1092e-23
4.875,0.12,0.005,-0.15075,0.032527,1.9131e-23
4.825,0.168,0.005,-0.15341,0.044425,3.4559e-23
4.775,0.216,0.005,-0.15261,0.055325,1.0217e-23
4.725,0.264,0.005,-0.14996,0.065293,2.0541e-23
4.675,0.312,0.005,-0.14618,0.074334,8.1611e-24
4.625,0.36,0.005,-0.14164,0.082566,1.4605e-24
4.575,0.408,0.005,-0.13656,0.09006,0
4.525,0.456,0.005,-0.13108,0.096879,-1.5999e-23
4.475,0.50502,0.005,-0.12527,0.10315,-1.5339e-23
4.425,0.55506,0.005,-0.11919,0.10888,0
4.375,0.60511,0.005,-0.11292,0.11395,-7.7807e-24
4.325,0.65515,0.005,-0.1065,0.11833,7.7951e-24
4.275,0.70519,0.005,-0.099981,0.122,7.7834e-24
4.225,0.75523,0.005,-0.093388,0.12487,5.4892e-37
4.175,0.80528,0.005,-0.086749,0.12684,8.1679e-33
4.125,0.85532,0.005,-0.080082,0.12777,3.5442e-24
4.075,0.90536,0.005,-0.073408,0.1275,7.0353e-24
4.025,0.9554,0.005,-0.066755,0.12584,-6.5673e-24
3.975,1.0054,0.005,-0.060172,0.12262,-1.8823e-24
3.925,1.0555,0.005,-0.053744,0.11776,6.5508e-24
3.875,1.1055,0.005,-0.047593,0.11132,1.5732e-24
3.825,1.1556,0.005,-0.041865,0.10351,2.5994e-25
3.775,1.2056,0.005,-0.036711,0.09469,5.1224e-24
3.725,1.2557,0.005,-0.032261,0.085308,2.4458e-24
3.675,1.3057,0.005,-0.028641,0.075822,-3.0265e-24
3.625,1.3557,0.005,-0.025964,0.066648,1.5768e-24
3.575,1.4058,0.005,-0.024305,0.057988,2.8038e-24
3.525,1.4558,0.005,-0.023726,0.049934,-5.6723e-32
3.475,1.5059,0.005,-0.024302,0.042509,-3.436e-24
3.425,1.5559,0.005,-0.02615,0.035639,-2.342e-24
3.375,1.606,0.005,-0.029417,0.029182,-2.8365e-24
3.325,1.656,0.005,-0.034259,0.022965,5.0636e-24
3.275,1.706,0.005,-0.04084,0.016754,-6.9408e-24
3.225,1.7561,0.005,-0.049254,0.010282,-2.9462e-24
3.175,1.8061,0.005,-0.058582,0.0038744,5.9513e-24
3.125,1.8562,0.005,-0.066646,-0.001433,2.0482e-38
3.075,1.9062,0.005,-0.071927,-0.0051594,1.335e-24
3.025,1.9563,0.005,-0.07397,-0.0072872,1.9871e-24
2.975,2.0063,0.005,-0.072857,-0.0080676,-1.8883e-24
2.925,2.0563,0.005,-0.069028,-0.0078898,1.6803e-27
2.875,2.1064,0.005,-0.062689,-0.0069639,-3.5184e-24
2.825,2.1564,0.005,-0.054189,-0.0055138,2.601e-25
2.775,2.2065,0.005,-0.04387,-0.0037833,-5.9808e-33
2.725,2.2565,0.005,-0.032026,-0.0020061,1.7322e-24
2.675,2.3066,0.005,-0.018876,-0.00038877,3.5282e-38
2.625,2.3566,0.005,-0.004523,0.0008969,0
2.575,2.4066,0.005,0.011089,0.001719,1.2723e-25
2.525,2.4567,0.005,0.02823,0.0019881,2.117e-38
2.475,2.5067,0.005,0.04744,0.0016657,-6.5426e-25
2.425,2.5568,0.005,0.069591,0.0007671,-8.5412e-25
2.375,2.6068,0.005,0.095904,-0.00062727,2.1049e-24
2.325,2.6569,0.005,0.12786,-0.0023505,1.6328e-24
2.275,2.7069,0.005,0.16701,-0.0041441,-1.1855e-24
2.225,2.7569,0.005,0.21467,-0.0056851,1.1667e-24
2.175,2.807,0.005,0.27161,-0.0063678,8.2808e-26
2.125,2.86,0.005,0.34073,-0.0063104,-5.5335e-25
2.075,2.916,0.005,0.41088,-0.0027032,0
2.025,2.972,0.005,0.39968,-0.00095249,2.4056e-25
5.025,0.024,0.005,-0.12604,0.0066653,5.4845e-25
4.975,0.072,0.005,-0.15262,0.017754,-1.0151e-23
4.925,0.12,0.005,-0.16158,0.030698,-4.0213e-23
4.875,0.168,0.005,-0.16278,0.042074,2.2898e-23
4.825,0.216,0.005,-0.16079,0.05275,3.2528e-23
4.775,0.264,0.005,-0.15719,0.062684,1.0332e-23
4.725,0.312,0.005,-0.15266,0.071831,9.9299e-24
4.675,0.36,0.005,-0.14755,0.080257,-9.4129e-24
4.625,0.408,0.005,-0.14201,0.088001,-7.819e-24
4.575,0.456,0.005,-0.13617,0.095113,-6.287e-25
4.525,0.50502,0.005,-0.13005,0.10171,-4.6974e-25
4.475,0.55506,0.005,-0.12371,0.1078,0
4.425,0.60511,0.005,-0.11722,0.11329,-1.4543e-23
4.375,0.65515,0.005,-0.11063,0.11817,-2.8674e-37
4.325,0.70519,0.005,-0.10398,0.12241,1.3537e-23
4.275,0.75523,0.005,-0.097317,0.12598,4.9039e-24
4.225,0.80528,0.005,-0.090655,0.1288,8.0558e-24
4.175,0.85532,0.005,-0.08402,0.13078,9.0965e-39
4.125,0.90536,0.005,-0.077432,0.13177,1.8959e-37
4.075,0.9554,0.005,-0.070905,0.1316,5.4893e-33
4.025,1.0054,0.005,-0.064462,0.13007,-6.9035e-24
3.975,1.0555,0.005,-0.058147,0.12697,-1.5757e-23
3.925,1.1055,0.005,-0.052032,0.12218,-2.0652e-24
3.875,1.1556,0.005,-0.04623,0.11572,-3.6659e-24
3.825,1.2056,0.005,-0.040881,0.10777,2.0576e-25
3.775,1.2557,0.005,-0.036137,0.098696,-5.213e-24
3.725,1.3057,0.005,-0.032125,0.088972,5.708e-24
3.675,1.3557,0.005,-0.028967,0.079053,-6.0049e-24
3.625,1.4058,0.005,-0.026788,0.069382,9.9137e-38
3.575,1.4558,0.005,-0.025687,0.060201,-2.928e-24
3.525,1.5059,0.005,-0.025736,0.051629,-8.6743e-24
3.475,1.5559,0.005,-0.027008,0.04366,-1.1501e-37
3.425,1.606,0.005,-0.029646,0.036189,4.9178e-24
3.375,1.656,0.005,-0.033795,0.029073,-5.4868e-24
3.325,1.706,0.005,-0.039585,0.022124,-2.3003e-31
3.275,1.7561,0.005,-0.047157,0.015069,1.8585e-38
3.225,1.8061,0.005,-0.056139,0.0078857,4.317e-24
3.175,1.8562,0.005,-0.064563,0.0015174,2.6371e-24
3.125,1.9062,0.005,-0.070467,-0.0032273,-5.0984e-25
3.075,1.9563,0.005,-0.073115,-0.0062958,1.1333e-24
3.025,2.0063,0.005,-0.07254,-0.0078651,5.4868e-25
2.975,2.0563,0.005,-0.069017,-0.008202,2.179e-24
2.925,2.1064,0.005,-0.062949,-0.0077405,1.9175e-24
2.875,2.1564,0.005,-0.054587,-0.0066146,4.0237e-38
2.825,2.2065,0.005,-0.044274,-0.0050917,4.52e-33
2.775,2.2565,0.005,-0.032309,-0.00342,-1.4047e-24
2.725,2.3066,0.005,-0.018923,-0.0018233,-4.582e-24
2.675,2.3566,0.005,-0.004241,-0.00049189,1.4198e-24
2.625,2.4066,0.005,0.01177,0.00042485,1.2293e-24
2.575,2.4567,0.005,0.029346,0.00082181,-1.0224e-24
2.525,2.5067,0.005,0.048989,0.00064643,-1.0105e-24
2.475,2.5568,0.005,0.071518,-9.5502e-05,-4.663e-25
2.425,2.6068,0.005,0.098082,-0.0013275,9.5095e-39
2.375,2.6569,0.005,0.13008,-0.0028899,4.6916e-32
2.325,2.7069,0.005,0.16898,-0.0045278,1.1878e-24
2.275,2.7569,0.005,0.21602,-0.0059261,2.3379e-32
2.225,2.807,0.005,0.27191,-0.0064941,8.3804e-26
2.175,2.86,0.005,0.33944,-0.0063802,-6.8538e-26
2.125,2.916,0.005,0.40812,-0.0028492,0
2.075,2.972,0.005,0.39827,-0.00085291,0
5.075,0.024,0.005,-0.13757,0.0062734,2.5193e-23
5.025,0.072,0.005,-0.16415,0.016712,1.9091e-23
4.975,0.12,0.005,-0.17166,0.028811,7.684e-24
4.925,0.168,0.005,-0.1716,0.039607,-4.0612e-23
4.875,0.216,0.005,-0.16856,0.049967,-2.1734e-23
4.825,0.264,0.005,-0.16409,0.059766,2.0438e-23
4.775,0.312,0.005,-0.15885,0.068932,2.0962e-37
4.725,0.36,0.005,-0.15316,0.077475,6.0767e-37
4.675,0.408,0.005,-0.14716,0.085402,5.8156e-37
4.625,0.456,0.005,-0.14093,0.092744,-1.6031e-23
4.575,0.50502,0.005,-0.13448,0.099606,7.6178e-24
4.525,0.55506,0.005,-0.12783,0.10599,1.5456e-23
4.475,0.60511,0.005,-0.12109,0.11181,-6.6864e-24
4.425,0.65515,0.005,-0.11429,0.11707,-8.278e-24
4.375,0.70519,0.005,-0.10746,0.12175,-1.396e-23
4.325,0.75523,0.005,-0.10066,0.12584,-5.1089e-24
4.275,0.80528,0.005,-0.093898,0.12929,1.8318e-32
4.225,0.85532,0.005,-0.087218,0.13204,5.7367e-37
4.175,0.90536,0.005,-0.080633,0.134,-4.7032e-24
4.125,0.9554,0.005,-0.074162,0.13502,5.0369e-24
4.075,1.0054,0.005,-0.067814,0.13493,-9.6717e-33
4.025,1.0555,0.005,-0.06162,0.13349,8.7683e-37
3.975,1.1055,0.005,-0.05561,0.1305,-6.5309e-24
3.925,1.1556,0.005,-0.049852,0.12578,-5.0506e-24
3.875,1.2056,0.005,-0.044452,0.11931,-1.0467e-33
3.825,1.2557,0.005,-0.039547,0.11125,-3.4663e-37
3.775,1.3057,0.005,-0.035283,0.10197,7.8186e-24
3.725,1.3557,0.005,-0.031791,0.091946,-1.7434e-24
3.675,1.4058,0.005,-0.029186,0.08166,6.2444e-38
3.625,1.4558,0.005,-0.027596,0.071517,-3.0013e-24
3.575,1.5059,0.005,-0.027148,0.061858,-1.098e-23
3.525,1.5559,0.005,-0.027884,0.052774,-1.518e-37
3.475,1.606,0.005,-0.029921,0.044239,5.1225e-24
3.425,1.656,0.005,-0.033413,0.03614,5.8095e-24
3.375,1.706,0.005,-0.038469,0.028336,-3.8812e-24
3.325,1.7561,0.005,-0.045204,0.020603,-4.2638e-24
3.275,1.8061,0.005,-0.053576,0.012719,6.7822e-24
3.225,1.8562,0.005,-0.062176,0.0052821,3.7718e-24
3.175,1.9062,0.005,-0.068688,-0.00061271,7.8579e-24
3.125,1.9563,0.005,-0.071977,-0.00468,1.4478e-24
3.075,2.0063,0.005,-0.071966,-0.0071632,6.4663e-25
3.025,2.0563,0.005,-0.068869,-0.0081952,-2.1499e-24
2.975,2.1064,0.005,-0.063073,-0.0082242,-1.1825e-25
2.925,2.1564,0.005,-0.054897,-0.0075064,-1.9925e-24
2.875,2.2065,0.005,-0.044638,-0.0062574,-1.907e-24
2.825,2.2565,0.005,-0.032595,-0.0047468,-1.6807e-25
2.775,2.3066,0.005,-0.019012,-0.0032145,3.5715e-24
2.725,2.3566,0.005,-0.00403,-0.0018699,-3.969e-26
2.675,2.4066,0.005,0.012358,-0.00088128,2.873e-24
2.625,2.4567,0.005,0.030354,-0.00037069,-1.2232e-24
2.575,2.5067,0.005,0.050418,-0.00040517,-6.18e-25
2.525,2.5568,0.005,0.073315,-0.00098951,-2.547e-24
2.475,2.6068,0.005,0.10012,-0.0020562,-2.757e-25
2.425,2.6569,0.005,0.13217,-0.0034526,6.6801e-25
2.375,2.7069,0.005,0.17082,-0.004932,-3.5688e-24
2.325,2.7569,0.005,0.21726,-0.0061855,-1.17e-24
2.275,2.807,0.005,0.27213,-0.0066324,4.9568e-25
2.225,2.86,0.005,0.33813,-0.0064642,-6.0177e-25
2.175,2.916,0.005,0.40531,-0.0029861,-9.7847e-26
2.125,2.972,0.005,0.39683,-0.00077911,1.9665e-25
5.125,0.024,0.005,-0.1484,0.0059018,-8.9155e-25
5.075,0.072,0.005,-0.17486,0.015674,-4.5385e-23
5.025,0.12,0.005,-0.18106,0.026946,-7.4913e-24
4.975,0.168,0.005,-0.17993,0.037141,8.6846e-24
4.925,0.216,0.005,-0.17599,0.047121,-2.4194e-23
4.875,0.264,0.005,-0.17075,0.056703,-1.9638e-23
4.825,0.312,0.005,-0.16484,0.065802,-9.6813e-24
4.775,0.36,0.005,-0.15858,0.074385,-1.8386e-23
4.725,0.408,0.005,-0.1521,0.082433,2.8903e-37
4.675,0.456,0.005,-0.14547,0.089952,2.6442e-37
4.625,0.50502,0.005,-0.13865,0.097028,2.6856e-25
4.575,0.55506,0.005,-0.13169,0.10365,1.4675e-23
4.525,0.60511,0.005,-0.12467,0.10973,1.5599e-24
4.475,0.65515,0.005,-0.11762,0.11528,2.4224e-37
4.425,0.70519,0.005,-0.11058,0.1203,-1.4287e-23
4.375,0.75523,0.005,-0.10359,0.12478,-2.2409e-23
4.325,0.80528,0.005,-0.096679,0.1287,-8.619e-24
4.275,0.85532,0.005,-0.089875,0.13202,-4.2331e-24
4.225,0.90536,0.005,-0.083207,0.13468,-3.6932e-24
4.175,0.9554,0.005,-0.076702,0.13658,-1.1627e-23
4.125,1.0054,0.005,-0.070376,0.1376,-8.2679e-24
4.075,1.0555,0.005,-0.064249,0.13754,4.031e-33
4.025,1.1055,0.005,-0.058328,0.13618,7.4215e-24
3.975,1.1556,0.005,-0.052656,0.13327,8.2949e-25
3.925,1.2056,0.005,-0.047292,0.12861,-5.8861e-24
3.875,1.2557,0.005,-0.042343,0.12212,5.7226e-24
3.825,1.3057,0.005,-0.037934,0.11397,-8.5376e-24
3.775,1.3557,0.005,-0.034211,0.1045,4.2831e-24
3.725,1.4058,0.005,-0.031306,0.094209,-7.5849e-24
3.675,1.4558,0.005,-0.029335,0.083578,3.4179e-24
3.625,1.5059,0.005,-0.028432,0.073025,-2.4664e-24
3.575,1.5559,0.005,-0.028681,0.06289,1.5866e-24
3.525,1.606,0.005,-0.030153,0.053291,2.8442e-24
3.475,1.656,0.005,-0.033034,0.044167,-6.0529e-24
3.425,1.706,0.005,-0.037408,0.035427,-6.6736e-24
3.375,1.7561,0.005,-0.043363,0.026902,2.4988e-24
3.325,1.8061,0.005,-0.05097,0.018342,1.0512e-23
3.275,1.8562,0.005,-0.05948,0.0099143,9.2994e-32
3.225,1.9062,0.005,-0.066538,0.0027849,-8.2871e-38
3.175,1.9563,0.005,-0.070518,-0.0024287,1.9006e-24
3.125,2.0063,0.005,-0.071113,-0.0058307,2.4935e-24
3.075,2.0563,0.005,-0.068509,-0.0077362,1.2386e-24
3.025,2.1064,0.005,-0.063027,-0.0083707,2.2356e-24
2.975,2.1564,0.005,-0.055092,-0.0081372,2.0813e-24
2.925,2.2065,0.005,-0.044938,-0.0072383,4.9283e-26
2.875,2.2565,0.005,-0.032866,-0.0059522,-1.9941e-24
2.825,2.3066,0.005,-0.019128,-0.0045352,1.9134e-24
2.775,2.3566,0.005,-0.0038812,-0.0032158,-1.8343e-24
2.725,2.4066,0.005,0.012856,-0.0021827,-5.1064e-24
2.675,2.4567,0.005,0.031253,-0.0015766,-3.8512e-25
2.625,2.5067,0.005,0.051723,-0.0014801,-1.0319e-38
2.575,2.5568,0.005,0.074978,-0.001911,1.1861e-24
2.525,2.6068,0.005,0.10203,-0.0028118,1.2669e-24
2.475,2.6569,0.005,0.13411,-0.0040395,2.3452e-32
2.425,2.7069,0.005,0.17253,-0.0053545,9.1129e-39
2.375,2.7569,0.005,0.21839,-0.0064612,8.0958e-25
2.325,2.807,0.005,0.27228,-0.0067991,1.514e-25
2.275,2.86,0.005,0.33682,-0.0065542,0
2.225,2.916,0.005,0.40246,-0.0031111,0
2.175,2.972,0.005,0.39536,-0.0007438,1.684e-25
5.175,0.024,0.005,-0.15857,0.0055471,-4.4387e-25
5.125,0.072,0.005,-0.1848,0.014665,-1.799e-23
5.075,0.12,0.005,-0.18981,0.025143,2.0195e-24
5.025,0.168,0.005,-0.1878,0.034748,7.992e-24
4.975,0.216,0.005,-0.18311,0.044309,2.4599e-23
4.925,0.264,0.005,-0.17718,0.053609,-3.3275e-24
4.875,0.312,0.005,-0.17067,0.062567,-5.7553e-37
4.825,0.36,0.005,-0.16388,0.07112,9.2299e-24
4.775,0.408,0.005,-0.15693,0.079226,-8.9441e-24
4.725,0.456,0.005,-0.14988,0.086868,-1.651e-23
4.675,0.50502,0.005,-0.14271,0.0941,0
4.625,0.55506,0.005,-0.13541,0.10091,-1.1072e-24
4.575,0.60511,0.005,-0.12809,0.10721,-5.3389e-24
4.525,0.65515,0.005,-0.12077,0.11301,2.7433e-37
4.475,0.70519,0.005,-0.11348,0.1183,5.9283e-24
4.425,0.75523,0.005,-0.10625,0.12309,1.4132e-23
4.375,0.80528,0.005,-0.09914,0.12736,1.3708e-23
4.325,0.85532,0.005,-0.092164,0.13109,8.8662e-24
4.275,0.90536,0.005,-0.085357,0.13424,7.7067e-24
4.225,0.9554,0.005,-0.078737,0.13677,8.8603e-24
4.175,1.0054,0.005,-0.072335,0.13859,-2.7262e-24
4.125,1.0555,0.005,-0.06618,0.13956,9.0731e-37
4.075,1.1055,0.005,-0.060285,0.13951,3.1034e-24
4.025,1.1556,0.005,-0.054676,0.13819,1.5242e-23
3.975,1.2056,0.005,-0.049366,0.13533,-1.3534e-23
3.925,1.2557,0.005,-0.044434,0.1307,-4.325e-37
3.875,1.3057,0.005,-0.039973,0.12419,9.9456e-25
3.825,1.3557,0.005,-0.036107,0.11593,-2.0659e-24
3.775,1.4058,0.005,-0.032975,0.10627,2.4862e-24
3.725,1.4558,0.005,-0.030714,0.095725,3.0895e-24
3.675,1.5059,0.005,-0.029449,0.0848,-7.8574e-24
3.625,1.5559,0.005,-0.029282,0.073809,1.0122e-24
3.575,1.606,0.005,-0.030251,0.063242,-5.384e-24
3.525,1.656,0.005,-0.032572,0.053109,3.6965e-25
3.475,1.706,0.005,-0.036317,0.043393,-6.9638e-24
3.425,1.7561,0.005,-0.041559,0.033991,-1.9263e-23
3.375,1.8061,0.005,-0.048377,0.024703,-1.1807e-23
3.325,1.8562,0.005,-0.056504,0.015411,1.2345e-24
3.275,1.9062,0.005,-0.063983,0.007033,-3.6717e-24
3.225,1.9563,0.005,-0.068677,0.00055818,-7.9934e-24
3.175,2.0063,0.005,-0.069918,-0.0039052,-5.7236e-24
3.125,2.0563,0.005,-0.067875,-0.006742,-8.583e-25
3.075,2.1064,0.005,-0.062824,-0.0081417,1.8922e-32
3.025,2.1564,0.005,-0.055131,-0.0084367,1.8719e-37
2.975,2.2065,0.005,-0.045147,-0.0079871,5.2803e-26
2.925,2.2565,0.005,-0.033099,-0.0069979,-1.9503e-37
2.875,2.3066,0.005,-0.019254,-0.0057549,-4.1757e-24
2.825,2.3566,0.005,-0.0037829,-0.004506,1.7498e-37
2.775,2.4066,0.005,0.013272,-0.0034614,1.9746e-25
2.725,2.4567,0.005,0.032043,-0.0027822,8.3873e-25
2.675,2.5067,0.005,0.052903,-0.0025689,6.2438e-25
2.625,2.5568,0.005,0.076503,-0.0028536,1.2108e-24
2.575,2.6068,0.005,0.10378,-0.0035912,2.0249e-24
2.525,2.6569,0.005,0.13591,-0.0046484,1.8657e-24
2.475,2.7069,0.005,0.17411,-0.0057966,-1.1852e-24
2.425,2.7569,0.005,0.2194,-0.0067589,4.8432e-25
2.375,2.807,0.005,0.27235,-0.006976,1.2176e-24
2.325,2.86,0.005,0.33548,-0.0066487,6.648e-25
2.275,2.916,0.005,0.39958,-0.0032263,0
2.225,2.972,0.005,0.39386,-0.00075657,0
5.225,0.024,0.005,-0.16812,0.0051946,-4.4755e-25
5.175,0.072,0.005,-0.19399,0.013701,1.078e-23
5.125,0.12,0.005,-0.19797,0.023421,1.8389e-23
5.075,0.168,0.005,-0.19524,0.032464,3.4669e-23
5.025,0.216,0.005,-0.18993,0.041588,8.2802e-24
4.975,0.264,0.005,-0.18342,0.050561,1.9964e-23
4.925,0.312,0.005,-0.17637,0.059318,1.9219e-23
4.875,0.36,0.005,-0.16908,0.067781,1.844e-23
4.825,0.408,0.005,-0.16168,0.07589,8.8917e-24
4.775,0.456,0.005,-0.15424,0.083598,-1.6984e-23
4.725,0.50502,0.005,-0.1467,0.090951,-1.7023e-23
4.675,0.55506,0.005,-0.13907,0.09792,0
4.625,0.60511,0.005,-0.13144,0.10441,-8.6411e-24
4.575,0.65515,0.005,-0.12382,0.11041,8.6684e-24
4.525,0.70519,0.005,-0.11626,0.11593,8.7372e-24
4.475,0.75523,0.005,-0.10879,0.12097,8.8295e-24
4.425,0.80528,0.005,-0.10143,0.12551,1.0053e-23
4.375,0.85532,0.005,-0.094225,0.12954,4.5018e-24
4.325,0.90536,0.005,-0.087211,0.13306,1.1635e-24
4.275,0.9554,0.005,-0.080423,0.13603,-9.1382e-24
4.225,1.0054,0.005,-0.073887,0.1384,1.1974e-23
4.175,1.0555,0.005,-0.067619,0.14009,2.2697e-24
4.125,1.1055,0.005,-0.061647,0.14098,0
4.075,1.1556,0.005,-0.056016,0.14087,1.0112e-24
4.025,1.2056,0.005,-0.050735,0.13957,7.7759e-24
3.975,1.2557,0.005,-0.04582,0.13673,2.735e-25
3.925,1.3057,0.005,-0.041343,0.13208,5.5739e-37
3.875,1.3557,0.005,-0.037405,0.12552,-1.6443e-24
3.825,1.4058,0.005,-0.034125,0.11715,2.3569e-24
3.775,1.4558,0.005,-0.031638,0.10729,-1.0954e-23
3.725,1.5059,0.005,-0.030053,0.096484,1.0902e-23
3.675,1.5559,0.005,-0.029562,0.085184,3.8145e-25
3.625,1.606,0.005,-0.030111,0.073888,8.2636e-24
3.575,1.656,0.005,-0.031935,0.062855,8.8354e-24
3.525,1.706,0.005,-0.035108,0.052185,3.4699e-24
3.475,1.7561,0.005,-0.039704,0.041867,1.212e-23
3.425,1.8061,0.005,-0.045781,0.031779,1.5527e-23
3.375,1.8562,0.005,-0.053303,0.021717,-1.3113e-31
3.325,1.9062,0.005,-0.060996,0.012157,8.8486e-24
3.275,1.9563,0.005,-0.066391,0.0043495,3.5585e-24
3.225,2.0063,0.005,-0.068373,-0.001355,-1.2302e-24
3.175,2.0563,0.005,-0.066922,-0.0051675,3.8891e-24
3.125,2.1064,0.005,-0.06236,-0.007426,-6.5408e-25
3.075,2.1564,0.005,-0.055015,-0.0084123,-2.8146e-24
3.025,2.2065,0.005,-0.045235,-0.008454,2.387e-24
2.975,2.2565,0.005,-0.033266,-0.0078418,4.7152e-24
2.925,2.3066,0.005,-0.019368,-0.0068391,2.3131e-24
2.875,2.3566,0.005,-0.0037197,-0.0057134,0
2.825,2.4066,0.005,0.013613,-0.0046967,2.0498e-24
2.775,2.4567,0.005,0.032731,-0.0039721,4.0593e-25
2.725,2.5067,0.005,0.053958,-0.00366,-9.8925e-25
2.675,2.5568,0.005,0.077888,-0.0038094,5.524e-25
2.625,2.6068,0.005,0.10539,-0.004389,1.0439e-24
2.575,2.6569,0.005,0.13756,-0.0052781,9.9425e-25
2.525,2.7069,0.005,0.17554,-0.0062599,-1.9927e-24
2.475,2.7569,0.005,0.2203,-0.0070771,5.2685e-25
2.425,2.807,0.005,0.27234,-0.0071748,-6.2348e-25
2.375,2.86,0.005,0.33411,-0.0067465,-1.4665e-24
2.325,2.916,0.005,0.39666,-0.0033464,0
2.275,2.972,0.005,0.39232,-0.00074986,0
5.275,0.024,0.005,-0.17706,0.0048537,-4.1782e-25
5.225,0.072,0.005,-0.20239,0.012784,-2.9059e-24
5.175,0.12,0.005,-0.20561,0.021807,-1.4756e-23
5.125,0.168,0.005,-0.20229,0.030299,1.3385e-23
5.075,0.216,0.005,-0.19646,0.03899,-2.3068e-37
5.025,0.264,0.005,-0.18947,0.047607,7.7321e-37
4.975,0.312,0.005,-0.18195,0.056121,8.5497e-24
4.925,0.36,0.005,-0.17421,0.064445,-9.6054e-24
4.875,0.408,0.005,-0.16641,0.072503,0
4.825,0.456,0.005,-0.15859,0.080234,9.955e-25
4.775,0.50502,0.005,-0.15069,0.087675,-1.0899e-24
4.725,0.55506,0.005,-0.14273,0.094774,0
4.675,0.60511,0.005,-0.13478,0.10142,-1.586e-23
4.625,0.65515,0.005,-0.12687,0.1076,7.8221e-37
4.575,0.70519,0.005,-0.11902,0.11332,1.5005e-23
4.525,0.75523,0.005,-0.11126,0.11856,4.235e-37
4.475,0.80528,0.005,-0.10364,0.12332,-1.4192e-23
4.425,0.85532,0.005,-0.096182,0.1276,-1.3771e-23
4.375,0.90536,0.005,-0.088926,0.13139,-2.829e-37
4.325,0.9554,0.005,-0.081904,0.13467,-5.8232e-24
4.275,1.0054,0.005,-0.075155,0.13743,3.4858e-24
4.225,1.0555,0.005,-0.068713,0.1396,3.1108e-37
4.175,1.1055,0.005,-0.062609,0.14112,1.7572e-24
4.125,1.1556,0.005,-0.05686,0.14187,-8.9741e-24
4.075,1.2056,0.005,-0.051511,0.14171,-4.1457e-25
4.025,1.2557,0.005,-0.046572,0.14038,0
3.975,1.3057,0.005,-0.042054,0.13748,-1.3432e-23
3.925,1.3557,0.005,-0.038063,0.13279,6.6162e-32
3.875,1.4058,0.005,-0.034689,0.12614,1.9938e-25
3.825,1.4558,0.005,-0.032043,0.11763,-5.768e-24
3.775,1.5059,0.005,-0.030249,0.10758,2.8032e-24
3.725,1.5559,0.005,-0.02942,0.096486,-3.8829e-24
3.675,1.606,0.005,-0.029628,0.084889,-1.0579e-23
3.625,1.656,0.005,-0.031027,0.073201,-6.2326e-38
3.575,1.706,0.005,-0.033694,0.061688,4.3698e-24
3.525,1.7561,0.005,-0.037707,0.05048,-8.0388e-24
3.475,1.8061,0.005,-0.043116,0.039549,1.3183e-23
3.425,1.8562,0.005,-0.04995,0.028741,1.2719e-23
3.375,1.9062,0.005,-0.057575,0.018144,7.0014e-25
3.325,1.9563,0.005,-0.063615,0.008974,3.5684e-24
3.275,2.0063,0.005,-0.066387,0.001962,6.8596e-24
3.225,2.0563,0.005,-0.065617,-0.0029865,4.4095e-24
3.175,2.1064,0.005,-0.0616,-0.0061848,2.7663e-24
3.125,2.1564,0.005,-0.054674,-0.0079612,-5.0171e-25
3.075,2.2065,0.005,-0.045153,-0.008601,-2.5314e-24
3.025,2.2565,0.005,-0.033336,-0.0084405,-2.4815e-24
2.975,2.3066,0.005,-0.019445,-0.0077506,-8.622e-38
2.925,2.3566,0.005,-0.0036728,-0.0068077,2.5531e-24
2.875,2.4066,0.005,0.013895,-0.0058651,-1.9943e-24
2.825,2.4567,0.005,0.033323,-0.0051285,-4.1606e-25
2.775,2.5067,0.005,0.054891,-0.0047404,1.1846e-24
2.725,2.5568,0.005,0.079134,-0.0047689,-7.5088e-25
2.675,2.6068,0.005,0.10686,-0.0051986,3.4559e-25
2.625,2.6569,0.005,0.13906,-0.0059236,2.3179e-32
2.575,2.7069,0.005,0.17684,-0.0067426,-9.6681e-25
2.525,2.7569,0.005,0.22109,-0.0073884,-1.9517e-24
2.475,2.807,0.005,0.27224,-0.007393,-5.2609e-25
2.425,2.86,0.005,0.3327,-0.0068494,-1.3059e-25
2.375,2.916,0.005,0.39372,-0.0034792,0
2.325,2.972,0.005,0.39068,-0.00069569,0
5.325,0.024,0.005,-0.18542,0.0045346,-3.8606e-25
5.275,0.072,0.005,-0.21021,0.011928,-5.1905e-24
5.225,0.12,0.005,-0.21277,0.020321,-4.8082e-24
5.175,0.168,0.005,-0.20896,0.028265,-3.2886e-23
5.125,0.216,0.005,-0.2027,0.036525,4.9652e-24
5.075,0.264,0.005,-0.19531,0.044776,7.6456e-24
5.025,0.312,0.005,-0.1874,0.053017,0
4.975,0.36,0.005,-0.17929,0.061162,-8.277e-24
4.925,0.408,0.005,-0.17112,0.06913,-9.1956e-24
4.875,0.456,0.005,-0.16296,0.076848,-6.9199e-24
4.825,0.50502,0.005,-0.15472,0.084339,-3.2905e-25
4.775,0.55506,0.005,-0.14643,0.091537,7.5156e-24
4.725,0.60511,0.005,-0.13816,0.098314,-7.1375e-24
4.675,0.65515,0.005,-0.12994,0.10465,-8.9115e-24
4.625,0.70519,0.005,-0.1218,0.11054,-8.9674e-24
4.575,0.75523,0.005,-0.11375,0.11595,3.2966e-24
4.525,0.80528,0.005,-0.10584,0.12091,1.0492e-32
4.475,0.85532,0.005,-0.098102,0.12538,-9.2925e-24
4.425,0.90536,0.005,-0.090574,0.12939,-1.3581e-23
4.375,0.9554,0.005,-0.083294,0.13291,5.902e-24
4.325,1.0054,0.005,-0.076297,0.13594,3.0209e-24
4.275,1.0555,0.005,-0.069615,0.13846,-1.2021e-23
4.225,1.1055,0.005,-0.063285,0.14042,-7.7734e-24
4.175,1.1556,0.005,-0.057345,0.14174,1.0609e-23
4.125,1.2056,0.005,-0.051832,0.14233,-3.2265e-37
4.075,1.2557,0.005,-0.046783,0.14196,1.7065e-25
4.025,1.3057,0.005,-0.042203,0.14057,8.1354e-24
3.975,1.3557,0.005,-0.03812,0.13759,-1.6818e-24
3.925,1.4058,0.005,-0.03464,0.13281,6.3867e-38
3.875,1.4558,0.005,-0.03185,0.12604,1.7029e-24
3.825,1.5059,0.005,-0.029857,0.11736,-2.3638e-23
3.775,1.5559,0.005,-0.028783,0.10709,6.0303e-24
3.725,1.606,0.005,-0.028726,0.095722,-4.1477e-24
3.675,1.656,0.005,-0.029747,0.083797,-6.5766e-24
3.625,1.706,0.005,-0.031978,0.071699,-7.4538e-24
3.575,1.7561,0.005,-0.035477,0.059713,-8.2234e-24
3.525,1.8061,0.005,-0.040294,0.047961,4.156e-24
3.475,1.8562,0.005,-0.046462,0.036395,8.2508e-24
3.425,1.9062,0.005,-0.053749,0.024928,1.1641e-23
3.375,1.9563,0.005,-0.060302,0.014438,-4.2242e-24
3.325,2.0063,0.005,-0.063899,0.0060536,-2.6751e-24
3.275,2.0563,0.005,-0.063899,-0.00013366,-3.2975e-24
3.225,2.1064,0.005,-0.0605,-0.0043807,-6.9674e-24
3.175,2.1564,0.005,-0.054059,-0.00703,2.1273e-24
3.125,2.2065,0.005,-0.04489,-0.0083852,3.9066e-25
3.075,2.2565,0.005,-0.033268,-0.0087525,2.3335e-25
3.025,2.3066,0.005,-0.019456,-0.0084502,2.4279e-24
2.975,2.3566,0.005,-0.0036192,-0.007756,1.8219e-25
2.925,2.4066,0.005,0.014132,-0.0069402,4.8373e-24
2.875,2.4567,0.005,0.03383,-0.0062312,-5.89e-38
2.825,2.5067,0.005,0.055708,-0.0057949,6.2279e-25
2.775,2.5568,0.005,0.080242,-0.0057209,-1.6293e-38
2.725,2.6068,0.005,0.10817,-0.0060126,-1.1091e-37
2.675,2.6569,0.005,0.14041,-0.0065795,6.8547e-38
2.625,2.7069,0.005,0.17799,-0.0072382,-1.1808e-24
2.575,2.7569,0.005,0.22174,-0.0077313,9.3815e-25
2.525,2.807,0.005,0.27205,-0.0076178,2.829e-26
2.475,2.86,0.005,0.33123,-0.0069593,8.1686e-25
2.425,2.916,0.005,0.39075,-0.0036179,2.4625e-25
2.375,2.972,0.005,0.38898,-0.00064967,0
5.375,0.024,0.005,-0.19323,0.0042341,0
5.325,0.072,0.005,-0.21747,0.011135,1.2278e-23
5.275,0.12,0.005,-0.21946,0.018944,-4.2885e-24
5.225,0.168,0.005,-0.21526,0.026366,-1.2502e-23
5.175,0.216,0.005,-0.20867,0.034203,-6.4312e-24
5.125,0.264,0.005,-0.20095,0.042077,1.7982e-23
5.075,0.312,0.005,-0.19272,0.050028,1.7841e-23
5.025,0.36,0.005,-0.1843,0.057967,3.3852e-37
4.975,0.408,0.005,-0.17582,0.065814,3.2227e-37
4.925,0.456,0.005,-0.16734,0.073484,-1.6677e-23
4.875,0.50502,0.005,-0.1588,0.08099,8.7443e-25
4.825,0.55506,0.005,-0.15018,0.088255,7.5011e-24
4.775,0.60511,0.005,-0.14161,0.095138,-7.1737e-24
4.725,0.65515,0.005,-0.13308,0.10161,2.5991e-37
4.675,0.70519,0.005,-0.12463,0.10764,-9.0928e-24
4.625,0.75523,0.005,-0.11628,0.11322,-1.5051e-23
4.575,0.80528,0.005,-0.10807,0.11834,-5.3625e-24
4.525,0.85532,0.005,-0.10003,0.12299,-2.9153e-37
4.475,0.90536,0.005,-0.092211,0.12717,-3.1957e-37
4.425,0.9554,0.005,-0.084644,0.13089,-1.3383e-23
4.375,1.0054,0.005,-0.077369,0.13413,-1.9555e-23
4.325,1.0555,0.005,-0.070425,0.13689,7.3425e-24
4.275,1.1055,0.005,-0.063843,0.13914,1.8611e-24
4.225,1.1556,0.005,-0.057657,0.14086,5.1151e-37
4.175,1.2056,0.005,-0.051899,0.14195,5.0443e-25
4.125,1.2557,0.005,-0.046623,0.14224,9.4225e-24
4.075,1.3057,0.005,-0.041868,0.14172,0
4.025,1.3557,0.005,-0.037677,0.1402,8.3153e-24
3.975,1.4058,0.005,-0.034065,0.1371,-1.9789e-23
3.925,1.4558,0.005,-0.031119,0.13216,-6.6199e-24
3.875,1.5059,0.005,-0.028936,0.12522,1.2418e-23
3.825,1.5559,0.005,-0.027626,0.11632,-5.1139e-24
3.775,1.606,0.005,-0.027288,0.10579,7.6321e-24
3.725,1.656,0.005,-0.028019,0.094136,-4.2353e-25
3.675,1.706,0.005,-0.029867,0.081868,1.641e-23
3.625,1.7561,0.005,-0.032922,0.069364,2.6874e-24
3.575,1.8061,0.005,-0.037222,0.056901,8.9585e-24
3.525,1.8562,0.005,-0.042791,0.044601,1.771e-31
3.475,1.9062,0.005,-0.049576,0.032388,-1.3004e-37
3.425,1.9563,0.005,-0.056421,0.020712,4.9436e-24
3.375,2.0063,0.005,-0.060845,0.010928,2.0739e-24
3.325,2.0563,0.005,-0.061697,0.0034225,5.1507e-24
3.275,2.1064,0.005,-0.059004,-0.0019675,-1.2468e-24
3.225,2.1564,0.005,-0.053124,-0.0055836,-1.4104e-37
3.175,2.2065,0.005,-0.044379,-0.0077391,5.5894e-24
3.125,2.2565,0.005,-0.033044,-0.0087369,3.1821e-25
3.075,2.3066,0.005,-0.019364,-0.0088976,1.2857e-37
3.025,2.3566,0.005,-0.0035312,-0.0085231,-2.731e-24
2.975,2.4066,0.005,0.014345,-0.0078933,-2.5783e-24
2.925,2.4567,0.005,0.034265,-0.0072578,-4.2523e-38
2.875,2.5067,0.005,0.056417,-0.0068066,-6.1677e-25
2.825,2.5568,0.005,0.081217,-0.006653,-8.2045e-25
2.775,2.6068,0.005,0.10933,-0.0068214,2.6333e-25
2.725,2.6569,0.005,0.14161,-0.0072405,3.0485e-24
2.675,2.7069,0.005,0.17899,-0.0077419,3.637e-24
2.625,2.7569,0.005,0.22226,-0.008087,3.3241e-24
2.575,2.807,0.005,0.27177,-0.0078513,1.6316e-24
2.525,2.86,0.005,0.32971,-0.0070755,1.4759e-24
2.475,2.916,0.005,0.38774,-0.0037562,0
2.425,2.972,0.005,0.38724,-0.0006193,0
5.425,0.024,0.005,-0.20054,0.0039511,-3.3316e-25
5.375,0.072,0.005,-0.22421,0.010396,-8.5423e-40
5.325,0.12,0.005,-0.22572,0.017658,2.1709e-23
5.275,0.168,0.005,-0.22121,0.024599,4.9861e-24
5.225,0.216,0.005,-0.21435,0.032019,5.8938e-24
5.175,0.264,0.005,-0.20638,0.039514,7.4459e-37
5.125,0.312,0.005,-0.19792,0.047163,-1.0126e-23
5.075,0.36,0.005,-0.18925,0.054883,-7.5266e-24
5.025,0.408,0.005,-0.18051,0.06258,-7.7642e-24
4.975,0.456,0.005,-0.17175,0.070171,-1.6586e-23
4.925,0.50502,0.005,-0.16291,0.077658,-7.9518e-24
4.875,0.55506,0.005,-0.154,0.084959,1.494e-23
4.825,0.60511,0.005,-0.14512,0.09192,1.9831e-24
4.775,0.65515,0.005,-0.13629,0.0985,2.6421e-37
4.725,0.70519,0.005,-0.12753,0.10466,6.4397e-24
4.675,0.75523,0.005,-0.11887,0.11039,5.9795e-24
4.625,0.80528,0.005,-0.11035,0.11566,9.4332e-24
4.575,0.85532,0.005,-0.10201,0.12047,9.5648e-24
4.525,0.90536,0.005,-0.093876,0.12482,4.3922e-24
4.475,0.9554,0.005,-0.086001,0.12869,1.3651e-23
4.425,1.0054,0.005,-0.078424,0.1321,1.3175e-23
4.375,1.0555,0.005,-0.071183,0.13504,1.0067e-23
4.325,1.1055,0.005,-0.064317,0.13751,1.2075e-23
4.275,1.1556,0.005,-0.057862,0.13949,-1.0145e-23
4.225,1.2056,0.005,-0.05185,0.14094,-2.0177e-23
4.175,1.2557,0.005,-0.046306,0.14179,1.012e-23
4.125,1.3057,0.005,-0.041301,0.14184,0
4.075,1.3557,0.005,-0.036851,0.14109,0
4.025,1.4058,0.005,-0.033057,0.1393,0
3.975,1.4558,0.005,-0.029919,0.13601,6.7422e-32
3.925,1.5059,0.005,-0.027519,0.13087,-2.3234e-23
3.875,1.5559,0.005,-0.025963,0.12368,9.9046e-37
3.825,1.606,0.005,-0.025351,0.11451,2.6991e-24
3.775,1.656,0.005,-0.025769,0.10369,1.5247e-23
3.725,1.706,0.005,-0.027292,0.09172,0
3.675,1.7561,0.005,-0.029957,0.079092,1.6521e-24
3.625,1.8061,0.005,-0.03381,0.066175,3.1159e-24
3.575,1.8562,0.005,-0.03886,0.05324,-4.4172e-24
3.525,1.9062,0.005,-0.045108,0.040366,-1.0602e-23
3.475,1.9563,0.005,-0.051973,0.027719,-1.6655e-23
3.425,2.0063,0.005,-0.057166,0.016566,-7.1265e-24
3.375,2.0563,0.005,-0.058938,0.0076931,-1.5743e-24
3.325,2.1064,0.005,-0.05705,0.0010809,1.9356e-24
3.275,2.1564,0.005,-0.051816,-0.0035864,-3.0676e-24
3.225,2.2065,0.005,-0.043576,-0.0066272,-2.3082e-24
3.175,2.2565,0.005,-0.032604,-0.0083464,3.2325e-24
3.125,2.3066,0.005,-0.019138,-0.0090536,-2.8555e-25
3.075,2.3566,0.005,-0.0033772,-0.0090724,-2.6555e-25
3.025,2.4066,0.005,0.014559,-0.0086933,-2.7154e-24
2.975,2.4567,0.005,0.034647,-0.0081833,-8.7032e-25
2.925,2.5067,0.005,0.057029,-0.0077565,-1.2125e-32
2.875,2.5568,0.005,0.082064,-0.0075511,-2.1348e-24
2.825,2.6068,0.005,0.11034,-0.0076147,-9.8206e-25
2.775,2.6569,0.005,0.14265,-0.0078974,5.1912e-25
2.725,2.7069,0.005,0.17985,-0.0082521,2.9454e-24
2.675,2.7569,0.005,0.22265,-0.008448,1.2583e-24
2.625,2.807,0.005,0.27139,-0.0080929,8.184e-25
2.575,2.86,0.005,0.32813,-0.007199,1.6214e-24
2.525,2.916,0.005,0.38469,-0.0038898,0
2.475,2.972,0.005,0.38544,-0.00061008,0
5.475,0.024,0.005,-0.20736,0.0036829,-3.1447e-25
5.425,0.072,0.005,-0.23047,0.0097051,-1.661e-23
5.375,0.12,0.005,-0.23156,0.016452,-8.5846e-24
5.325,0.168,0.005,-0.22681,0.022952,2.9583e-23
5.275,0.216,0.005,-0.21975,0.029961,-5.3966e-24
5.225,0.264,0.005,-0.2116,0.037084,1.0331e-23
5.175,0.312,0.005,-0.20297,0.044431,-1.317e-23
5.125,0.36,0.005,-0.19411,0.051913,2.432e-24
5.075,0.408,0.005,-0.18515,0.059441,5.1185e-40
5.025,0.456,0.005,-0.17616,0.066923,-3.1606e-25
4.975,0.50502,0.005,-0.16706,0.074362,1.6669e-23
4.925,0.55506,0.005,-0.15787,0.081668,9.3677e-24
4.875,0.60511,0.005,-0.1487,0.088683,3.6233e-37
4.825,0.65515,0.005,-0.13957,0.095352,9.3226e-24
4.775,0.70519,0.005,-0.13051,0.10163,-1.3057e-32
4.725,0.75523,0.005,-0.12154,0.10749,2.6268e-38
4.675,0.80528,0.005,-0.11271,0.11291,2.2401e-32
4.625,0.85532,0.005,-0.10404,0.11786,5.0766e-24
4.575,0.90536,0.005,-0.095592,0.12235,5.3493e-24
4.525,0.9554,0.005,-0.087396,0.12637,-1.0011e-23
4.475,1.0054,0.005,-0.079498,0.12993,6.8342e-24
4.425,1.0555,0.005,-0.07194,0.13302,-1.787e-23
4.375,1.1055,0.005,-0.064762,0.13565,0
4.325,1.1556,0.005,-0.058003,0.13781,1.3387e-24
4.275,1.2056,0.005,-0.051698,0.13949,1.0458e-23
4.225,1.2557,0.005,-0.045882,0.14065,-1.0396e-23
4.175,1.3057,0.005,-0.040598,0.14122,8.9923e-25
4.125,1.3557,0.005,-0.035883,0.141,-1.7448e-24
4.075,1.4058,0.005,-0.031757,0.13997,9.3765e-24
4.025,1.4558,0.005,-0.028363,0.1379,-8.6575e-24
3.975,1.5059,0.005,-0.025703,0.13434,-1.1027e-23
3.925,1.5559,0.005,-0.023863,0.12892,1.8006e-23
3.875,1.606,0.005,-0.022945,0.12144,-1.2193e-23
3.825,1.656,0.005,-0.023041,0.11195,6.9661e-24
3.775,1.706,0.005,-0.02422,0.10079,-7.8055e-24
3.725,1.7561,0.005,-0.02653,0.08847,1.6865e-23
3.675,1.8061,0.005,-0.029984,0.075463,1.5282e-23
3.625,1.8562,0.005,-0.034587,0.062131,1.3148e-23
3.575,1.9062,0.005,-0.040332,0.048714,1.3662e-23
3.525,1.9563,0.005,-0.046991,0.035325,5.2369e-24
3.475,2.0063,0.005,-0.052817,0.022913,-4.7303e-24
3.425,2.0563,0.005,-0.055556,0.012666,-8.0415e-24
3.375,2.1064,0.005,-0.054569,0.0047746,-3.1681e-24
3.325,2.1564,0.005,-0.050076,-0.0010163,2.1649e-24
3.275,2.2065,0.005,-0.042427,-0.0050189,-2.3161e-24
3.225,2.2565,0.005,-0.031902,-0.0075398,2.9173e-24
3.175,2.3066,0.005,-0.018735,-0.0088834,2.9065e-24
3.125,2.3566,0.005,-0.0031219,-0.0093691,0
3.075,2.4066,0.005,0.014803,-0.009308,3.3249e-25
3.025,2.4567,0.005,0.034996,-0.0089812,4.3433e-25
2.975,2.5067,0.005,0.057559,-0.0086237,1.1825e-32
2.925,2.5568,0.005,0.082793,-0.0083994,1.5118e-24
2.875,2.6068,0.005,0.11122,-0.0083814,9.5348e-25
2.825,2.6569,0.005,0.14354,-0.0085421,-1.8644e-24
2.775,2.7069,0.005,0.18056,-0.008757,-3.8863e-24
2.725,2.7569,0.005,0.22292,-0.0088179,-1.7359e-24
2.675,2.807,0.005,0.2709,-0.0083394,1.0373e-24
2.625,2.86,0.005,0.32649,-0.0073285,6.9135e-25
2.575,2.916,0.005,0.38161,-0.0040186,-9.9486e-25
2.525,2.972,0.005,0.38356,-0.00062775,9.2191e-25
5.525,0.024,0.005,-0.21373,0.0034282,-2.9485e-25
5.475,0.072,0.005,-0.23628,0.0090554,-1.7315e-24
5.425,0.12,0.005,-0.23701,0.015319,-1.1305e-23
5.375,0.168,0.005,-0.23207,0.021409,1.4894e-23
5.325,0.216,0.005,-0.22487,0.028014,2.5618e-23
5.275,0.264,0.005,-0.21661,0.034778,5.66e-24
5.225,0.312,0.005,-0.20786,0.041825,1.6015e-23
5.175,0.36,0.005,-0.19886,0.049061,1.6296e-23
5.125,0.408,0.005,-0.18974,0.056396,1.8521e-23
5.075,0.456,0.005,-0.18054,0.063747,1.953e-24
5.025,0.50502,0.005,-0.17122,0.071111,3.1112e-25
4.975,0.55506,0.005,-0.16178,0.078395,1.4745e-23
4.925,0.60511,0.005,-0.15233,0.085439,-7.2234e-24
4.875,0.65515,0.005,-0.14292,0.092176,-3.3463e-37
4.825,0.70519,0.005,-0.13356,0.098555,1.616e-23
4.775,0.75523,0.005,-0.12429,0.10453,6.214e-24
4.725,0.80528,0.005,-0.11514,0.11008,-5.7386e-24
4.675,0.85532,0.005,-0.10615,0.11518,-1.5109e-23
4.625,0.90536,0.005,-0.097371,0.11981,-1.08e-37
4.575,0.9554,0.005,-0.088844,0.12397,1.621e-32
4.525,1.0054,0.005,-0.080613,0.12766,-1.3783e-23
4.475,1.0555,0.005,-0.072723,0.13088,-1.6064e-23
4.425,1.1055,0.005,-0.065216,0.13364,-1.0617e-23
4.375,1.1556,0.005,-0.05813,0.13594,0
4.325,1.2056,0.005,-0.051505,0.13778,1.0782e-23
4.275,1.2557,0.005,-0.045375,0.13915,-1.0794e-23
4.225,1.3057,0.005,-0.039781,0.14,-1.0722e-23
4.175,1.3557,0.005,-0.034769,0.14026,1.0534e-23
4.125,1.4058,0.005,-0.03036,0.13974,-5.7535e-37
4.075,1.4558,0.005,-0.026591,0.13839,0
4.025,1.5059,0.005,-0.02361,0.13599,-4.4082e-24
3.975,1.5559,0.005,-0.021438,0.1321,-7.8495e-24
3.925,1.606,0.005,-0.020167,0.12634,-6.4997e-24
3.875,1.656,0.005,-0.019895,0.11848,4.8911e-24
3.825,1.706,0.005,-0.020704,0.10862,1.1077e-23
3.775,1.7561,0.005,-0.022638,0.097089,-1.751e-23
3.725,1.8061,0.005,-0.025714,0.084386,-1.061e-23
3.675,1.8562,0.005,-0.029911,0.07099,-9.8565e-24
3.625,1.9062,0.005,-0.035208,0.057244,9.4388e-24
3.575,1.9563,0.005,-0.041539,0.043321,7.3769e-24
3.525,2.0063,0.005,-0.047776,0.029876,4.8179e-24
3.475,2.0563,0.005,-0.05149,0.018301,6.9165e-24
3.425,2.1064,0.005,-0.051494,0.0091039,3.4173e-32
3.375,2.1564,0.005,-0.047845,0.0021353,-1.1703e-37
3.325,2.2065,0.005,-0.040877,-0.0028942,3.0771e-24
3.275,2.2565,0.005,-0.030888,-0.0062889,-5.9446e-24
3.225,2.3066,0.005,-0.018107,-0.0083471,-6.6787e-24
3.175,2.3566,0.005,-0.0027274,-0.0093802,-3.2711e-25
3.125,2.4066,0.005,0.015109,-0.0097057,3.4169e-25
3.075,2.4567,0.005,0.035339,-0.0096231,2.755e-24
3.025,2.5067,0.005,0.058027,-0.0093855,2.5975e-24
2.975,2.5568,0.005,0.083417,-0.0091804,7.462e-25
2.925,2.6068,0.005,0.11196,-0.0091084,2.2295e-24
2.875,2.6569,0.005,0.14429,-0.0091666,1.0457e-24
2.825,2.7069,0.005,0.18112,-0.0092516,3.8492e-25
2.775,2.7569,0.005,0.22305,-0.0091756,-5.7926e-25
2.725,2.807,0.005,0.27031,-0.0086025,8.5701e-26
2.675,2.86,0.005,0.32478,-0.0074612,5.9898e-25
2.625,2.916,0.005,0.37851,-0.0041435,6.2403e-26
2.575,2.972,0.005,0.38162,-0.0006631,2.2267e-24
5.575,0.024,0.005,-0.21966,0.0031876,-1.2325e-23
5.525,0.072,0.005,-0.24166,0.0084416,-3.1855e-24
5.475,0.12,0.005,-0.24209,0.014249,-2.8479e-24
5.425,0.168,0.005,-0.237,0.019953,-3.0391e-23
5.375,0.216,0.005,-0.22971,0.026166,-4.6167e-24
5.325,0.264,0.005,-0.2214,0.032591,2.0159e-23
5.275,0.312,0.005,-0.21258,0.039337,1.5378e-23
5.225,0.36,0.005,-0.2035,0.046317,1.5792e-23
5.175,0.408,0.005,-0.19424,0.053446,9.156e-24
5.125,0.456,0.005,-0.18489,0.060644,2.1122e-24
5.075,0.50502,0.005,-0.17537,0.06791,-9.8666e-24
5.025,0.55506,0.005,-0.1657,0.075148,-1.6859e-23
4.975,0.60511,0.005,-0.15601,0.082194,-7.2266e-24
4.925,0.65515,0.005,-0.14632,0.088979,2.4637e-37
4.875,0.70519,0.005,-0.13668,0.09544,-1.3441e-32
4.825,0.75523,0.005,-0.12711,0.10153,1.614e-23
4.775,0.80528,0.005,-0.11764,0.1072,9.9358e-24
4.725,0.85532,0.005,-0.10833,0.11243,-1.0851e-37
4.675,0.90536,0.005,-0.099222,0.1172,-1.0244e-23
4.625,0.9554,0.005,-0.090356,0.1215,1.0406e-23
4.575,1.0054,0.005,-0.081784,0.12532,1.4131e-23
4.525,1.0555,0.005,-0.07355,0.12866,7.8161e-24
4.475,1.1055,0.005,-0.065699,0.13154,-6.4269e-24
4.425,1.1556,0.005,-0.058273,0.13396,0
4.375,1.2056,0.005,-0.051308,0.13592,-1.1091e-23
4.325,1.2557,0.005,-0.044844,0.13742,8.0439e-27
4.275,1.3057,0.005,-0.038916,0.13845,1.6334e-24
4.225,1.3557,0.005,-0.033563,0.13898,-2.2187e-23
4.175,1.4058,0.005,-0.028832,0.13891,-1.0912e-23
4.125,1.4558,0.005,-0.024751,0.13806,3.4956e-24
4.075,1.5059,0.005,-0.021364,0.13635,0
4.025,1.5559,0.005,-0.01881,0.13357,6.9448e-37
3.975,1.606,0.005,-0.017137,0.12929,-8.066e-24
3.925,1.656,0.005,-0.016444,0.12311,1.4649e-23
3.875,1.706,0.005,-0.016822,0.11483,-4.9387e-24
3.825,1.7561,0.005,-0.018339,0.10453,-3.0539e-24
3.775,1.8061,0.005,-0.021011,0.092585,1.1823e-23
3.725,1.8562,0.005,-0.024817,0.079485,-2.0954e-23
3.675,1.9062,0.005,-0.029702,0.065702,-3.18e-37
3.625,1.9563,0.005,-0.035651,0.051499,-8.1678e-24
3.575,2.0063,0.005,-0.042062,0.037311,-1.0487e-23
3.525,2.0563,0.005,-0.04669,0.024522,-4.2374e-24
3.475,2.1064,0.005,-0.047764,0.014034,-3.6971e-24
3.425,2.1564,0.005,-0.04506,0.0058597,-1.1783e-24
3.375,2.2065,0.005,-0.038872,-0.00024657,1.594e-24
3.325,2.2565,0.005,-0.029508,-0.0045745,6.5465e-24
3.275,2.3066,0.005,-0.017205,-0.0074166,-4.0572e-25
3.225,2.3566,0.005,-0.0021494,-0.009073,0
3.175,2.4066,0.005,0.015514,-0.0098581,2.9419e-24
3.125,2.4567,0.005,0.035706,-0.010081,-2.8179e-24
3.075,2.5067,0.005,0.058454,-0.010018,-2.6853e-24
3.025,2.5568,0.005,0.083952,-0.0098758,-7.0895e-25
2.975,2.6068,0.005,0.11258,-0.0097812,-1.176e-37
2.925,2.6569,0.005,0.1449,-0.0097603,-1.0585e-37
2.875,2.7069,0.005,0.18154,-0.0097318,-1.0563e-24
2.825,2.7569,0.005,0.22305,-0.0095278,-4.1742e-32
2.775,2.807,0.005,0.2696,-0.0088271,-2.3793e-24
2.725,2.86,0.005,0.32299,-0.0075852,-1.5989e-24
2.675,2.916,0.005,0.37538,-0.0042697,2.6441e-24
2.625,2.972,0.005,0.37959,-0.0007079,9.8088e-25
5.625,0.024,0.005,-0.22518,0.0029613,-7.8188e-37
5.575,0.072,0.005,-0.24665,0.0078597,-1.4769e-24
5.525,0.12,0.005,-0.2468,0.013236,-7.4487e-37
5.475,0.168,0.005,-0.2416,0.018574,-7.7513e-37
5.425,0.216,0.005,-0.23427,0.024411,-1.8535e-23
5.375,0.264,0.005,-0.22595,0.030506,-9.9374e-24
5.325,0.312,0.005,-0.21712,0.036953,-9.0808e-24
5.275,0.36,0.005,-0.20798,0.043672,-1.5268e-23
5.225,0.408,0.005,-0.19864,0.050583,-9.0062e-24
5.175,0.456,0.005,-0.18916,0.057612,8.713e-24
5.125,0.50502,0.005,-0.17948,0.064758,9.2484e-24
5.075,0.55506,0.005,-0.16961,0.071929,1.6843e-23
5.025,0.60511,0.005,-0.1597,0.078955,-1.6874e-23
4.975,0.65515,0.005,-0.14977,0.085766,-1.2514e-37
4.925,0.70519,0.005,-0.13985,0.092292,-1.3637e-32
4.875,0.75523,0.005,-0.12999,0.098474,-1.6448e-23
4.825,0.80528,0.005,-0.12022,0.10426,-1.6163e-23
4.775,0.85532,0.005,-0.11059,0.10962,-5.5266e-24
4.725,0.90536,0.005,-0.10115,0.11453,2.0745e-37
4.675,0.9554,0.005,-0.091939,0.11896,-1.4992e-23
4.625,1.0054,0.005,-0.083017,0.12291,-1.0806e-23
4.575,1.0555,0.005,-0.074431,0.12638,1.0971e-23
4.525,1.1055,0.005,-0.066227,0.12937,1.3463e-23
4.475,1.1556,0.005,-0.058446,0.13189,1.6082e-24
4.425,1.2056,0.005,-0.051131,0.13396,0
4.375,1.2557,0.005,-0.044317,0.13557,0
4.325,1.3057,0.005,-0.03804,0.13672,1.157e-23
4.275,1.3557,0.005,-0.032338,0.13741,-1.3203e-23
4.225,1.4058,0.005,-0.027244,0.13758,2.5364e-24
4.175,1.4558,0.005,-0.022812,0.13716,0
4.125,1.5059,0.005,-0.019075,0.13596,0
4.075,1.5559,0.005,-0.016086,0.13386,-1.0362e-23
4.025,1.606,0.005,-0.013973,0.13064,6.5357e-24
3.975,1.656,0.005,-0.01281,0.1259,-2.4189e-23
3.925,1.706,0.005,-0.0127,0.11924,1.6812e-23
3.875,1.7561,0.005,-0.01373,0.11047,9.1937e-24
3.825,1.8061,0.005,-0.015944,0.099692,-6.0786e-24
3.775,1.8562,0.005,-0.019325,0.087303,9.3131e-24
3.725,1.9062,0.005,-0.023813,0.073801,-2.463e-37
3.675,1.9563,0.005,-0.02936,0.059604,5.9424e-24
3.625,2.0063,0.005,-0.035734,0.045004,4.9105e-38
3.575,2.0563,0.005,-0.041132,0.031215,3.3081e-24
3.525,2.1064,0.005,-0.043323,0.019504,1.7842e-24
3.475,2.1564,0.005,-0.041662,0.010128,-1.1945e-24
3.425,2.2065,0.005,-0.036357,0.002917,-3.097e-24
3.375,2.2565,0.005,-0.027713,-0.0023896,-5.3377e-37
3.325,2.3066,0.005,-0.015979,-0.0060729,2.966e-24
3.275,2.3566,0.005,-0.0013412,-0.0084203,0
3.225,2.4066,0.005,0.016059,-0.0097362,-2.9447e-24
3.175,2.4567,0.005,0.036128,-0.010331,-2.8439e-24
3.125,2.5067,0.005,0.058868,-0.010496,-5.0907e-25
3.075,2.5568,0.005,0.084418,-0.010464,-6.6343e-25
3.025,2.6068,0.005,0.11309,-0.010386,-1.6333e-24
2.975,2.6569,0.005,0.14537,-0.010311,1.3273e-24
2.925,2.7069,0.005,0.18182,-0.010188,-6.0654e-26
2.875,2.7569,0.005,0.22292,-0.0098733,2.0044e-32
2.825,2.807,0.005,0.26878,-0.0090629,1.5199e-24
2.775,2.86,0.005,0.32112,-0.0077027,2.1947e-24
2.725,2.916,0.005,0.37222,-0.0043773,-2.0614e-38
2.675,2.972,0.005,0.37748,-0.00076107,-1.6782e-24
5.675,0.024,0.005,-0.2303,0.0027455,9.9714e-24
5.625,0.072,0.005,-0.25126,0.007306,1.0703e-23
5.575,0.12,0.005,-0.25116,0.012267,1.8107e-23
5.525,0.168,0.005,-0.24589,0.017261,1.2091e-23
5.475,0.216,0.005,-0.23856,0.022736,1.2739e-23
5.425,0.264,0.005,-0.23027,0.028513,6.7953e-25
5.375,0.312,0.005,-0.22146,0.034663,5.3727e-24
5.325,0.36,0.005,-0.21231,0.041115,2.7912e-24
5.275,0.408,0.005,-0.20292,0.0478,-1.5287e-23
5.225,0.456,0.005,-0.19335,0.054645,-6.6065e-24
5.175,0.50502,0.005,-0.18354,0.061653,-2.1906e-24
5.125,0.55506,0.005,-0.1735,0.068735,1.6789e-23
5.075,0.60511,0.005,-0.16339,0.075723,2.4898e-24
5.025,0.65515,0.005,-0.15324,0.082538,-9.8425e-24
4.975,0.70519,0.005,-0.14307,0.089112,-1.3837e-32
4.925,0.75523,0.005,-0.13293,0.095375,6.6069e-24
4.875,0.80528,0.005,-0.12287,0.10127,-2.8473e-38
4.825,0.85532,0.005,-0.11292,0.10675,4.8152e-24
4.775,0.90536,0.005,-0.10315,0.11179,5.142e-24
4.725,0.9554,0.005,-0.093594,0.11636,1.5418e-23
4.675,1.0054,0.005,-0.084319,0.12044,3.8746e-24
4.625,1.0555,0.005,-0.075374,0.12404,8.0603e-24
4.575,1.1055,0.005,-0.066807,0.12714,1.3881e-23
4.525,1.1556,0.005,-0.058664,0.12977,-3.9546e-37
4.475,1.2056,0.005,-0.050985,0.13193,-1.1721e-23
4.425,1.2557,0.005,-0.04381,0.13364,0
4.375,1.3057,0.005,-0.037174,0.13489,0
4.325,1.3557,0.005,-0.031111,0.13568,2.4075e-23
4.275,1.4058,0.005,-0.025656,0.136,-4.9773e-24
4.225,1.4558,0.005,-0.020842,0.13581,0
4.175,1.5059,0.005,-0.016724,0.13501,4.4835e-24
4.125,1.5559,0.005,-0.013346,0.13342,-1.1435e-23
4.075,1.606,0.005,-0.010765,0.13089,-1.3246e-23
4.025,1.656,0.005,-0.0091063,0.1272,1.9852e-23
3.975,1.706,0.005,-0.0084628,0.12195,-8.5864e-24
3.925,1.7561,0.005,-0.008942,0.11474,4.6736e-24
3.875,1.8061,0.005,-0.01062,0.10541,0
3.825,1.8562,0.005,-0.013513,0.094122,-1.0585e-23
3.775,1.9062,0.005,-0.017567,0.081277,8.7382e-25
3.725,1.9563,0.005,-0.02271,0.067365,-1.0892e-23
3.675,2.0063,0.005,-0.028867,0.052712,3.6795e-37
3.625,2.0563,0.005,-0.034827,0.038222,7.4498e-24
3.575,2.1064,0.005,-0.038131,0.025421,7.857e-32
3.525,2.1564,0.005,-0.037601,0.014888,-3.2118e-24
3.475,2.2065,0.005,-0.033277,0.0065721,1.551e-32
3.425,2.2565,0.005,-0.025451,0.00025966,-5.3164e-24
3.375,2.3066,0.005,-0.014381,-0.0043078,-7.9981e-25
3.325,2.3566,0.005,-0.00025493,-0.0074027,2.9796e-24
3.275,2.4066,0.005,0.016787,-0.0093146,3.1051e-25
3.225,2.4567,0.005,0.036647,-0.010348,2.4739e-24
3.175,2.5067,0.005,0.059298,-0.0108,4.6713e-25
3.125,2.5568,0.005,0.084837,-0.010926,5.7244e-40
3.075,2.6068,0.005,0.11351,-0.010902,-7.6353e-25
3.025,2.6569,0.005,0.14573,-0.010809,-5.8321e-25
2.975,2.7069,0.005,0.18197,-0.010611,3.4388e-24
2.925,2.7569,0.005,0.22266,-0.010201,-3.811e-32
2.875,2.807,0.005,0.26785,-0.0092932,7.1308e-25
2.825,2.86,0.005,0.31916,-0.007821,8.6836e-25
2.775,2.916,0.005,0.36909,-0.0044538,-6.2111e-38
2.725,2.972,0.005,0.37528,-0.00082514,-1.602e-24
5.725,0.024,0.005,-0.23505,0.0025374,-2.3978e-25
5.675,0.072,0.005,-0.2555,0.0067739,-1.2959e-24
5.625,0.12,0.005,-0.25518,0.011334,2.2882e-24
5.575,0.168,0.005,-0.24987,0.016005,8.2e-24
5.525,0.216,0.005,-0.24258,0.021131,0
5.475,0.264,0.005,-0.23435,0.026597,4.4447e-24
5.425,0.312,0.005,-0.22558,0.032453,1.3445e-23
5.375,0.36,0.005,-0.21645,0.038638,1.9905e-23
5.325,0.408,0.005,-0.20704,0.045087,2.3419e-23
5.275,0.456,0.005,-0.19742,0.051736,-6.4414e-24
5.225,0.50502,0.005,-0.18751,0.058591,-2.5973e-23
5.175,0.55506,0.005,-0.17734,0.065565,-9.5734e-24
5.125,0.60511,0.005,-0.16706,0.072493,2.526e-24
5.075,0.65515,0.005,-0.15671,0.079297,9.9287e-24
5.025,0.70519,0.005,-0.14631,0.085899,-3.0959e-24
4.975,0.75523,0.005,-0.13592,0.092229,3.5762e-24
4.925,0.80528,0.005,-0.12557,0.098222,6.3642e-24
4.875,0.85532,0.005,-0.11532,0.10382,1.6635e-23
4.825,0.90536,0.005,-0.10521,0.10899,5.6226e-24
4.775,0.9554,0.005,-0.09532,0.11369,-1.1163e-23
4.725,1.0054,0.005,-0.085691,0.11791,7.3051e-24
4.675,1.0555,0.005,-0.076382,0.12163,-1.9746e-23
4.625,1.1055,0.005,-0.067446,0.12486,0
4.575,1.1556,0.005,-0.058932,0.1276,1.8526e-24
4.525,1.2056,0.005,-0.050883,0.12986,1.2062e-23
4.475,1.2557,0.005,-0.043338,0.13165,-2.4733e-25
4.425,1.3057,0.005,-0.036333,0.13298,-1.2959e-23
4.375,1.3557,0.005,-0.0299,0.13386,1.099e-23
4.325,1.4058,0.005,-0.024073,0.13429,1.2571e-23
4.275,1.4558,0.005,-0.018885,0.13423,3.4128e-24
4.225,1.5059,0.005,-0.014367,0.13365,-1.7016e-23
4.175,1.5559,0.005,-0.010579,0.13246,1.2385e-23
4.125,1.606,0.005,-0.0075711,0.13044,0
4.075,1.656,0.005,-0.0054089,0.12746,-1.0232e-36
4.025,1.706,0.005,-0.0042167,0.12325,-1.0425e-23
3.975,1.7561,0.005,-0.0041031,0.11742,1.9502e-23
3.925,1.8061,0.005,-0.0051765,0.10961,-7.3699e-24
3.875,1.8562,0.005,-0.0074961,0.099685,-1.0936e-23
3.825,1.9062,0.005,-0.011045,0.087853,1.1029e-23
3.775,1.9563,0.005,-0.015746,0.07455,-1.3735e-24
3.725,2.0063,0.005,-0.02157,0.060161,2.1086e-23
3.675,2.0563,0.005,-0.027831,0.045345,1.0148e-23
3.625,2.1064,0.005,-0.03217,0.031659,-4.114e-32
3.575,2.1564,0.005,-0.032834,0.020061,1.8836e-24
3.525,2.2065,0.005,-0.029586,0.010674,3.5678e-24
3.475,2.2565,0.005,-0.022676,0.003353,3.2856e-24
3.425,2.3066,0.005,-0.012362,-0.0021249,5.5524e-38
3.375,2.3566,0.005,0.0011565,-0.0060104,-2.9669e-25
3.325,2.4066,0.005,0.017743,-0.0085746,5.4981e-33
3.275,2.4567,0.005,0.037299,-0.010108,3.1476e-25
3.225,2.5067,0.005,0.05978,-0.010908,5.616e-38
3.175,2.5568,0.005,0.085238,-0.011243,-5.514e-25
3.125,2.6068,0.005,0.11386,-0.011315,6.9561e-25
3.075,2.6569,0.005,0.14598,-0.011233,-7.2001e-38
3.025,2.7069,0.005,0.18201,-0.010997,-1.7883e-24
2.975,2.7569,0.005,0.22229,-0.010502,-5.4551e-24
2.925,2.807,0.005,0.26681,-0.0095092,-1.4602e-25
2.875,2.86,0.005,0.31713,-0.0079378,-7.776e-38
2.825,2.916,0.005,0.36594,-0.0045214,3.5111e-38
2.775,2.972,0.005,0.373,-0.00090122,1.9586e-24
5.775,0.024,0.005,-0.23943,0.0023358,-8.0155e-24
5.725,0.072,0.005,-0.25938,0.0062594,-1.2284e-24
5.675,0.12,0.005,-0.25888,0.010434,-9.749e-24
5.625,0.168,0.005,-0.25355,0.014796,2.8616e-24
5.575,0.216,0.005,-0.24632,0.019584,1.518e-23
5.525,0.264,0.005,-0.23818,0.024748,4.2331e-24
5.475,0.312,0.005,-0.22949,0.030313,2.2033e-38
5.425,0.36,0.005,-0.2204,0.036228,-1.6197e-23
5.375,0.408,0.005,-0.211,0.042438,2.2376e-24
5.325,0.456,0.005,-0.20136,0.048881,8.7977e-24
5.275,0.50502,0.005,-0.19138,0.055566,-2.8519e-25
5.225,0.55506,0.005,-0.18111,0.062415,-9.5022e-24
5.175,0.60511,0.005,-0.17069,0.069265,-2.417e-23
5.125,0.65515,0.005,-0.16016,0.076037,-7.2382e-24
5.075,0.70519,0.005,-0.14956,0.082653,-1.4247e-32
5.025,0.75523,0.005,-0.13893,0.089034,-1.0482e-23
4.975,0.80528,0.005,-0.12831,0.095113,-1.0732e-23
4.925,0.85532,0.005,-0.11777,0.10083,-6.0871e-24
4.875,0.90536,0.005,-0.10735,0.10612,-5.5432e-24
4.825,0.9554,0.005,-0.097115,0.11096,-6.5273e-24
4.775,1.0054,0.005,-0.087132,0.11532,-4.2528e-24
4.725,1.0555,0.005,-0.077457,0.11917,-1.8946e-23
4.675,1.1055,0.005,-0.068148,0.12253,-1.2072e-23
4.625,1.1556,0.005,-0.059256,0.12538,0
4.575,1.2056,0.005,-0.050829,0.12774,1.3618e-23
4.525,1.2557,0.005,-0.042906,0.12962,1.26e-23
4.475,1.3057,0.005,-0.035525,0.13103,-1.2255e-23
4.425,1.3557,0.005,-0.028717,0.13199,-1.2921e-23
4.375,1.4058,0.005,-0.022513,0.13249,1.555e-39
4.325,1.4558,0.005,-0.016942,0.13254,0
4.275,1.5059,0.005,-0.012038,0.1321,-1.7563e-37
4.225,1.5559,0.005,-0.0078333,0.13112,1.3224e-23
4.175,1.606,0.005,-0.0043866,0.1295,-2.0006e-23
4.125,1.656,0.005,-0.001759,0.12704,-7.4167e-38
4.075,1.706,0.005,-2.5838e-05,0.12355,8.8835e-24
4.025,1.7561,0.005,0.00068778,0.11877,-1.0831e-23
3.975,1.8061,0.005,0.00026011,0.11232,1.0644e-23
3.925,1.8562,0.005,-0.0014137,0.10385,7.6549e-24
3.875,1.9062,0.005,-0.0043671,0.093302,-1.7015e-23
3.825,1.9563,0.005,-0.0085526,0.080929,1.3883e-23
3.775,2.0063,0.005,-0.013949,0.067114,8.1547e-24
3.725,2.0563,0.005,-0.020247,0.052351,9.6334e-24
3.675,2.1064,0.005,-0.025459,0.038063,8.3063e-25
3.625,2.1564,0.005,-0.027339,0.025547,-1.072e-24
3.575,2.2065,0.005,-0.025247,0.015159,-2.6144e-24
3.525,2.2565,0.005,-0.019343,0.006854,-2.592e-24
3.475,2.3066,0.005,-0.0098815,0.00045941,-2.6459e-24
3.425,2.3566,0.005,0.002938,-0.0042444,2.3956e-25
3.375,2.4066,0.005,0.018973,-0.0075051,2.455e-24
3.325,2.4567,0.005,0.038129,-0.009593,-2.9341e-24
3.275,2.5067,0.005,0.060348,-0.010799,-3.4983e-25
3.225,2.5568,0.005,0.085649,-0.011398,-2.6238e-24
3.175,2.6068,0.005,0.11416,-0.011612,-6.244e-25
3.125,2.6569,0.005,0.14615,-0.011574,7.4278e-25
3.075,2.7069,0.005,0.18193,-0.011317,-6.9693e-25
3.025,2.7569,0.005,0.22179,-0.010783,3.5775e-24
2.975,2.807,0.005,0.26567,-0.0097033,2.6615e-24
2.925,2.86,0.005,0.31501,-0.0080468,7.4515e-25
2.875,2.916,0.005,0.36277,-0.0045856,-3.6882e-40
2.825,2.972,0.005,0.37064,-0.00098338,7.4748e-38
5.825,0.024,0.005,-0.24347,0.0021397,2.5182e-37
5.775,0.072,0.005,-0.2629,0.0057606,-1.1737e-24
5.725,0.12,0.005,-0.26225,0.0095665,-2.0409e-24
5.675,0.168,0.005,-0.25694,0.013625,-1.3825e-23
5.625,0.216,0.005,-0.24979,0.018088,6.2144e-37
5.575,0.264,0.005,-0.24176,0.022956,1.1267e-23
5.525,0.312,0.005,-0.23316,0.028233,4.7034e-24
5.475,0.36,0.005,-0.22414,0.033879,-5.3207e-24
5.425,0.408,0.005,-0.21478,0.039843,-1.5988e-23
5.375,0.456,0.005,-0.20514,0.046071,-1.8696e-23
5.325,0.50502,0.005,-0.19513,0.052574,-6.9464e-24
5.275,0.55506,0.005,-0.18478,0.059281,7.0036e-24
5.225,0.60511,0.005,-0.17425,0.066035,-9.6926e-24
5.175,0.65515,0.005,-0.16358,0.072758,-6.5842e-37
5.125,0.70519,0.005,-0.1528,0.079367,1.7544e-23
5.075,0.75523,0.005,-0.14195,0.085786,1.766e-23
5.025,0.80528,0.005,-0.13109,0.091936,-2.539e-24
4.975,0.85532,0.005,-0.12026,0.097752,-2.2421e-23
4.925,0.90536,0.005,-0.10954,0.10317,-1.7258e-23
4.875,0.9554,0.005,-0.098973,0.10815,6.6073e-24
4.825,1.0054,0.005,-0.088639,0.11265,4.4692e-24
4.775,1.0555,0.005,-0.078598,0.11664,8.5003e-24
4.725,1.1055,0.005,-0.068913,0.12013,-6.526e-24
4.675,1.1556,0.005,-0.059639,0.1231,0
4.625,1.2056,0.005,-0.050827,0.12557,-1.4157e-23
4.575,1.2557,0.005,-0.042521,0.12755,-1.3485e-23
4.525,1.3057,0.005,-0.034758,0.12904,1.4015e-23
4.475,1.3557,0.005,-0.027569,0.13007,-4.1453e-23
4.425,1.4058,0.005,-0.020984,0.13065,-1.1284e-23
4.375,1.4558,0.005,-0.01503,0.13077,3.2759e-24
4.325,1.5059,0.005,-0.0097335,0.13043,1.3885e-23
4.275,1.5559,0.005,-0.0051292,0.1296,-1.3989e-23
4.225,1.606,0.005,-0.0012488,0.1282,-2.0621e-23
4.175,1.656,0.005,0.0018439,0.12614,2.7199e-23
4.125,1.706,0.005,0.0040793,0.12319,-8.6622e-24
4.075,1.7561,0.005,0.0053724,0.11916,2.1628e-23
4.025,1.8061,0.005,0.0055936,0.11377,1.5484e-36
3.975,1.8562,0.005,0.0046123,0.10665,1.1165e-23
3.925,1.9062,0.005,0.0023324,0.097491,-1.1893e-23
3.875,1.9563,0.005,-0.0012519,0.086309,1.2014e-36
3.825,2.0063,0.005,-0.0061211,0.073363,-2.8295e-23
3.775,2.0563,0.005,-0.012213,0.059012,-5.2415e-25
3.725,2.1064,0.005,-0.01806,0.044452,-8.3743e-24
3.675,2.1564,0.005,-0.021115,0.031219,-1.0156e-24
3.625,2.2065,0.005,-0.020237,0.019942,1.9933e-32
3.575,2.2565,0.005,-0.015422,0.010709,2.9041e-25
3.525,2.3066,0.005,-0.0068984,0.0034151,2.2051e-24
3.475,2.3566,0.005,0.0051309,-0.0021164,-1.2908e-37
3.425,2.4066,0.005,0.020521,-0.0061039,2.493e-24
3.375,2.4567,0.005,0.039179,-0.0087925,0
3.325,2.5067,0.005,0.061042,-0.010457,-2.5471e-24
3.275,2.5568,0.005,0.086103,-0.011372,-4.0143e-25
3.225,2.6068,0.005,0.11445,-0.011773,1.0861e-24
3.175,2.6569,0.005,0.14624,-0.011825,2.4723e-24
3.125,2.7069,0.005,0.18177,-0.011572,-7.3595e-25
3.075,2.7569,0.005,0.22119,-0.010987,2.2523e-24
3.025,2.807,0.005,0.26443,-0.0098671,-1.0458e-24
2.975,2.86,0.005,0.31283,-0.0081409,-2.0335e-24
2.925,2.916,0.005,0.35958,-0.004644,2.258e-24
2.875,2.972,0.005,0.36822,-0.0010672,-4.0769e-38
5.875,0.024,0.005,-0.24715,0.0019483,6.1541e-24
5.825,0.072,0.005,-0.26609,0.0052759,2.1751e-37
5.775,0.12,0.005,-0.26532,0.0087276,-3.8839e-24
5.725,0.168,0.005,-0.26003,0.012487,-6.2725e-24
5.675,0.216,0.005,-0.25299,0.016636,-1.2886e-23
5.625,0.264,0.005,-0.24509,0.021213,-3.8881e-24
5.575,0.312,0.005,-0.2366,0.026205,4.4165e-37
5.525,0.36,0.005,-0.22767,0.031581,-5.1466e-24
5.475,0.408,0.005,-0.21837,0.037295,-7.6489e-24
5.425,0.456,0.005,-0.20875,0.043301,-1.4014e-23
5.375,0.50502,0.005,-0.19873,0.049611,-7.1167e-24
5.325,0.55506,0.005,-0.18833,0.05616,0
5.275,0.60511,0.005,-0.17772,0.0628,-7.2075e-24
5.225,0.65515,0.005,-0.16693,0.069454,6.7797e-37
5.175,0.70519,0.005,-0.156,0.07604,7.3391e-24
5.125,0.75523,0.005,-0.14496,0.082478,1.7917e-23
5.075,0.80528,0.005,-0.13387,0.088688,1.8e-23
5.025,0.85532,0.005,-0.12278,0.094594,-6.0169e-38
4.975,0.90536,0.005,-0.11177,0.10013,-1.2005e-23
4.925,0.9554,0.005,-0.10088,0.10525,-1.2068e-23
4.875,1.0054,0.005,-0.090205,0.10989,-7.6503e-24
4.825,1.0555,0.005,-0.079802,0.11404,8.66e-24
4.775,1.1055,0.005,-0.06974,0.11766,1.6011e-23
4.725,1.1556,0.005,-0.060082,0.12077,2.3304e-24
4.675,1.2056,0.005,-0.050881,0.12335,0
4.625,1.2557,0.005,-0.042186,0.12543,-1.3465e-23
4.575,1.3057,0.005,-0.034034,0.12702,1.3961e-23
4.525,1.3557,0.005,-0.02646,0.12813,1.2627e-23
4.475,1.4058,0.005,-0.019492,0.12877,-2.1922e-24
4.425,1.4558,0.005,-0.013153,0.12896,0
4.375,1.5059,0.005,-0.0074684,0.1287,0
4.325,1.5559,0.005,-0.0024631,0.12797,0
4.275,1.606,0.005,0.0018296,0.12673,1.2913e-31
4.225,1.656,0.005,0.0053719,0.12491,-3.5538e-23
4.175,1.706,0.005,0.0080985,0.12237,2.1833e-23
4.125,1.7561,0.005,0.0099308,0.11891,-9.2006e-24
4.075,1.8061,0.005,0.010772,0.11431,2.209e-23
4.025,1.8562,0.005,0.010484,0.10826,-1.1009e-23
3.975,1.9062,0.005,0.0089312,0.10042,1.1253e-23
3.925,1.9563,0.005,0.0060347,0.090554,3.5101e-24
3.875,2.0063,0.005,0.001779,0.078732,2.497e-23
3.825,2.0563,0.005,-0.0038965,0.065127,-2.0684e-24
3.775,2.1064,0.005,-0.010071,0.05064,-6.1932e-24
3.725,2.1564,0.005,-0.014194,0.036933,-1.0585e-37
3.675,2.2065,0.005,-0.014551,0.024921,5.7734e-24
3.625,2.2565,0.005,-0.010889,0.014847,2.1039e-24
3.575,2.3066,0.005,-0.003382,0.0066983,1.8055e-37
3.525,2.3566,0.005,0.0077703,0.00034938,-2.1997e-24
3.475,2.4066,0.005,0.022426,-0.0043787,-4.586e-24
3.425,2.4567,0.005,0.040491,-0.0077015,-1.1957e-25
3.375,2.5067,0.005,0.061903,-0.0098701,2.5873e-24
3.325,2.5568,0.005,0.086635,-0.01115,2.7469e-24
3.275,2.6068,0.005,0.11472,-0.011784,2.8894e-24
3.225,2.6569,0.005,0.14629,-0.011962,2.9865e-24
3.175,2.7069,0.005,0.18152,-0.011764,1.277e-24
3.125,2.7569,0.005,0.22051,-0.011155,1.3311e-32
3.075,2.807,0.005,0.26311,-0.009998,-1.0286e-25
3.025,2.86,0.005,0.31059,-0.0082164,2.4156e-24
2.975,2.916,0.005,0.35638,-0.0046927,-2.3788e-24
2.925,2.972,0.005,0.36574,-0.0011503,-1.6373e-39
5.925,0.024,0.005,-0.25051,0.0017612,-2.5463e-25
5.875,0.072,0.005,-0.26895,0.0048041,-1.8198e-40
5.825,0.12,0.005,-0.26807,0.0079154,5.4677e-24
5.775,0.168,0.005,-0.26283,0.011378,5.6358e-24
5.725,0.216,0.005,-0.25592,0.015223,3.1164e-24
5.675,0.264,0.005,-0.24815,0.019513,-2.4233e-24
5.625,0.312,0.005,-0.2398,0.024222,4.3743e-24
5.575,0.36,0.005,-0.23097,0.029327,1.894e-24
5.525,0.408,0.005,-0.22175,0.03479,-1.1161e-23
5.475,0.456,0.005,-0.21218,0.040565,-1.5365e-23
5.425,0.50502,0.005,-0.20217,0.046671,1.8182e-24
5.375,0.55506,0.005,-0.19175,0.053049,1.3788e-23
5.325,0.60511,0.005,-0.18108,0.059557,2.2556e-24
5.275,0.65515,0.005,-0.1702,0.066123,-9.9048e-24
5.225,0.70519,0.005,-0.15914,0.072667,-1.779e-23
5.175,0.75523,0.005,-0.14793,0.079105,-2.1568e-23
5.125,0.80528,0.005,-0.13664,0.085358,-7.1153e-24
5.075,0.85532,0.005,-0.12531,0.091345,1.6494e-23
5.025,0.90536,0.005,-0.11402,0.096993,1.8751e-23
4.975,0.9554,0.005,-0.10283,0.10224,3.0394e-23
4.925,1.0054,0.005,-0.091822,0.10704,1.7665e-23
4.875,1.0555,0.005,-0.081062,0.11134,1.3012e-23
4.825,1.1055,0.005,-0.070627,0.11511,2.0038e-23
4.775,1.1556,0.005,-0.060583,0.11836,1.3526e-23
4.725,1.2056,0.005,-0.050991,0.12108,-1.3747e-23
4.675,1.2557,0.005,-0.041901,0.12327,1.3955e-23
4.625,1.3057,0.005,-0.033357,0.12495,-1.8879e-25
4.575,1.3557,0.005,-0.025394,0.12615,2.8744e-23
4.525,1.4058,0.005,-0.018038,0.12687,-4.2185e-24
4.475,1.4558,0.005,-0.011315,0.12713,3.1237e-24
4.425,1.5059,0.005,-0.0052428,0.12693,-1.5111e-23
4.375,1.5559,0.005,0.0001547,0.12628,0
4.325,1.606,0.005,0.0048544,0.12515,2.4904e-24
4.275,1.656,0.005,0.008821,0.1235,-7.0743e-24
4.225,1.706,0.005,0.012015,0.12123,1.5902e-23
4.175,1.7561,0.005,0.014365,0.11821,-4.6894e-24
4.125,1.8061,0.005,0.015781,0.1142,1.9209e-23
4.075,1.8562,0.005,0.016154,0.10898,-3.2706e-23
4.025,1.9062,0.005,0.015335,0.10224,2.2349e-23
3.975,1.9563,0.005,0.013187,0.093649,-1.3674e-23
3.925,2.0063,0.005,0.0096357,0.083073,-3.0557e-23
3.875,2.0563,0.005,0.0045474,0.070514,7.3962e-24
3.825,2.1064,0.005,-0.0016548,0.056462,2.1211e-24
3.775,2.1564,0.005,-0.0066266,0.042545,-4.7823e-25
3.725,2.2065,0.005,-0.0081992,0.029987,-7.2917e-25
3.675,2.2565,0.005,-0.0057392,0.019184,2.9828e-24
3.625,2.3066,0.005,0.00068769,0.010252,6.3503e-26
3.575,2.3566,0.005,0.010887,0.0031171,1.6963e-37
3.525,2.4066,0.005,0.024724,-0.0023474,1.9683e-24
3.475,2.4567,0.005,0.042105,-0.006324,-3.1913e-26
3.425,2.5067,0.005,0.062971,-0.0090332,-2.3119e-33
3.375,2.5568,0.005,0.087283,-0.010724,2.2562e-25
3.325,2.6068,0.005,0.11504,-0.011638,2.3194e-24
3.275,2.6569,0.005,0.14632,-0.011963,-4.1885e-24
3.225,2.7069,0.005,0.1812,-0.011846,1.7817e-24
3.175,2.7569,0.005,0.21974,-0.011262,2.2709e-24
3.125,2.807,0.005,0.26171,-0.010089,3.8976e-25
3.075,2.86,0.005,0.30828,-0.0082662,3.906e-25
3.025,2.916,0.005,0.35317,-0.0047282,-1.7443e-37
2.975,2.972,0.005,0.3632,-0.0012311,-2.3787e-24
5.975,0.024,0.005,-0.25354,0.0015789,0
5.925,0.072,0.005,-0.27148,0.0043442,-1.0684e-24
5.875,0.12,0.005,-0.27053,0.0071246,-5.7458e-40
5.825,0.168,0.005,-0.26535,0.010293,1.0009e-23
5.775,0.216,0.005,-0.25858,0.013844,3.0023e-24
5.725,0.264,0.005,-0.25096,0.017849,3.621e-24
5.675,0.312,0.005,-0.24275,0.022279,2.6094e-37
5.625,0.36,0.005,-0.23404,0.027113,4.8482e-24
5.575,0.408,0.005,-0.22491,0.03232,1.3731e-23
5.525,0.456,0.005,-0.21541,0.03786,-2.4838e-25
5.475,0.50502,0.005,-0.20544,0.043753,0
5.425,0.55506,0.005,-0.19502,0.049945,0
5.375,0.60511,0.005,-0.18432,0.056305,7.9133e-37
5.325,0.65515,0.005,-0.17337,0.062764,9.7824e-24
5.275,0.70519,0.005,-0.1622,0.069244,-1.5077e-32
5.225,0.75523,0.005,-0.15085,0.075663,-1.0801e-23
5.175,0.80528,0.005,-0.13938,0.08194,-1.1297e-23
5.125,0.85532,0.005,-0.12783,0.087991,-3.8581e-37
5.075,0.90536,0.005,-0.11628,0.09374,-7.8081e-25
5.025,0.9554,0.005,-0.1048,0.099114,-1.1824e-32
4.975,1.0054,0.005,-0.093473,0.10406,-6.2657e-32
4.925,1.0555,0.005,-0.082368,0.10852,-2.6832e-23
4.875,1.1055,0.005,-0.071565,0.11246,0
4.825,1.1556,0.005,-0.061139,0.11586,2.7316e-24
4.775,1.2056,0.005,-0.051155,0.11872,1.4262e-23
4.725,1.2557,0.005,-0.041669,0.12104,-8.8314e-25
4.675,1.3057,0.005,-0.032729,0.12284,-1.4775e-23
4.625,1.3557,0.005,-0.024372,0.12413,1.3892e-23
4.575,1.4058,0.005,-0.016627,0.12493,1.5168e-23
4.525,1.4558,0.005,-0.0095167,0.12526,3.0513e-24
4.475,1.5059,0.005,-0.0030593,0.12513,-1.1615e-23
4.425,1.5559,0.005,0.0027262,0.12456,-1.5635e-23
4.375,1.606,0.005,0.0078204,0.12351,0
4.325,1.656,0.005,0.0122,0.12198,6.8178e-37
4.275,1.706,0.005,0.015831,0.1199,-6.7263e-24
4.225,1.7561,0.005,0.018667,0.11718,-1.9477e-23
4.175,1.8061,0.005,0.020628,0.11364,-4.3249e-24
4.125,1.8562,0.005,0.021613,0.10906,3.9378e-31
4.075,1.9062,0.005,0.021494,0.10319,1.2152e-23
4.025,1.9563,0.005,0.020112,0.095712,2.1142e-31
3.975,2.0063,0.005,0.017329,0.086368,1.9444e-23
3.925,2.0563,0.005,0.012967,0.075003,-1.0503e-24
3.875,2.1064,0.005,0.0070541,0.061742,-8.0215e-24
3.825,2.1564,0.005,0.0014167,0.047931,-1.9611e-24
3.775,2.2065,0.005,-0.0011448,0.035044,0
3.725,2.2565,0.005,1.65e-05,0.023629,9.3429e-25
3.675,2.3066,0.005,0.0053175,0.014004,2.4385e-24
3.625,2.3566,0.005,0.014501,0.0061402,1.4367e-24
3.575,2.4066,0.005,0.027442,-3.8845e-05,-1.3441e-25
3.525,2.4567,0.005,0.044055,-0.0046725,1.7808e-24
3.475,2.5067,0.005,0.064284,-0.0079466,-1.9015e-24
3.425,2.5568,0.005,0.088085,-0.010085,-1.3005e-25
3.375,2.6068,0.005,0.11543,-0.011322,-1.6506e-24
3.325,2.6569,0.005,0.14635,-0.011864,4.0512e-24
3.275,2.7069,0.005,0.18085,-0.011837,-3.112e-24
3.225,2.7569,0.005,0.21892,-0.011299,-7.1452e-24
3.175,2.807,0.005,0.26025,-0.010133,-2.2695e-24
3.125,2.86,0.005,0.30594,-0.0082874,-8.6431e-38
3.075,2.916,0.005,0.34995,-0.0047475,4.2821e-38
3.025,2.972,0.005,0.36062,-0.001308,2.6646e-24
6.025,0.024,0.005,-0.25625,0.0014021,0
5.975,0.072,0.005,-0.27371,0.0038968,1.7363e-24
5.925,0.12,0.005,-0.27269,0.0063517,-8.1581e-24
5.875,0.168,0.005,-0.26759,0.0092325,1.5586e-37
5.825,0.216,0.005,-0.26097,0.012495,4.711e-24
5.775,0.264,0.005,-0.25351,0.016218,3.5092e-24
5.725,0.312,0.005,-0.24544,0.02037,2.3019e-37
5.675,0.36,0.005,-0.23686,0.024934,-1.6639e-23
5.625,0.408,0.005,-0.22784,0.029883,-5.3215e-24
5.575,0.456,0.005,-0.21843,0.035183,1.3875e-23
5.525,0.50502,0.005,-0.20851,0.040852,6.5585e-24
5.475,0.55506,0.005,-0.19812,0.046846,0
5.425,0.60511,0.005,-0.1874,0.053043,-1.6219e-23
5.375,0.65515,0.005,-0.17641,0.059376,1.3624e-37
5.325,0.70519,0.005,-0.16516,0.065771,1.7828e-23
5.275,0.75523,0.005,-0.15369,0.072149,1.0764e-23
5.225,0.80528,0.005,-0.14205,0.078428,-1.1332e-23
5.175,0.85532,0.005,-0.13031,0.084523,-1.1885e-23
5.125,0.90536,0.005,-0.11852,0.090356,1.2417e-23
5.075,0.9554,0.005,-0.10677,0.09585,-6.7259e-24
5.025,1.0054,0.005,-0.095141,0.10094,-1.1015e-23
4.975,1.0555,0.005,-0.083704,0.10557,-2.3265e-23
4.925,1.1055,0.005,-0.072545,0.10968,-1.4194e-23
4.875,1.1556,0.005,-0.061742,0.11326,-1.4524e-23
4.825,1.2056,0.005,-0.051368,0.11628,1.4811e-23
4.775,1.2557,0.005,-0.041486,0.11874,1.5066e-23
4.725,1.3057,0.005,-0.032147,0.12066,-1.5361e-23
4.675,1.3557,0.005,-0.023394,0.12206,-1.5535e-23
4.625,1.4058,0.005,-0.015257,0.12295,2.8506e-37
4.575,1.4558,0.005,-0.0077599,0.12336,0
4.525,1.5059,0.005,-0.00091822,0.12331,1.638e-23
4.475,1.5559,0.005,0.0052504,0.1228,6.345e-37
4.425,1.606,0.005,0.010732,0.12184,-2.6797e-23
4.375,1.656,0.005,0.015509,0.1204,-5.1793e-39
4.325,1.706,0.005,0.019559,0.11846,7.271e-24
4.275,1.7561,0.005,0.022845,0.11595,2.2302e-23
4.225,1.8061,0.005,0.025314,0.11275,1.1063e-36
4.175,1.8562,0.005,0.026871,0.10868,1.3535e-23
4.125,1.9062,0.005,0.0274,0.10349,-2.5953e-23
4.075,1.9563,0.005,0.026755,0.096928,-1.4152e-23
4.025,2.0063,0.005,0.024765,0.088699,8.7858e-24
3.975,2.0563,0.005,0.021213,0.078546,-9.9289e-24
3.925,2.1064,0.005,0.015865,0.066319,-8.0288e-25
3.875,2.1564,0.005,0.0099678,0.052888,2.9229e-38
3.825,2.2065,0.005,0.0061469,0.039869,-3.2018e-25
3.775,2.2565,0.005,0.0063827,0.02808,-7.4487e-25
3.725,2.3066,0.005,0.010501,0.01788,-9.7383e-25
3.675,2.3566,0.005,0.018623,0.0093616,2.28e-24
3.625,2.4066,0.005,0.030603,0.002509,-1.228e-24
3.575,2.4567,0.005,0.046372,-0.0027686,1.6932e-25
3.525,2.5067,0.005,0.065877,-0.0066186,1.6286e-24
3.475,2.5568,0.005,0.089077,-0.0092328,3.0969e-26
3.425,2.6068,0.005,0.11593,-0.010829,-3.3783e-38
3.375,2.6569,0.005,0.14641,-0.011615,1.0089e-32
3.325,2.7069,0.005,0.18049,-0.01173,3.3409e-25
3.275,2.7569,0.005,0.21805,-0.01126,1.4365e-32
3.225,2.807,0.005,0.25874,-0.010124,2.137e-24
3.175,2.86,0.005,0.30356,-0.0082762,4.9911e-26
3.125,2.916,0.005,0.34674,-0.0047482,-2.5877e-24
3.075,2.972,0.005,0.358,-0.0013793,4.367e-38
6.075,0.024,0.005,-0.25865,0.0012295,-2.7976e-25
6.025,0.072,0.005,-0.27562,0.0034626,-4.1192e-24
5.975,0.12,0.005,-0.27456,0.005595,-5.0386e-24
5.925,0.168,0.005,-0.26955,0.0081949,-1.1264e-23
5.875,0.216,0.005,-0.26309,0.011174,2.9273e-40
5.825,0.264,0.005,-0.2558,0.014617,7.9544e-24
5.775,0.312,0.005,-0.24789,0.018492,-9.1587e-38
5.725,0.36,0.005,-0.23945,0.022787,1.2058e-37
5.675,0.408,0.005,-0.23055,0.027476,-5.9773e-24
5.625,0.456,0.005,-0.22123,0.03253,-1.6954e-23
5.575,0.50502,0.005,-0.21139,0.037969,-7.476e-24
5.525,0.55506,0.005,-0.20103,0.043753,0
5.475,0.60511,0.005,-0.19033,0.049771,-7.1847e-24
5.425,0.65515,0.005,-0.1793,0.05596,-9.3736e-24
5.375,0.70519,0.005,-0.16799,0.062249,7.7312e-24
5.325,0.75523,0.005,-0.15642,0.068562,2.1331e-23
5.275,0.80528,0.005,-0.14464,0.074818,1.5376e-32
5.225,0.85532,0.005,-0.13272,0.080935,-1.1934e-23
5.175,0.90536,0.005,-0.12072,0.086831,-1.2545e-23
5.125,0.9554,0.005,-0.10872,0.092429,1.3131e-23
5.075,1.0054,0.005,-0.096799,0.097655,1.9481e-23
5.025,1.0555,0.005,-0.08505,0.10244,9.1802e-24
4.975,1.1055,0.005,-0.07355,0.10674,-6.3708e-24
4.925,1.1556,0.005,-0.062382,0.11051,0
4.875,1.2056,0.005,-0.051626,0.11371,-1.7609e-23
4.825,1.2557,0.005,-0.041349,0.11634,-1.6898e-23
4.775,1.3057,0.005,-0.031612,0.11841,1.556e-23
4.725,1.3557,0.005,-0.022461,0.11993,-4.9424e-23
4.675,1.4058,0.005,-0.01393,0.12093,-1.458e-23
4.625,1.4558,0.005,-0.0060447,0.12143,2.927e-24
4.575,1.5059,0.005,0.0011802,0.12146,1.6887e-23
4.525,1.5559,0.005,0.0077283,0.12102,1.6158e-23
4.475,1.606,0.005,0.01359,0.12013,-3.2124e-23
4.425,1.656,0.005,0.018754,0.11878,3.0287e-23
4.375,1.706,0.005,0.023203,0.11696,-6.9639e-24
4.325,1.7561,0.005,0.026916,0.1146,3.6699e-23
4.275,1.8061,0.005,0.02985,0.11165,-2.2604e-23
4.225,1.8562,0.005,0.031937,0.10796,8.9698e-24
4.175,1.9062,0.005,0.033068,0.10332,-2.716e-23
4.125,1.9563,0.005,0.033108,0.097494,1.9534e-23
4.075,2.0063,0.005,0.031889,0.090213,-2.4748e-24
4.025,2.0563,0.005,0.029179,0.081189,3.2833e-37
3.975,2.1064,0.005,0.024592,0.070103,-5.071e-24
3.925,2.1564,0.005,0.018752,0.057355,-1.7948e-24
3.875,2.2065,0.005,0.014254,0.044418,1.8103e-25
3.825,2.2565,0.005,0.01316,0.032389,-8.1616e-25
3.775,2.3066,0.005,0.016232,0.021799,1.0291e-24
3.725,2.3566,0.005,0.023249,0.012717,-4.7119e-25
3.675,2.4066,0.005,0.034219,0.0052497,1.2065e-24
3.625,2.4567,0.005,0.049076,-0.0006424,7.8543e-25
3.575,2.5067,0.005,0.06778,-0.0050648,1.2938e-24
3.525,2.5568,0.005,0.090294,-0.008172,-5.3093e-38
3.475,2.6068,0.005,0.11657,-0.010158,-5.9152e-38
3.425,2.6569,0.005,0.14655,-0.011221,-3.6526e-24
3.375,2.7069,0.005,0.18013,-0.011526,-4.3923e-25
3.325,2.7569,0.005,0.21717,-0.011143,4.2701e-24
3.275,2.807,0.005,0.25719,-0.010057,2.3688e-24
3.225,2.86,0.005,0.30116,-0.0082284,-3.7713e-26
3.175,2.916,0.005,0.34355,-0.004728,3.7721e-25
3.125,2.972,0.005,0.35535,-0.0014437,-2.7811e-24
6.125,0.024,0.005,-0.26074,0.0010572,-3.0758e-25
6.075,0.072,0.005,-0.27725,0.0030342,-4.5291e-24
6.025,0.12,0.005,-0.27614,0.0048533,-1.6465e-24
5.975,0.168,0.005,-0.27124,0.0071762,-4.2373e-37
5.925,0.216,0.005,-0.26495,0.009877,-7.11e-24
5.875,0.264,0.005,-0.25783,0.013043,-3.3188e-24
5.825,0.312,0.005,-0.25008,0.016643,-5.6803e-25
5.775,0.36,0.005,-0.24179,0.020668,4.9681e-24
5.725,0.408,0.005,-0.23301,0.025096,5.5002e-24
5.675,0.456,0.005,-0.22381,0.029901,-6.0708e-24
5.625,0.50502,0.005,-0.21405,0.035103,-6.6518e-24
5.575,0.55506,0.005,-0.20375,0.040667,0
5.525,0.60511,0.005,-0.19307,0.046491,-7.1729e-24
5.475,0.65515,0.005,-0.18204,0.052518,-6.7379e-38
5.425,0.70519,0.005,-0.17068,0.05868,-9.7916e-24
5.375,0.75523,0.005,-0.15902,0.064904,-1.8423e-23
5.325,0.80528,0.005,-0.14712,0.07111,-7.8705e-24
5.275,0.85532,0.005,-0.13503,0.07722,4.5587e-37
5.225,0.90536,0.005,-0.12283,0.083155,-1.2604e-23
5.175,0.9554,0.005,-0.1106,0.088834,-3.3305e-23
5.125,1.0054,0.005,-0.09842,0.094185,-7.8323e-24
5.075,1.0555,0.005,-0.086379,0.099134,2.3746e-23
5.025,1.1055,0.005,-0.074559,0.10362,1.9496e-23
4.975,1.1556,0.005,-0.063044,0.10758,3.4585e-24
4.925,1.2056,0.005,-0.051916,0.11099,0
4.875,1.2557,0.005,-0.041253,0.11381,-1.6336e-23
4.825,1.3057,0.005,-0.03112,0.11604,1.6306e-23
4.775,1.3557,0.005,-0.021571,0.11771,1.6181e-23
4.725,1.4058,0.005,-0.012645,0.11884,-1.8037e-24
4.675,1.4558,0.005,-0.0043705,0.11945,0
4.625,1.5059,0.005,0.0032366,0.11956,0
4.575,1.5559,0.005,0.010161,0.11921,0
4.525,1.606,0.005,0.016397,0.1184,1.5813e-23
4.475,1.656,0.005,0.021938,0.11714,-3.6684e-23
4.425,1.706,0.005,0.026774,0.11541,1.3371e-23
4.375,1.7561,0.005,0.030889,0.11318,-1.4698e-23
4.325,1.8061,0.005,0.034257,0.11042,2.2447e-23
4.275,1.8562,0.005,0.036826,0.10701,-8.5522e-24
4.225,1.9062,0.005,0.038512,0.1028,1.4006e-23
4.175,1.9563,0.005,0.039186,0.097569,4.2578e-24
4.125,2.0063,0.005,0.038689,0.091075,-9.2851e-24
4.075,2.0563,0.005,0.036802,0.083041,1.1589e-23
4.025,2.1064,0.005,0.033085,0.073087,3.4111e-24
3.975,2.1564,0.005,0.02762,0.061222,-1.0048e-23
3.925,2.2065,0.005,0.022621,0.048619,2.7821e-24
3.875,2.2565,0.005,0.020572,0.036542,1.8267e-37
3.825,2.3066,0.005,0.022445,0.025645,-6.5428e-25
3.775,2.3566,0.005,0.028369,0.016136,2.4269e-25
3.725,2.4066,0.005,0.038291,0.0081305,6.6244e-25
3.675,2.4567,0.005,0.052182,0.0016685,-4.9996e-38
3.625,2.5067,0.005,0.070017,-0.0033078,5.5365e-33
3.575,2.5568,0.005,0.091766,-0.0069133,1.6915e-25
3.525,2.6068,0.005,0.11738,-0.0093098,-1.5092e-24
3.475,2.6569,0.005,0.14678,-0.010682,3.11e-24
3.425,2.7069,0.005,0.17982,-0.011196,-1.6177e-24
3.375,2.7569,0.005,0.21628,-0.010946,1.4516e-25
3.325,2.807,0.005,0.25563,-0.0099284,1.9463e-24
3.275,2.86,0.005,0.29875,-0.0081409,2.4492e-24
3.225,2.916,0.005,0.34037,-0.0046846,-2.0877e-24
3.175,2.972,0.005,0.35268,-0.0014998,-2.7798e-24
6.175,0.024,0.005,-0.26252,0.00088422,-3.262e-25
6.125,0.072,0.005,-0.27859,0.0025958,-1.1294e-24
6.075,0.12,0.005,-0.27745,0.0041274,-2.346e-37
6.025,0.168,0.005,-0.27266,0.0061728,7.298e-24
5.975,0.216,0.005,-0.26653,0.0086017,8.3572e-24
5.925,0.264,0.005,-0.25959,0.011493,-2.0487e-25
5.875,0.312,0.005,-0.25201,0.01482,-2.969e-37
5.825,0.36,0.005,-0.24387,0.018576,4.4525e-24
5.775,0.408,0.005,-0.23524,0.022742,8.826e-38
5.725,0.456,0.005,-0.22616,0.027294,-5.6236e-24
5.675,0.50502,0.005,-0.21649,0.032253,1.2628e-23
5.625,0.55506,0.005,-0.20626,0.037588,2.0561e-23
5.575,0.60511,0.005,-0.19562,0.043207,8.3762e-25
5.525,0.65515,0.005,-0.1846,0.049055,8.7268e-38
5.475,0.70519,0.005,-0.17321,0.05507,7.8808e-24
5.425,0.75523,0.005,-0.16148,0.06118,-2.2323e-24
5.375,0.80528,0.005,-0.14946,0.067309,3.01e-24
5.325,0.85532,0.005,-0.13722,0.073383,1.1811e-23
5.275,0.90536,0.005,-0.12483,0.079323,7.5139e-24
5.225,0.9554,0.005,-0.11239,0.085057,1.402e-32
5.175,1.0054,0.005,-0.099971,0.090509,-2.045e-23
5.125,1.0555,0.005,-0.087663,0.095606,1.1018e-36
5.075,1.1055,0.005,-0.075547,0.10027,4.0315e-23
5.025,1.1556,0.005,-0.063707,0.10445,1.6049e-23
4.975,1.2056,0.005,-0.052227,0.10807,-1.3891e-23
4.925,1.2557,0.005,-0.041188,0.11111,3.4016e-23
4.875,1.3057,0.005,-0.030666,0.11355,4.8157e-25
4.825,1.3557,0.005,-0.020721,0.11539,3.538e-23
4.775,1.4058,0.005,-0.011401,0.11667,-3.4803e-24
4.725,1.4558,0.005,-0.0027367,0.1174,2.8453e-24
4.675,1.5059,0.005,0.005252,0.11762,-1.7668e-23
4.625,1.5559,0.005,0.012551,0.11736,0
4.575,1.606,0.005,0.019156,0.11663,5.6854e-24
4.525,1.656,0.005,0.025065,0.11545,-5.8223e-24
4.475,1.706,0.005,0.030274,0.11382,1.2878e-23
4.425,1.7561,0.005,0.034775,0.11171,-1.4843e-23
4.375,1.8061,0.005,0.038549,0.10909,2.9877e-23
4.325,1.8562,0.005,0.041563,0.1059,-1.4471e-23
4.275,1.9062,0.005,0.043751,0.10202,5.8343e-37
4.225,1.9563,0.005,0.045006,0.097275,-1.7892e-23
4.175,2.0063,0.005,0.045177,0.09143,3.6104e-23
4.125,2.0563,0.005,0.044065,0.084237,-1.6412e-23
4.075,2.1064,0.005,0.041244,0.075327,-1.4768e-24
4.025,2.1564,0.005,0.036409,0.064445,7.1362e-24
3.975,2.2065,0.005,0.031198,0.052385,-3.8037e-24
3.925,2.2565,0.005,0.028301,0.040423,1.9122e-24
3.875,2.3066,0.005,0.029119,0.029356,7.0822e-25
3.825,2.3566,0.005,0.033948,0.019535,-1.3356e-24
3.775,2.4066,0.005,0.04281,0.011093,-4.2073e-25
3.725,2.4567,0.005,0.055697,0.0041207,7.7186e-25
3.675,2.5067,0.005,0.072606,-0.001377,-1.4849e-25
3.625,2.5568,0.005,0.093519,-0.0054734,2.6594e-25
3.575,2.6068,0.005,0.11839,-0.008293,1.612e-25
3.525,2.6569,0.005,0.14714,-0.0099976,-1.3513e-24
3.475,2.7069,0.005,0.17957,-0.010749,1.4767e-24
3.425,2.7569,0.005,0.21541,-0.01066,-1.6377e-24
3.375,2.807,0.005,0.25408,-0.0097376,-1.7919e-24
3.325,2.86,0.005,0.29635,-0.0080113,-2.4155e-24
3.275,2.916,0.005,0.33724,-0.0046163,2.9766e-24
3.225,2.972,0.005,0.35002,-0.0015463,3.2399e-25
6.225,0.024,0.005,-0.264,0.00071441,-4.8557e-25
6.175,0.072,0.005,-0.27965,0.0021571,-2.2122e-24
6.125,0.12,0.005,-0.2784,0.0034298,3.2189e-24
6.075,0.168,0.005,-0.27381,0.0051884,3.9448e-24
6.025,0.216,0.005,-0.26786,0.007345,2.6333e-24
5.975,0.264,0.005,-0.2611,0.0099661,9.2297e-24
5.925,0.312,0.005,-0.25369,0.013022,7.1174e-24
5.875,0.36,0.005,-0.24571,0.01651,4.3068e-24
5.825,0.408,0.005,-0.23722,0.020413,0
5.775,0.456,0.005,-0.22827,0.02471,4.8746e-24
5.725,0.50502,0.005,-0.21871,0.029421,6.0659e-24
5.675,0.55506,0.005,-0.20856,0.03452,6.5947e-24
5.625,0.60511,0.005,-0.19798,0.039921,7.5558e-24
5.575,0.65515,0.005,-0.18697,0.045577,8.342e-24
5.525,0.70519,0.005,-0.17555,0.051425,-1.5861e-32
5.475,0.75523,0.005,-0.16376,0.057398,-8.1335e-24
5.425,0.80528,0.005,-0.15164,0.063423,-1.0791e-23
5.375,0.85532,0.005,-0.13925,0.069428,8.0295e-24
5.325,0.90536,0.005,-0.1267,0.075342,1.246e-23
5.275,0.9554,0.005,-0.11406,0.081095,4.5644e-37
5.225,1.0054,0.005,-0.10142,0.086619,-6.6341e-24
5.175,1.0555,0.005,-0.088869,0.091839,-5.0753e-23
5.125,1.1055,0.005,-0.076485,0.096681,-2.0734e-23
5.075,1.1556,0.005,-0.064347,0.10106,3.995e-24
5.025,1.2056,0.005,-0.052539,0.10493,1.7125e-23
4.975,1.2557,0.005,-0.041144,0.10821,-1.7915e-24
4.925,1.3057,0.005,-0.030244,0.11088,-1.7503e-23
4.875,1.3557,0.005,-0.019909,0.11293,1.7462e-23
4.825,1.4058,0.005,-0.010195,0.11438,3.7703e-23
4.775,1.4558,0.005,-0.0011422,0.11527,2.8264e-24
4.725,1.5059,0.005,0.0072274,0.11561,-1.4431e-23
4.675,1.5559,0.005,0.014898,0.11546,-1.7096e-23
4.625,1.606,0.005,0.021869,0.11483,0
4.575,1.656,0.005,0.028139,0.11374,-1.974e-36
4.525,1.706,0.005,0.03371,0.1122,6.2254e-24
4.475,1.7561,0.005,0.03858,0.1102,-1.4143e-24
4.425,1.8061,0.005,0.042739,0.10771,-2.9508e-23
4.375,1.8562,0.005,0.046164,0.1047,1.5592e-31
4.325,1.9062,0.005,0.04881,0.10108,-4.8095e-37
4.275,1.9563,0.005,0.050592,0.096707,-8.5545e-24
4.225,2.0063,0.005,0.051376,0.091395,2.2643e-23
4.175,2.0563,0.005,0.050978,0.084906,-1.3305e-23
4.125,2.1064,0.005,0.049024,0.076913,-1.245e-31
4.075,2.1564,0.005,0.04498,0.067027,-5.6079e-38
4.025,2.2065,0.005,0.03986,0.055661,-4.7613e-24
3.975,2.2565,0.005,0.036311,0.043981,-1.0923e-23
3.925,2.3066,0.005,0.036154,0.03289,-2.0671e-24
3.875,2.3566,0.005,0.039939,0.02285,7.6308e-25
3.825,2.4066,0.005,0.047751,0.014073,-6.8804e-25
3.775,2.4567,0.005,0.059615,0.0066679,4.7809e-39
3.725,2.5067,0.005,0.075554,0.00069305,-1.0259e-24
3.675,2.5568,0.005,0.095573,-0.0038743,4.8097e-25
3.625,2.6068,0.005,0.11964,-0.007119,1.1543e-24
3.575,2.6569,0.005,0.14765,-0.0091734,-1.1286e-24
3.525,2.7069,0.005,0.17942,-0.010188,1.3967e-24
3.475,2.7569,0.005,0.21459,-0.010282,-1.4617e-24
3.425,2.807,0.005,0.25254,-0.0094812,-1.5552e-24
3.375,2.86,0.005,0.29398,-0.007839,-1.734e-24
3.325,2.916,0.005,0.33416,-0.0045221,2.9098e-24
3.275,2.972,0.005,0.34736,-0.0015822,2.2801e-24
6.275,0.024,0.005,-0.26518,0.00054983,-4.737e-38
6.225,0.072,0.005,-0.28043,0.0017383,-2.167e-24
6.175,0.12,0.005,-0.27912,0.0027589,-2.3215e-24
6.125,0.168,0.005,-0.2747,0.0042355,7.0028e-25
6.075,0.216,0.005,-0.26893,0.0061077,-3.3959e-37
6.025,0.264,0.005,-0.26235,0.0084602,-3.1032e-24
5.975,0.312,0.005,-0.25511,0.011247,7.9574e-25
5.925,0.36,0.005,-0.2473,0.014468,0
5.875,0.408,0.005,-0.23896,0.018108,0
5.825,0.456,0.005,-0.23014,0.022149,-6.4458e-25
5.775,0.50502,0.005,-0.2207,0.026609,6.1689e-24
5.725,0.55506,0.005,-0.21064,0.031464,-4.3137e-38
5.675,0.60511,0.005,-0.20012,0.036639,-2.13e-23
5.625,0.65515,0.005,-0.18914,0.042089,2.132e-37
5.575,0.70519,0.005,-0.17771,0.047755,8.7343e-24
5.525,0.75523,0.005,-0.16586,0.05357,-1.3812e-24
5.475,0.80528,0.005,-0.15364,0.059464,-1.6546e-32
5.425,0.85532,0.005,-0.14112,0.065368,-8.1752e-24
5.375,0.90536,0.005,-0.1284,0.071221,2.5395e-37
5.325,0.9554,0.005,-0.11557,0.076957,7.4603e-24
5.275,1.0054,0.005,-0.10273,0.082514,3.471e-25
5.225,1.0555,0.005,-0.089965,0.087827,-2.1138e-23
5.175,1.1055,0.005,-0.077342,0.092818,-2.6609e-23
5.125,1.1556,0.005,-0.064938,0.097407,-3.3617e-23
5.075,1.2056,0.005,-0.052832,0.10151,3.2062e-23
5.025,1.2557,0.005,-0.041106,0.10506,-1.8318e-23
4.975,1.3057,0.005,-0.029845,0.10799,-2.0492e-23
4.925,1.3557,0.005,-0.01913,0.11029,-1.9387e-23
4.875,1.4058,0.005,-0.0090277,0.11196,-2.1252e-36
4.825,1.4558,0.005,0.00041379,0.11302,0
4.775,1.5059,0.005,0.0091638,0.11352,1.861e-23
4.725,1.5559,0.005,0.017206,0.11349,6.7865e-37
4.675,1.606,0.005,0.024537,0.11297,-2.6512e-23
4.625,1.656,0.005,0.031163,0.11198,-5.4639e-38
4.575,1.706,0.005,0.037087,0.11053,6.0449e-24
4.525,1.7561,0.005,0.042312,0.10864,2.162e-23
4.475,1.8061,0.005,0.046836,0.10628,-1.4843e-23
4.425,1.8562,0.005,0.050647,0.10342,2.2176e-23
4.375,1.9062,0.005,0.053713,0.10001,-7.8801e-24
4.325,1.9563,0.005,0.055971,0.09594,-8.1847e-24
4.275,2.0063,0.005,0.05731,0.09106,2.2696e-24
4.225,2.0563,0.005,0.057563,0.085161,-5.9044e-24
4.175,2.1064,0.005,0.056416,0.077953,-1.8895e-23
4.125,2.1564,0.005,0.05324,0.069008,-9.7985e-24
4.075,2.2065,0.005,0.04847,0.058424,8.8678e-24
4.025,2.2565,0.005,0.044507,0.047168,-1.0327e-38
3.975,2.3066,0.005,0.043497,0.03619,-6.4025e-38
3.925,2.3566,0.005,0.046288,0.026044,6.0096e-38
3.875,2.4066,0.005,0.053077,0.017015,7.5515e-25
3.825,2.4567,0.005,0.063919,0.0092592,-6.4558e-39
3.775,2.5067,0.005,0.078863,0.0028642,2.0399e-25
3.725,2.5568,0.005,0.097942,-0.0021426,-8.9182e-25
3.675,2.6068,0.005,0.12114,-0.0058041,6.5524e-25
3.625,2.6569,0.005,0.14835,-0.0082175,3.5604e-25
3.575,2.7069,0.005,0.17939,-0.0095137,-1.9931e-25
3.525,2.7569,0.005,0.21385,-0.0098149,1.1098e-24
3.475,2.807,0.005,0.25105,-0.0091599,1.3016e-24
3.425,2.86,0.005,0.29166,-0.0076224,-2.1578e-24
3.375,2.916,0.005,0.33114,-0.0044015,-2.793e-24
3.325,2.972,0.005,0.34474,-0.0016063,2.8747e-24
6.325,0.024,0.005,-0.26607,0.00038956,-1.8176e-24
6.275,0.072,0.005,-0.28092,0.0013313,0
6.225,0.12,0.005,-0.27965,0.0020789,-1.4377e-24
6.175,0.168,0.005,-0.27532,0.0033012,-2.181e-24
6.125,0.216,0.005,-0.26973,0.0048944,-5.0279e-24
6.075,0.264,0.005,-0.26333,0.0069755,4.2921e-24
6.025,0.312,0.005,-0.25628,0.0094944,-1.0365e-37
5.975,0.36,0.005,-0.24863,0.01245,0
5.925,0.408,0.005,-0.24045,0.015828,0
5.875,0.456,0.005,-0.23178,0.019612,-1.0319e-23
5.825,0.50502,0.005,-0.22246,0.023816,-1.6063e-23
5.775,0.55506,0.005,-0.2125,0.028424,1.4737e-37
5.725,0.60511,0.005,-0.20205,0.033366,2.3271e-37
5.675,0.65515,0.005,-0.19111,0.038599,-4.4645e-37
5.625,0.70519,0.005,-0.17968,0.044067,2.4282e-23
5.575,0.75523,0.005,-0.16778,0.049706,3.573e-23
5.525,0.80528,0.005,-0.15546,0.055447,2.0114e-23
5.475,0.85532,0.005,-0.14281,0.061224,8.2872e-24
5.425,0.90536,0.005,-0.12992,0.06698,4.1553e-24
5.375,0.9554,0.005,-0.11692,0.07266,3.3402e-23
5.325,1.0054,0.005,-0.10389,0.078211,2.7786e-23
5.275,1.0555,0.005,-0.090926,0.083575,8.5835e-24
5.225,1.1055,0.005,-0.078092,0.088683,1.0976e-23
5.175,1.1556,0.005,-0.065455,0.093453,-1.2509e-23
5.125,1.2056,0.005,-0.053084,0.097795,-1.7995e-23
5.075,1.2557,0.005,-0.041057,0.10161,-2.205e-24
5.025,1.3057,0.005,-0.02946,0.10484,1.7747e-23
4.975,1.3557,0.005,-0.01838,0.10743,-6.1147e-23
4.925,1.4058,0.005,-0.0078965,0.10935,-3.995e-23
4.875,1.4558,0.005,0.001931,0.11064,5.5718e-24
4.825,1.5059,0.005,0.011061,0.11132,1.9139e-23
4.775,1.5559,0.005,0.019473,0.11144,1.7867e-23
4.725,1.606,0.005,0.027164,0.11104,-3.1573e-23
4.675,1.656,0.005,0.034139,0.11016,3.2259e-23
4.625,1.706,0.005,0.040407,0.10882,-5.8975e-24
4.575,1.7561,0.005,0.045976,0.10704,3.6708e-23
4.525,1.8061,0.005,0.05085,0.1048,8.1301e-24
4.475,1.8562,0.005,0.055024,0.10208,-2.1575e-23
4.425,1.9062,0.005,0.058478,0.098847,7.1116e-24
4.375,1.9563,0.005,0.061169,0.095028,2.2448e-23
4.325,2.0063,0.005,0.063007,0.0905,-2.1027e-23
4.275,2.0563,0.005,0.063851,0.085088,1.5423e-23
4.225,2.1064,0.005,0.063438,0.078544,-2.6198e-23
4.175,2.1564,0.005,0.061139,0.070453,1.0849e-23
4.125,2.2065,0.005,0.056916,0.060681,-1.48e-24
4.075,2.2565,0.005,0.052779,0.049954,1.0558e-23
4.025,2.3066,0.005,0.05107,0.039208,4.2828e-24
3.975,2.3566,0.005,0.052944,0.029067,-4.1344e-24
3.925,2.4066,0.005,0.058746,0.01988,-2.5549e-24
3.875,2.4567,0.005,0.068584,0.011848,3.2384e-38
3.825,2.5067,0.005,0.082525,0.0050966,1.2271e-32
3.775,2.5568,0.005,0.10063,-0.00030847,8.1756e-25
3.725,2.6068,0.005,0.1229,-0.0043683,-2.8702e-25
3.675,2.6569,0.005,0.14927,-0.0071417,8.2956e-25
3.625,2.7069,0.005,0.1795,-0.0087337,2.8696e-25
3.575,2.7569,0.005,0.2132,-0.0092613,2.6192e-25
3.525,2.807,0.005,0.24963,-0.0087744,-1.7729e-24
3.475,2.86,0.005,0.2894,-0.0073659,1.1728e-24
3.425,2.916,0.005,0.32819,-0.0042509,1.1475e-24
3.375,2.972,0.005,0.34217,-0.0016175,1.8577e-24
6.375,0.024,0.005,-0.26666,0.00023147,0
6.325,0.072,0.005,-0.28115,0.00092495,-3.5807e-24
6.275,0.12,0.005,-0.27988,0.001388,-1.5914e-24
6.225,0.168,0.005,-0.27566,0.0023611,0
6.175,0.216,0.005,-0.27027,0.0037008,1.0734e-24
6.125,0.264,0.005,-0.26406,0.005512,-6.8013e-39
6.075,0.312,0.005,-0.25719,0.0077635,5.2724e-24
6.025,0.36,0.005,-0.24972,0.010455,4.0785e-24
5.975,0.408,0.005,-0.2417,0.013571,0
5.925,0.456,0.005,-0.23317,0.017097,0
5.875,0.50502,0.005,-0.22399,0.021046,3.917e-24
5.825,0.55506,0.005,-0.21413,0.025402,-4.246e-37
5.775,0.60511,0.005,-0.20377,0.030104,-1.411e-23
5.725,0.65515,0.005,-0.19287,0.035113,9.0634e-37
5.675,0.70519,0.005,-0.18144,0.040373,-7.7386e-24
5.625,0.75523,0.005,-0.1695,0.045821,-8.3089e-24
5.575,0.80528,0.005,-0.15708,0.051391,-9.5779e-24
5.525,0.85532,0.005,-0.1443,0.057017,-1.8887e-23
5.475,0.90536,0.005,-0.13126,0.062645,-8.1325e-24
5.425,0.9554,0.005,-0.11808,0.068234,-1.2509e-23
5.375,1.0054,0.005,-0.10488,0.073737,8.2445e-25
5.325,1.0555,0.005,-0.091732,0.079109,4.5745e-23
5.275,1.1055,0.005,-0.078712,0.084289,1.1366e-23
5.225,1.1556,0.005,-0.065874,0.089204,4.7153e-24
5.175,1.2056,0.005,-0.053275,0.09376,-1.4611e-23
5.125,1.2557,0.005,-0.040983,0.097857,3.8669e-23
5.075,1.3057,0.005,-0.029079,0.10139,4.0636e-23
5.025,1.3557,0.005,-0.017656,0.1043,2.0909e-23
4.975,1.4058,0.005,-0.0068016,0.10652,-1.5713e-24
4.925,1.4558,0.005,0.0034078,0.10807,0
4.875,1.5059,0.005,0.012918,0.10897,0
4.825,1.5559,0.005,0.0217,0.10928,0
4.775,1.606,0.005,0.029748,0.10903,1.7196e-23
4.725,1.656,0.005,0.037069,0.10828,-3.8059e-23
4.675,1.706,0.005,0.043675,0.10706,1.1568e-23
4.625,1.7561,0.005,0.049578,0.10538,-1.528e-23
4.575,1.8061,0.005,0.054787,0.10326,2.1557e-23
4.525,1.8562,0.005,0.059306,0.10068,-1.3883e-23
4.475,1.9062,0.005,0.063122,0.097614,2.9396e-23
4.425,1.9563,0.005,0.066208,0.094006,-7.5293e-24
4.375,2.0063,0.005,0.068497,0.089768,-2.2636e-36
4.325,2.0563,0.005,0.069871,0.084761,2.8777e-23
4.275,2.1064,0.005,0.070119,0.078774,-1.9654e-23
4.225,2.1564,0.005,0.068661,0.071433,1.1707e-23
4.175,2.2065,0.005,0.06512,0.06246,-6.9484e-24
4.125,2.2565,0.005,0.061027,0.052332,1.4994e-25
4.075,2.3066,0.005,0.058791,0.041917,2.1426e-38
4.025,2.3566,0.005,0.059847,0.03188,1.6551e-24
3.975,2.4066,0.005,0.064717,0.022624,6.2229e-24
3.925,2.4567,0.005,0.073576,0.014395,1.682e-24
3.875,2.5067,0.005,0.086522,0.0073517,-6.6952e-25
3.825,2.5568,0.005,0.10363,0.0015956,-5.2021e-25
3.775,2.6068,0.005,0.12495,-0.0028346,9.2518e-25
3.725,2.6569,0.005,0.15041,-0.0059605,4.1151e-25
3.675,2.7069,0.005,0.17979,-0.0078565,-3.6354e-25
3.625,2.7569,0.005,0.21268,-0.008626,4.6028e-25
3.575,2.807,0.005,0.24831,-0.0083253,-3.6071e-25
3.525,2.86,0.005,0.28723,-0.0070689,2.3151e-24
3.475,2.916,0.005,0.32534,-0.0040873,1.747e-37
3.425,2.972,0.005,0.33967,-0.0016145,-4.4696e-24
6.425,0.024,0.005,-0.26698,7.2644e-05,-4.1579e-25
6.375,0.072,0.005,-0.28112,0.00052522,-1.2437e-24
6.325,0.12,0.005,-0.27982,0.00071125,-1.6265e-24
6.275,0.168,0.005,-0.27574,0.0014251,2.0794e-24
6.225,0.216,0.005,-0.27054,0.0025156,2.7905e-24
6.175,0.264,0.005,-0.26453,0.0040666,5.8985e-24
6.125,0.312,0.005,-0.25785,0.006054,6.9165e-24
6.075,0.36,0.005,-0.25055,0.0084819,1.7495e-24
6.025,0.408,0.005,-0.2427,0.011337,-4.6091e-24
5.975,0.456,0.005,-0.23433,0.014606,-2.9433e-24
5.925,0.50502,0.005,-0.22528,0.018298,1.8845e-24
5.875,0.55506,0.005,-0.21554,0.022401,6.3955e-24
5.825,0.60511,0.005,-0.20526,0.026861,-1.2419e-23
5.775,0.65515,0.005,-0.19443,0.031639,-6.2628e-24
5.725,0.70519,0.005,-0.18301,0.036682,2.188e-37
5.675,0.75523,0.005,-0.17102,0.041929,-1.6178e-23
5.625,0.80528,0.005,-0.15852,0.047312,-1.6915e-23
5.575,0.85532,0.005,-0.1456,0.052769,1.5839e-24
5.525,0.90536,0.005,-0.1324,0.058249,8.1869e-24
5.475,0.9554,0.005,-0.11906,0.063713,-1.202e-23
5.425,1.0054,0.005,-0.10569,0.069131,-4.0822e-23
5.375,1.0555,0.005,-0.092378,0.074466,1.5217e-36
5.325,1.1055,0.005,-0.079193,0.079672,5.8376e-23
5.275,1.1556,0.005,-0.066181,0.084683,1.6907e-23
5.225,1.2056,0.005,-0.053388,0.089416,-1.8274e-23
5.175,1.2557,0.005,-0.040867,0.093763,1.7032e-23
5.125,1.3057,0.005,-0.028692,0.097611,-1.9606e-23
5.075,1.3557,0.005,-0.016952,0.10085,6.5688e-23
5.025,1.4058,0.005,-0.0057443,0.10342,1.9711e-23
4.975,1.4558,0.005,0.0048407,0.10528,2.7906e-24
4.925,1.5059,0.005,0.01473,0.10645,-2.027e-23
4.875,1.5559,0.005,0.023884,0.10698,0
4.825,1.606,0.005,0.032291,0.10691,1.2671e-23
4.775,1.656,0.005,0.039956,0.10631,-2.19e-23
4.725,1.706,0.005,0.046894,0.10522,1.1408e-23
4.675,1.7561,0.005,0.053121,0.10367,-1.5383e-23
4.625,1.8061,0.005,0.058653,0.10168,2.7854e-23
4.575,1.8562,0.005,0.063499,0.099229,-2.8274e-23
4.525,1.9062,0.005,0.067657,0.096315,-5.8958e-40
4.475,1.9563,0.005,0.071108,0.092896,-7.4107e-24
4.425,2.0063,0.005,0.073804,0.088905,2.9393e-23
4.375,2.0563,0.005,0.075654,0.084235,-7.2683e-24
4.325,2.1064,0.005,0.076492,0.078715,7.4361e-24
4.275,2.1564,0.005,0.075816,0.072019,-1.2381e-23
4.225,2.2065,0.005,0.073026,0.063804,-5.1722e-24
4.175,2.2565,0.005,0.069169,0.054307,-1.4102e-23
4.125,2.3066,0.005,0.066581,0.044299,-9.4624e-25
4.075,2.3566,0.005,0.066935,0.034453,-2.9304e-24
4.025,2.4066,0.005,0.070942,0.025214,3.6366e-24
3.975,2.4567,0.005,0.078862,0.016864,7.9162e-25
3.925,2.5067,0.005,0.09083,0.009594,1.4192e-32
3.875,2.5568,0.005,0.10695,0.0035376,-1.2366e-24
3.825,2.6068,0.005,0.12728,-0.0012284,-1.218e-24
3.775,2.6569,0.005,0.15179,-0.0046912,1.6502e-24
3.725,2.7069,0.005,0.18027,-0.0068921,8.5626e-25
3.675,2.7569,0.005,0.21231,-0.0079159,-3.1236e-25
3.625,2.807,0.005,0.2471,-0.007816,2.7362e-25
3.575,2.86,0.005,0.28516,-0.0067268,-1.9752e-24
3.525,2.916,0.005,0.32256,-0.0039156,8.8506e-25
3.475,2.972,0.005,0.33725,-0.0015948,-6.8604e-25
6.475,0.024,0.005,-0.26703,-8.721e-05,-4.5118e-25
6.425,0.072,0.005,-0.28081,0.00014014,1.1998e-24
6.375,0.12,0.005,-0.27951,4.0556e-05,2.7402e-26
6.325,0.168,0.005,-0.27557,0.00051611,-2.8647e-24
6.275,0.216,0.005,-0.27056,0.0013396,4.9345e-24
6.225,0.264,0.005,-0.26475,0.0026357,5.9717e-24
6.175,0.312,0.005,-0.25825,0.0043636,3.4124e-24
6.125,0.36,0.005,-0.25114,0.0065309,3.9584e-24
6.075,0.408,0.005,-0.24346,0.0091265,1.7577e-24
6.025,0.456,0.005,-0.23524,0.012139,-1.0155e-23
5.975,0.50502,0.005,-0.22634,0.015575,-6.3847e-24
5.925,0.55506,0.005,-0.21672,0.019423,-6.3493e-24
5.875,0.60511,0.005,-0.20655,0.023638,-6.9892e-24
5.825,0.65515,0.005,-0.19577,0.028182,5.6393e-24
5.775,0.70519,0.005,-0.18437,0.033003,8.0254e-24
5.725,0.75523,0.005,-0.17235,0.038041,1.5809e-23
5.675,0.80528,0.005,-0.15976,0.043229,1.6889e-23
5.625,0.85532,0.005,-0.14672,0.048505,1.7808e-23
5.575,0.90536,0.005,-0.13337,0.05382,1.0386e-23
5.525,0.9554,0.005,-0.11987,0.059139,-7.8326e-24
5.475,1.0054,0.005,-0.10633,0.064439,-1.256e-23
5.425,1.0555,0.005,-0.092868,0.069698,-4.8034e-23
5.375,1.1055,0.005,-0.079534,0.07488,-5.917e-24
5.325,1.1556,0.005,-0.066371,0.079937,1.657e-23
5.275,1.2056,0.005,-0.053414,0.084793,-1.811e-23
5.225,1.2557,0.005,-0.040701,0.08935,-2.2426e-23
5.175,1.3057,0.005,-0.028291,0.093485,-4.5227e-23
5.125,1.3557,0.005,-0.016265,0.097073,-2.2619e-23
5.075,1.4058,0.005,-0.0047263,0.10001,2.3798e-23
5.025,1.4558,0.005,0.0062234,0.10223,2.8225e-24
4.975,1.5059,0.005,0.016491,0.10372,-1.7134e-23
4.925,1.5559,0.005,0.026021,0.10451,-1.9185e-23
4.875,1.606,0.005,0.03479,0.10465,-4.8846e-24
4.825,1.656,0.005,0.042799,0.10423,1.6842e-23
4.775,1.706,0.005,0.050065,0.1033,5.6575e-24
4.725,1.7561,0.005,0.056609,0.10188,-3.5271e-24
4.675,1.8061,0.005,0.062454,0.10002,-3.0173e-23
4.625,1.8562,0.005,0.067614,0.097713,-6.5517e-24
4.575,1.9062,0.005,0.072094,0.09495,1.2918e-39
4.525,1.9563,0.005,0.075884,0.091706,-1.3996e-31
4.475,2.0063,0.005,0.078953,0.087934,2.8872e-23
4.425,2.0563,0.005,0.081232,0.08355,-2.912e-23
4.375,2.1064,0.005,0.08259,0.078425,0
4.325,2.1564,0.005,0.082621,0.072281,-1.2888e-23
4.275,2.2065,0.005,0.080606,0.064762,7.9451e-24
4.225,2.2565,0.005,0.077138,0.055903,-7.8407e-24
4.175,2.3066,0.005,0.074365,0.046352,1.0752e-38
4.125,2.3566,0.005,0.074143,0.036768,7.0865e-25
4.075,2.4066,0.005,0.077369,0.02762,-2.4938e-24
4.025,2.4567,0.005,0.084402,0.019221,-3.4024e-24
3.975,2.5067,0.005,0.095422,0.011791,6.0395e-25
3.925,2.5568,0.005,0.11056,0.0054882,1.3065e-24
3.875,2.6068,0.005,0.1299,0.00042434,-5.7636e-25
3.825,2.6569,0.005,0.15342,-0.0033533,-2.3659e-24
3.775,2.7069,0.005,0.18096,-0.0058534,1.0713e-24
3.725,2.7569,0.005,0.2121,-0.0071362,6.991e-26
3.675,2.807,0.005,0.24602,-0.0072522,5.6248e-25
3.625,2.86,0.005,0.28322,-0.0063433,-4.2713e-25
3.575,2.916,0.005,0.31992,-0.0037267,-1.7036e-38
3.525,2.972,0.005,0.33493,-0.0015564,2.5794e-24
6.525,0.024,0.005,-0.26682,-0.00025755,3.8857e-24
6.475,0.072,0.005,-0.28022,-0.00023233,-1.3568e-24
6.425,0.12,0.005,-0.27892,-0.00063402,-1.6896e-24
6.375,0.168,0.005,-0.27516,-0.00038564,4.1209e-24
6.325,0.216,0.005,-0.27034,0.00018689,1.5115e-24
6.275,0.264,0.005,-0.26471,0.0012212,2.8861e-41
6.225,0.312,0.005,-0.2584,0.0026908,3.3724e-24
6.175,0.36,0.005,-0.25147,0.0046005,-6.3407e-25
6.125,0.408,0.005,-0.24397,0.0069387,-4.4945e-24
6.075,0.456,0.005,-0.23591,0.0096964,-3.1348e-24
6.025,0.50502,0.005,-0.22716,0.012876,-2.798e-24
5.975,0.55506,0.005,-0.21768,0.01647,-1.3468e-38
5.925,0.60511,0.005,-0.20761,0.020439,4.1192e-24
5.875,0.65515,0.005,-0.19691,0.024747,4.9817e-24
5.825,0.70519,0.005,-0.18554,0.029345,-5.8847e-24
5.775,0.75523,0.005,-0.17349,0.03417,-1.5141e-23
5.725,0.80528,0.005,-0.16083,0.039157,-7.759e-24
5.675,0.85532,0.005,-0.14767,0.044245,-8.4075e-24
5.625,0.90536,0.005,-0.13418,0.049385,-8.1856e-24
5.575,0.9554,0.005,-0.12052,0.054547,-1.0766e-23
5.525,1.0054,0.005,-0.10683,0.059708,2.9235e-32
5.475,1.0555,0.005,-0.093216,0.064857,1.3137e-23
5.425,1.1055,0.005,-0.079745,0.069975,-1.7127e-23
5.375,1.1556,0.005,-0.06645,0.075024,9.098e-38
5.325,1.2056,0.005,-0.053353,0.079946,4.9132e-23
5.275,1.2557,0.005,-0.040479,0.084654,-3.4606e-37
5.225,1.3057,0.005,-0.027871,0.089035,-1.5048e-24
5.175,1.3557,0.005,-0.015595,0.092947,-4.6205e-23
5.125,1.4058,0.005,-0.003752,0.096262,-7.2408e-23
5.075,1.4558,0.005,0.007548,0.098874,2.8703e-24
5.025,1.5059,0.005,0.018192,0.10073,2.137e-23
4.975,1.5559,0.005,0.028102,0.10183,7.5833e-37
4.925,1.606,0.005,0.037237,0.10224,-2.8094e-23
4.875,1.656,0.005,0.045592,0.10203,1.7092e-23
4.825,1.706,0.005,0.053185,0.10127,-1.1278e-31
4.775,1.7561,0.005,0.060042,0.10001,2.1517e-23
4.725,1.8061,0.005,0.066191,0.098294,-1.5138e-23
4.675,1.8562,0.005,0.071653,0.096129,1.4839e-23
4.625,1.9062,0.005,0.076439,0.093517,-2.1288e-23
4.575,1.9563,0.005,0.080549,0.090442,6.7921e-24
4.525,2.0063,0.005,0.083961,0.08687,1.379e-23
4.475,2.0563,0.005,0.086626,0.082738,-7.7105e-24
4.425,2.1064,0.005,0.088447,0.077949,-2.0656e-23
4.375,2.1564,0.005,0.089106,0.072276,0
4.325,2.2065,0.005,0.087852,0.06538,1.4123e-23
4.275,2.2565,0.005,0.084886,0.057145,-2.7631e-37
4.225,2.3066,0.005,0.082082,0.048083,-6.4004e-24
4.175,2.3566,0.005,0.081413,0.038816,-2.17e-38
4.125,2.4066,0.005,0.083947,0.029823,-1.4898e-24
4.075,2.4567,0.005,0.090155,0.021442,3.0435e-24
4.025,2.5067,0.005,0.10027,0.013913,-7.4306e-25
3.975,2.5568,0.005,0.11444,0.0074189,-3.39e-24
3.925,2.6068,0.005,0.13278,0.0020982,6.0323e-25
3.875,2.6569,0.005,0.15531,-0.0019672,5.5003e-25
3.825,2.7069,0.005,0.18188,-0.004755,-1.0373e-24
3.775,2.7569,0.005,0.21208,-0.0062984,5.1477e-25
3.725,2.807,0.005,0.2451,-0.0066399,5.9858e-25
3.675,2.86,0.005,0.28142,-0.0059254,6.7286e-25
3.625,2.916,0.005,0.31742,-0.0035081,-4.1471e-25
3.575,2.972,0.005,0.33272,-0.0015075,3.7068e-39
6.575,0.024,0.005,-0.26635,-0.00042931,5.0543e-24
6.525,0.072,0.005,-0.27934,-0.00057867,-2.787e-24
6.475,0.12,0.005,-0.27809,-0.001301,1.0636e-24
6.425,0.168,0.005,-0.27449,-0.0012825,6.0765e-24
6.375,0.216,0.005,-0.26986,-0.00096299,-3.8784e-24
6.325,0.264,0.005,-0.26443,-0.00016897,5.7231e-24
6.275,0.312,0.005,-0.25831,0.0010381,0
6.225,0.36,0.005,-0.25156,0.0026902,0
6.175,0.408,0.005,-0.24423,0.004773,-6.1006e-25
6.125,0.456,0.005,-0.23635,0.0072774,-1.4826e-23
6.075,0.50502,0.005,-0.22776,0.010203,-5.814e-24
6.025,0.55506,0.005,-0.21841,0.013543,3.6208e-24
5.975,0.60511,0.005,-0.20846,0.017266,-6.928e-24
5.925,0.65515,0.005,-0.19784,0.021339,0
5.875,0.70519,0.005,-0.18651,0.025712,0
5.825,0.75523,0.005,-0.17445,0.030325,8.3128e-24
5.775,0.80528,0.005,-0.16173,0.035111,-8.4383e-24
5.725,0.85532,0.005,-0.14846,0.040008,-1.6381e-23
5.675,0.90536,0.005,-0.13483,0.04497,-8.9904e-24
5.625,0.9554,0.005,-0.12102,0.049966,2.2619e-24
5.575,1.0054,0.005,-0.10719,0.05498,1.8414e-23
5.525,1.0555,0.005,-0.093443,0.060001,1.9044e-23
5.475,1.1055,0.005,-0.079845,0.065017,1.9718e-23
5.425,1.1556,0.005,-0.06643,0.070012,-1.5358e-23
5.375,1.2056,0.005,-0.053213,0.074943,-8.1934e-32
5.325,1.2557,0.005,-0.040206,0.079741,1.9104e-23
5.275,1.3057,0.005,-0.027431,0.084303,-1.5938e-24
5.225,1.3557,0.005,-0.014942,0.088496,7.0119e-26
5.175,1.4058,0.005,-0.0028252,0.09217,-5.3797e-23
5.125,1.4558,0.005,0.0088042,0.095189,2.395e-23
5.075,1.5059,0.005,0.019819,0.097443,4.3651e-23
5.025,1.5559,0.005,0.030114,0.098912,2.0021e-23
4.975,1.606,0.005,0.039622,0.099627,-3.3627e-23
4.925,1.656,0.005,0.048329,0.09967,1.7336e-23
4.875,1.706,0.005,0.056251,0.099119,-1.1316e-31
4.825,1.7561,0.005,0.06342,0.098041,3.7294e-23
4.775,1.8061,0.005,0.069866,0.096481,9.0773e-24
4.725,1.8562,0.005,0.075619,0.094469,-1.8903e-23
4.675,1.9062,0.005,0.080698,0.092012,-6.472e-24
4.625,1.9563,0.005,0.085109,0.089104,2.1154e-23
4.575,2.0063,0.005,0.08884,0.085721,-7.8241e-24
4.525,2.0563,0.005,0.091857,0.081817,2.7817e-23
4.475,2.1064,0.005,0.09409,0.077319,-2.6874e-23
4.425,2.1564,0.005,0.095303,0.072053,0
4.375,2.2065,0.005,0.094774,0.065703,-3.2724e-24
4.325,2.2565,0.005,0.092381,0.058067,2.7587e-23
4.275,2.3066,0.005,0.089682,0.049506,-1.0141e-25
4.225,2.3566,0.005,0.088688,0.040595,4.841e-25
4.175,2.4066,0.005,0.090627,0.03181,1.4082e-24
4.125,2.4567,0.005,0.09608,0.023504,3.4648e-24
4.075,2.5067,0.005,0.10533,0.015935,-1.4692e-32
4.025,2.5568,0.005,0.11857,0.0093036,1.7342e-24
3.975,2.6068,0.005,0.13593,0.0037697,-4.0794e-24
3.925,2.6569,0.005,0.15746,-0.00055314,5.5879e-25
3.875,2.7069,0.005,0.18302,-0.0036128,-2.7157e-25
3.825,2.7569,0.005,0.21225,-0.0054137,-4.8787e-25
3.775,2.807,0.005,0.24436,-0.0059857,1.5699e-24
3.725,2.86,0.005,0.27977,-0.0054789,7.1632e-26
3.675,2.916,0.005,0.31505,-0.0032644,-1.8097e-26
3.625,2.972,0.005,0.33063,-0.0014325,-4.4522e-25
6.625,0.024,0.005,-0.26563,-0.00061189,6.3391e-25
6.575,0.072,0.005,-0.27818,-0.00096683,-4.2078e-24
6.525,0.12,0.005,-0.27698,-0.0019705,-1.7238e-24
6.475,0.168,0.005,-0.27358,-0.0021674,3.4285e-40
6.425,0.216,0.005,-0.26913,-0.0021038,4.3569e-24
6.375,0.264,0.005,-0.2639,-0.0015539,-2.822e-24
6.325,0.312,0.005,-0.25797,-0.00059096,3.2971e-24
6.275,0.36,0.005,-0.25141,0.00080257,0
6.225,0.408,0.005,-0.24426,0.0026292,0
6.175,0.456,0.005,-0.23655,0.0048818,-4.8328e-24
6.125,0.50502,0.005,-0.22812,0.0075542,-6.0071e-24
6.075,0.55506,0.005,-0.21893,0.010643,0
6.025,0.60511,0.005,-0.2091,0.014122,-2.7398e-24
5.975,0.65515,0.005,-0.19858,0.017961,9.3121e-38
5.925,0.70519,0.005,-0.1873,0.022111,4.4596e-24
5.875,0.75523,0.005,-0.17525,0.026513,1.3667e-23
5.825,0.80528,0.005,-0.16247,0.0311,6.3025e-24
5.775,0.85532,0.005,-0.1491,0.03581,1.0847e-24
5.725,0.90536,0.005,-0.13535,0.040595,1.3451e-25
5.675,0.9554,0.005,-0.12141,0.045424,-3.4451e-37
5.625,1.0054,0.005,-0.10744,0.050283,2.1562e-23
5.575,1.0555,0.005,-0.093571,0.055166,2.3117e-23
5.525,1.1055,0.005,-0.079856,0.060066,0
5.475,1.1556,0.005,-0.066332,0.06497,-9.4733e-24
5.425,1.2056,0.005,-0.053009,0.069857,-2.0471e-23
5.375,1.2557,0.005,-0.039888,0.074682,1.9929e-36
5.325,1.3057,0.005,-0.026977,0.079358,6.233e-23
5.275,1.3557,0.005,-0.014307,0.083765,2.3367e-23
5.225,1.4058,0.005,-0.0019522,0.087756,2.4119e-23
5.175,1.4558,0.005,0.0099821,0.091167,-2.9974e-24
5.125,1.5059,0.005,0.021355,0.093846,-3.9935e-24
5.075,1.5559,0.005,0.032036,0.095721,2.0354e-23
5.025,1.606,0.005,0.04193,0.096794,1.882e-23
4.975,1.656,0.005,0.051,0.097134,-4.0595e-23
4.925,1.706,0.005,0.059258,0.096826,1.1429e-23
4.875,1.7561,0.005,0.066738,0.095951,-1.5795e-23
4.825,1.8061,0.005,0.073478,0.094569,2.1308e-23
4.775,1.8562,0.005,0.079515,0.092722,-1.2452e-23
4.725,1.9062,0.005,0.084875,0.090427,1.4597e-23
4.675,1.9563,0.005,0.089571,0.087688,1.292e-31
4.625,2.0063,0.005,0.093601,0.08449,0
4.575,2.0563,0.005,0.096942,0.080799,2.8866e-23
4.525,2.1064,0.005,0.099544,0.076561,1.9623e-24
4.475,2.1564,0.005,0.10124,0.071646,-6.6992e-37
4.425,2.2065,0.005,0.10139,0.065774,-8.5488e-24
4.375,2.2565,0.005,0.099603,0.058702,-1.6515e-24
4.325,2.3066,0.005,0.097125,0.050641,1.5112e-23
4.275,2.3566,0.005,0.095922,0.042111,6.8409e-25
4.225,2.4066,0.005,0.097364,0.033577,5.3273e-24
4.175,2.4567,0.005,0.10213,0.025395,-7.7291e-24
4.125,2.5067,0.005,0.11058,0.017838,-3.9587e-24
4.075,2.5568,0.005,0.12293,0.011119,2.0986e-24
4.025,2.6068,0.005,0.13933,0.0054172,1.7699e-24
3.975,2.6569,0.005,0.15985,0.00086936,-5.0315e-24
3.925,2.7069,0.005,0.1844,-0.0024426,6.2467e-25
3.875,2.7569,0.005,0.21263,-0.0044936,0
3.825,2.807,0.005,0.24379,-0.0052981,-9.5805e-25
3.775,2.86,0.005,0.2783,-0.0050057,-7.0462e-25
3.725,2.916,0.005,0.31285,-0.0030005,1.8517e-38
3.675,2.972,0.005,0.32866,-0.0013979,0
6.675,0.024,0.005,-0.26466,-0.00080315,-5.8124e-24
6.625,0.072,0.005,-0.27673,-0.0013138,-4.8381e-24
6.575,0.12,0.005,-0.27564,-0.0026248,-5.5045e-24
6.525,0.168,0.005,-0.27242,-0.0030469,2.0703e-24
6.475,0.216,0.005,-0.26817,-0.0032308,4.627e-24
6.425,0.264,0.005,-0.26312,-0.002927,1.6329e-24
6.375,0.312,0.005,-0.25738,-0.002211,-1.5073e-24
6.325,0.36,0.005,-0.25101,-0.0010616,0
6.275,0.408,0.005,-0.24405,0.00050997,-4.3714e-24
6.225,0.456,0.005,-0.23651,0.0025097,-4.7726e-24
6.175,0.50502,0.005,-0.22825,0.0049307,-5.1535e-24
6.125,0.55506,0.005,-0.21922,0.0077691,1.2419e-23
6.075,0.60511,0.005,-0.20953,0.011007,-4.867e-24
6.025,0.65515,0.005,-0.19912,0.014614,-2.8333e-24
5.975,0.70519,0.005,-0.18791,0.018544,-1.5932e-32
5.925,0.75523,0.005,-0.17587,0.02274,0
5.875,0.80528,0.005,-0.16306,0.027133,-5.5219e-24
5.825,0.85532,0.005,-0.14962,0.031661,-1.8288e-24
5.775,0.90536,0.005,-0.13576,0.036273,1.6028e-23
5.725,0.9554,0.005,-0.12169,0.040938,8.4069e-24
5.675,1.0054,0.005,-0.10761,0.045643,-7.0904e-24
5.625,1.0555,0.005,-0.093616,0.050382,2.2949e-24
5.575,1.1055,0.005,-0.079796,0.055153,2.9852e-23
5.525,1.1556,0.005,-0.066175,0.059952,8.6116e-24
5.475,1.2056,0.005,-0.052757,0.064762,-8.134e-32
5.425,1.2557,0.005,-0.039539,0.069554,-1.76e-23
5.375,1.3057,0.005,-0.026514,0.074277,4.5425e-36
5.325,1.3557,0.005,-0.013696,0.078825,4.5848e-23
5.275,1.4058,0.005,-0.0011366,0.083065,-1.6161e-24
5.225,1.4558,0.005,0.011071,0.08683,-2.4228e-23
5.175,1.5059,0.005,0.022783,0.089927,-1.4106e-23
5.125,1.5559,0.005,0.033849,0.092234,-2.0583e-23
5.075,1.606,0.005,0.044141,0.093707,3.2813e-23
5.025,1.656,0.005,0.05359,0.094391,-2.3341e-23
4.975,1.706,0.005,0.062195,0.094366,1.1596e-23
4.925,1.7561,0.005,0.069992,0.093724,-1.588e-23
4.875,1.8061,0.005,0.077026,0.092544,2.7418e-23
4.825,1.8562,0.005,0.083341,0.090877,-2.7197e-23
4.775,1.9062,0.005,0.088972,0.088755,-5.1609e-37
4.725,1.9563,0.005,0.093941,0.08619,-8.0451e-24
4.675,2.0063,0.005,0.098252,0.083175,1.2774e-23
4.625,2.0563,0.005,0.10189,0.079688,1.1314e-36
4.575,2.1064,0.005,0.10483,0.075689,8.177e-24
4.525,2.1564,0.005,0.10696,0.071084,-5.8098e-37
4.475,2.2065,0.005,0.10771,0.065633,-4.9212e-24
4.425,2.2565,0.005,0.10655,0.05908,-3.0698e-23
4.375,2.3066,0.005,0.10438,0.051508,1.1187e-24
4.325,2.3566,0.005,0.10308,0.043374,1.8639e-25
4.275,2.4066,0.005,0.10411,0.035122,1.0425e-24
4.225,2.4567,0.005,0.10828,0.027106,-1.38e-37
4.175,2.5067,0.005,0.11598,0.019606,-6.7553e-25
4.125,2.5568,0.005,0.12748,0.012847,2.211e-37
4.075,2.6068,0.005,0.14295,0.0070202,2.1116e-24
4.025,2.6569,0.005,0.16248,0.0022818,5.7315e-25
3.975,2.7069,0.005,0.18602,-0.0012584,2.6478e-24
3.925,2.7569,0.005,0.21324,-0.0035506,1.122e-24
3.875,2.807,0.005,0.24342,-0.0045863,1.3474e-37
3.825,2.86,0.005,0.277,-0.0045108,-1.4083e-24
3.775,2.916,0.005,0.31083,-0.0027265,1.0144e-24
3.725,2.972,0.005,0.32685,-0.0013284,5.7198e-25
6.725,0.024,0.005,-0.26342,-0.00098359,-7.8796e-24
6.675,0.072,0.005,-0.27493,-0.0016481,3.9848e-24
6.625,0.12,0.005,-0.27407,-0.003253,4.3292e-24
6.575,0.168,0.005,-0.27102,-0.0039149,-7.0401e-24
6.525,0.216,0.005,-0.26696,-0.0043474,2.3377e-24
6.475,0.264,0.005,-0.2621,-0.0042854,-5.2065e-24
6.425,0.312,0.005,-0.25655,-0.0038165,7.2341e-24
6.375,0.36,0.005,-0.25037,-0.0029133,0
6.325,0.408,0.005,-0.24359,-0.0015855,0
6.275,0.456,0.005,-0.23624,0.00016368,-2.0522e-25
6.225,0.50502,0.005,-0.22816,0.0023322,-5.8119e-24
6.175,0.55506,0.005,-0.21929,0.0049221,0
6.125,0.60511,0.005,-0.20976,0.00792,1.392e-38
6.075,0.65515,0.005,-0.19947,0.011298,-2.8717e-37
6.025,0.70519,0.005,-0.18835,0.015013,-1.0885e-23
5.975,0.75523,0.005,-0.17635,0.019007,-1.207e-23
5.925,0.80528,0.005,-0.16352,0.023214,-4.7133e-24
5.875,0.85532,0.005,-0.15002,0.027568,-2.6026e-24
5.825,0.90536,0.005,-0.13606,0.032015,-6.5742e-24
5.775,0.9554,0.005,-0.12189,0.036523,-7.517e-24
5.725,1.0054,0.005,-0.10769,0.041077,-2.7919e-32
5.675,1.0555,0.005,-0.093599,0.045672,-3.563e-23
5.625,1.1055,0.005,-0.079682,0.050309,-2.2431e-23
5.575,1.1556,0.005,-0.065972,0.054989,6.2788e-37
5.525,1.2056,0.005,-0.052474,0.059704,-1.4421e-23
5.475,1.2557,0.005,-0.039172,0.064433,-2.9527e-24
5.425,1.3057,0.005,-0.026051,0.069138,-3.8306e-23
5.375,1.3557,0.005,-0.013111,0.073755,-3.3691e-33
5.325,1.4058,0.005,-0.00038152,0.078167,5.0926e-23
5.275,1.4558,0.005,0.012065,0.082218,0
5.225,1.5059,0.005,0.024092,0.085697,4.2156e-24
5.175,1.5559,0.005,0.035536,0.088437,-3.6378e-23
5.125,1.606,0.005,0.046233,0.090348,-1.9191e-23
5.075,1.656,0.005,0.056078,0.091416,1.7891e-23
5.025,1.706,0.005,0.065048,0.091716,5.9106e-24
4.975,1.7561,0.005,0.073172,0.091343,-3.8931e-24
4.925,1.8061,0.005,0.080503,0.090389,-3.057e-23
4.875,1.8562,0.005,0.087094,0.088922,-6.1724e-24
4.825,1.9062,0.005,0.09299,0.086986,5.1469e-37
4.775,1.9563,0.005,0.098221,0.084601,-1.2521e-31
4.725,2.0063,0.005,0.1028,0.081773,2.6783e-23
4.675,2.0563,0.005,0.10672,0.078486,-2.8433e-23
4.625,2.1064,0.005,0.10997,0.074712,0
4.575,2.1564,0.005,0.11247,0.070386,0
4.525,2.2065,0.005,0.11377,0.065309,2.0404e-23
4.475,2.2565,0.005,0.11322,0.059228,-1.0632e-23
4.425,2.3066,0.005,0.11143,0.052129,-1.7007e-23
4.375,2.3566,0.005,0.11012,0.044398,-4.8006e-37
4.325,2.4066,0.005,0.11084,0.036449,4.0902e-25
4.275,2.4567,0.005,0.11448,0.028632,-5.7378e-25
4.225,2.5067,0.005,0.1215,0.021229,-1.2518e-32
4.175,2.5568,0.005,0.1322,0.014472,-3.4282e-24
4.125,2.6068,0.005,0.14678,0.008561,2.0544e-37
4.075,2.6569,0.005,0.16534,0.0036677,5.445e-24
4.025,2.7069,0.005,0.18786,-7.5037e-05,-1.8931e-24
3.975,2.7569,0.005,0.21406,-0.002594,-1.1016e-24
3.925,2.807,0.005,0.24326,-0.0038605,-1.7233e-24
3.875,2.86,0.005,0.2759,-0.0039981,6.1833e-25
3.825,2.916,0.005,0.309,-0.002447,1.5232e-24
3.775,2.972,0.005,0.32517,-0.0012372,0
6.775,0.024,0.005,-0.26192,-0.0011565,-7.2409e-25
6.725,0.072,0.005,-0.27305,-0.0019797,4.5355e-24
6.675,0.12,0.005,-0.27226,-0.0038507,-1.6594e-24
6.625,0.168,0.005,-0.26939,-0.0047659,-1.9575e-24
6.575,0.216,0.005,-0.26551,-0.0054466,-1.0959e-24
6.525,0.264,0.005,-0.26084,-0.0056318,5.8677e-24
6.475,0.312,0.005,-0.25549,-0.0054053,5.0315e-24
6.425,0.36,0.005,-0.24949,-0.0047486,-7.8836e-24
6.375,0.408,0.005,-0.2429,-0.0036655,0
6.325,0.456,0.005,-0.23574,-0.0021581,-5.9426e-24
6.275,0.50502,0.005,-0.22784,-0.00023919,2.298e-25
6.225,0.55506,0.005,-0.21915,0.0021016,0
6.175,0.60511,0.005,-0.20978,0.0048617,-5.1232e-25
6.125,0.65515,0.005,-0.19964,0.008014,1.2781e-24
6.075,0.70519,0.005,-0.18862,0.011517,2.1073e-24
6.025,0.75523,0.005,-0.17667,0.015316,5.2834e-24
5.975,0.80528,0.005,-0.16385,0.019344,3.88e-24
5.925,0.85532,0.005,-0.15031,0.023532,0
5.875,0.90536,0.005,-0.13628,0.027825,0
5.825,0.9554,0.005,-0.12201,0.032186,-1.411e-23
5.775,1.0054,0.005,-0.10772,0.036596,-2.1459e-23
5.725,1.0555,0.005,-0.093533,0.041052,-6.2564e-24
5.675,1.1055,0.005,-0.079528,0.045556,-1.9114e-23
5.625,1.1556,0.005,-0.065741,0.050111,9.4994e-37
5.575,1.2056,0.005,-0.052172,0.054717,3.606e-23
5.525,1.2557,0.005,-0.038799,0.059361,2.9015e-24
5.475,1.3057,0.005,-0.025598,0.064016,1.8045e-23
5.425,1.3557,0.005,-0.012557,0.068634,-2.097e-23
5.375,1.4058,0.005,0.000313,0.073141,3.2594e-24
5.325,1.4558,0.005,0.01296,0.0774,-2.0216e-23
5.275,1.5059,0.005,0.02527,0.081199,-1.7684e-23
5.225,1.5559,0.005,0.037075,0.084349,5.0974e-24
5.175,1.606,0.005,0.048182,0.0867,-4.4027e-23
5.125,1.656,0.005,0.058443,0.088192,-2.4134e-23
5.075,1.706,0.005,0.067797,0.088856,-1.6868e-23
5.025,1.7561,0.005,0.076265,0.088787,2.2107e-23
4.975,1.8061,0.005,0.083902,0.088089,-1.5284e-23
4.925,1.8562,0.005,0.090771,0.086844,2.0964e-23
4.875,1.9062,0.005,0.096928,0.085109,-2.8842e-23
4.825,1.9563,0.005,0.10241,0.082916,-7.9976e-24
4.775,2.0063,0.005,0.10725,0.080279,1.2387e-23
4.725,2.0563,0.005,0.11143,0.077192,-7.9613e-24
4.675,2.1064,0.005,0.11496,0.073636,-1.995e-23
4.625,2.1564,0.005,0.1178,0.069567,0
4.575,2.2065,0.005,0.11959,0.064824,1.6798e-23
4.525,2.2565,0.005,0.11963,0.05917,1.0955e-23
4.475,2.3066,0.005,0.11826,0.052526,-8.8983e-24
4.425,2.3566,0.005,0.11702,0.045197,-7.1567e-24
4.375,2.4066,0.005,0.11751,0.037565,-5.2847e-24
4.325,2.4567,0.005,0.12069,0.029974,-3.4936e-37
4.275,2.5067,0.005,0.1271,0.0227,-1.1334e-24
4.225,2.5568,0.005,0.13706,0.015982,-4.3054e-24
4.175,2.6068,0.005,0.15078,0.010025,-3.8994e-24
4.125,2.6569,0.005,0.1684,0.0050116,-5.3919e-25
4.075,2.7069,0.005,0.18993,0.0010927,-2.2327e-24
4.025,2.7569,0.005,0.21511,-0.0016349,-5.2977e-25
3.975,2.807,0.005,0.2433,-0.003118,-3.9768e-24
3.925,2.86,0.005,0.27499,-0.0034815,9.6622e-25
3.875,2.916,0.005,0.30735,-0.0021642,-9.3296e-25
3.825,2.972,0.005,0.32366,-0.0011349,-1.6689e-24
6.825,0.024,0.005,-0.26017,-0.0013298,0
6.775,0.072,0.005,-0.27085,-0.0023355,-9.9733e-24
6.725,0.12,0.005,-0.27019,-0.0044472,-3.4045e-24
6.675,0.168,0.005,-0.26751,-0.0055981,1.55e-23
6.625,0.216,0.005,-0.26382,-0.0065295,-2.2906e-24
6.575,0.264,0.005,-0.25935,-0.00696,2.6816e-24
6.525,0.312,0.005,-0.25418,-0.0069799,-5.9985e-24
6.475,0.36,0.005,-0.24838,-0.0065652,1.0806e-23
6.425,0.408,0.005,-0.24198,-0.0057275,-4.4951e-24
6.375,0.456,0.005,-0.23501,-0.004462,-9.2254e-24
6.325,0.50502,0.005,-0.2273,-0.0027856,2.7022e-24
6.275,0.55506,0.005,-0.21879,-0.00069112,-7.07e-24
6.225,0.60511,0.005,-0.2096,0.0018313,-6.877e-24
6.175,0.65515,0.005,-0.19961,0.0047602,-4.6588e-25
6.125,0.70519,0.005,-0.18872,0.0080558,7.9905e-24
6.075,0.75523,0.005,-0.17686,0.011665,1.2545e-23
6.025,0.80528,0.005,-0.16407,0.015521,3.0242e-24
5.975,0.85532,0.005,-0.15051,0.019555,4.2488e-24
5.925,0.90536,0.005,-0.13642,0.023704,1.2688e-23
5.875,0.9554,0.005,-0.12208,0.027928,1.8946e-23
5.825,1.0054,0.005,-0.1077,0.032204,1.3572e-23
5.775,1.0555,0.005,-0.09343,0.036529,1.7178e-24
5.725,1.1055,0.005,-0.079349,0.040905,1.0892e-23
5.675,1.1556,0.005,-0.065497,0.045337,1.0499e-23
5.625,1.2056,0.005,-0.051865,0.049828,-8.3684e-24
5.575,1.2557,0.005,-0.038429,0.054373,1.4265e-23
5.525,1.3057,0.005,-0.02516,0.058952,-1.6498e-24
5.475,1.3557,0.005,-0.012037,0.063533,-1.9949e-23
5.425,1.4058,0.005,0.00094734,0.068064,-4.6842e-23
5.375,1.4558,0.005,0.013761,0.072448,-1.8778e-31
5.325,1.5059,0.005,0.026314,0.076492,4.2879e-23
5.275,1.5559,0.005,0.038454,0.08,2.0299e-23
5.225,1.606,0.005,0.049965,0.082779,1.8477e-24
5.175,1.656,0.005,0.060658,0.084706,-1.2114e-23
5.125,1.706,0.005,0.070422,0.085769,2.7527e-23
5.075,1.7561,0.005,0.079255,0.086042,5.4166e-23
5.025,1.8061,0.005,0.087211,0.08563,8.9983e-24
4.975,1.8562,0.005,0.094364,0.084631,-1.8717e-23
4.925,1.9062,0.005,0.10078,0.083114,1.8435e-36
4.875,1.9563,0.005,0.10651,0.081126,6.1834e-24
4.825,2.0063,0.005,0.11159,0.078687,-7.8366e-24
4.775,2.0563,0.005,0.11603,0.075803,2.6034e-23
4.725,2.1064,0.005,0.11983,0.072462,-2.5589e-23
4.675,2.1564,0.005,0.12297,0.068635,0
4.625,2.2065,0.005,0.12519,0.064198,-4.1825e-24
4.575,2.2565,0.005,0.12578,0.058931,3.3626e-23
4.525,2.3066,0.005,0.12486,0.052719,7.9755e-24
4.475,2.3566,0.005,0.12377,0.045785,-6.64e-25
4.425,2.4066,0.005,0.1241,0.03848,4.6846e-25
4.375,2.4567,0.005,0.1269,0.031132,1.0433e-23
4.325,2.5067,0.005,0.13276,0.024016,4.515e-24
4.275,2.5568,0.005,0.14202,0.017369,-5.3136e-25
4.225,2.6068,0.005,0.15494,0.011401,-4.1322e-24
4.175,2.6569,0.005,0.17166,0.0063006,-6.0862e-24
4.125,2.7069,0.005,0.19221,0.0022322,2.5535e-24
4.075,2.7569,0.005,0.21638,-0.00068442,0
4.025,2.807,0.005,0.24356,-0.0023742,2.5892e-24
3.975,2.86,0.005,0.27428,-0.0029577,1.2979e-25
3.925,2.916,0.005,0.30589,-0.0018816,-5.1053e-24
3.875,2.972,0.005,0.32231,-0.0010273,-1.0324e-24
6.875,0.024,0.005,-0.25816,-0.001503,0
6.825,0.072,0.005,-0.26846,-0.0026751,-8.9345e-24
6.775,0.12,0.005,-0.26787,-0.0050451,-3.2886e-37
6.725,0.168,0.005,-0.26538,-0.0064203,1.0879e-36
6.675,0.216,0.005,-0.26189,-0.0075955,2.0434e-24
6.625,0.264,0.005,-0.25762,-0.0082718,1.2038e-24
6.575,0.312,0.005,-0.25264,-0.0085352,3.0654e-24
6.525,0.36,0.005,-0.24703,-0.0083659,6.6739e-24
6.475,0.408,0.005,-0.24082,-0.0077688,-1.0987e-23
6.425,0.456,0.005,-0.23405,-0.0067466,0
6.375,0.50502,0.005,-0.22653,-0.0053122,-2.5696e-24
6.325,0.55506,0.005,-0.21822,-0.003458,4.4046e-24
6.275,0.60511,0.005,-0.20922,-0.0011712,-7.8995e-24
6.225,0.65515,0.005,-0.1994,0.0015353,3.6966e-25
6.175,0.70519,0.005,-0.18866,0.0046265,-8.4373e-24
6.125,0.75523,0.005,-0.1769,0.0080513,-8.3073e-24
6.075,0.80528,0.005,-0.16417,0.011744,6.2094e-24
6.025,0.85532,0.005,-0.15061,0.015632,-8.1787e-24
5.975,0.90536,0.005,-0.13649,0.019649,7.8129e-24
5.925,0.9554,0.005,-0.12209,0.023747,4.8987e-24
5.875,1.0054,0.005,-0.10764,0.027902,1.2581e-23
5.825,1.0555,0.005,-0.0933,0.032106,1.9879e-23
5.775,1.1055,0.005,-0.079156,0.036361,1.876e-23
5.725,1.1556,0.005,-0.065245,0.040675,4.5759e-24
5.675,1.2056,0.005,-0.051559,0.045051,-2.5843e-23
5.625,1.2557,0.005,-0.038069,0.049488,1.413e-36
5.575,1.3057,0.005,-0.024741,0.053977,3.2615e-23
5.525,1.3557,0.005,-0.011549,0.058494,1.86e-23
5.475,1.4058,0.005,0.0015254,0.063005,0
5.425,1.4558,0.005,0.014473,0.067439,2.4433e-23
5.375,1.5059,0.005,0.027232,0.071646,-8.7504e-24
5.325,1.5559,0.005,0.039667,0.075439,3.9614e-23
5.275,1.606,0.005,0.051567,0.078606,-5.8825e-24
5.225,1.656,0.005,0.062698,0.080966,-6.2207e-24
5.175,1.706,0.005,0.072897,0.082448,3.3567e-23
5.125,1.7561,0.005,0.082121,0.083092,-2.231e-23
5.075,1.8061,0.005,0.090417,0.082997,2.1558e-23
5.025,1.8562,0.005,0.097865,0.082269,-1.2627e-23
4.975,1.9062,0.005,0.10455,0.080991,2.8458e-23
4.925,1.9563,0.005,0.11052,0.079221,1.6011e-24
4.875,2.0063,0.005,0.11584,0.076992,7.7184e-24
4.825,2.0563,0.005,0.12052,0.074316,2.7548e-23
4.775,2.1064,0.005,0.12456,0.071189,2.1576e-24
4.725,2.1564,0.005,0.12799,0.067595,-4.2906e-37
4.675,2.2065,0.005,0.13059,0.063442,-8.5562e-24
4.625,2.2565,0.005,0.1317,0.05853,-2.8731e-24
4.575,2.3066,0.005,0.13123,0.052726,1.9058e-23
4.525,2.3566,0.005,0.13035,0.046177,6.7759e-24
4.475,2.4066,0.005,0.1306,0.039202,6.5122e-24
4.425,2.4567,0.005,0.13308,0.032113,-5.4906e-24
4.375,2.5067,0.005,0.13844,0.025177,-4.7737e-24
4.325,2.5568,0.005,0.14707,0.018628,8.0215e-24
4.275,2.6068,0.005,0.15923,0.01268,-4.8221e-25
4.225,2.6569,0.005,0.17509,0.0075235,-3.553e-24
4.175,2.7069,0.005,0.19469,0.0033335,4.5865e-25
4.125,2.7569,0.005,0.21786,0.00024655,4.5716e-25
4.075,2.807,0.005,0.24404,-0.0016383,3.4146e-24
4.025,2.86,0.005,0.27379,-0.0024357,6.2192e-38
3.975,2.916,0.005,0.30463,-0.0016006,5.1238e-38
3.925,2.972,0.005,0.32114,-0.00091706,5.7092e-24
6.925,0.024,0.005,-0.25591,-0.0016791,0
6.875,0.072,0.005,-0.26579,-0.0030136,0
6.825,0.12,0.005,-0.26533,-0.0056332,-1.4387e-23
6.775,0.168,0.005,-0.26301,-0.0072348,-8.6609e-24
6.725,0.216,0.005,-0.25972,-0.0086488,4.5465e-24
6.675,0.264,0.005,-0.25565,-0.0095658,2.6298e-24
6.625,0.312,0.005,-0.25087,-0.010073,6.0579e-24
6.575,0.36,0.005,-0.24545,-0.010146,-7.2179e-24
6.525,0.408,0.005,-0.23944,-0.0097926,3.3009e-24
6.475,0.456,0.005,-0.23286,-0.0090086,-9.3325e-24
6.425,0.50502,0.005,-0.22554,-0.0078186,-5.1963e-24
6.375,0.55506,0.005,-0.21743,-0.006204,8.2889e-24
6.325,0.60511,0.005,-0.20863,-0.0041471,-6.7184e-24
6.275,0.65515,0.005,-0.19901,-0.0016622,-1.2082e-24
6.225,0.70519,0.005,-0.18843,0.0012268,8.0707e-24
6.175,0.75523,0.005,-0.17681,0.0044712,7.9937e-24
6.125,0.80528,0.005,-0.16416,0.0080065,-8.3981e-24
6.075,0.85532,0.005,-0.15064,0.011758,-6.0522e-24
6.025,0.90536,0.005,-0.13651,0.015654,4.7452e-24
5.975,0.9554,0.005,-0.12206,0.019639,-1.1277e-23
5.925,1.0054,0.005,-0.10756,0.023684,-1.161e-23
5.875,1.0555,0.005,-0.093152,0.027779,2.6528e-37
5.825,1.1055,0.005,-0.078953,0.031924,1.4187e-23
5.775,1.1556,0.005,-0.064992,0.036127,-8.3823e-24
5.725,1.2056,0.005,-0.051257,0.040391,-3.6464e-24
5.675,1.2557,0.005,-0.03772,0.044719,-1.4494e-23
5.625,1.3057,0.005,-0.024343,0.049108,-2.8298e-23
5.575,1.3557,0.005,-0.011094,0.053544,3.4308e-23
5.525,1.4058,0.005,0.0020544,0.058005,-1.5394e-24
5.475,1.4558,0.005,0.015107,0.062439,-3.0586e-24
5.425,1.5059,0.005,0.028031,0.066731,-1.5297e-23
5.375,1.5559,0.005,0.04072,0.070729,-1.3786e-23
5.325,1.606,0.005,0.05298,0.074222,6.4015e-24
5.275,1.656,0.005,0.064545,0.076988,2.38e-36
5.225,1.706,0.005,0.075198,0.078895,-3.5305e-24
5.175,1.7561,0.005,0.084842,0.079932,-1.8438e-23
5.125,1.8061,0.005,0.093501,0.08018,1.951e-23
5.075,1.8562,0.005,0.10126,0.079749,-2.0924e-23
5.025,1.9062,0.005,0.10821,0.078731,-1.4098e-23
4.975,1.9563,0.005,0.11444,0.077195,6.2081e-24
4.925,2.0063,0.005,0.11999,0.075186,6.1017e-24
4.875,2.0563,0.005,0.1249,0.072725,1.0511e-37
4.825,2.1064,0.005,0.12918,0.069816,2.0426e-24
4.775,2.1564,0.005,0.13286,0.066451,1.3425e-23
4.725,2.2065,0.005,0.13581,0.062564,-4.0287e-24
4.675,2.2565,0.005,0.1374,0.057982,-3.4582e-23
4.625,2.3066,0.005,0.13739,0.052561,3.4162e-24
4.575,2.3566,0.005,0.13675,0.046386,-7.0078e-25
4.525,2.4066,0.005,0.13697,0.039743,-1.216e-25
4.475,2.4567,0.005,0.13919,0.032921,-1.1477e-23
4.425,2.5067,0.005,0.14413,0.026184,-6.754e-25
4.375,2.5568,0.005,0.15218,0.019757,-4.0689e-25
4.325,2.6068,0.005,0.16363,0.013855,3.6518e-24
4.275,2.6569,0.005,0.17867,0.0086714,4.2736e-25
4.225,2.7069,0.005,0.19736,0.0043873,-2.7238e-24
4.175,2.7569,0.005,0.21954,0.0011511,2.9692e-24
4.125,2.807,0.005,0.24473,-0.00091806,-3.9067e-25
4.075,2.86,0.005,0.2735,-0.0019216,-3.5325e-24
4.025,2.916,0.005,0.30356,-0.0013232,3.5581e-24
3.975,2.972,0.005,0.32012,-0.0008055,9.1543e-25
6.975,0.024,0.005,-0.25341,-0.0018578,9.5764e-24
6.925,0.072,0.005,-0.26292,-0.003343,4.4719e-24
6.875,0.12,0.005,-0.26254,-0.0062175,8.5547e-24
6.825,0.168,0.005,-0.26042,-0.0080397,-1.1594e-23
6.775,0.216,0.005,-0.25732,-0.0096896,0
6.725,0.264,0.005,-0.25344,-0.010844,-4.7272e-24
6.675,0.312,0.005,-0.24886,-0.011592,2.9974e-24
6.625,0.36,0.005,-0.24363,-0.011907,1.1e-23
6.575,0.408,0.005,-0.23782,-0.011794,-3.8069e-24
6.525,0.456,0.005,-0.23144,-0.011252,-8.1353e-24
6.475,0.50502,0.005,-0.22433,-0.010301,1.1929e-23
6.425,0.55506,0.005,-0.21643,-0.0089294,-5.8591e-24
6.375,0.60511,0.005,-0.20785,-0.0071023,-4.0391e-24
6.325,0.65515,0.005,-0.19843,-0.0048329,-2.0159e-24
6.275,0.70519,0.005,-0.18804,-0.0021462,-1.3494e-24
6.225,0.75523,0.005,-0.17658,0.0009205,8.4286e-24
6.175,0.80528,0.005,-0.16404,0.0043035,8.7813e-24
6.125,0.85532,0.005,-0.15058,0.0079266,8.2566e-24
6.075,0.90536,0.005,-0.13646,0.011712,-5.6896e-24
6.025,0.9554,0.005,-0.12199,0.015597,-6.17e-24
5.975,1.0054,0.005,-0.10744,0.019545,2.6486e-32
5.925,1.0555,0.005,-0.092991,0.023543,2.051e-37
5.875,1.1055,0.005,-0.078746,0.027589,-5.1757e-24
5.825,1.1556,0.005,-0.064739,0.031688,-7.3439e-24
5.775,1.2056,0.005,-0.050962,0.035847,-3.567e-24
5.725,1.2557,0.005,-0.037384,0.040069,-2.6358e-24
5.675,1.3057,0.005,-0.023966,0.044356,-3.8371e-23
5.625,1.3557,0.005,-0.010669,0.048701,-1.5846e-23
5.575,1.4058,0.005,0.0025382,0.053092,2.0112e-23
5.525,1.4558,0.005,0.015676,0.057491,0
5.475,1.5059,0.005,0.02873,0.061808,1.8488e-23
5.425,1.5559,0.005,0.041629,0.065935,-1.8243e-23
5.375,1.606,0.005,0.054205,0.069679,2.626e-36
5.325,1.656,0.005,0.066188,0.072803,1.0597e-23
5.275,1.706,0.005,0.077303,0.075119,0
5.225,1.7561,0.005,0.087393,0.076563,1.345e-23
5.175,1.8061,0.005,0.096444,0.077175,-2.9812e-23
5.125,1.8562,0.005,0.10454,0.077062,1.3045e-31
5.075,1.9062,0.005,0.11177,0.076324,-1.3937e-23
5.025,1.9563,0.005,0.11825,0.07504,6.256e-24
4.975,2.0063,0.005,0.12403,0.073263,-1.2401e-24
4.925,2.0563,0.005,0.12917,0.071026,-2.0841e-23
4.875,2.1064,0.005,0.13368,0.068339,0
4.825,2.1564,0.005,0.1376,0.065203,-9.3316e-38
4.775,2.2065,0.005,0.14086,0.061572,2.1756e-23
4.725,2.2565,0.005,0.14288,0.057298,-1.1603e-23
4.675,2.3066,0.005,0.14332,0.052238,-1.991e-23
4.625,2.3566,0.005,0.14297,0.046424,-8.51e-37
4.575,2.4066,0.005,0.14321,0.040112,-5.3371e-25
4.525,2.4567,0.005,0.14524,0.033565,5.8911e-24
4.475,2.5067,0.005,0.14979,0.027038,-2.4833e-25
4.425,2.5568,0.005,0.15732,0.020754,-9.3667e-24
4.375,2.6068,0.005,0.16812,0.014922,-3.7105e-25
4.325,2.6569,0.005,0.18238,0.0097374,7.9979e-24
4.275,2.7069,0.005,0.20019,0.0053848,7.47e-25
4.225,2.7569,0.005,0.22142,0.0020222,-7.4008e-33
4.175,2.807,0.005,0.24562,-0.00021648,-3.9269e-24
4.125,2.86,0.005,0.27342,-0.0014259,-8.4805e-24
4.075,2.916,0.005,0.30269,-0.0010517,-6.7875e-25
4.025,2.972,0.005,0.31927,-0.00069374,-4.0256e-24
7.025,0.024,0.005,-0.25068,-0.0020413,-2.1431e-39
6.975,0.072,0.005,-0.2598,-0.0036687,4.7814e-24
6.925,0.12,0.005,-0.25954,-0.0067932,1.2537e-23
6.875,0.168,0.005,-0.25759,-0.0088363,2.1347e-24
6.825,0.216,0.005,-0.25469,-0.010718,-1.1156e-23
6.775,0.264,0.005,-0.25101,-0.012107,2.5991e-24
6.725,0.312,0.005,-0.24662,-0.013092,-1.7386e-37
6.675,0.36,0.005,-0.24159,-0.013647,9.0765e-24
6.625,0.408,0.005,-0.23597,-0.013775,-3.9413e-24
6.575,0.456,0.005,-0.2298,-0.013472,-8.421e-24
6.525,0.50502,0.005,-0.22289,-0.012764,0
6.475,0.55506,0.005,-0.21522,-0.01163,5.7802e-24
6.425,0.60511,0.005,-0.20685,-0.010037,-3.3053e-24
6.375,0.65515,0.005,-0.19767,-0.0079844,0
6.325,0.70519,0.005,-0.18749,-0.0054949,-7.8562e-24
6.275,0.75523,0.005,-0.17621,-0.0026054,-6.8574e-24
6.225,0.80528,0.005,-0.16382,0.00062881,1.2805e-24
6.175,0.85532,0.005,-0.15045,0.0041298,-8.342e-24
6.125,0.90536,0.005,-0.13636,0.0078141,1.3858e-38
6.075,0.9554,0.005,-0.12188,0.011611,1.462e-32
6.025,1.0054,0.005,-0.10731,0.015474,-1.3261e-23
5.975,1.0555,0.005,-0.092818,0.019387,-2.2956e-24
5.925,1.1055,0.005,-0.078535,0.023346,5.1285e-24
5.875,1.1556,0.005,-0.064489,0.027353,6.3232e-24
5.825,1.2056,0.005,-0.050675,0.031414,1.5386e-23
5.775,1.2557,0.005,-0.037062,0.035536,-1.8888e-40
5.725,1.3057,0.005,-0.023609,0.039722,9.9399e-24
5.675,1.3557,0.005,-0.010274,0.043973,-2.7935e-23
5.625,1.4058,0.005,0.002981,0.048283,1.4383e-24
5.575,1.4558,0.005,0.016187,0.052625,0
5.525,1.5059,0.005,0.029345,0.056929,-1.7215e-23
5.475,1.5559,0.005,0.042412,0.061114,2.2503e-23
5.425,1.606,0.005,0.055254,0.065034,-3.5229e-23
5.375,1.656,0.005,0.067623,0.068454,1.177e-36
5.325,1.706,0.005,0.079198,0.071147,3.6441e-23
5.275,1.7561,0.005,0.089755,0.072989,-1.5209e-24
5.225,1.8061,0.005,0.099226,0.073982,-1.4674e-23
5.175,1.8562,0.005,0.10767,0.074205,1.4149e-23
5.125,1.9062,0.005,0.11521,0.073764,-1.3739e-23
5.075,1.9563,0.005,0.12195,0.072748,-1.345e-23
5.025,2.0063,0.005,0.12797,0.071218,1.2315e-23
4.975,2.0563,0.005,0.13333,0.069214,-7.2116e-24
4.925,2.1064,0.005,0.13806,0.066756,-1.8917e-23
4.875,2.1564,0.005,0.14221,0.06385,-1.3074e-23
4.825,2.2065,0.005,0.14574,0.060468,2.1833e-23
4.775,2.2565,0.005,0.14817,0.056487,1.1629e-23
4.725,2.3066,0.005,0.14904,0.051767,-1.0094e-23
4.675,2.3566,0.005,0.14899,0.046304,-8.4938e-24
4.625,2.4066,0.005,0.14931,0.040318,-7.9954e-24
4.575,2.4567,0.005,0.15119,0.03405,6.1569e-24
4.525,2.5067,0.005,0.15542,0.027745,-1.541e-25
4.475,2.5568,0.005,0.16248,0.02162,-5.389e-24
4.425,2.6068,0.005,0.17267,0.015879,-4.7827e-24
4.375,2.6569,0.005,0.1862,0.010717,-1.7772e-39
4.325,2.7069,0.005,0.20317,0.0063196,3.2349e-25
4.275,2.7569,0.005,0.22348,0.0028525,-4.1738e-24
4.225,2.807,0.005,0.24672,0.0004617,-4.1757e-24
4.175,2.86,0.005,0.27354,-0.0009298,4.307e-24
4.125,2.916,0.005,0.30202,-0.0007885,-2.2709e-37
4.075,2.972,0.005,0.31859,-0.0005842,-4.5874e-24
7.075,0.024,0.005,-0.2477,-0.0022301,-4.1981e-37
7.025,0.072,0.005,-0.25646,-0.003988,-9.2393e-24
6.975,0.12,0.005,-0.2563,-0.0073644,-9.4788e-24
6.925,0.168,0.005,-0.25453,-0.0096233,2.1936e-23
6.875,0.216,0.005,-0.25183,-0.011735,-2.2769e-24
6.825,0.264,0.005,-0.24834,-0.013355,-2.9454e-24
6.775,0.312,0.005,-0.24415,-0.014575,-2.2747e-24
6.725,0.36,0.005,-0.23932,-0.015367,-4.9796e-24
6.675,0.408,0.005,-0.2339,-0.015733,9.5459e-24
6.625,0.456,0.005,-0.22793,-0.01567,-8.5064e-24
6.575,0.50502,0.005,-0.22124,-0.015202,-5.9447e-25
6.525,0.55506,0.005,-0.21379,-0.014312,4.3539e-24
6.475,0.60511,0.005,-0.20566,-0.012948,-6.4345e-24
6.425,0.65515,0.005,-0.19671,-0.011118,0
6.375,0.70519,0.005,-0.18677,-0.0088263,1.076e-23
6.325,0.75523,0.005,-0.1757,-0.0061109,-4.7056e-24
6.275,0.80528,0.005,-0.16348,-0.0030241,-3.7525e-37
6.225,0.85532,0.005,-0.15023,0.00035921,-7.7602e-24
6.175,0.90536,0.005,-0.1362,0.0039507,7.7581e-24
6.125,0.9554,0.005,-0.12174,0.0076699,-4.9623e-24
6.075,1.0054,0.005,-0.10715,0.011462,-2.6656e-32
6.025,1.0555,0.005,-0.092637,0.015303,-1.2214e-23
5.975,1.1055,0.005,-0.078322,0.019186,-9.2968e-24
5.925,1.1556,0.005,-0.064243,0.023112,-6.0627e-37
5.875,1.2056,0.005,-0.050397,0.027085,3.4526e-24
5.825,1.2557,0.005,-0.036754,0.031114,8.1781e-24
5.775,1.3057,0.005,-0.023272,0.035206,7.1702e-24
5.725,1.3557,0.005,-0.0099057,0.039362,-2.5141e-23
5.675,1.4058,0.005,0.0033874,0.043586,-1.5189e-23
5.625,1.4558,0.005,0.016648,0.047857,-2.8193e-24
5.575,1.5059,0.005,0.029889,0.052121,3.1743e-23
5.525,1.5559,0.005,0.043088,0.05632,0
5.475,1.606,0.005,0.056149,0.060341,3.9958e-24
5.425,1.656,0.005,0.068859,0.063989,9.2382e-24
5.375,1.706,0.005,0.080877,0.06701,1.7696e-36
5.325,1.7561,0.005,0.09191,0.06923,2.1939e-23
5.275,1.8061,0.005,0.10183,0.070603,1.4372e-23
5.225,1.8562,0.005,0.11066,0.071178,-2.0405e-23
5.175,1.9062,0.005,0.11852,0.07105,1.3502e-23
5.125,1.9563,0.005,0.12552,0.070316,6.4107e-24
5.075,2.0063,0.005,0.13178,0.069045,-6.829e-24
5.025,2.0563,0.005,0.13737,0.067285,1.8972e-23
4.975,2.1064,0.005,0.14232,0.065063,-2.4477e-23
4.925,2.1564,0.005,0.14669,0.062391,0
4.875,2.2065,0.005,0.15048,0.059254,-4.6764e-24
4.825,2.2565,0.005,0.15327,0.055555,3.4826e-23
4.775,2.3066,0.005,0.15457,0.051157,7.8752e-24
4.725,2.3566,0.005,0.15483,0.046035,-2.5215e-24
4.675,2.4066,0.005,0.15525,0.04037,-5.6625e-25
4.625,2.4567,0.005,0.15704,0.034384,-6.1579e-24
4.575,2.5067,0.005,0.16099,0.028309,-5.5909e-26
4.525,2.5568,0.005,0.16763,0.022357,4.8554e-24
4.475,2.6068,0.005,0.17726,0.016725,-4.8821e-24
4.425,2.6569,0.005,0.19011,0.011606,-8.4598e-24
4.375,2.7069,0.005,0.20628,0.0071869,4.1733e-24
4.325,2.7569,0.005,0.2257,0.0036361,0
4.275,2.807,0.005,0.248,0.0011094,-3.4301e-26
4.225,2.86,0.005,0.27385,-0.00044904,4.6832e-24
4.175,2.916,0.005,0.30154,-0.00053646,-1.2426e-37
4.125,2.972,0.005,0.31806,-0.00047222,-5.4656e-24
7.125,0.024,0.005,-0.24449,-0.002425,-4.4088e-37
7.075,0.072,0.005,-0.25288,-0.004303,-4.3949e-24
7.025,0.12,0.005,-0.25283,-0.0079295,1.9208e-24
6.975,0.168,0.005,-0.25125,-0.010402,-6.9648e-24
6.925,0.216,0.005,-0.24874,-0.01274,1.6717e-23
6.875,0.264,0.005,-0.24545,-0.014588,3.3301e-24
6.825,0.312,0.005,-0.24146,-0.016039,2.9303e-24
6.775,0.36,0.005,-0.23682,-0.017065,-8.7608e-24
6.725,0.408,0.005,-0.2316,-0.017669,5.2307e-24
6.675,0.456,0.005,-0.22584,-0.017843,6.4628e-25
6.625,0.50502,0.005,-0.21936,-0.017617,-5.3535e-24
6.575,0.55506,0.005,-0.21215,-0.016967,0
6.525,0.60511,0.005,-0.20426,-0.015841,-1.6527e-24
6.475,0.65515,0.005,-0.19557,-0.014229,4.327e-24
6.425,0.70519,0.005,-0.18588,-0.012143,-3.8297e-24
6.375,0.75523,0.005,-0.17505,-0.0096029,4.867e-24
6.325,0.80528,0.005,-0.16303,-0.0066618,3.3551e-24
6.275,0.85532,0.005,-0.14993,-0.0033936,8.34e-24
6.225,0.90536,0.005,-0.13599,0.0001113,-8.1496e-24
6.175,0.9554,0.005,-0.12157,0.0037632,-7.7379e-24
6.125,1.0054,0.005,-0.10698,0.0074956,1.2273e-23
6.075,1.0555,0.005,-0.092447,0.011277,2.899e-24
6.025,1.1055,0.005,-0.078107,0.015097,3.7791e-24
5.975,1.1556,0.005,-0.064001,0.018953,-8.6115e-24
5.925,1.2056,0.005,-0.050129,0.022851,-8.9892e-24
5.875,1.2557,0.005,-0.03646,0.026797,4.9968e-37
5.825,1.3057,0.005,-0.022953,0.030801,1.9169e-23
5.775,1.3557,0.005,-0.0095618,0.034867,2.2846e-23
5.725,1.4058,0.005,0.0037615,0.039004,1.2202e-23
5.675,1.4558,0.005,0.017065,0.043197,2.7236e-24
5.625,1.5059,0.005,0.030372,0.047404,-1.85e-23
5.575,1.5559,0.005,0.043678,0.051585,1.4905e-23
5.525,1.606,0.005,0.056913,0.055652,0
5.475,1.656,0.005,0.06991,0.059455,-3.0188e-23
5.425,1.706,0.005,0.082342,0.062747,6.2324e-24
5.375,1.7561,0.005,0.09385,0.065312,1.0266e-36
5.325,1.8061,0.005,0.10423,0.067052,3.4888e-23
5.275,1.8562,0.005,0.11347,0.067983,-1.3891e-23
5.225,1.9062,0.005,0.12167,0.068182,1.3221e-23
5.175,1.9563,0.005,0.12897,0.06774,-6.7961e-26
5.125,2.0063,0.005,0.13547,0.066742,1.2993e-23
5.075,2.0563,0.005,0.14128,0.065236,3.8111e-23
5.025,2.1064,0.005,0.14645,0.063258,1.0658e-24
4.975,2.1564,0.005,0.15104,0.060824,-1.9323e-37
4.925,2.2065,0.005,0.15507,0.057933,-7.5787e-24
4.875,2.2565,0.005,0.1582,0.054506,-3.7078e-24
4.825,2.3066,0.005,0.15989,0.050417,2.0471e-23
4.775,2.3566,0.005,0.16047,0.045627,5.8737e-24
4.725,2.4066,0.005,0.16104,0.040277,5.3139e-24
4.675,2.4567,0.005,0.16277,0.034574,2.2941e-37
4.625,2.5067,0.005,0.1665,0.028736,-5.7261e-24
4.575,2.5568,0.005,0.17275,0.022967,1.0265e-23
4.525,2.6068,0.005,0.18188,0.01746,4.6178e-24
4.475,2.6569,0.005,0.19409,0.012403,-4.3107e-24
4.425,2.7069,0.005,0.20951,0.0079828,4.2976e-25
4.375,2.7569,0.005,0.22808,0.0043695,4.4509e-24
4.325,2.807,0.005,0.24946,0.0017233,8.7014e-24
4.275,2.86,0.005,0.27436,7.8051e-06,5.0109e-24
4.225,2.916,0.005,0.30124,-0.00029188,-5.3016e-24
4.175,2.972,0.005,0.31768,-0.00035949,5.3524e-24
7.175,0.024,0.005,-0.24104,-0.0026228,4.6021e-37
7.125,0.072,0.005,-0.24908,-0.004614,2.3171e-24
7.075,0.12,0.005,-0.24914,-0.0084908,-1.2322e-23
7.025,0.168,0.005,-0.24775,-0.011174,2.2264e-24
6.975,0.216,0.005,-0.24543,-0.013735,-4.39e-24
6.925,0.264,0.005,-0.24234,-0.015806,8.8616e-24
6.875,0.312,0.005,-0.23854,-0.017485,2.9169e-24
6.825,0.36,0.005,-0.2341,-0.018743,-5.8104e-24
6.775,0.408,0.005,-0.22908,-0.019581,-1.3308e-23
6.725,0.456,0.005,-0.22352,-0.019991,5.5616e-24
6.675,0.50502,0.005,-0.21727,-0.020006,-5.7445e-24
6.625,0.55506,0.005,-0.21029,-0.019601,1.116e-23
6.575,0.60511,0.005,-0.20265,-0.018709,-5.3761e-24
6.525,0.65515,0.005,-0.19422,-0.017325,-1.8389e-37
6.475,0.70519,0.005,-0.18481,-0.015443,-7.5557e-24
6.425,0.75523,0.005,-0.17424,-0.013087,8.0941e-24
6.375,0.80528,0.005,-0.16246,-0.010292,-4.8499e-24
6.325,0.85532,0.005,-0.14954,-0.0071369,-1.0796e-23
6.275,0.90536,0.005,-0.13572,-0.0037144,1.605e-23
6.225,0.9554,0.005,-0.12135,-0.00012165,1.5292e-32
6.175,1.0054,0.005,-0.10678,0.0035628,-1.3737e-23
6.125,1.0555,0.005,-0.092248,0.0072973,1.2049e-23
6.075,1.1055,0.005,-0.077892,0.011067,1.7131e-23
6.025,1.1556,0.005,-0.063764,0.014866,3.3416e-24
5.975,1.2056,0.005,-0.049869,0.0187,-4.5297e-24
5.925,1.2557,0.005,-0.036179,0.022575,-5.9137e-24
5.875,1.3057,0.005,-0.022652,0.026499,-1.458e-24
5.825,1.3557,0.005,-0.00924,0.030482,1.9602e-23
5.775,1.4058,0.005,0.0041071,0.034534,-2.5194e-24
5.725,1.4558,0.005,0.017444,0.038647,0
5.675,1.5059,0.005,0.030804,0.042788,-2.2346e-23
5.625,1.5559,0.005,0.044194,0.046929,-1.3671e-23
5.575,1.606,0.005,0.05757,0.051005,1.6269e-23
5.525,1.656,0.005,0.070798,0.054895,4.0947e-36
5.475,1.706,0.005,0.083602,0.0584,7.0706e-24
5.425,1.7561,0.005,0.095571,0.061265,7.2569e-24
5.375,1.8061,0.005,0.10643,0.06335,1.4477e-23
5.325,1.8562,0.005,0.1161,0.06463,-1.3199e-23
5.275,1.9062,0.005,0.12466,0.06516,-2.5778e-23
5.225,1.9563,0.005,0.13226,0.065027,-1.3233e-31
5.175,2.0063,0.005,0.13903,0.064305,5.0236e-23
5.125,2.0563,0.005,0.14507,0.063064,-2.4676e-23
5.075,2.1064,0.005,0.15045,0.061337,1.31e-23
5.025,2.1564,0.005,0.15525,0.059149,1.2372e-23
4.975,2.2065,0.005,0.15951,0.056504,-2.4343e-24
4.925,2.2565,0.005,0.16295,0.053345,-3.4327e-23
4.875,2.3066,0.005,0.16502,0.049554,5.3574e-24
4.825,2.3566,0.005,0.16593,0.045085,-1.6272e-24
4.775,2.4066,0.005,0.16666,0.040045,-1.7514e-24
4.725,2.4567,0.005,0.16837,0.034625,6.5923e-24
4.675,2.5067,0.005,0.17192,0.029029,5.8491e-24
4.625,2.5568,0.005,0.17784,0.023454,-9.3692e-38
4.575,2.6068,0.005,0.1865,0.018085,4.8185e-24
4.525,2.6569,0.005,0.19813,0.013108,4.7876e-24
4.475,2.7069,0.005,0.21284,0.0087048,-4.3216e-24
4.425,2.7569,0.005,0.23059,0.0050486,-4.5541e-24
4.375,2.807,0.005,0.25109,0.0023027,-1.4858e-25
4.325,2.86,0.005,0.27506,0.00043815,-5.2465e-24
4.275,2.916,0.005,0.30113,-7.6282e-05,5.4971e-39
4.225,2.972,0.005,0.31744,-0.0002548,6.1496e-24
7.225,0.024,0.005,-0.23735,-0.0028198,1.3401e-24
7.175,0.072,0.005,-0.24506,-0.0049263,-1.3058e-23
7.125,0.12,0.005,-0.24523,-0.0090482,-6.7328e-24
7.075,0.168,0.005,-0.24403,-0.011939,2.2663e-24
7.025,0.216,0.005,-0.2419,-0.01472,-7.0247e-24
6.975,0.264,0.005,-0.23901,-0.017012,-8.0695e-24
6.925,0.312,0.005,-0.23541,-0.018914,2.9085e-24
6.875,0.36,0.005,-0.23116,-0.020399,9.5094e-24
6.825,0.408,0.005,-0.22634,-0.021469,-1.218e-23
6.775,0.456,0.005,-0.22099,-0.022113,-1.0367e-23
6.725,0.50502,0.005,-0.21496,-0.022369,6.2794e-24
6.675,0.55506,0.005,-0.20821,-0.022206,0
6.625,0.60511,0.005,-0.20084,-0.021556,-5.3482e-37
6.575,0.65515,0.005,-0.19268,-0.020398,-5.7623e-24
6.525,0.70519,0.005,-0.18355,-0.018732,1.2863e-23
6.475,0.75523,0.005,-0.17328,-0.016559,-7.9096e-24
6.425,0.80528,0.005,-0.16176,-0.013922,-3.908e-24
6.375,0.85532,0.005,-0.14906,-0.010881,-4.6581e-24
6.325,0.90536,0.005,-0.13539,-0.0075372,7.9254e-24
6.275,0.9554,0.005,-0.12111,-0.0039962,-3.4849e-24
6.225,1.0054,0.005,-0.10656,-0.00034973,6.2358e-24
6.175,1.0555,0.005,-0.092039,0.00335,-5.0181e-25
6.125,1.1055,0.005,-0.077674,0.0070817,-1.0493e-23
6.075,1.1556,0.005,-0.063531,0.010837,8.4765e-38
6.025,1.2056,0.005,-0.049618,0.014619,-3.5045e-24
5.975,1.2557,0.005,-0.035911,0.018434,0
5.925,1.3057,0.005,-0.022367,0.022291,-4.9405e-24
5.875,1.3557,0.005,-0.008938,0.026199,-5.0212e-33
5.825,1.4058,0.005,0.0044277,0.030172,1.1982e-24
5.775,1.4558,0.005,0.017791,0.034205,5.062e-24
5.725,1.5059,0.005,0.031192,0.038274,3.7649e-24
5.675,1.5559,0.005,0.044649,0.042363,-2.4842e-23
5.625,1.606,0.005,0.058139,0.046422,-7.126e-24
5.575,1.656,0.005,0.071556,0.050354,1.1267e-36
5.525,1.706,0.005,0.084677,0.054002,0
5.475,1.7561,0.005,0.097078,0.057122,2.0593e-23
5.425,1.8061,0.005,0.10841,0.05952,-3.3422e-23
5.375,1.8562,0.005,0.11853,0.061134,7.2203e-24
5.325,1.9062,0.005,0.12748,0.061993,4.784e-37
5.275,1.9563,0.005,0.1354,0.06217,0
5.225,2.0063,0.005,0.14244,0.061742,7.6871e-25
5.175,2.0563,0.005,0.14872,0.060768,-3.0134e-23
5.125,2.1064,0.005,0.15432,0.059302,5.9157e-24
5.075,2.1564,0.005,0.15933,0.057364,3.3242e-37
5.025,2.2065,0.005,0.1638,0.054969,2.179e-23
4.975,2.2565,0.005,0.16753,0.052072,-1.1301e-23
4.925,2.3066,0.005,0.16997,0.048572,-2.0411e-23
4.875,2.3566,0.005,0.17119,0.044416,2.9453e-40
4.825,2.4066,0.005,0.17212,0.039682,-1.0327e-24
4.775,2.4567,0.005,0.17385,0.034545,-6.1367e-24
4.725,2.5067,0.005,0.17725,0.029194,5.1498e-25
4.675,2.5568,0.005,0.18288,0.02382,-1.0819e-23
4.625,2.6068,0.005,0.19112,0.018602,-2.0941e-26
4.575,2.6569,0.005,0.2022,0.013719,9.5249e-24
4.525,2.7069,0.005,0.21624,0.0093512,1.9505e-25
4.475,2.7569,0.005,0.23322,0.0056706,-4.6367e-24
4.425,2.807,0.005,0.25287,0.0028433,-9.3098e-24
4.375,2.86,0.005,0.27593,0.00084653,-5.6333e-24
4.325,2.916,0.005,0.30118,0.00013253,5.4836e-24
4.275,2.972,0.005,0.31734,-0.0001697,-6.3957e-24
7.275,0.024,0.005,-0.23343,-0.0030086,-1.2753e-23
7.225,0.072,0.005,-0.24081,-0.0052405,-1.3629e-23
7.175,0.12,0.005,-0.2411,-0.0096033,1.6128e-23
7.125,0.168,0.005,-0.24008,-0.0127,-5.6769e-24
7.075,0.216,0.005,-0.23816,-0.015697,-7.3452e-24
7.025,0.264,0.005,-0.23546,-0.018205,6.9511e-24
6.975,0.312,0.005,-0.23206,-0.020327,2.9054e-24
6.925,0.36,0.005,-0.22801,-0.022035,3.2704e-24
6.875,0.408,0.005,-0.22339,-0.023332,2.7288e-24
6.825,0.456,0.005,-0.21825,-0.024208,-1.7048e-23
6.775,0.50502,0.005,-0.21243,-0.024702,4.7895e-24
6.725,0.55506,0.005,-0.20592,-0.024784,0
6.675,0.60511,0.005,-0.19881,-0.024374,6.6482e-24
6.625,0.65515,0.005,-0.19093,-0.023453,1.1397e-37
6.575,0.70519,0.005,-0.18211,-0.022003,-1.3544e-23
6.525,0.75523,0.005,-0.17214,-0.020029,-4.3848e-37
6.475,0.80528,0.005,-0.16092,-0.01755,8.0743e-24
6.425,0.85532,0.005,-0.14846,-0.014634,8.0742e-24
6.375,0.90536,0.005,-0.13499,-0.01137,-3.5581e-24
6.325,0.9554,0.005,-0.12082,-0.0078749,2.6886e-24
6.275,1.0054,0.005,-0.10633,-0.0042546,-1.3843e-23
6.225,1.0555,0.005,-0.091817,-0.00057855,-1.111e-37
6.175,1.1055,0.005,-0.077453,0.0031279,4.8149e-24
6.125,1.1556,0.005,-0.063301,0.0068526,-1.3526e-24
6.075,1.2056,0.005,-0.049373,0.010595,3.9577e-24
6.025,1.2557,0.005,-0.035654,0.014362,-6.6378e-38
5.975,1.3057,0.005,-0.022097,0.018164,-3.7401e-24
5.925,1.3557,0.005,-0.0086537,0.022008,7.1058e-24
5.875,1.4058,0.005,0.0047268,0.025908,-4.7639e-37
5.825,1.4558,0.005,0.01811,0.029866,0
5.775,1.5059,0.005,0.031543,0.033864,5.0941e-38
5.725,1.5559,0.005,0.045054,0.037893,1.5922e-23
5.675,1.606,0.005,0.058634,0.041916,-4.6916e-23
5.625,1.656,0.005,0.072206,0.045858,-5.7732e-24
5.575,1.706,0.005,0.085585,0.049596,2.6678e-23
5.525,1.7561,0.005,0.098384,0.052911,-1.2562e-23
5.475,1.8061,0.005,0.11018,0.055586,1.99e-23
5.425,1.8562,0.005,0.12075,0.057514,4.9264e-24
5.375,1.9062,0.005,0.13011,0.058693,1.2077e-23
5.325,1.9563,0.005,0.13837,0.05918,-2.5636e-23
5.275,2.0063,0.005,0.1457,0.059046,1.315e-23
5.225,2.0563,0.005,0.15222,0.058355,1.2578e-23
5.175,2.1064,0.005,0.15805,0.057149,-3.5537e-23
5.125,2.1564,0.005,0.16326,0.055469,-2.3574e-23
5.075,2.2065,0.005,0.16795,0.053325,3.3355e-23
5.025,2.2565,0.005,0.17195,0.050692,1.1123e-23
4.975,2.3066,0.005,0.17473,0.047476,-1.0129e-23
4.925,2.3566,0.005,0.17627,0.043625,-8.8884e-24
4.875,2.4066,0.005,0.17741,0.039192,-1.009e-23
4.825,2.4567,0.005,0.17918,0.034338,2.2641e-37
4.775,2.5067,0.005,0.18247,0.029236,7.3406e-25
4.725,2.5568,0.005,0.18786,0.024069,-5.1481e-24
4.675,2.6068,0.005,0.19571,0.019012,-5.0568e-24
4.625,2.6569,0.005,0.20629,0.014237,3.452e-37
4.575,2.7069,0.005,0.2197,0.009921,3.6591e-26
4.525,2.7569,0.005,0.23596,0.0062337,4.609e-24
4.475,2.807,0.005,0.25479,0.0033423,-4.6137e-24
4.425,2.86,0.005,0.27697,0.0012275,1.1439e-23
4.375,2.916,0.005,0.30141,0.00033238,-7.9875e-38
4.325,2.972,0.005,0.31737,-8.6275e-05,-7.2003e-24
7.325,0.024,0.005,-0.22927,-0.0031956,1.4786e-23
7.275,0.072,0.005,-0.23634,-0.0055574,-5.4681e-24
7.225,0.12,0.005,-0.23675,-0.010157,5.1551e-24
7.175,0.168,0.005,-0.23592,-0.013459,1.6597e-23
7.125,0.216,0.005,-0.2342,-0.016667,-1.0926e-36
7.075,0.264,0.005,-0.2317,-0.019388,2.6135e-24
7.025,0.312,0.005,-0.22849,-0.021724,0
6.975,0.36,0.005,-0.22465,-0.023651,-6.9152e-24
6.925,0.408,0.005,-0.22022,-0.025171,6.8671e-24
6.875,0.456,0.005,-0.21529,-0.026275,-5.5983e-24
6.825,0.50502,0.005,-0.20969,-0.027005,-4.9474e-24
6.775,0.55506,0.005,-0.20342,-0.02733,5.4161e-24
6.725,0.60511,0.005,-0.19657,-0.027165,0
6.675,0.65515,0.005,-0.18898,-0.026481,0
6.625,0.70519,0.005,-0.18047,-0.02526,1.4734e-23
6.575,0.75523,0.005,-0.17083,-0.023488,-1.287e-23
6.525,0.80528,0.005,-0.15992,-0.021184,-8.0344e-24
6.475,0.85532,0.005,-0.14776,-0.018396,8.0403e-24
6.425,0.90536,0.005,-0.1345,-0.01522,3.3661e-24
6.375,0.9554,0.005,-0.12048,-0.011771,3.6168e-24
6.325,1.0054,0.005,-0.10606,-0.008169,-1.3739e-23
6.275,1.0555,0.005,-0.091583,-0.0045014,1.7667e-24
6.225,1.1055,0.005,-0.077226,-0.00080897,-7.6262e-25
6.175,1.1556,0.005,-0.063072,0.0028977,5.9135e-39
6.125,1.2056,0.005,-0.049136,0.0066149,3.5635e-24
6.075,1.2557,0.005,-0.035405,0.010346,2.658e-24
6.025,1.3057,0.005,-0.02184,0.014103,-5.5855e-24
5.975,1.3557,0.005,-0.008385,0.017895,-1.1623e-23
5.925,1.4058,0.005,0.0050078,0.021734,-6.3982e-24
5.875,1.4558,0.005,0.018406,0.025622,-4.7022e-32
5.825,1.5059,0.005,0.031865,0.029551,1.8251e-23
5.775,1.5559,0.005,0.045418,0.033518,9.9451e-24
5.725,1.606,0.005,0.05907,0.037495,-1.6821e-23
5.675,1.656,0.005,0.072767,0.041424,1.6101e-23
5.625,1.706,0.005,0.086356,0.045209,-7.0431e-24
5.575,1.7561,0.005,0.099505,0.048669,1.1802e-23
5.525,1.8061,0.005,0.11174,0.051576,1.1807e-23
5.475,1.8562,0.005,0.12277,0.05379,-1.4897e-23
5.425,1.9062,0.005,0.13255,0.055275,1.1597e-23
5.375,1.9563,0.005,0.14117,0.056067,-6.9777e-24
5.325,2.0063,0.005,0.14879,0.056227,2.4787e-23
5.275,2.0563,0.005,0.15557,0.055817,6.3809e-24
5.225,2.1064,0.005,0.16163,0.054886,-2.3564e-23
5.175,2.1564,0.005,0.16706,0.053462,-5.7709e-24
5.125,2.2065,0.005,0.17195,0.051576,-2.1608e-23
5.075,2.2565,0.005,0.17621,0.049204,4.3642e-23
5.025,2.3066,0.005,0.17931,0.046269,6.8259e-24
4.975,2.3566,0.005,0.18117,0.042716,-4.318e-24
4.925,2.4066,0.005,0.18253,0.038581,-2.6983e-24
4.875,2.4567,0.005,0.18437,0.034009,6.797e-24
4.825,2.5067,0.005,0.18758,0.029159,6.0846e-24
4.775,2.5568,0.005,0.19275,0.024206,5.8263e-24
4.725,2.6068,0.005,0.20027,0.019319,-5.0481e-24
4.675,2.6569,0.005,0.21038,0.014665,-9.937e-24
4.625,2.7069,0.005,0.22322,0.010414,4.7962e-24
4.575,2.7569,0.005,0.23878,0.0067366,0
4.525,2.807,0.005,0.25684,0.0037978,4.8561e-24
4.475,2.86,0.005,0.27816,0.0015839,-2.6071e-27
4.425,2.916,0.005,0.30179,0.00051711,-6.6631e-24
4.375,2.972,0.005,0.31751,-6.9028e-06,-1.3347e-25
7.375,0.024,0.005,-0.22488,-0.0033891,1.6393e-24
7.325,0.072,0.005,-0.23164,-0.0058771,8.9826e-24
7.275,0.12,0.005,-0.23218,-0.01071,-1.4186e-23
7.225,0.168,0.005,-0.23154,-0.014217,6.0986e-37
7.175,0.216,0.005,-0.23002,-0.017633,2.3809e-23
7.125,0.264,0.005,-0.22773,-0.020562,-1.0191e-23
7.075,0.312,0.005,-0.22472,-0.023108,2.9187e-24
7.025,0.36,0.005,-0.22107,-0.025249,7.2434e-24
6.975,0.408,0.005,-0.21685,-0.026987,-7.2228e-24
6.925,0.456,0.005,-0.21212,-0.028313,-5.4314e-37
6.875,0.50502,0.005,-0.20674,-0.029277,-5.1062e-24
6.825,0.55506,0.005,-0.20071,-0.029844,0
6.775,0.60511,0.005,-0.19411,-0.029922,-6.0501e-24
6.725,0.65515,0.005,-0.18682,-0.029482,7.7376e-24
6.675,0.70519,0.005,-0.17863,-0.028494,7.5369e-24
6.625,0.75523,0.005,-0.16933,-0.026939,-1.4952e-23
6.575,0.80528,0.005,-0.15877,-0.024818,8.007e-24
6.525,0.85532,0.005,-0.14693,-0.022175,-2.5299e-37
6.475,0.90536,0.005,-0.13393,-0.019092,5.3478e-24
6.425,0.9554,0.005,-0.12008,-0.015695,-2.877e-24
6.375,1.0054,0.005,-0.10577,-0.012108,1.3705e-23
6.325,1.0555,0.005,-0.091335,-0.0084376,-1.4392e-23
6.275,1.1055,0.005,-0.076993,-0.0047416,7.2113e-24
6.225,1.1556,0.005,-0.062841,-0.0010426,0
6.175,1.2056,0.005,-0.048903,0.0026636,-7.5282e-25
6.125,1.2557,0.005,-0.035162,0.0063741,2.592e-37
6.075,1.3057,0.005,-0.02159,0.010096,8.7272e-24
6.025,1.3557,0.005,-0.0081279,0.013847,-4.163e-24
5.975,1.4058,0.005,0.0052738,0.017635,1.0169e-24
5.925,1.4558,0.005,0.018684,0.021463,0
5.875,1.5059,0.005,0.032162,0.025328,-1.4089e-37
5.825,1.5559,0.005,0.045748,0.029233,0
5.775,1.606,0.005,0.059458,0.033159,4.053e-24
5.725,1.656,0.005,0.073255,0.037062,-6.3429e-24
5.675,1.706,0.005,0.087015,0.040863,3.2743e-24
5.625,1.7561,0.005,0.10046,0.044422,-1.0996e-23
5.575,1.8061,0.005,0.11311,0.047517,1.1111e-23
5.525,1.8562,0.005,0.12459,0.049983,-7.5396e-24
5.475,1.9062,0.005,0.13478,0.051754,1.1069e-23
5.425,1.9563,0.005,0.14377,0.05284,1.1017e-23
5.375,2.0063,0.005,0.15171,0.053292,-3.1366e-23
5.325,2.0563,0.005,0.15876,0.053166,5.6972e-23
5.275,2.1064,0.005,0.16505,0.052507,-1.8447e-23
5.225,2.1564,0.005,0.17069,0.051353,1.1105e-23
5.175,2.2065,0.005,0.1758,0.049721,-1.1633e-23
5.125,2.2565,0.005,0.1803,0.047612,-1.0664e-23
5.075,2.3066,0.005,0.18371,0.044954,1.9728e-23
5.025,2.3566,0.005,0.18589,0.041694,4.1284e-24
4.975,2.4066,0.005,0.18747,0.037854,4.6966e-24
4.925,2.4567,0.005,0.18941,0.033563,-6.8128e-24
4.875,2.5067,0.005,0.19257,0.028968,-6.1181e-24
4.825,2.5568,0.005,0.19756,0.024234,1.1571e-23
4.775,2.6068,0.005,0.20478,0.019524,5.4581e-24
4.725,2.6569,0.005,0.21446,0.015002,-5.1314e-24
4.675,2.7069,0.005,0.22676,0.010831,-8.803e-26
4.625,2.7569,0.005,0.24167,0.0071785,-6.9789e-26
4.575,2.807,0.005,0.25899,0.0042087,9.8701e-24
4.525,2.86,0.005,0.27949,0.0019124,-7.6542e-27
4.475,2.916,0.005,0.30232,0.00068675,-6.8075e-24
4.425,2.972,0.005,0.31776,8.0112e-05,7.6604e-24
7.425,0.024,0.005,-0.22025,-0.0035888,-1.7754e-23
7.375,0.072,0.005,-0.2267,-0.0062008,1.2272e-23
7.325,0.12,0.005,-0.22738,-0.011265,-1.2362e-23
7.275,0.168,0.005,-0.22695,-0.014977,-3.901e-24
7.225,0.216,0.005,-0.22563,-0.018598,-5.7602e-24
7.175,0.264,0.005,-0.22355,-0.02173,1.0498e-23
7.125,0.312,0.005,-0.22074,-0.024481,2.9367e-24
7.075,0.36,0.005,-0.21729,-0.02683,-7.5512e-24
7.025,0.408,0.005,-0.21327,-0.02878,-3.7165e-24
6.975,0.456,0.005,-0.20875,-0.030324,-4.0511e-24
6.925,0.50502,0.005,-0.20359,-0.031516,-8.1655e-24
6.875,0.55506,0.005,-0.19779,-0.032321,1.0642e-23
6.825,0.60511,0.005,-0.19145,-0.032644,-1.4346e-23
6.775,0.65515,0.005,-0.18445,-0.03245,8.3383e-24
6.725,0.70519,0.005,-0.17658,-0.031703,0
6.675,0.75523,0.005,-0.16764,-0.030373,1.5846e-23
6.625,0.80528,0.005,-0.15745,-0.028453,-1.5975e-23
6.575,0.85532,0.005,-0.14595,-0.025967,-6.9146e-24
6.525,0.90536,0.005,-0.13325,-0.022995,1.4054e-23
6.475,0.9554,0.005,-0.11962,-0.019652,-1.9853e-24
6.425,1.0054,0.005,-0.10543,-0.016082,0
6.375,1.0555,0.005,-0.091067,-0.012404,8.6754e-24
6.325,1.1055,0.005,-0.076754,-0.0086906,5.3449e-24
6.275,1.1556,0.005,-0.062608,-0.00498,-1.7764e-24
6.225,1.2056,0.005,-0.04867,-0.0012779,-7.2625e-25
6.175,1.2557,0.005,-0.034928,0.0024328,-4.5481e-25
6.125,1.3057,0.005,-0.021349,0.0061301,3.0448e-37
6.075,1.3557,0.005,-0.0078746,0.0098428,7.4929e-24
6.025,1.4058,0.005,0.005529,0.0136,3.8093e-24
5.975,1.4558,0.005,0.018947,0.017377,0
5.925,1.5059,0.005,0.03244,0.021186,-6.6503e-24
5.875,1.5559,0.005,0.046052,0.025033,4.4046e-24
5.825,1.606,0.005,0.059808,0.028906,3.0347e-24
5.775,1.656,0.005,0.073686,0.032773,-1.5425e-23
5.725,1.706,0.005,0.087587,0.036571,1.3877e-23
5.675,1.7561,0.005,0.10128,0.04019,-2.7609e-24
5.625,1.8061,0.005,0.11429,0.043433,-2.7612e-24
5.575,1.8562,0.005,0.1262,0.046116,0
5.525,1.9062,0.005,0.13682,0.048147,-2.5413e-23
5.475,1.9563,0.005,0.14619,0.049514,2.8213e-23
5.425,2.0063,0.005,0.15445,0.050251,3.2719e-24
5.375,2.0563,0.005,0.16178,0.050405,3.5401e-36
5.325,2.1064,0.005,0.16831,0.050021,2.584e-24
5.275,2.1564,0.005,0.17417,0.049133,1.0724e-23
5.225,2.2065,0.005,0.17949,0.047767,1.0634e-23
5.175,2.2565,0.005,0.18423,0.045916,-4.6067e-23
5.125,2.3066,0.005,0.18794,0.043534,7.0162e-24
5.075,2.3566,0.005,0.19042,0.040562,6.1872e-24
5.025,2.4066,0.005,0.19223,0.037015,-3.3325e-24
4.975,2.4567,0.005,0.19428,0.033005,2.3376e-37
4.925,2.5067,0.005,0.19743,0.028665,7.071e-25
4.875,2.5568,0.005,0.20227,0.024155,4.6062e-25
4.825,2.6068,0.005,0.20922,0.019631,5.5759e-24
4.775,2.6569,0.005,0.21852,0.01525,4.8364e-24
4.725,2.7069,0.005,0.23032,0.011172,-5.2217e-24
4.675,2.7569,0.005,0.24462,0.0075591,1.2727e-25
4.625,2.807,0.005,0.26123,0.0045742,-1.2402e-26
4.575,2.86,0.005,0.28094,0.0022117,1.0471e-25
4.525,2.916,0.005,0.30299,0.00084145,1.7593e-37
4.475,2.972,0.005,0.31811,0.0001492,8.0975e-24
7.475,0.024,0.005,-0.21538,-0.0037967,-1.8849e-24
7.425,0.072,0.005,-0.22154,-0.0065297,9.4057e-24
7.375,0.12,0.005,-0.22236,-0.011825,2.3888e-24
7.325,0.168,0.005,-0.22214,-0.015742,-1.8268e-23
7.275,0.216,0.005,-0.22104,-0.019564,-5.9633e-24
7.225,0.264,0.005,-0.21916,-0.022896,-2.6794e-24
7.175,0.312,0.005,-0.21656,-0.025846,2.9634e-24
7.125,0.36,0.005,-0.21332,-0.028396,-4.534e-24
7.075,0.408,0.005,-0.2095,-0.030552,-7.8658e-24
7.025,0.456,0.005,-0.20518,-0.032308,7.7953e-24
6.975,0.50502,0.005,-0.20023,-0.033722,-8.7613e-24
6.925,0.55506,0.005,-0.19466,-0.034762,-8.7314e-24
6.875,0.60511,0.005,-0.18858,-0.035327,2.8787e-37
6.825,0.65515,0.005,-0.18187,-0.035381,-8.9048e-24
6.775,0.70519,0.005,-0.17433,-0.03488,-1.4405e-32
6.725,0.75523,0.005,-0.16575,-0.033789,1.6314e-23
6.675,0.80528,0.005,-0.15594,-0.032082,-1.6229e-23
6.625,0.85532,0.005,-0.14482,-0.029774,1.5769e-23
6.575,0.90536,0.005,-0.13245,-0.026925,7.6298e-25
6.525,0.9554,0.005,-0.11907,-0.023654,-6.3467e-24
6.475,1.0054,0.005,-0.10505,-0.020102,0
6.425,1.0555,0.005,-0.090773,-0.016413,2.1731e-23
6.375,1.1055,0.005,-0.076502,-0.012674,-1.6643e-23
6.325,1.1556,0.005,-0.062372,-0.0089355,-2.7849e-24
6.275,1.2056,0.005,-0.048437,-0.005219,1.791e-24
6.225,1.2557,0.005,-0.034689,-0.0015077,0
6.175,1.3057,0.005,-0.021129,0.0021872,-1.1725e-24
6.125,1.3557,0.005,-0.0076575,0.0058462,-5.3859e-25
6.075,1.4058,0.005,0.0057802,0.0096136,3.4772e-24
6.025,1.4558,0.005,0.019199,0.013351,0
5.975,1.5059,0.005,0.032704,0.017113,-3.2668e-24
5.925,1.5559,0.005,0.046336,0.020908,6.4099e-24
5.875,1.606,0.005,0.060127,0.02473,0
5.825,1.656,0.005,0.07407,0.028557,-8.124e-24
5.775,1.706,0.005,0.088086,0.032338,1.3755e-23
5.725,1.7561,0.005,0.10198,0.03599,6.596e-37
5.675,1.8061,0.005,0.11532,0.039342,-1.7229e-23
5.625,1.8562,0.005,0.12763,0.042207,1.5339e-31
5.575,1.9062,0.005,0.13866,0.044472,-7.546e-24
5.525,1.9563,0.005,0.14841,0.046102,2.6527e-24
5.475,2.0063,0.005,0.157,0.047113,2.705e-23
5.425,2.0563,0.005,0.16462,0.047544,-2.3655e-23
5.375,2.1064,0.005,0.1714,0.047433,1.8985e-23
5.325,2.1564,0.005,0.17749,0.046813,-2.0632e-23
5.275,2.2065,0.005,0.18302,0.045709,1.6238e-23
5.225,2.2565,0.005,0.18799,0.044125,-1.4498e-38
5.175,2.3066,0.005,0.19199,0.042012,-1.8907e-23
5.125,2.3566,0.005,0.19476,0.039326,-5.8847e-24
5.075,2.4066,0.005,0.19682,0.036069,-1.1239e-23
5.025,2.4567,0.005,0.199,0.032338,7.9859e-24
4.975,2.5067,0.005,0.20215,0.028257,8.2317e-25
4.925,2.5568,0.005,0.20688,0.023975,-1.1264e-23
4.875,2.6068,0.005,0.21359,0.019643,3.8699e-25
4.825,2.6569,0.005,0.22254,0.015412,1.0135e-23
4.775,2.7069,0.005,0.23388,0.011438,-4.2932e-25
4.725,2.7569,0.005,0.2476,0.0078785,1.8472e-25
4.675,2.807,0.005,0.26356,0.0048935,-1.0215e-23
4.625,2.86,0.005,0.2825,0.002481,-5.9406e-24
4.575,2.916,0.005,0.30379,0.00098079,2.8999e-25
4.525,2.972,0.005,0.31855,0.00021235,-8.3196e-24
7.525,0.024,0.005,-0.21025,-0.0040139,-2.0267e-24
7.475,0.072,0.005,-0.21614,-0.0068655,-6.9253e-24
7.425,0.12,0.005,-0.21712,-0.012393,1.0639e-23
7.375,0.168,0.005,-0.2171,-0.016515,2.639e-24
7.325,0.216,0.005,-0.21623,-0.020536,-2.5618e-24
7.275,0.264,0.005,-0.21457,-0.024063,8.3325e-24
7.225,0.312,0.005,-0.21218,-0.027207,2.9999e-24
7.175,0.36,0.005,-0.20914,-0.029952,8.1049e-24
7.125,0.408,0.005,-0.20553,-0.032305,-3.727e-24
7.075,0.456,0.005,-0.20141,-0.034266,-1.2488e-23
7.025,0.50502,0.005,-0.19668,-0.035896,1.9488e-25
6.975,0.55506,0.005,-0.19134,-0.037165,5.2416e-24
6.925,0.60511,0.005,-0.18551,-0.037969,-5.889e-24
6.875,0.65515,0.005,-0.17908,-0.038268,-5.3422e-37
6.825,0.70519,0.005,-0.17186,-0.03802,-1.6593e-23
6.775,0.75523,0.005,-0.16365,-0.037175,1.8605e-23
6.725,0.80528,0.005,-0.15424,-0.035699,1.5897e-32
6.675,0.85532,0.005,-0.14352,-0.033586,-1.8915e-37
6.625,0.90536,0.005,-0.13152,-0.030885,-3.5246e-38
6.575,0.9554,0.005,-0.11844,-0.027699,-1.503e-32
6.525,1.0054,0.005,-0.10461,-0.024178,-6.9684e-24
6.475,1.0555,0.005,-0.090446,-0.020476,5.6013e-24
6.425,1.1055,0.005,-0.076233,-0.016707,9.4141e-24
6.375,1.1556,0.005,-0.062129,-0.01293,3.785e-24
6.325,1.2056,0.005,-0.048202,-0.0091777,-9.4465e-24
6.275,1.2557,0.005,-0.034462,-0.0054558,0
6.225,1.3057,0.005,-0.020843,-0.001753,1.2158e-24
6.175,1.3557,0.005,-0.0076098,0.0017392,3.8048e-27
6.125,1.4058,0.005,0.0060084,0.0056725,-1.36e-24
6.075,1.4558,0.005,0.019443,0.0093702,4.1777e-24
6.025,1.5059,0.005,0.032957,0.013096,-1.0904e-24
5.975,1.5559,0.005,0.046606,0.016847,-9.5187e-24
5.925,1.606,0.005,0.060425,0.020623,1.0094e-24
5.875,1.656,0.005,0.074419,0.024409,-6.0848e-24
5.825,1.706,0.005,0.088528,0.028166,1.4635e-23
5.775,1.7561,0.005,0.10259,0.03183,7.3485e-24
5.725,1.8061,0.005,0.11621,0.035261,6.7285e-38
5.675,1.8562,0.005,0.12888,0.038275,-1.5454e-23
5.625,1.9062,0.005,0.14031,0.040746,1.6864e-23
5.575,1.9563,0.005,0.15044,0.042619,-3.5515e-23
5.525,2.0063,0.005,0.15937,0.043891,3.0795e-23
5.475,2.0563,0.005,0.16728,0.04459,9.6165e-24
5.425,2.1064,0.005,0.17432,0.044748,-2.9014e-23
5.375,2.1564,0.005,0.18064,0.044396,-2.725e-37
5.325,2.2065,0.005,0.18639,0.043556,3.6384e-23
5.275,2.2565,0.005,0.19158,0.042233,1.6838e-37
5.225,2.3066,0.005,0.19585,0.040395,-9.2001e-24
5.175,2.3566,0.005,0.19892,0.037987,-1.9569e-23
5.125,2.4066,0.005,0.20122,0.035019,-3.9562e-24
5.075,2.4567,0.005,0.20355,0.031566,6.7017e-24
5.025,2.5067,0.005,0.20673,0.027745,1.8803e-24
4.975,2.5568,0.005,0.21137,0.023695,-4.297e-24
4.925,2.6068,0.005,0.21788,0.019561,-4.8145e-24
4.875,2.6569,0.005,0.22652,0.015489,2.701e-39
4.825,2.7069,0.005,0.23742,0.01163,-2.7845e-25
4.775,2.7569,0.005,0.25062,0.0081371,2.4163e-25
4.725,2.807,0.005,0.26594,0.0051663,-5.1287e-24
4.675,2.86,0.005,0.28416,0.0027195,2.1527e-25
4.625,2.916,0.005,0.3047,0.0011045,2.1248e-25
4.575,2.972,0.005,0.31907,0.00027106,-8.5475e-24
7.575,0.024,0.005,-0.20488,-0.004242,-2.1835e-24
7.525,0.072,0.005,-0.2105,-0.0072104,-7.3845e-24
7.475,0.12,0.005,-0.21164,-0.012972,8.2976e-24
7.425,0.168,0.005,-0.21185,-0.0173,3.1582e-23
7.375,0.216,0.005,-0.2112,-0.021517,-1.4196e-23
7.325,0.264,0.005,-0.20977,-0.025236,8.5583e-24
7.275,0.312,0.005,-0.2076,-0.028567,8.3861e-24
7.225,0.36,0.005,-0.20478,-0.0315,0
7.175,0.408,0.005,-0.20137,-0.034045,8.4163e-24
7.125,0.456,0.005,-0.19746,-0.036201,-2.0853e-23
7.075,0.50502,0.005,-0.19294,-0.038039,2.3161e-23
7.025,0.55506,0.005,-0.18782,-0.039529,-5.2103e-24
6.975,0.60511,0.005,-0.18224,-0.040566,-5.8401e-24
6.925,0.65515,0.005,-0.17609,-0.04111,-9.8342e-37
6.875,0.70519,0.005,-0.16919,-0.041115,1.4186e-23
6.825,0.75523,0.005,-0.16134,-0.040526,-2.9821e-23
6.775,0.80528,0.005,-0.15234,-0.039294,9.7173e-24
6.725,0.85532,0.005,-0.14204,-0.037398,-8.0522e-24
6.675,0.90536,0.005,-0.13044,-0.034866,1.673e-23
6.625,0.9554,0.005,-0.11769,-0.03179,5.5162e-25
6.575,1.0054,0.005,-0.1041,-0.028314,-2.1142e-23
6.525,1.0555,0.005,-0.090077,-0.024607,6.7606e-24
6.475,1.1055,0.005,-0.075942,-0.020802,1.7063e-23
6.425,1.1556,0.005,-0.061873,-0.016979,4.8595e-24
6.375,1.2056,0.005,-0.047962,-0.013179,-1.1559e-23
6.325,1.2557,0.005,-0.034227,-0.0094192,-2.8822e-24
6.275,1.3057,0.005,-0.02065,-0.0056895,3.8204e-24
6.225,1.3557,0.005,-0.0069577,-0.0021905,0
6.175,1.4058,0.005,0.0060435,0.0019028,3.0018e-38
6.125,1.4558,0.005,0.019683,0.0054151,-2.0753e-24
6.075,1.5059,0.005,0.033205,0.0091216,9.4277e-24
6.025,1.5559,0.005,0.046867,0.012837,-8.3318e-24
5.975,1.606,0.005,0.060707,0.016573,5.1439e-24
5.925,1.656,0.005,0.074741,0.020321,-3.7697e-37
5.875,1.706,0.005,0.088925,0.024052,-6.768e-24
5.825,1.7561,0.005,0.10312,0.027715,1.496e-23
5.775,1.8061,0.005,0.11698,0.031199,-7.657e-24
5.725,1.8562,0.005,0.12998,0.034334,0
5.675,1.9062,0.005,0.14179,0.036984,-8.5629e-24
5.625,1.9563,0.005,0.15228,0.039077,-8.757e-24
5.575,2.0063,0.005,0.16155,0.040595,-1.7314e-24
5.525,2.0563,0.005,0.16975,0.041553,2.9692e-23
5.475,2.1064,0.005,0.17705,0.041976,-6.5104e-24
5.425,2.1564,0.005,0.18361,0.041888,9.4284e-24
5.375,2.2065,0.005,0.18958,0.04131,-1.681e-23
5.325,2.2565,0.005,0.19501,0.04025,3.7503e-23
5.275,2.3066,0.005,0.19954,0.03868,-3.9522e-24
5.225,2.3566,0.005,0.2029,0.036554,2.2159e-24
5.175,2.4066,0.005,0.20544,0.033869,9.5504e-25
5.125,2.4567,0.005,0.20794,0.030694,-9.901e-37
5.075,2.5067,0.005,0.21117,0.027134,1.0578e-24
5.025,2.5568,0.005,0.21574,0.023319,6.3391e-24
4.975,2.6068,0.005,0.22208,0.019389,-4.7071e-24
4.925,2.6569,0.005,0.23043,0.015484,-1.0562e-23
4.875,2.7069,0.005,0.24095,0.01175,5.3196e-24
4.825,2.7569,0.005,0.25364,0.0083356,-4.996e-24
4.775,2.807,0.005,0.26838,0.0053924,5.2133e-24
4.725,2.86,0.005,0.28591,0.0029266,-3.0101e-26
4.675,2.916,0.005,0.30572,0.0012124,2.7552e-25
4.625,2.972,0.005,0.31966,0.00032475,0
7.625,0.024,0.005,-0.19923,-0.0044841,-2.358e-24
7.575,0.072,0.005,-0.20461,-0.0075665,-7.8908e-24
7.525,0.12,0.005,-0.20593,-0.013566,-2.2675e-37
7.475,0.168,0.005,-0.20637,-0.018101,2.8338e-24
7.425,0.216,0.005,-0.20596,-0.022512,6.4189e-24
7.375,0.264,0.005,-0.20477,-0.026419,-2.8834e-24
7.325,0.312,0.005,-0.20283,-0.029933,1.1708e-23
7.275,0.36,0.005,-0.20022,-0.033046,8.5775e-24
7.225,0.408,0.005,-0.19702,-0.035774,0
7.175,0.456,0.005,-0.19333,-0.038117,-4.0521e-24
7.125,0.50502,0.005,-0.18902,-0.040153,4.2264e-24
7.075,0.55506,0.005,-0.18412,-0.041856,-1.4535e-23
7.025,0.60511,0.005,-0.17878,-0.043118,-5.7959e-24
6.975,0.65515,0.005,-0.1729,-0.043902,-1.7159e-36
6.925,0.70519,0.005,-0.16631,-0.044159,-7.0294e-24
6.875,0.75523,0.005,-0.15882,-0.04383,-7.5449e-24
6.825,0.80528,0.005,-0.15022,-0.042856,3.1595e-32
6.775,0.85532,0.005,-0.14036,-0.041197,2.0177e-23
6.725,0.90536,0.005,-0.12919,-0.038862,-7.9742e-24
6.675,0.9554,0.005,-0.11681,-0.035922,9.0244e-24
6.625,1.0054,0.005,-0.1035,-0.032513,1.4275e-23
6.575,1.0555,0.005,-0.089654,-0.02881,-2.9035e-23
6.525,1.1055,0.005,-0.075619,-0.024973,1.2339e-23
6.475,1.1556,0.005,-0.061602,-0.021097,1.0598e-23
6.425,1.2056,0.005,-0.047712,-0.01724,4.9087e-24
6.375,1.2557,0.005,-0.033986,-0.013428,6.1914e-37
6.325,1.3057,0.005,-0.020413,-0.0096618,-6.082e-24
6.275,1.3557,0.005,-0.0069454,-0.0059504,2.0983e-24
6.225,1.4058,0.005,0.0066535,-0.0019917,3.5842e-26
6.175,1.4558,0.005,0.019885,0.0014761,2.1196e-24
6.125,1.5059,0.005,0.033452,0.0051718,-3.1244e-24
6.075,1.5559,0.005,0.047123,0.0088655,6.1149e-24
6.025,1.606,0.005,0.06098,0.01257,-1.323e-23
5.975,1.656,0.005,0.075045,0.016285,9.7382e-25
5.925,1.706,0.005,0.089288,0.01999,8.8566e-25
5.875,1.7561,0.005,0.10359,0.023645,5.3157e-37
5.825,1.8061,0.005,0.11765,0.027164,1.423e-23
5.775,1.8562,0.005,0.13095,0.030394,-1.5623e-23
5.725,1.9062,0.005,0.1431,0.033198,6.6336e-37
5.675,1.9563,0.005,0.15394,0.03549,8.1138e-24
5.625,2.0063,0.005,0.16354,0.037238,-2.1857e-23
5.575,2.0563,0.005,0.17204,0.038443,2.5639e-23
5.525,2.1064,0.005,0.17961,0.039123,-4.4444e-24
5.475,2.1564,0.005,0.18641,0.039295,7.4611e-37
5.425,2.2065,0.005,0.1926,0.038978,8.025e-24
5.375,2.2565,0.005,0.19825,0.038178,-4.9962e-24
5.325,2.3066,0.005,0.20305,0.036875,2.5781e-23
5.275,2.3566,0.005,0.20669,0.035025,-9.386e-24
5.225,2.4066,0.005,0.20947,0.032625,3.4031e-25
5.175,2.4567,0.005,0.21215,0.029725,-6.4937e-24
5.125,2.5067,0.005,0.21545,0.026427,-4.699e-32
5.075,2.5568,0.005,0.21998,0.022851,1.7424e-23
5.025,2.6068,0.005,0.22617,0.019129,5.8717e-24
4.975,2.6569,0.005,0.23427,0.015398,-5.5426e-24
4.925,2.7069,0.005,0.24443,0.011799,-8.1531e-25
4.875,2.7569,0.005,0.25667,0.0084747,4.6387e-24
4.825,2.807,0.005,0.27085,0.0055721,1.0387e-23
4.775,2.86,0.005,0.28772,0.003102,-3.51e-26
4.725,2.916,0.005,0.30684,0.0013044,-1.0671e-38
4.675,2.972,0.005,0.32031,0.00037289,8.8848e-24
7.675,0.024,0.005,-0.19332,-0.0047423,-2.5534e-24
7.625,0.072,0.005,-0.19846,-0.0079362,-4.2257e-24
7.575,0.12,0.005,-0.19998,-0.014178,-1.1397e-23
7.525,0.168,0.005,-0.20066,-0.018923,-7.0936e-24
7.475,0.216,0.005,-0.20051,-0.023528,1.2146e-23
7.425,0.264,0.005,-0.19956,-0.027619,-2.9665e-24
7.375,0.312,0.005,-0.19786,-0.03131,6.3571e-24
7.325,0.36,0.005,-0.19547,-0.034597,-5.3144e-24
7.275,0.408,0.005,-0.1925,-0.037497,-3.8265e-24
7.225,0.456,0.005,-0.18901,-0.040019,4.9838e-24
7.175,0.50502,0.005,-0.18492,-0.042243,-1.0045e-23
7.125,0.55506,0.005,-0.18025,-0.044147,5.1728e-24
7.075,0.60511,0.005,-0.17514,-0.045624,-5.758e-24
7.025,0.65515,0.005,-0.16951,-0.04664,-6.6166e-37
6.975,0.70519,0.005,-0.16323,-0.047146,-1.3916e-32
6.925,0.75523,0.005,-0.15609,-0.04708,2.2169e-23
6.875,0.80528,0.005,-0.1479,-0.046373,-1.5733e-23
6.825,0.85532,0.005,-0.13848,-0.044971,-1.0813e-23
6.775,0.90536,0.005,-0.12775,-0.042859,8.0083e-24
6.725,0.9554,0.005,-0.11578,-0.040086,7.7287e-24
6.675,1.0054,0.005,-0.1028,-0.036772,-2.0109e-24
6.625,1.0555,0.005,-0.089166,-0.033092,-1.2364e-23
6.575,1.1055,0.005,-0.075256,-0.029228,-1.1508e-23
6.525,1.1556,0.005,-0.061306,-0.025298,-7.7281e-38
6.475,1.2056,0.005,-0.047449,-0.021376,1.5897e-23
6.425,1.2557,0.005,-0.033736,-0.0175,-1.0182e-23
6.375,1.3057,0.005,-0.020167,-0.01368,-1.0645e-23
6.325,1.3557,0.005,-0.0067132,-0.0099112,-1.7398e-24
6.275,1.4058,0.005,0.0067248,-0.0061255,2.0492e-24
6.225,1.4558,0.005,0.020179,-0.0024645,2.0328e-24
6.175,1.5059,0.005,0.033696,0.0012196,1.5496e-24
6.125,1.5559,0.005,0.04738,0.0049159,4.1339e-24
6.075,1.606,0.005,0.061249,0.0085992,-7.1736e-24
6.025,1.656,0.005,0.075337,0.012288,3.9676e-24
5.975,1.706,0.005,0.089626,0.015971,0
5.925,1.7561,0.005,0.10401,0.019616,-5.6234e-24
5.875,1.8061,0.005,0.11823,0.023157,7.6887e-24
5.825,1.8562,0.005,0.13178,0.026462,-7.8538e-24
5.775,1.9062,0.005,0.14425,0.029397,-8.5167e-24
5.725,1.9563,0.005,0.15543,0.031868,1.489e-23
5.675,2.0063,0.005,0.16535,0.033829,-3.4661e-25
5.625,2.0563,0.005,0.17415,0.03527,-7.9731e-24
5.575,2.1064,0.005,0.18198,0.036197,9.7494e-24
5.525,2.1564,0.005,0.18902,0.036624,8.4434e-24
5.475,2.2065,0.005,0.19545,0.036564,5.7877e-24
5.425,2.2565,0.005,0.20132,0.036023,-2.5698e-23
5.375,2.3066,0.005,0.20637,0.034984,4.2218e-24
5.325,2.3566,0.005,0.21028,0.033407,8.784e-24
5.275,2.4066,0.005,0.21332,0.031287,-4.8541e-24
5.225,2.4567,0.005,0.21618,0.028664,0
5.175,2.5067,0.005,0.21957,0.025628,9.714e-24
5.125,2.5568,0.005,0.22409,0.022293,-1.1846e-23
5.075,2.6068,0.005,0.23016,0.018785,1.1067e-23
5.025,2.6569,0.005,0.23804,0.015235,4.4223e-24
4.975,2.7069,0.005,0.24787,0.011778,-5.4041e-24
4.925,2.7569,0.005,0.25968,0.0085552,4.0954e-25
4.875,2.807,0.005,0.27335,0.0057056,-8.5623e-26
4.825,2.86,0.005,0.28959,0.0032453,-6.1392e-24
4.775,2.916,0.005,0.30803,0.0013802,-1.9072e-37
4.725,2.972,0.005,0.32102,0.0004151,8.8566e-24
7.725,0.024,0.005,-0.18711,-0.0050197,-2.7732e-24
7.675,0.072,0.005,-0.19205,-0.0083224,-4.5369e-24
7.625,0.12,0.005,-0.19377,-0.014814,-5.5462e-24
7.575,0.168,0.005,-0.19472,-0.019772,-1.7389e-23
7.525,0.216,0.005,-0.19483,-0.02457,0
7.475,0.264,0.005,-0.19414,-0.028842,-6.076e-24
7.425,0.312,0.005,-0.19269,-0.032704,-5.7164e-24
7.375,0.36,0.005,-0.19054,-0.036157,7.0888e-24
7.325,0.408,0.005,-0.18779,-0.039223,-9.0718e-24
7.275,0.456,0.005,-0.18453,-0.041911,9.0947e-24
7.225,0.50502,0.005,-0.18065,-0.044312,-1.4935e-23
7.175,0.55506,0.005,-0.1762,-0.046407,2.0857e-23
7.125,0.60511,0.005,-0.17132,-0.048088,-6.8544e-25
7.075,0.65515,0.005,-0.16595,-0.049325,-1.1108e-23
7.025,0.70519,0.005,-0.15995,-0.050073,-1.378e-32
6.975,0.75523,0.005,-0.15315,-0.050266,-1.8998e-23
6.925,0.80528,0.005,-0.14536,-0.049832,3.1244e-32
6.875,0.85532,0.005,-0.13638,-0.048703,8.0348e-24
6.825,0.90536,0.005,-0.12612,-0.046841,1.2894e-23
6.775,0.9554,0.005,-0.11459,-0.044267,-2.1499e-23
6.725,1.0054,0.005,-0.10198,-0.041083,-5.8592e-32
6.675,1.0555,0.005,-0.088598,-0.037452,3.5109e-23
6.625,1.1055,0.005,-0.074842,-0.033573,-2.9191e-23
6.575,1.1556,0.005,-0.06098,-0.029592,5.0084e-24
6.525,1.2056,0.005,-0.047167,-0.0256,7.0413e-24
6.475,1.2557,0.005,-0.033473,-0.02165,-6.2029e-24
6.425,1.3057,0.005,-0.019911,-0.017764,5.3684e-24
6.375,1.3557,0.005,-0.0064515,-0.013939,-1.6629e-32
6.325,1.4058,0.005,0.0069625,-0.010154,-6.4781e-24
6.275,1.4558,0.005,0.020421,-0.0064282,-1.8497e-24
6.225,1.5059,0.005,0.033957,-0.0027335,-3.8907e-24
6.175,1.5559,0.005,0.047641,0.00096449,1.714e-37
6.125,1.606,0.005,0.061519,0.0046463,5.0932e-24
6.075,1.656,0.005,0.075624,0.0083194,-1.1915e-23
6.025,1.706,0.005,0.089948,0.011985,3.8566e-24
5.975,1.7561,0.005,0.1044,0.015621,0
5.925,1.8061,0.005,0.11875,0.019177,-5.3672e-24
5.875,1.8562,0.005,0.13252,0.022542,7.9017e-24
5.825,1.9062,0.005,0.14527,0.02559,-1.4267e-23
5.775,1.9563,0.005,0.15676,0.028221,6.7534e-24
5.725,2.0063,0.005,0.16699,0.030379,7.4569e-24
5.675,2.0563,0.005,0.17607,0.032042,-1.4997e-23
5.625,2.1064,0.005,0.18417,0.033208,5.8874e-24
5.575,2.1564,0.005,0.19146,0.033883,-1.5469e-24
5.525,2.2065,0.005,0.19811,0.034076,1.1754e-23
5.475,2.2565,0.005,0.20421,0.03379,8.1237e-24
5.425,2.3066,0.005,0.20951,0.033012,-1.5747e-23
5.375,2.3566,0.005,0.21369,0.031705,3.415e-24
5.325,2.4066,0.005,0.21698,0.029862,-1.4469e-23
5.275,2.4567,0.005,0.22003,0.027513,1.8972e-24
5.225,2.5067,0.005,0.22352,0.024742,2.821e-24
5.175,2.5568,0.005,0.22805,0.021649,-1.3895e-23
5.125,2.6068,0.005,0.23402,0.018359,-4.2673e-24
5.075,2.6569,0.005,0.24171,0.014995,1.4159e-23
5.025,2.7069,0.005,0.25125,0.01169,3.8095e-24
4.975,2.7569,0.005,0.26267,0.008578,-4.4728e-24
4.925,2.807,0.005,0.27585,0.0057937,-9.4885e-24
4.875,2.86,0.005,0.29151,0.0033564,-6.0018e-24
4.825,2.916,0.005,0.3093,0.0014399,7.559e-24
4.775,2.972,0.005,0.32178,0.00045112,-1.7055e-25
7.775,0.024,0.005,-0.1806,-0.0053194,2.0632e-23
7.725,0.072,0.005,-0.18535,-0.0087283,-1.9687e-23
7.675,0.12,0.005,-0.1873,-0.015476,-3.2164e-24
7.625,0.168,0.005,-0.18853,-0.020653,1.6851e-23
7.575,0.216,0.005,-0.18892,-0.025644,-2.2398e-23
7.525,0.264,0.005,-0.18851,-0.030096,1.2476e-23
7.475,0.312,0.005,-0.18732,-0.034124,-9.1452e-24
7.425,0.36,0.005,-0.18542,-0.037736,2.1915e-23
7.375,0.408,0.005,-0.18291,-0.040957,-3.9634e-24
7.325,0.456,0.005,-0.17987,-0.043802,-9.6349e-24
7.275,0.50502,0.005,-0.17622,-0.046368,-1.0105e-23
7.225,0.55506,0.005,-0.17199,-0.04864,1.0657e-23
7.175,0.60511,0.005,-0.16734,-0.050511,-1.1419e-23
7.125,0.65515,0.005,-0.16221,-0.051958,1.1406e-23
7.075,0.70519,0.005,-0.15649,-0.052936,-6.8296e-24
7.025,0.75523,0.005,-0.15002,-0.053383,1.2018e-23
6.975,0.80528,0.005,-0.14261,-0.053223,0
6.925,0.85532,0.005,-0.13407,-0.052377,-8.6436e-37
6.875,0.90536,0.005,-0.12428,-0.050788,-8.0392e-24
6.825,0.9554,0.005,-0.11321,-0.048448,3.7296e-24
6.775,1.0054,0.005,-0.101,-0.045431,2.2143e-23
6.725,1.0555,0.005,-0.087932,-0.041885,-3.1541e-24
6.675,1.1055,0.005,-0.074364,-0.038011,1.7146e-23
6.625,1.1556,0.005,-0.060614,-0.033988,8.9514e-24
6.575,1.2056,0.005,-0.04686,-0.029926,-2.026e-23
6.525,1.2557,0.005,-0.033193,-0.025895,6.5091e-37
6.475,1.3057,0.005,-0.019641,-0.02193,1.1031e-23
6.425,1.3557,0.005,-0.0061824,-0.018035,4.9044e-24
6.375,1.4058,0.005,0.0072363,-0.014203,9.5813e-25
6.325,1.4558,0.005,0.020688,-0.010428,4.6355e-24
6.275,1.5059,0.005,0.034223,-0.0066992,1.5872e-24
6.225,1.5559,0.005,0.04791,-0.0029966,-3.6758e-25
6.175,1.606,0.005,0.061794,0.00069069,-1.6212e-23
6.125,1.656,0.005,0.075909,0.0043635,1.8721e-24
6.075,1.706,0.005,0.090258,0.0080215,1.6339e-23
6.025,1.7561,0.005,0.10476,0.011652,1.0985e-23
5.975,1.8061,0.005,0.11921,0.01522,-8.9393e-24
5.925,1.8562,0.005,0.13316,0.018636,-7.9596e-24
5.875,1.9062,0.005,0.14615,0.021781,5.4158e-37
5.825,1.9563,0.005,0.15793,0.024556,-1.2081e-23
5.775,2.0063,0.005,0.16845,0.026896,3.6584e-23
5.725,2.0563,0.005,0.17781,0.028768,4.604e-25
5.675,2.1064,0.005,0.18617,0.030163,-2.7876e-23
5.625,2.1564,0.005,0.1937,0.031078,5.2319e-37
5.575,2.2065,0.005,0.20058,0.031518,2.1152e-23
5.525,2.2565,0.005,0.20691,0.031484,7.6587e-24
5.475,2.3066,0.005,0.21246,0.030963,3.7344e-37
5.425,2.3566,0.005,0.21691,0.029924,-1.7645e-23
5.375,2.4066,0.005,0.22044,0.028354,-6.5101e-24
5.325,2.4567,0.005,0.22369,0.026278,0
5.275,2.5067,0.005,0.2273,0.02377,3.0527e-24
5.225,2.5568,0.005,0.23186,0.020924,7.5566e-24
5.175,2.6068,0.005,0.23776,0.017854,-9.983e-24
5.125,2.6569,0.005,0.24528,0.014682,-4.1309e-24
5.075,2.7069,0.005,0.25456,0.011535,-6.0173e-25
5.025,2.7569,0.005,0.26562,0.0085441,5.4059e-24
4.975,2.807,0.005,0.27835,0.0058367,-6.0015e-24
4.925,2.86,0.005,0.29345,0.0034354,1.2938e-23
4.875,2.916,0.005,0.31062,0.0014832,7.0696e-24
4.825,2.972,0.005,0.32257,0.00048072,-1.9763e-25
7.825,0.024,0.005,-0.17378,-0.0056453,1.5234e-36
7.775,0.072,0.005,-0.17836,-0.0091577,-1.0542e-23
7.725,0.12,0.005,-0.18055,-0.016171,8.6139e-24
7.675,0.168,0.005,-0.18208,-0.021573,3.1706e-23
7.625,0.216,0.005,-0.18278,-0.026759,-6.3769e-24
7.575,0.264,0.005,-0.18267,-0.031388,3.3019e-24
7.525,0.312,0.005,-0.18175,-0.035577,3.4839e-24
7.475,0.36,0.005,-0.18012,-0.039341,-1.3032e-23
7.425,0.408,0.005,-0.17785,-0.042708,2.2857e-23
7.375,0.456,0.005,-0.17505,-0.045699,-2.2547e-23
7.325,0.50502,0.005,-0.17163,-0.048417,2.1165e-23
7.275,0.55506,0.005,-0.16762,-0.050852,-5.2058e-24
7.225,0.60511,0.005,-0.16319,-0.0529,-5.7031e-24
7.175,0.65515,0.005,-0.15831,-0.05454,1.7884e-23
7.125,0.70519,0.005,-0.15286,-0.055735,6.767e-24
7.075,0.75523,0.005,-0.1467,-0.056426,-3.2058e-23
7.025,0.80528,0.005,-0.13965,-0.056536,1.5362e-32
6.975,0.85532,0.005,-0.13154,-0.055978,-1.2701e-23
6.925,0.90536,0.005,-0.12222,-0.054679,3.6701e-23
6.875,0.9554,0.005,-0.11164,-0.052606,3.1489e-32
6.825,1.0054,0.005,-0.099867,-0.049797,-3.4459e-23
6.775,1.0555,0.005,-0.087146,-0.046377,1.1412e-23
6.725,1.1055,0.005,-0.073809,-0.04254,2.3078e-23
6.675,1.1556,0.005,-0.060198,-0.038488,-1.5308e-23
6.625,1.2056,0.005,-0.046521,-0.034361,-1.7172e-31
6.575,1.2557,0.005,-0.032892,-0.030246,-3.2642e-24
6.525,1.3057,0.005,-0.019355,-0.026192,1.1239e-23
6.475,1.3557,0.005,-0.0059003,-0.022214,1.2285e-23
6.425,1.4058,0.005,0.0075177,-0.018313,2.2373e-23
6.375,1.4558,0.005,0.020967,-0.014484,-4.0636e-24
6.325,1.5059,0.005,0.034503,-0.01071,9.4321e-26
6.275,1.5559,0.005,0.048188,-0.0069802,2.9801e-24
6.225,1.606,0.005,0.062076,-0.0032783,-6.6945e-25
6.175,1.656,0.005,0.076199,0.00040282,-5.2701e-24
6.125,1.706,0.005,0.090564,0.0040652,-8.6275e-24
6.075,1.7561,0.005,0.1051,0.0076987,1.7571e-23
6.025,1.8061,0.005,0.11963,0.011279,-3.5543e-24
5.975,1.8562,0.005,0.13372,0.01474,0
5.925,1.9062,0.005,0.14693,0.017972,-8.0383e-24
5.875,1.9563,0.005,0.15896,0.020877,-7.8875e-24
5.825,2.0063,0.005,0.16975,0.023385,1.5259e-23
5.775,2.0563,0.005,0.17938,0.025455,1.4613e-23
5.725,2.1064,0.005,0.18799,0.027068,-2.0367e-23
5.675,2.1564,0.005,0.19576,0.028217,1.9881e-23
5.625,2.2065,0.005,0.20288,0.028897,-2.6225e-23
5.575,2.2565,0.005,0.20943,0.02911,1.6111e-23
5.525,2.3066,0.005,0.21522,0.028843,2.4651e-24
5.475,2.3566,0.005,0.21993,0.028067,9.7169e-24
5.425,2.4066,0.005,0.22372,0.026767,-5.6811e-24
5.375,2.4567,0.005,0.22717,0.024962,-5.7698e-24
5.325,2.5067,0.005,0.23091,0.022717,3.2813e-24
5.275,2.5568,0.005,0.23551,0.020117,2.5343e-24
5.225,2.6068,0.005,0.24137,0.017273,9.9571e-25
5.175,2.6569,0.005,0.24875,0.014299,-1.5885e-23
5.125,2.7069,0.005,0.25779,0.011317,-2.5825e-37
5.075,2.7569,0.005,0.26852,0.0084549,5.3919e-24
5.025,2.807,0.005,0.28083,0.0058354,5.1239e-24
4.975,2.86,0.005,0.29541,0.0034826,5.829e-24
4.925,2.916,0.005,0.31199,0.00151,-2.8514e-37
4.875,2.972,0.005,0.32339,0.00050381,-9.1159e-24
7.875,0.024,0.005,-0.16661,-0.0060019,-2.218e-23
7.825,0.072,0.005,-0.17105,-0.0096146,-4.0126e-39
7.775,0.12,0.005,-0.17352,-0.016905,-3.6369e-24
7.725,0.168,0.005,-0.17537,-0.022539,-1.0711e-23
7.675,0.216,0.005,-0.1764,-0.027923,2.6599e-23
7.625,0.264,0.005,-0.1766,-0.032728,-2.2597e-23
7.575,0.312,0.005,-0.17598,-0.037074,3.619e-24
7.525,0.36,0.005,-0.17463,-0.040982,-3.8664e-24
7.475,0.408,0.005,-0.17262,-0.044486,9.5326e-24
7.425,0.456,0.005,-0.17007,-0.047611,5.4083e-24
7.375,0.50502,0.005,-0.16688,-0.050469,1.0228e-23
7.325,0.55506,0.005,-0.1631,-0.053052,-1.6254e-23
7.275,0.60511,0.005,-0.1589,-0.05526,0
7.225,0.65515,0.005,-0.15425,-0.057078,-1.1851e-23
7.175,0.70519,0.005,-0.14906,-0.058474,-2.6819e-32
7.125,0.75523,0.005,-0.1432,-0.059394,1.4392e-23
7.075,0.80528,0.005,-0.1365,-0.059763,-1.8438e-23
7.025,0.85532,0.005,-0.1288,-0.059493,-3.6049e-38
6.975,0.90536,0.005,-0.11994,-0.058495,-8.0009e-24
6.925,0.9554,0.005,-0.10985,-0.056715,-7.8944e-24
6.875,1.0054,0.005,-0.098545,-0.054155,7.5635e-24
6.825,1.0555,0.005,-0.086217,-0.050909,1.4017e-32
6.775,1.1055,0.005,-0.073159,-0.047149,-1.2563e-36
6.725,1.1556,0.005,-0.05972,-0.043093,-1.1142e-23
6.675,1.2056,0.005,-0.046142,-0.038911,4.0155e-23
6.625,1.2557,0.005,-0.032564,-0.034714,4.1774e-38
6.575,1.3057,0.005,-0.01905,-0.030566,-3.1581e-23
6.525,1.3557,0.005,-0.0056021,-0.026493,9.4154e-24
6.475,1.4058,0.005,0.0078133,-0.022508,6.5674e-24
6.425,1.4558,0.005,0.021259,-0.01861,-1.2069e-23
6.375,1.5059,0.005,0.034795,-0.014781,-1.3077e-23
6.325,1.5559,0.005,0.048478,-0.011007,-2.567e-24
6.275,1.606,0.005,0.062366,-0.0072747,1.4264e-24
6.225,1.656,0.005,0.076495,-0.0035736,6.4069e-25
6.175,1.706,0.005,0.090869,0.00010194,1.9952e-23
6.125,1.7561,0.005,0.10543,0.0037478,1.2424e-37
6.075,1.8061,0.005,0.12001,0.0073489,-6.4082e-26
6.025,1.8562,0.005,0.13422,0.010851,-8.1227e-24
5.975,1.9062,0.005,0.1476,0.014162,-8.0127e-24
5.925,1.9563,0.005,0.15986,0.017187,-5.4492e-38
5.875,2.0063,0.005,0.17089,0.019852,-7.7221e-24
5.825,2.0563,0.005,0.18077,0.022109,2.3789e-23
5.775,2.1064,0.005,0.18963,0.023931,-1.5229e-23
5.725,2.1564,0.005,0.19764,0.025305,-6.6212e-24
5.675,2.2065,0.005,0.20499,0.02622,5.7531e-24
5.625,2.2565,0.005,0.21177,0.026675,-1.2167e-23
5.575,2.3066,0.005,0.21779,0.026657,1.9809e-23
5.525,2.3566,0.005,0.22276,0.02614,-1.2804e-24
5.475,2.4066,0.005,0.22679,0.025107,2.9605e-24
5.425,2.4567,0.005,0.23045,0.02357,-5.5276e-24
5.375,2.5067,0.005,0.23434,0.021587,-5.1844e-24
5.325,2.5568,0.005,0.239,0.019236,1.2576e-23
5.275,2.6068,0.005,0.24484,0.016619,1.0822e-24
5.225,2.6569,0.005,0.25209,0.013847,-8.7582e-25
5.175,2.7069,0.005,0.26093,0.011036,-2.4222e-37
5.125,2.7569,0.005,0.27135,0.008312,-1.072e-23
5.075,2.807,0.005,0.28328,0.00579,1.4972e-23
5.025,2.86,0.005,0.29738,0.0034984,-6.8652e-24
4.975,2.916,0.005,0.31338,0.0015203,5.5898e-25
4.925,2.972,0.005,0.32423,0.00052015,2.4344e-25
7.925,0.024,0.005,-0.15907,-0.0063947,-4.0003e-24
7.875,0.072,0.005,-0.16341,-0.010104,-6.1936e-24
7.825,0.12,0.005,-0.16617,-0.017684,-1.6245e-23
7.775,0.168,0.005,-0.16838,-0.02356,3.7545e-24
7.725,0.216,0.005,-0.16976,-0.029145,3.5207e-24
7.675,0.264,0.005,-0.1703,-0.034125,7.2167e-24
7.625,0.312,0.005,-0.17001,-0.038624,-1.9883e-24
7.575,0.36,0.005,-0.16895,-0.04267,-9.5336e-24
7.525,0.408,0.005,-0.16722,-0.046301,-1.3944e-23
7.475,0.456,0.005,-0.16493,-0.049548,1.4308e-23
7.425,0.50502,0.005,-0.16198,-0.052532,-2.6612e-23
7.375,0.55506,0.005,-0.15844,-0.055249,5.3063e-24
7.325,0.60511,0.005,-0.15448,-0.057601,0
7.275,0.65515,0.005,-0.15006,-0.059578,-1.2e-23
7.225,0.70519,0.005,-0.14512,-0.061156,1.9147e-23
7.175,0.75523,0.005,-0.13954,-0.062287,5.8269e-24
7.125,0.80528,0.005,-0.13317,-0.062901,-7.5286e-24
7.075,0.85532,0.005,-0.12586,-0.062909,-5.8198e-24
7.025,0.90536,0.005,-0.11745,-0.062217,2.1248e-24
6.975,0.9554,0.005,-0.10784,-0.060747,7.8871e-24
6.925,1.0054,0.005,-0.097024,-0.058475,-1.5206e-23
6.875,1.0555,0.005,-0.085125,-0.055451,-2.0366e-23
6.825,1.1055,0.005,-0.072396,-0.051819,6.397e-24
6.775,1.1556,0.005,-0.059166,-0.047794,2.4491e-23
6.725,1.2056,0.005,-0.045713,-0.043577,-4.5529e-24
6.675,1.2557,0.005,-0.032203,-0.039304,1.1666e-36
6.625,1.3057,0.005,-0.018721,-0.035061,-8.0187e-24
6.575,1.3557,0.005,-0.0052856,-0.030886,-2.8326e-23
6.525,1.4058,0.005,0.0081261,-0.026804,-8.9428e-24
6.475,1.4558,0.005,0.021568,-0.022822,4.7856e-24
6.425,1.5059,0.005,0.035102,-0.018924,1.2481e-23
6.375,1.5559,0.005,0.048783,-0.015092,-3.6186e-24
6.325,1.606,0.005,0.062668,-0.011315,-1.6701e-23
6.275,1.656,0.005,0.076797,-0.0075799,4.3599e-24
6.225,1.706,0.005,0.091177,-0.0038791,6.7212e-24
6.175,1.7561,0.005,0.10575,-0.00021208,6.8956e-24
6.125,1.8061,0.005,0.12036,0.003415,8.0362e-24
6.075,1.8562,0.005,0.13465,0.0069627,-8.2361e-24
6.025,1.9062,0.005,0.14818,0.010349,-3.8151e-38
5.975,1.9563,0.005,0.16063,0.013487,-3.7794e-24
5.925,2.0063,0.005,0.17189,0.0163,1.1334e-23
5.875,2.0563,0.005,0.182,0.018735,7.4917e-24
5.825,2.1064,0.005,0.19109,0.020758,-1.8949e-24
5.775,2.1564,0.005,0.19934,0.022348,-5.62e-24
5.725,2.2065,0.005,0.20691,0.023492,1.8381e-23
5.675,2.2565,0.005,0.21391,0.024183,-2.9608e-23
5.625,2.3066,0.005,0.22017,0.02441,-1.3374e-24
5.575,2.3566,0.005,0.22539,0.024147,9.8472e-24
5.525,2.4066,0.005,0.22967,0.023377,-8.6943e-24
5.475,2.4567,0.005,0.23355,0.022106,5.2624e-24
5.425,2.5067,0.005,0.23759,0.020384,1.8629e-24
5.375,2.5568,0.005,0.24233,0.018282,-1.4644e-24
5.325,2.6068,0.005,0.24815,0.015895,1.494e-23
5.275,2.6569,0.005,0.25532,0.013329,-9.4959e-25
5.225,2.7069,0.005,0.26396,0.010697,-5.3193e-24
5.175,2.7569,0.005,0.27412,0.0081166,-7.8977e-24
5.125,2.807,0.005,0.28569,0.0057017,-3.8344e-24
5.075,2.86,0.005,0.29934,0.0034829,-5.6992e-24
5.025,2.916,0.005,0.3148,0.001514,-7.3718e-24
4.975,2.972,0.005,0.32508,0.00052965,9.0187e-24
7.975,0.024,0.005,-0.15114,-0.0068302,-4.4324e-24
7.925,0.072,0.005,-0.15541,-0.010631,9.2718e-24
7.875,0.12,0.005,-0.1585,-0.018515,7.4952e-37
7.825,0.168,0.005,-0.16109,-0.024644,-1.0931e-23
7.775,0.216,0.005,-0.16285,-0.030434,0
7.725,0.264,0.005,-0.16376,-0.03559,1.3568e-23
7.675,0.312,0.005,-0.16381,-0.040239,3.946e-24
7.625,0.36,0.005,-0.16308,-0.044415,-1.5078e-23
7.575,0.408,0.005,-0.16165,-0.048165,-1.502e-23
7.525,0.456,0.005,-0.15963,-0.051523,-5.3712e-24
7.475,0.50502,0.005,-0.15694,-0.054618,-1.0638e-23
7.425,0.55506,0.005,-0.15365,-0.057454,1.122e-23
7.375,0.60511,0.005,-0.14992,-0.059932,-5.7766e-24
7.325,0.65515,0.005,-0.14573,-0.06205,0
7.275,0.70519,0.005,-0.14104,-0.06379,-6.6279e-24
7.225,0.75523,0.005,-0.13573,-0.065111,-1.8661e-36
7.175,0.80528,0.005,-0.12968,-0.06595,2.7218e-23
7.125,0.85532,0.005,-0.12274,-0.066223,-1.4837e-24
7.075,0.90536,0.005,-0.11476,-0.06583,-7.8913e-24
7.025,0.9554,0.005,-0.10562,-0.064682,-1.5703e-32
6.975,1.0054,0.005,-0.095295,-0.062722,-6.7035e-24
6.925,1.0555,0.005,-0.083851,-0.059967,7.16e-24
6.875,1.1055,0.005,-0.071496,-0.056523,-1.379e-23
6.825,1.1556,0.005,-0.058519,-0.052576,5.6576e-24
6.775,1.2056,0.005,-0.045223,-0.048353,-1.2801e-23
6.725,1.2557,0.005,-0.031802,-0.04402,8.6355e-24
6.675,1.3057,0.005,-0.018364,-0.039684,4.6727e-23
6.625,1.3557,0.005,-0.0049482,-0.035404,-2.354e-23
6.575,1.4058,0.005,0.0084567,-0.031216,-9.8697e-24
6.525,1.4558,0.005,0.021895,-0.027136,9.1469e-24
6.475,1.5059,0.005,0.035425,-0.023153,1.4648e-23
6.425,1.5559,0.005,0.049103,-0.01925,9.6703e-25
6.375,1.606,0.005,0.062983,-0.015414,-1.0476e-23
6.325,1.656,0.005,0.077106,-0.011631,-8.0453e-24
6.275,1.706,0.005,0.091485,-0.0078917,-6.5688e-24
6.225,1.7561,0.005,0.10607,-0.0041915,-6.7494e-25
6.175,1.8061,0.005,0.12069,-0.00053016,-8.804e-24
6.125,1.8562,0.005,0.13503,0.0030669,8.3761e-24
6.075,1.9062,0.005,0.14867,0.0065306,-1.4423e-23
6.025,1.9563,0.005,0.16128,0.009777,-2.239e-24
5.975,2.0063,0.005,0.17274,0.012732,-1.1502e-23
5.925,2.0563,0.005,0.18307,0.015337,7.5936e-24
5.875,2.1064,0.005,0.19238,0.017552,7.2132e-24
5.825,2.1564,0.005,0.20085,0.019352,-5.0014e-24
5.775,2.2065,0.005,0.20865,0.020719,1.8903e-23
5.725,2.2565,0.005,0.21587,0.02164,7.9112e-26
5.675,2.3066,0.005,0.22236,0.022107,-1.6951e-23
5.625,2.3566,0.005,0.22782,0.022094,-1.4776e-24
5.575,2.4066,0.005,0.23235,0.021583,-7.1825e-37
5.525,2.4567,0.005,0.23644,0.020576,3.7593e-37
5.475,2.5067,0.005,0.24065,0.019113,4.7294e-24
5.425,2.5568,0.005,0.24548,0.017259,-2.9816e-24
5.375,2.6068,0.005,0.25132,0.015104,-1.2522e-24
5.325,2.6569,0.005,0.25841,0.012748,1.6455e-23
5.275,2.7069,0.005,0.2669,0.010299,-8.5485e-25
5.225,2.7569,0.005,0.27681,0.0078712,5.2484e-24
5.175,2.807,0.005,0.28805,0.0055714,-1.5665e-23
5.125,2.86,0.005,0.30127,0.0034367,-4.8092e-24
5.075,2.916,0.005,0.31622,0.0014913,-2.0541e-37
5.025,2.972,0.005,0.32592,0.00053222,0
8.025,0.024,0.005,-0.14278,-0.0073166,0
7.975,0.072,0.005,-0.14703,-0.011203,-3.1007e-23
7.925,0.12,0.005,-0.15048,-0.019407,1.2587e-23
7.875,0.168,0.005,-0.15348,-0.025802,-6.789e-24
7.825,0.216,0.005,-0.15567,-0.031803,-6.2945e-24
7.775,0.264,0.005,-0.15697,-0.037135,0
7.725,0.312,0.005,-0.1574,-0.041931,1.9396e-23
7.675,0.36,0.005,-0.15701,-0.046232,1.9397e-23
7.625,0.408,0.005,-0.15589,-0.05009,-1.4429e-23
7.575,0.456,0.005,-0.15417,-0.053546,-1.0013e-23
7.525,0.50502,0.005,-0.15176,-0.056739,5.3498e-24
7.475,0.55506,0.005,-0.14872,-0.059677,-1.6759e-23
7.425,0.60511,0.005,-0.14523,-0.062264,-5.8365e-24
7.375,0.65515,0.005,-0.14128,-0.064503,1.2161e-23
7.325,0.70519,0.005,-0.13683,-0.066384,-1.3212e-23
7.275,0.75523,0.005,-0.13179,-0.067872,3.3491e-23
7.225,0.80528,0.005,-0.12604,-0.068914,-2.1154e-23
7.175,0.85532,0.005,-0.11945,-0.06943,1.427e-23
7.125,0.90536,0.005,-0.11187,-0.069324,1.4642e-23
7.075,0.9554,0.005,-0.1032,-0.068495,7.0711e-24
7.025,1.0054,0.005,-0.093356,-0.066867,7.3651e-24
6.975,1.0555,0.005,-0.082384,-0.064418,-2.2111e-23
6.925,1.1055,0.005,-0.070437,-0.061217,1.3133e-31
6.875,1.1556,0.005,-0.057765,-0.057412,-1.021e-36
6.825,1.2056,0.005,-0.04466,-0.053224,4.7967e-24
6.775,1.2557,0.005,-0.031352,-0.048855,0
6.725,1.3057,0.005,-0.017975,-0.044439,4.0008e-37
6.675,1.3557,0.005,-0.0045873,-0.040054,1.2692e-23
6.625,1.4058,0.005,0.0088061,-0.035754,3.219e-25
6.575,1.4558,0.005,0.02224,-0.031566,1.5897e-24
6.525,1.5059,0.005,0.035765,-0.027484,7.0867e-24
6.475,1.5559,0.005,0.049437,-0.023496,0
6.425,1.606,0.005,0.06331,-0.019586,8.9948e-24
6.375,1.656,0.005,0.077425,-0.015741,1.7929e-23
6.325,1.706,0.005,0.091795,-0.01195,1.9371e-23
6.275,1.7561,0.005,0.10637,-0.0082031,8.6358e-24
6.225,1.8061,0.005,0.121,-0.0044962,-3.2177e-39
6.175,1.8562,0.005,0.13537,-0.00084325,-1.6955e-23
6.125,1.9062,0.005,0.14908,0.0026993,1.4314e-24
6.075,1.9563,0.005,0.16183,0.0060546,-8.3432e-24
6.025,2.0063,0.005,0.17345,0.0091464,1.8919e-23
5.975,2.0563,0.005,0.18398,0.011916,-3.3793e-24
5.925,2.1064,0.005,0.1935,0.014318,-1.4626e-23
5.875,2.1564,0.005,0.20219,0.016322,4.3661e-24
5.825,2.2065,0.005,0.2102,0.017904,1.115e-23
5.775,2.2565,0.005,0.21765,0.019051,-2.0462e-37
5.725,2.3066,0.005,0.22436,0.019753,-5.1468e-24
5.675,2.3566,0.005,0.23006,0.019986,-1.0146e-23
5.625,2.4066,0.005,0.23483,0.01973,3.768e-37
5.575,2.4567,0.005,0.23914,0.018982,-4.9759e-37
5.525,2.5067,0.005,0.24353,0.017776,-2.3972e-24
5.475,2.5568,0.005,0.24846,0.016171,5.9782e-24
5.425,2.6068,0.005,0.25433,0.014249,-7.1304e-24
5.375,2.6569,0.005,0.26136,0.012106,3.2837e-24
5.325,2.7069,0.005,0.26971,0.009845,-6.0812e-24
5.275,2.7569,0.005,0.27941,0.0075763,5.166e-24
5.225,2.807,0.005,0.29035,0.0054009,-1.2918e-24
5.175,2.86,0.005,0.30318,0.0033597,5.9019e-24
5.125,2.916,0.005,0.31763,0.0014525,6.4123e-25
5.075,2.972,0.005,0.32675,0.00052788,-1.7864e-23
8.075,0.024,0.005,-0.13396,-0.0078641,-5.5341e-24
8.025,0.072,0.005,-0.13823,-0.011827,-8.0849e-24
7.975,0.12,0.005,-0.14209,-0.020368,-4.8267e-24
7.925,0.168,0.005,-0.14554,-0.027045,2.2084e-23
7.875,0.216,0.005,-0.14818,-0.033263,-4.172e-24
7.825,0.264,0.005,-0.14992,-0.038774,8.4361e-24
7.775,0.312,0.005,-0.15075,-0.043714,-9.7474e-24
7.725,0.36,0.005,-0.15073,-0.048133,1.9497e-23
7.675,0.408,0.005,-0.14996,-0.052089,5.034e-24
7.625,0.456,0.005,-0.14855,-0.055632,-1e-23
7.575,0.50502,0.005,-0.14643,-0.058909,5.6705e-24
7.525,0.55506,0.005,-0.14366,-0.061933,-8.1683e-37
7.475,0.60511,0.005,-0.14043,-0.06461,-1.1705e-23
7.425,0.65515,0.005,-0.13672,-0.066951,-1.178e-36
7.375,0.70519,0.005,-0.13251,-0.068949,6.599e-24
7.325,0.75523,0.005,-0.12773,-0.070581,-2.6595e-23
7.275,0.80528,0.005,-0.12226,-0.0718,7.2889e-24
7.225,0.85532,0.005,-0.116,-0.072534,-1.4458e-23
7.175,0.90536,0.005,-0.10881,-0.072693,7.7265e-24
7.125,0.9554,0.005,-0.10057,-0.072174,-1.5301e-23
7.075,1.0054,0.005,-0.09121,-0.070884,-7.5695e-24
7.025,1.0555,0.005,-0.080718,-0.06877,3.1251e-23
6.975,1.1055,0.005,-0.069205,-0.065857,6.621e-24
6.925,1.1556,0.005,-0.05688,-0.06226,-9.568e-24
6.875,1.2056,0.005,-0.04401,-0.058165,-1.0237e-23
6.825,1.2557,0.005,-0.030845,-0.053796,-1.8598e-23
6.775,1.3057,0.005,-0.017548,-0.04932,-1.4458e-23
6.725,1.3557,0.005,-0.0042003,-0.044838,1.7787e-23
6.675,1.4058,0.005,0.0091751,-0.040426,-8.6366e-37
6.625,1.4558,0.005,0.022601,-0.036122,-1.1592e-23
6.575,1.5059,0.005,0.036121,-0.03193,-1.9214e-23
6.525,1.5559,0.005,0.049787,-0.027842,1.3494e-23
6.475,1.606,0.005,0.06365,-0.023845,1.6493e-23
6.425,1.656,0.005,0.077753,-0.019924,1.4278e-23
6.375,1.706,0.005,0.092108,-0.016066,-3.3334e-24
6.325,1.7561,0.005,0.10667,-0.012259,7.1732e-24
6.275,1.8061,0.005,0.12128,-0.0084934,9.1902e-24
6.225,1.8562,0.005,0.13565,-0.0047752,0
6.175,1.9062,0.005,0.14942,-0.0011488,-8.6107e-24
6.125,1.9563,0.005,0.16227,0.0023157,-1.3163e-24
6.075,2.0063,0.005,0.17404,0.0055448,3.2781e-23
6.025,2.0563,0.005,0.18474,0.0084743,-1.0858e-25
5.975,2.1064,0.005,0.19446,0.011058,4.2129e-24
5.925,2.1564,0.005,0.20335,0.01326,-8.4134e-37
5.875,2.2065,0.005,0.21158,0.015053,-6.4744e-24
5.825,2.2565,0.005,0.21924,0.016421,1.3406e-23
5.775,2.3066,0.005,0.22617,0.017352,-4.6225e-25
5.725,2.3566,0.005,0.2321,0.017827,-8.4837e-24
5.675,2.4066,0.005,0.23711,0.017822,-6.86e-24
5.625,2.4567,0.005,0.24165,0.01733,1.6086e-24
5.575,2.5067,0.005,0.24621,0.016379,4.1961e-24
5.525,2.5568,0.005,0.25126,0.015021,1.7464e-24
5.475,2.6068,0.005,0.25717,0.013334,5.4441e-24
5.425,2.6569,0.005,0.26417,0.011407,-1.4402e-23
5.375,2.7069,0.005,0.27241,0.009338,4.0864e-24
5.325,2.7569,0.005,0.2819,0.0072342,1.3531e-23
5.275,2.807,0.005,0.29258,0.0051909,-6.8239e-25
5.225,2.86,0.005,0.30504,0.0032535,-1.4033e-25
5.175,2.916,0.005,0.31904,0.0013974,-7.6193e-24
5.125,2.972,0.005,0.32757,0.00051658,6.0509e-25
8.125,0.024,0.005,-0.12463,-0.0084855,0
8.075,0.072,0.005,-0.12898,-0.012512,-8.9031e-24
8.025,0.12,0.005,-0.13328,-0.021409,-1.2653e-23
7.975,0.168,0.005,-0.13724,-0.028386,-6.2634e-24
7.925,0.216,0.005,-0.14038,-0.034828,1.0273e-23
7.875,0.264,0.005,-0.14259,-0.040521,3.8781e-37
7.825,0.312,0.005,-0.14386,-0.045602,-5.1726e-24
7.775,0.36,0.005,-0.14425,-0.050132,-4.9756e-24
7.725,0.408,0.005,-0.14385,-0.054178,1.4913e-23
7.675,0.456,0.005,-0.14278,-0.057796,-5.3051e-24
7.625,0.50502,0.005,-0.14097,-0.061142,-2.297e-25
7.575,0.55506,0.005,-0.13848,-0.064235,-5.7375e-24
7.525,0.60511,0.005,-0.13551,-0.066984,-1.2026e-23
7.475,0.65515,0.005,-0.13206,-0.069406,-9.196e-37
7.425,0.70519,0.005,-0.12809,-0.0715,-6.6084e-24
7.375,0.75523,0.005,-0.12356,-0.073251,6.921e-24
7.325,0.80528,0.005,-0.11838,-0.074619,7.2208e-24
7.275,0.85532,0.005,-0.11243,-0.075543,-7.4726e-24
7.225,0.90536,0.005,-0.1056,-0.07594,-2.7944e-40
7.175,0.9554,0.005,-0.097775,-0.07571,7.9676e-24
7.125,1.0054,0.005,-0.088868,-0.074751,2.3503e-23
7.075,1.0555,0.005,-0.078853,-0.072987,-2.3413e-23
7.025,1.1055,0.005,-0.067791,-0.070401,9.7165e-24
6.975,1.1556,0.005,-0.055848,-0.067066,-1.1139e-36
6.925,1.2056,0.005,-0.043259,-0.063137,4.9834e-24
6.875,1.2557,0.005,-0.030272,-0.058819,-6.088e-37
6.825,1.3057,0.005,-0.017078,-0.054314,-2.6309e-24
6.775,1.3557,0.005,-0.0037848,-0.049753,1.5743e-23
6.725,1.4058,0.005,0.0095641,-0.045234,-6.13e-39
6.675,1.4558,0.005,0.022978,-0.040811,-1.6318e-24
6.625,1.5059,0.005,0.036491,-0.0365,-2.1436e-23
6.575,1.5559,0.005,0.050148,-0.0323,-7.8053e-24
6.525,1.606,0.005,0.063999,-0.028202,6.4991e-24
6.475,1.656,0.005,0.078086,-0.024191,5.3459e-24
6.425,1.706,0.005,0.092421,-0.020252,-1.0622e-23
6.375,1.7561,0.005,0.10695,-0.01637,-1.3647e-23
6.325,1.8061,0.005,0.12153,-0.012531,-1.2329e-23
6.275,1.8562,0.005,0.13589,-0.0087362,-1.6428e-23
6.225,1.9062,0.005,0.14968,-0.0050189,8.2972e-38
6.175,1.9563,0.005,0.1626,-0.0014419,9.9003e-38
6.125,2.0063,0.005,0.17449,0.0019236,-1.6702e-23
6.075,2.0563,0.005,0.18535,0.0050133,2.3479e-23
6.025,2.1064,0.005,0.19525,0.0077748,-2.5113e-23
5.975,2.1564,0.005,0.20434,0.01017,-7.0821e-24
5.925,2.2065,0.005,0.21277,0.012169,1.665e-23
5.875,2.2565,0.005,0.22064,0.013753,-5.941e-24
5.825,2.3066,0.005,0.22778,0.01491,8.1837e-24
5.775,2.3566,0.005,0.23395,0.015622,-1.3021e-23
5.725,2.4066,0.005,0.23919,0.015863,1.1229e-24
5.675,2.4567,0.005,0.24395,0.015623,-3.3334e-37
5.625,2.5067,0.005,0.24869,0.014925,4.5451e-32
5.575,2.5568,0.005,0.25387,0.013814,3.8341e-24
5.525,2.6068,0.005,0.25984,0.012362,1.4962e-24
5.475,2.6569,0.005,0.26683,0.010653,5.0611e-24
5.425,2.7069,0.005,0.27497,0.0087799,-2.0714e-24
5.375,2.7569,0.005,0.2843,0.0068466,-1.7657e-24
5.325,2.807,0.005,0.29472,0.0049429,8.8355e-24
5.275,2.86,0.005,0.30685,0.0031183,-6.3434e-24
5.225,2.916,0.005,0.3204,0.0013272,8.1278e-24
5.175,2.972,0.005,0.32835,0.00049851,-6.201e-25
8.175,0.024,0.005,-0.11472,-0.0091973,2.7615e-23
8.125,0.072,0.005,-0.11924,-0.013271,-1.6699e-23
8.075,0.12,0.005,-0.12404,-0.022542,-1.2489e-24
8.025,0.168,0.005,-0.12856,-0.029838,-2.7867e-23
7.975,0.216,0.005,-0.13224,-0.036514,-1.024e-23
7.925,0.264,0.005,-0.13497,-0.042392,1.4635e-23
7.875,0.312,0.005,-0.13672,-0.047612,1.9493e-23
7.825,0.36,0.005,-0.13755,-0.052247,-2.4602e-23
7.775,0.408,0.005,-0.13755,-0.056373,1.231e-38
7.725,0.456,0.005,-0.13684,-0.060053,1.0062e-23
7.675,0.50502,0.005,-0.13536,-0.063454,-1.0951e-23
7.625,0.55506,0.005,-0.13318,-0.066599,-5.3754e-24
7.575,0.60511,0.005,-0.13049,-0.069402,-6.132e-24
7.525,0.65515,0.005,-0.12729,-0.071883,1.2088e-23
7.475,0.70519,0.005,-0.12358,-0.07405,-1.2619e-23
7.425,0.75523,0.005,-0.1193,-0.075894,1.3227e-23
7.375,0.80528,0.005,-0.11439,-0.077384,-7.1624e-24
7.325,0.85532,0.005,-0.10874,-0.078468,7.4579e-37
7.275,0.90536,0.005,-0.10225,-0.079072,7.5341e-24
7.225,0.9554,0.005,-0.094818,-0.079101,-8.2824e-24
7.175,1.0054,0.005,-0.086348,-0.078455,-1.6345e-23
7.125,1.0555,0.005,-0.076797,-0.07704,-2.6348e-23
7.075,1.1055,0.005,-0.066194,-0.074807,2.8652e-24
7.025,1.1556,0.005,-0.054658,-0.071783,-3.5903e-37
6.975,1.2056,0.005,-0.04239,-0.068081,1.7266e-23
6.925,1.2557,0.005,-0.029621,-0.063887,-3.9608e-24
6.875,1.3057,0.005,-0.016559,-0.059398,-1.992e-23
6.825,1.3557,0.005,-0.0033389,-0.054785,1.2584e-24
6.775,1.4058,0.005,0.0099725,-0.050172,1.5001e-23
6.725,1.4558,0.005,0.023368,-0.045635,1.5833e-23
6.675,1.5059,0.005,0.03687,-0.041201,3.1512e-23
6.625,1.5559,0.005,0.050517,-0.036879,-2.2856e-23
6.575,1.606,0.005,0.064354,-0.032667,-3.37e-23
6.525,1.656,0.005,0.078421,-0.028552,-1.8138e-23
6.475,1.706,0.005,0.092728,-0.024518,0
6.425,1.7561,0.005,0.10722,-0.020546,4.199e-24
6.375,1.8061,0.005,0.12175,-0.016619,8.9107e-24
6.325,1.8562,0.005,0.13607,-0.012733,-5.8679e-24
6.275,1.9062,0.005,0.14986,-0.0089155,1.6969e-37
6.225,1.9563,0.005,0.16283,-0.0052208,4.5686e-25
6.175,2.0063,0.005,0.17482,-0.0017171,2.5214e-23
6.125,2.0563,0.005,0.18581,0.0015311,-8.1108e-24
6.075,2.1064,0.005,0.19587,0.0044692,-1.9461e-23
6.025,2.1564,0.005,0.20515,0.0070548,2.3587e-24
5.975,2.2065,0.005,0.21379,0.0092554,-9.5341e-24
5.925,2.2565,0.005,0.22186,0.011051,7.0999e-37
5.875,2.3066,0.005,0.22921,0.012429,5.2697e-24
5.825,2.3566,0.005,0.23559,0.013374,3.6611e-24
5.775,2.4066,0.005,0.24107,0.013858,-1.0939e-23
5.725,2.4567,0.005,0.24605,0.013867,0
5.675,2.5067,0.005,0.25098,0.013419,1.1463e-24
5.625,2.5568,0.005,0.2563,0.012553,-3.5644e-24
5.575,2.6068,0.005,0.26234,0.011336,7.1359e-24
5.525,2.6569,0.005,0.26933,0.009846,3.6136e-24
5.475,2.7069,0.005,0.2774,0.0081732,-3.714e-24
5.425,2.7569,0.005,0.28657,0.0064155,-9.8061e-24
5.375,2.807,0.005,0.29677,0.0046581,2.348e-24
5.325,2.86,0.005,0.30859,0.0029551,-5.5168e-24
5.275,2.916,0.005,0.32174,0.0012411,-2.261e-37
5.225,2.972,0.005,0.32909,0.00047404,-8.2055e-24
8.225,0.024,0.005,-0.10419,-0.01002,2.0242e-36
8.175,0.072,0.005,-0.10896,-0.014118,5.7327e-24
8.125,0.12,0.005,-0.11432,-0.023784,-8.8677e-37
8.075,0.168,0.005,-0.11945,-0.031418,-7.7646e-37
8.025,0.216,0.005,-0.12374,-0.038338,-5.0523e-24
7.975,0.264,0.005,-0.12703,-0.044403,5.0438e-24
7.925,0.312,0.005,-0.12931,-0.04976,1.0314e-23
7.875,0.36,0.005,-0.13061,-0.054494,-4.4024e-24
7.825,0.408,0.005,-0.13105,-0.05869,-9.8417e-24
7.775,0.456,0.005,-0.13073,-0.06242,-2.3816e-25
7.725,0.50502,0.005,-0.12961,-0.065862,-5.8672e-24
7.675,0.55506,0.005,-0.12776,-0.069042,1.1211e-23
7.625,0.60511,0.005,-0.12536,-0.071879,-1.7831e-23
7.575,0.65515,0.005,-0.12243,-0.074399,-1.1988e-23
7.525,0.70519,0.005,-0.11898,-0.076616,-2.6693e-32
7.475,0.75523,0.005,-0.11496,-0.078528,-1.3113e-23
7.425,0.80528,0.005,-0.11031,-0.080112,2.0911e-23
7.375,0.85532,0.005,-0.10495,-0.081324,-7.3069e-24
7.325,0.90536,0.005,-0.098793,-0.0821,7.4357e-24
7.275,0.9554,0.005,-0.091727,-0.082356,-1.596e-23
7.225,1.0054,0.005,-0.08367,-0.081992,-9.2422e-24
7.175,1.0555,0.005,-0.074567,-0.080911,2.4183e-23
7.125,1.1055,0.005,-0.064419,-0.079039,-2.4159e-23
7.075,1.1556,0.005,-0.053307,-0.07636,-1.1992e-23
7.025,1.2056,0.005,-0.04139,-0.072945,1.0138e-23
6.975,1.2557,0.005,-0.028881,-0.06894,-1.8379e-23
6.925,1.3057,0.005,-0.015985,-0.064534,0
6.875,1.3557,0.005,-0.0028615,-0.059909,-1.7513e-23
6.825,1.4058,0.005,0.010399,-0.055227,-1.6707e-23
6.775,1.4558,0.005,0.023768,-0.050586,0
6.725,1.5059,0.005,0.037254,-0.046031,1.167e-23
6.675,1.5559,0.005,0.050888,-0.041583,9.956e-24
6.625,1.606,0.005,0.064708,-0.037247,-1.2312e-23
6.575,1.656,0.005,0.07875,-0.033015,-5.5556e-24
6.525,1.706,0.005,0.093023,-0.028871,6.3312e-24
6.475,1.7561,0.005,0.10746,-0.024793,1.0216e-23
6.425,1.8061,0.005,0.12193,-0.020762,1.1727e-23
6.375,1.8562,0.005,0.1362,-0.016772,8.0543e-24
6.325,1.9062,0.005,0.14997,-0.012843,2.2098e-24
6.275,1.9563,0.005,0.16296,-0.0090236,8.3948e-24
6.225,2.0063,0.005,0.17502,-0.0053785,4.8518e-25
6.175,2.0563,0.005,0.18612,-0.0019716,1.5699e-23
6.125,2.1064,0.005,0.19634,0.0011417,2.3419e-23
6.075,2.1564,0.005,0.20579,0.0039151,-3.3082e-24
6.025,2.2065,0.005,0.21462,0.0063144,1.5878e-23
5.975,2.2565,0.005,0.22289,0.0083172,3.4607e-24
5.925,2.3066,0.005,0.23044,0.0099144,-2.9798e-24
5.875,2.3566,0.005,0.23704,0.011088,4.5266e-24
5.825,2.4066,0.005,0.24275,0.01181,-1.3933e-23
5.775,2.4567,0.005,0.24794,0.012065,3.0316e-24
5.725,2.5067,0.005,0.25307,0.011864,8.1881e-24
5.675,2.5568,0.005,0.25854,0.011242,-4.5517e-24
5.625,2.6068,0.005,0.26466,0.010259,-4.9648e-24
5.575,2.6569,0.005,0.27167,0.0089902,8.7888e-24
5.525,2.7069,0.005,0.27968,0.0075201,4.7104e-24
5.475,2.7569,0.005,0.28873,0.0059427,2.7175e-24
5.425,2.807,0.005,0.29873,0.004338,-3.9192e-24
5.375,2.86,0.005,0.31026,0.002765,8.2993e-25
5.325,2.916,0.005,0.32302,0.0011402,-3.4218e-37
5.275,2.972,0.005,0.32979,0.00044292,7.951e-24
8.275,0.024,0.005,-0.092938,-0.010981,-9.4372e-24
8.225,0.072,0.005,-0.098088,-0.015075,1.65e-23
8.175,0.12,0.005,-0.10408,-0.025149,1.2208e-23
8.125,0.168,0.005,-0.10989,-0.033144,1.6557e-23
8.075,0.216,0.005,-0.11485,-0.040319,-2.083e-23
8.025,0.264,0.005,-0.11877,-0.046576,-9.727e-24
7.975,0.312,0.005,-0.12161,-0.052067,5.4778e-24
7.925,0.36,0.005,-0.12344,-0.056894,2.4988e-23
7.875,0.408,0.005,-0.12435,-0.061149,-1.5619e-23
7.825,0.456,0.005,-0.12446,-0.064917,-1.5757e-23
7.775,0.50502,0.005,-0.12372,-0.068384,1.1086e-23
7.725,0.55506,0.005,-0.12221,-0.071582,4.8359e-24
7.675,0.60511,0.005,-0.12012,-0.074432,-1.4155e-24
7.625,0.65515,0.005,-0.11749,-0.07697,-1.8248e-37
7.575,0.70519,0.005,-0.1143,-0.079215,-1.3465e-32
7.525,0.75523,0.005,-0.11054,-0.081168,6.0434e-24
7.475,0.80528,0.005,-0.10616,-0.082818,0
7.425,0.85532,0.005,-0.10109,-0.084128,7.2343e-24
7.375,0.90536,0.005,-0.09524,-0.085042,-2.2527e-23
7.325,0.9554,0.005,-0.088525,-0.085486,2.4593e-23
7.275,1.0054,0.005,-0.08086,-0.085369,1.8942e-23
7.225,1.0555,0.005,-0.072184,-0.084594,1.0411e-23
7.175,1.1055,0.005,-0.062481,-0.083072,2.4515e-23
7.125,1.1556,0.005,-0.051798,-0.080755,-5.9856e-37
7.075,1.2056,0.005,-0.040258,-0.077669,-1.8971e-23
7.025,1.2557,0.005,-0.028042,-0.073919,1.0303e-36
6.975,1.3057,0.005,-0.01535,-0.069666,3.5052e-37
6.925,1.3557,0.005,-0.002352,-0.065088,-2.0232e-23
6.875,1.4058,0.005,0.01084,-0.060373,1.5652e-36
6.825,1.4558,0.005,0.024172,-0.05565,1.7514e-24
6.775,1.5059,0.005,0.037636,-0.050983,-2.9085e-24
6.725,1.5559,0.005,0.051252,-0.046409,-2.0281e-39
6.675,1.606,0.005,0.065052,-0.041943,1.9067e-23
6.625,1.656,0.005,0.079065,-0.037583,1.3843e-23
6.575,1.706,0.005,0.093292,-0.033314,1.2719e-23
6.525,1.7561,0.005,0.10767,-0.029115,7.0318e-24
6.475,1.8061,0.005,0.12206,-0.024964,2.3833e-24
6.425,1.8562,0.005,0.13626,-0.020856,-7.6018e-27
6.375,1.9062,0.005,0.14998,-0.016804,5.358e-38
6.325,1.9563,0.005,0.16297,-0.012852,2.1628e-24
6.275,2.0063,0.005,0.17509,-0.0090614,8.2653e-24
6.225,2.0563,0.005,0.18629,-0.0054943,-8.6006e-24
6.175,2.1064,0.005,0.19665,-0.0022071,-1.5654e-23
6.125,2.1564,0.005,0.20627,0.00075302,-9.3034e-25
6.075,2.2065,0.005,0.21528,0.0033474,2.3686e-23
6.025,2.2565,0.005,0.22375,0.0055559,-6.0915e-24
5.975,2.3066,0.005,0.23149,0.007368,-2.4045e-24
5.925,2.3566,0.005,0.23829,0.0087675,-1.9673e-24
5.875,2.4066,0.005,0.24422,0.0097249,-1.0283e-24
5.825,2.4567,0.005,0.24964,0.010221,-3.1394e-37
5.775,2.5067,0.005,0.25496,0.010264,2.1713e-24
5.725,2.5568,0.005,0.26058,0.0098833,4.1774e-24
5.675,2.6068,0.005,0.2668,0.0091346,-9.1437e-24
5.625,2.6569,0.005,0.27384,0.0080878,-1.7104e-24
5.575,2.7069,0.005,0.28181,0.0068229,3.2821e-24
5.525,2.7569,0.005,0.29075,0.00543,3.4843e-24
5.475,2.807,0.005,0.30058,0.003984,2.8972e-24
5.425,2.86,0.005,0.31185,0.0025486,4.9109e-24
5.375,2.916,0.005,0.32424,0.0010249,2.0339e-37
5.325,2.972,0.005,0.33043,0.00040546,-7.985e-24
8.325,0.024,0.005,-0.08085,-0.012114,1.1066e-23
8.275,0.072,0.005,-0.086566,-0.016168,-1.6138e-23
8.225,0.12,0.005,-0.093264,-0.026658,3.0726e-24
8.175,0.168,0.005,-0.099837,-0.035039,-4.0803e-24
8.125,0.216,0.005,-0.10553,-0.042481,-9.796e-24
8.075,0.264,0.005,-0.11014,-0.048932,-3.8205e-24
8.025,0.312,0.005,-0.11362,-0.054555,1.1656e-23
7.975,0.36,0.005,-0.11602,-0.059467,-5.9849e-24
7.925,0.408,0.005,-0.11744,-0.063772,1.3185e-23
7.875,0.456,0.005,-0.11801,-0.067562,-1.243e-23
7.825,0.50502,0.005,-0.11768,-0.071038,1.045e-23
7.775,0.55506,0.005,-0.11655,-0.074236,-1.7499e-23
7.725,0.60511,0.005,-0.11479,-0.077082,1.1302e-23
7.675,0.65515,0.005,-0.11246,-0.079615,-4.5957e-37
7.625,0.70519,0.005,-0.10955,-0.081863,1.4643e-24
7.575,0.75523,0.005,-0.10606,-0.083834,-3.8241e-23
7.525,0.80528,0.005,-0.10195,-0.085521,1.4102e-32
7.475,0.85532,0.005,-0.097156,-0.086898,-1.5747e-36
7.425,0.90536,0.005,-0.091613,-0.087916,1.4491e-23
7.375,0.9554,0.005,-0.085233,-0.08851,-8.6409e-24
7.325,1.0054,0.005,-0.077939,-0.0886,-9.594e-24
7.275,1.0555,0.005,-0.06967,-0.088091,-1.7523e-23
7.225,1.1055,0.005,-0.060398,-0.086893,6.4504e-24
7.175,1.1556,0.005,-0.050144,-0.084936,-1.896e-23
7.125,1.2056,0.005,-0.038996,-0.082204,-1.0082e-31
7.075,1.2557,0.005,-0.027104,-0.07876,1.6199e-23
7.025,1.3057,0.005,-0.01465,-0.074728,1.8085e-23
6.975,1.3557,0.005,-0.0018078,-0.070269,1.292e-24
6.925,1.4058,0.005,0.011291,-0.065574,-3.3519e-36
6.875,1.4558,0.005,0.024571,-0.060798,1.7935e-24
6.825,1.5059,0.005,0.038005,-0.056037,5.9411e-24
6.775,1.5559,0.005,0.051598,-0.051345,2.423e-23
6.725,1.606,0.005,0.065372,-0.046748,5.6801e-24
6.675,1.656,0.005,0.07935,-0.042252,-9.1969e-24
6.625,1.706,0.005,0.093519,-0.037847,-1.4398e-23
6.575,1.7561,0.005,0.10782,-0.033512,3.0947e-25
6.525,1.8061,0.005,0.12213,-0.029227,4.1236e-24
6.475,1.8562,0.005,0.13624,-0.024986,-7.9736e-24
6.425,1.9062,0.005,0.1499,-0.0208,-3.8967e-24
6.375,1.9563,0.005,0.16288,-0.016708,8.2792e-24
6.325,2.0063,0.005,0.17503,-0.012766,1.0331e-23
6.275,2.0563,0.005,0.18632,-0.0090366,1.3026e-24
6.225,2.1064,0.005,0.1968,-0.0055757,-8.3201e-24
6.175,2.1564,0.005,0.20658,-0.0024314,3.6163e-25
6.125,2.2065,0.005,0.21577,0.00035786,-2.0975e-23
6.075,2.2565,0.005,0.22441,0.0027681,5.5454e-24
6.025,2.3066,0.005,0.23234,0.0047934,-7.3536e-24
5.975,2.3566,0.005,0.23934,0.0064157,-4.7032e-24
5.925,2.4066,0.005,0.24549,0.007605,-5.4848e-24
5.875,2.4567,0.005,0.25113,0.0083398,-3.2113e-24
5.825,2.5067,0.005,0.25665,0.0086229,2.6337e-24
5.775,2.5568,0.005,0.26243,0.0084819,7.0017e-24
5.725,2.6068,0.005,0.26876,0.0079662,0
5.675,2.6569,0.005,0.27584,0.0071416,-1.1657e-23
5.625,2.7069,0.005,0.28379,0.006084,-4.481e-38
5.575,2.7569,0.005,0.29264,0.0048792,3.2606e-24
5.525,2.807,0.005,0.30231,0.0035975,4.5438e-24
5.475,2.86,0.005,0.31334,0.0023078,7.0885e-25
5.425,2.916,0.005,0.32539,0.00089586,-5.1107e-24
5.375,2.972,0.005,0.331,0.00036185,-7.0409e-24
8.375,0.024,0.005,-0.067816,-0.013458,-2.9563e-23
8.325,0.072,0.005,-0.074319,-0.017435,1.5363e-23
8.275,0.12,0.005,-0.081828,-0.028336,-1.4283e-23
8.225,0.168,0.005,-0.089251,-0.037129,6.8042e-24
8.175,0.216,0.005,-0.095764,-0.044848,3.2589e-24
8.125,0.264,0.005,-0.10113,-0.051496,-6.1338e-24
8.075,0.312,0.005,-0.1053,-0.057248,-1.034e-39
8.025,0.36,0.005,-0.10833,-0.062236,6.3519e-24
7.975,0.408,0.005,-0.11031,-0.066579,6.4778e-37
7.925,0.456,0.005,-0.11137,-0.070378,3.0447e-24
7.875,0.50502,0.005,-0.1115,-0.073846,-4.1923e-24
7.825,0.55506,0.005,-0.11076,-0.077026,-1.4912e-23
7.775,0.60511,0.005,-0.10936,-0.079846,-1.7933e-23
7.725,0.65515,0.005,-0.10735,-0.082353,-8.7746e-37
7.675,0.70519,0.005,-0.10473,-0.084581,1.1943e-23
7.625,0.75523,0.005,-0.10152,-0.086544,-2.6979e-36
7.575,0.80528,0.005,-0.09768,-0.088241,-1.3169e-23
7.525,0.85532,0.005,-0.09317,-0.089654,2.1053e-23
7.475,0.90536,0.005,-0.087925,-0.090742,7.1558e-24
7.425,0.9554,0.005,-0.08187,-0.09145,-3.8543e-23
7.375,1.0054,0.005,-0.074932,-0.091703,-9.6116e-24
7.325,1.0555,0.005,-0.067051,-0.091418,-4.0062e-24
7.275,1.1055,0.005,-0.058193,-0.090506,-1.2057e-23
7.225,1.1556,0.005,-0.048361,-0.088885,1.9259e-23
7.175,1.2056,0.005,-0.037614,-0.086512,2.0087e-23
7.125,1.2557,0.005,-0.026068,-0.083406,1.4689e-36
7.075,1.3057,0.005,-0.013884,-0.079649,-2.7294e-23
7.025,1.3557,0.005,-0.0012308,-0.075377,4.4167e-23
6.975,1.4058,0.005,0.011749,-0.070773,2.0411e-23
6.925,1.4558,0.005,0.024957,-0.065994,0
6.875,1.5059,0.005,0.038348,-0.061165,-1.508e-23
6.825,1.5559,0.005,0.051909,-0.056369,1.3172e-23
6.775,1.606,0.005,0.065652,-0.051646,4.9443e-24
6.725,1.656,0.005,0.079583,-0.047011,4.4083e-24
6.675,1.706,0.005,0.093686,-0.04246,6.4515e-24
6.625,1.7561,0.005,0.1079,-0.037978,-7.071e-24
6.575,1.8061,0.005,0.12211,-0.033549,-1.3405e-23
6.525,1.8562,0.005,0.13613,-0.029162,-1.022e-23
6.475,1.9062,0.005,0.14971,-0.024831,-4.713e-24
6.425,1.9563,0.005,0.16266,-0.020589,-1.5808e-23
6.375,2.0063,0.005,0.17483,-0.016492,-3.0329e-23
6.325,2.0563,0.005,0.18619,-0.012598,-6.2265e-24
6.275,2.1064,0.005,0.19679,-0.0089629,-1.4201e-23
6.225,2.1564,0.005,0.20672,-0.005636,6.8547e-24
6.175,2.2065,0.005,0.21608,-0.0026553,1.3851e-23
6.125,2.2565,0.005,0.2249,-4.2647e-05,-6.4155e-24
6.075,2.3066,0.005,0.23301,0.0021926,3.6549e-24
6.025,2.3566,0.005,0.2402,0.0040358,-1.4345e-23
5.975,2.4066,0.005,0.24656,0.0054541,3.9927e-24
5.925,2.4567,0.005,0.25241,0.0064238,-2.0533e-24
5.875,2.5067,0.005,0.25814,0.0069449,2.2066e-24
5.825,2.5568,0.005,0.26409,0.0070409,4.6815e-24
5.775,2.6068,0.005,0.27053,0.006757,4.3367e-24
5.725,2.6569,0.005,0.27767,0.0061547,-4.1768e-24
5.675,2.7069,0.005,0.28561,0.0053056,-2.7957e-24
5.625,2.7569,0.005,0.29438,0.0042922,-3.0234e-24
5.575,2.807,0.005,0.30391,0.0031786,4.1332e-24
5.525,2.86,0.005,0.31473,0.0020446,-3.7345e-24
5.475,2.916,0.005,0.32645,0.00075357,-9.167e-38
5.425,2.972,0.005,0.3315,0.0003125,7.026e-24
8.425,0.024,0.005,-0.053847,-0.015029,0
8.375,0.072,0.005,-0.061278,-0.01894,0
8.325,0.12,0.005,-0.069708,-0.030209,1.8269e-23
8.275,0.168,0.005,-0.078082,-0.039443,-2.0567e-24
8.225,0.216,0.005,-0.085504,-0.047451,-2.2425e-23
8.175,0.264,0.005,-0.091712,-0.054296,8.9764e-24
8.125,0.312,0.005,-0.096646,-0.060173,0
8.075,0.36,0.005,-0.10035,-0.065228,2.414e-24
8.025,0.408,0.005,-0.10295,-0.069594,-6.8873e-24
7.975,0.456,0.005,-0.10455,-0.073387,3.2283e-37
7.925,0.50502,0.005,-0.10515,-0.07683,-6.9661e-24
7.875,0.55506,0.005,-0.10485,-0.079972,1.0633e-23
7.825,0.60511,0.005,-0.10383,-0.082746,-7.0245e-24
7.775,0.65515,0.005,-0.10216,-0.085205,7.0203e-24
7.725,0.70519,0.005,-0.099856,-0.087388,-7.0185e-24
7.675,0.75523,0.005,-0.096932,-0.089317,2.9635e-23
7.625,0.80528,0.005,-0.093371,-0.090997,-1.4096e-23
7.575,0.85532,0.005,-0.089142,-0.092416,-1.3626e-23
7.525,0.90536,0.005,-0.084191,-0.093542,1.4142e-23
7.475,0.9554,0.005,-0.078452,-0.094326,-1.404e-32
7.425,1.0054,0.005,-0.071858,-0.094703,-4.2631e-24
7.375,1.0555,0.005,-0.06435,-0.094597,4.5633e-23
7.325,1.1055,0.005,-0.055889,-0.093924,-1.2495e-23
7.275,1.1556,0.005,-0.046469,-0.092603,3.8815e-23
7.225,1.2056,0.005,-0.036124,-0.090572,9.8523e-32
7.175,1.2557,0.005,-0.024943,-0.087814,-2.1415e-23
7.125,1.3057,0.005,-0.013058,-0.084371,-2.2493e-23
7.075,1.3557,0.005,-0.00062725,-0.080342,1.2722e-24
7.025,1.4058,0.005,0.012201,-0.075891,2.0956e-23
6.975,1.4558,0.005,0.025318,-0.071175,1.8609e-24
6.925,1.5059,0.005,0.03865,-0.066325,3.0794e-24
6.875,1.5559,0.005,0.052168,-0.061447,-1.4188e-23
6.825,1.606,0.005,0.065866,-0.056609,-1.5048e-23
6.775,1.656,0.005,0.079741,-0.051839,-4.9799e-37
6.725,1.706,0.005,0.093769,-0.04714,2.2799e-23
6.675,1.7561,0.005,0.10789,-0.042504,2.4357e-23
6.625,1.8061,0.005,0.12199,-0.03792,9.9393e-26
6.575,1.8562,0.005,0.1359,-0.03338,-1.7325e-23
6.525,1.9062,0.005,0.14941,-0.028893,1.9471e-37
6.475,1.9563,0.005,0.16231,-0.024497,8.2086e-24
6.425,2.0063,0.005,0.17449,-0.020238,-7.3499e-24
6.375,2.0563,0.005,0.18592,-0.016177,-1.8773e-23
6.325,2.1064,0.005,0.19662,-0.012368,-1.7474e-23
6.275,2.1564,0.005,0.20669,-0.0088591,-1.7133e-37
6.225,2.2065,0.005,0.21622,-0.0056891,6.3792e-24
6.175,2.2565,0.005,0.2252,-0.0028771,-1.1148e-25
6.125,2.3066,0.005,0.23348,-0.00043084,5.7058e-24
6.075,2.3566,0.005,0.24086,0.0016304,-2.7873e-24
6.025,2.4066,0.005,0.24743,0.0032753,-9.526e-24
5.975,2.4567,0.005,0.2535,0.0044771,5.7925e-38
5.925,2.5067,0.005,0.25943,0.0052331,2.7941e-24
5.875,2.5568,0.005,0.26554,0.0055638,2.3168e-24
5.825,2.6068,0.005,0.27211,0.0055102,4.0973e-24
5.775,2.6569,0.005,0.27931,0.0051298,-1.6159e-24
5.725,2.7069,0.005,0.28726,0.0044902,-2.5336e-24
5.675,2.7569,0.005,0.29598,0.0036709,-7.1734e-24
5.625,2.807,0.005,0.30539,0.0027286,-2.7508e-25
5.575,2.86,0.005,0.31601,0.0017608,-3.2619e-24
5.525,2.916,0.005,0.32743,0.00059932,5.2014e-24
5.475,2.972,0.005,0.33192,0.00025784,6.3677e-24
8.475,0.024,0.005,-0.038515,-0.016691,-1.8499e-23
8.425,0.072,0.005,-0.047421,-0.020736,3.229e-23
8.375,0.12,0.005,-0.056847,-0.032314,1.0183e-23
8.325,0.168,0.005,-0.066278,-0.042017,-1.6553e-23
8.275,0.216,0.005,-0.074714,-0.050324,3.2438e-37
8.225,0.264,0.005,-0.081852,-0.057366,-1.4908e-24
8.175,0.312,0.005,-0.087625,-0.063359,-8.6703e-24
8.125,0.36,0.005,-0.092083,-0.068469,-1.2584e-36
8.075,0.408,0.005,-0.095337,-0.072844,1.6349e-23
8.025,0.456,0.005,-0.097524,-0.076613,-2.3757e-23
7.975,0.50502,0.005,-0.098652,-0.080012,1.0136e-23
7.925,0.55506,0.005,-0.098813,-0.083097,1.348e-23
7.875,0.60511,0.005,-0.098206,-0.085803,-3.8538e-24
7.825,0.65515,0.005,-0.096896,-0.08819,-1.0991e-23
7.775,0.70519,0.005,-0.09492,-0.090305,-4.2591e-24
7.725,0.75523,0.005,-0.092298,-0.092174,-1.1908e-23
7.675,0.80528,0.005,-0.089026,-0.09381,1.2528e-23
7.625,0.85532,0.005,-0.08508,-0.095206,-8.8113e-37
7.575,0.90536,0.005,-0.080422,-0.096338,6.9919e-24
7.525,0.9554,0.005,-0.074994,-0.097163,1.2505e-24
7.475,1.0054,0.005,-0.068735,-0.097624,9.3487e-24
7.425,1.0555,0.005,-0.061586,-0.097652,-6.5183e-24
7.375,1.1055,0.005,-0.05351,-0.097172,4.2724e-23
7.325,1.1556,0.005,-0.04449,-0.096105,-2.4986e-23
7.275,1.2056,0.005,-0.034545,-0.094381,0
7.225,1.2557,0.005,-0.02374,-0.091959,2.1729e-23
7.175,1.3057,0.005,-0.012179,-0.088845,2.3009e-23
7.125,1.3557,0.005,-4.4252e-06,-0.0851,-4.877e-23
7.075,1.4058,0.005,0.012638,-0.080858,-4.384e-23
7.025,1.4558,0.005,0.025632,-0.076263,-1.8748e-24
6.975,1.5059,0.005,0.038886,-0.07145,-3.1096e-24
6.925,1.5559,0.005,0.052346,-0.066534,-1.5138e-23
6.875,1.606,0.005,0.065989,-0.061603,-1.3459e-23
6.825,1.656,0.005,0.079799,-0.056706,-5.8601e-24
6.775,1.706,0.005,0.093747,-0.051863,0
6.725,1.7561,0.005,0.10777,-0.047073,7.1263e-24
6.675,1.8061,0.005,0.12176,-0.04233,9.1158e-24
6.625,1.8562,0.005,0.13556,-0.037629,-7.3003e-24
6.575,1.9062,0.005,0.14897,-0.032982,1.131e-37
6.525,1.9563,0.005,0.16183,-0.028424,5.3393e-24
6.475,2.0063,0.005,0.17401,-0.024001,1.6229e-23
6.425,2.0563,0.005,0.18548,-0.019772,1.0718e-23
6.375,2.1064,0.005,0.19629,-0.015788,2.0322e-23
6.325,2.1564,0.005,0.20649,-0.012099,1.8731e-23
6.275,2.2065,0.005,0.21618,-0.0087414,1.6441e-23
6.225,2.2565,0.005,0.22532,-0.0057322,-7.0002e-24
6.175,2.3066,0.005,0.23376,-0.0030769,1.0425e-26
6.125,2.3566,0.005,0.24132,-0.00079706,9.8762e-24
6.075,2.4066,0.005,0.24809,0.0010715,-1.7511e-23
6.025,2.4567,0.005,0.25438,0.0025028,5.8379e-24
5.975,2.5067,0.005,0.26051,0.0034912,-4.3098e-24
5.925,2.5568,0.005,0.2668,0.0040542,2.3874e-24
5.875,2.6068,0.005,0.2735,0.0042293,-3.0247e-38
5.825,2.6569,0.005,0.28078,0.0040701,6.1393e-24
5.775,2.7069,0.005,0.28875,0.0036403,-1.4113e-24
5.725,2.7569,0.005,0.29742,0.0030173,-2.3699e-32
5.675,2.807,0.005,0.30673,0.0022494,-3.9139e-24
5.625,2.86,0.005,0.31717,0.0014569,4.754e-24
5.575,2.916,0.005,0.32831,0.00041403,4.8693e-24
5.525,2.972,0.005,0.33225,0.00019827,-6.5937e-24
8.525,0.024,0.005,-0.020956,-0.01858,-2.3875e-23
8.475,0.072,0.005,-0.032654,-0.022734,1.0881e-23
8.425,0.12,0.005,-0.043191,-0.034673,1.1358e-23
8.375,0.168,0.005,-0.053785,-0.044888,1.6154e-23
8.325,0.216,0.005,-0.06335,-0.053505,-1.5477e-23
8.275,0.264,0.005,-0.071519,-0.06074,-1.546e-23
8.225,0.312,0.005,-0.078217,-0.066839,7.5495e-24
8.175,0.36,0.005,-0.083496,-0.07199,-7.6356e-24
8.125,0.408,0.005,-0.087475,-0.076357,-1.238e-36
8.075,0.456,0.005,-0.090297,-0.080082,3.2108e-25
8.025,0.50502,0.005,-0.091989,-0.083417,-7.9704e-24
7.975,0.55506,0.005,-0.092649,-0.086423,0
7.925,0.60511,0.005,-0.092482,-0.089039,0
7.875,0.65515,0.005,-0.091559,-0.091332,0
7.825,0.70519,0.005,-0.089931,-0.093353,3.8039e-24
7.775,0.75523,0.005,-0.087625,-0.095137,-7.1738e-24
7.725,0.80528,0.005,-0.084651,-0.096701,7.0829e-24
7.675,0.85532,0.005,-0.080995,-0.098045,-9.9037e-37
7.625,0.90536,0.005,-0.07663,-0.09915,-6.9186e-24
7.575,0.9554,0.005,-0.071509,-0.099983,2.2523e-23
7.525,1.0054,0.005,-0.065576,-0.10049,2.4425e-24
7.475,1.0555,0.005,-0.058779,-0.10061,-1.6861e-23
7.425,1.1055,0.005,-0.051075,-0.10028,1.1999e-23
7.375,1.1556,0.005,-0.042445,-0.099414,-1.9262e-23
7.325,1.2056,0.005,-0.032896,-0.097952,4.7517e-24
7.275,1.2557,0.005,-0.022472,-0.095837,2.1857e-23
7.225,1.3057,0.005,-0.011255,-0.093047,1.2629e-36
7.175,1.3557,0.005,0.00063219,-0.089606,-2.4721e-23
7.125,1.4058,0.005,0.013054,-0.085614,-4.2313e-25
7.075,1.4558,0.005,0.025891,-0.081192,-1.809e-23
7.025,1.5059,0.005,0.039037,-0.076468,1.4758e-23
6.975,1.5559,0.005,0.052421,-0.071564,-3.1997e-23
6.925,1.606,0.005,0.065997,-0.06658,-1.0205e-23
6.875,1.656,0.005,0.079734,-0.06158,-5.894e-24
6.825,1.706,0.005,0.093594,-0.056603,-4.928e-24
6.775,1.7561,0.005,0.10751,-0.051663,-1.0282e-23
6.725,1.8061,0.005,0.12139,-0.046761,-7.5978e-24
6.675,1.8562,0.005,0.13507,-0.041898,-8.0778e-24
6.625,1.9062,0.005,0.14839,-0.037089,7.0583e-24
6.575,1.9563,0.005,0.16119,-0.032366,1.425e-23
6.525,2.0063,0.005,0.17337,-0.027779,1.6184e-23
6.475,2.0563,0.005,0.1849,-0.023379,8.5983e-24
6.425,2.1064,0.005,0.19579,-0.019222,3.4742e-24
6.375,2.1564,0.005,0.20613,-0.015354,5.383e-24
6.325,2.2065,0.005,0.21596,-0.01181,1.191e-23
6.275,2.2565,0.005,0.22526,-0.0086047,1.2494e-24
6.225,2.3066,0.005,0.23384,-0.0057429,-6.1688e-25
6.175,2.3566,0.005,0.24158,-0.0032458,-4.8835e-24
6.125,2.4066,0.005,0.24855,-0.001154,-4.2131e-24
6.075,2.4567,0.005,0.25505,0.00050392,7.4444e-25
6.025,2.5067,0.005,0.26139,0.0017223,4.8465e-24
5.975,2.5568,0.005,0.26786,0.0025154,-1.2929e-24
5.925,2.6068,0.005,0.27469,0.0029175,3.5765e-24
5.875,2.6569,0.005,0.28206,0.0029787,-1.7263e-24
5.825,2.7069,0.005,0.29006,0.0027589,5.1743e-25
5.775,2.7569,0.005,0.29871,0.0023328,3.4633e-24
5.725,2.807,0.005,0.30793,0.001744,-3.6691e-24
5.675,2.86,0.005,0.31821,0.0011272,3.5362e-24
5.625,2.916,0.005,0.32909,0.00020328,9.6539e-39
5.575,2.972,0.005,0.33249,0.00013339,-5.6145e-24
8.575,0.024,0.005,-0.003125,-0.023393,-1.8297e-23
8.525,0.072,0.005,-0.016769,-0.02472,-2.9616e-37
8.475,0.12,0.005,-0.028633,-0.03727,1.8785e-23
8.425,0.168,0.005,-0.040543,-0.04809,-1.2317e-23
8.375,0.216,0.005,-0.051365,-0.057038,-1.6316e-24
8.325,0.264,0.005,-0.06068,-0.064461,8.0762e-24
8.275,0.312,0.005,-0.068399,-0.070652,8.0633e-24
8.225,0.36,0.005,-0.074579,-0.075825,-2.4014e-23
8.175,0.408,0.005,-0.079347,-0.080162,8.1806e-24
8.125,0.456,0.005,-0.082858,-0.083823,-1.5736e-23
8.075,0.50502,0.005,-0.085159,-0.087071,1.1139e-24
8.025,0.55506,0.005,-0.086357,-0.089975,7.9204e-24
7.975,0.60511,0.005,-0.08666,-0.092477,-1.7797e-23
7.925,0.65515,0.005,-0.08615,-0.094652,1.0349e-23
7.875,0.70519,0.005,-0.08489,-0.096556,2.5577e-23
7.825,0.75523,0.005,-0.082918,-0.098228,-2.9648e-23
7.775,0.80528,0.005,-0.080252,-0.099692,-7.1168e-24
7.725,0.85532,0.005,-0.076895,-0.10095,-1.8277e-36
7.675,0.90536,0.005,-0.072824,-0.102,2.0103e-23
7.625,0.9554,0.005,-0.068007,-0.10281,-6.7028e-24
7.575,1.0054,0.005,-0.062396,-0.10333,-1.5256e-23
7.525,1.0555,0.005,-0.055941,-0.10351,-6.4052e-37
7.475,1.1055,0.005,-0.048601,-0.10327,5.8599e-24
7.425,1.1556,0.005,-0.040352,-0.10256,5.3369e-24
7.375,1.2056,0.005,-0.031193,-0.10131,9.2793e-32
7.325,1.2557,0.005,-0.021154,-0.099462,-2.1805e-23
7.275,1.3057,0.005,-0.010296,-0.096969,0
7.225,1.3557,0.005,0.0012772,-0.093832,2.5953e-23
7.175,1.4058,0.005,0.013445,-0.090112,4.1679e-25
7.125,1.4558,0.005,0.026089,-0.085904,-7.3003e-37
7.075,1.5059,0.005,0.039095,-0.081318,-1.2341e-23
7.025,1.5559,0.005,0.052376,-0.076475,5.0244e-23
6.975,1.606,0.005,0.065868,-0.07148,1.0211e-31
6.925,1.656,0.005,0.079522,-0.066414,-1.3635e-23
6.875,1.706,0.005,0.093289,-0.061327,-6.5841e-24
6.825,1.7561,0.005,0.1071,-0.056248,3.2353e-24
6.775,1.8061,0.005,0.12086,-0.051193,9.9109e-24
6.725,1.8562,0.005,0.13443,-0.046172,-6.9815e-24
6.675,1.9062,0.005,0.14766,-0.041201,-7.0121e-37
6.625,1.9563,0.005,0.16041,-0.036315,9.4502e-24
6.575,2.0063,0.005,0.17258,-0.031563,2.7911e-23
6.525,2.0563,0.005,0.18415,-0.026996,2.0813e-23
6.475,2.1064,0.005,0.19514,-0.022666,-6.974e-24
6.425,2.1564,0.005,0.2056,-0.018622,-3.3697e-24
6.375,2.2065,0.005,0.21557,-0.014892,-2.8551e-23
6.325,2.2565,0.005,0.22501,-0.011492,-1.8373e-23
6.275,2.3066,0.005,0.23374,-0.0084249,-4.4972e-24
6.225,2.3566,0.005,0.24164,-0.0057141,3.7284e-24
6.175,2.4066,0.005,0.24881,-0.0033998,-1.273e-23
6.125,2.4567,0.005,0.25552,-0.0015167,-3.8733e-24
6.075,2.5067,0.005,0.26206,-7.0812e-05,9.6699e-24
6.025,2.5568,0.005,0.26871,0.00095057,6.7704e-25
5.975,2.6068,0.005,0.27569,0.0015782,-1.1818e-24
5.925,2.6569,0.005,0.28316,0.001859,-1.7779e-24
5.875,2.7069,0.005,0.2912,0.001849,1.6794e-24
5.825,2.7569,0.005,0.29983,0.0016204,3.912e-24
5.775,2.807,0.005,0.30898,0.0012125,-6.1945e-38
5.725,2.86,0.005,0.31912,0.0007695,-3.2038e-24
5.675,2.916,0.005,0.32977,-7.3676e-06,5.9451e-25
5.625,2.972,0.005,0.3326,6.1515e-05,2.6801e-25
8.625,0.024,0.005,0.013446,-0.030523,0
8.575,0.072,0.005,0.00099365,-0.027028,-2.866e-23
8.525,0.12,0.005,-0.012958,-0.040154,1.7987e-23
8.475,0.168,0.005,-0.026454,-0.051652,4.4517e-24
8.425,0.216,0.005,-0.038707,-0.06097,-3.5497e-24
8.375,0.264,0.005,-0.049298,-0.068576,2.017e-38
8.325,0.312,0.005,-0.058146,-0.074839,-6.7663e-24
8.275,0.36,0.005,-0.065315,-0.08001,8.6413e-24
8.225,0.408,0.005,-0.070943,-0.084294,-2.412e-23
8.175,0.456,0.005,-0.075201,-0.087863,8.4727e-24
8.125,0.50502,0.005,-0.078158,-0.090999,-9.1121e-24
8.075,0.55506,0.005,-0.079934,-0.093777,0
8.025,0.60511,0.005,-0.08074,-0.096142,-8.0362e-24
7.975,0.65515,0.005,-0.080671,-0.098174,9.9672e-24
7.925,0.70519,0.005,-0.079801,-0.099934,-7.5777e-24
7.875,0.75523,0.005,-0.078179,-0.10147,1.472e-23
7.825,0.80528,0.005,-0.075837,-0.10281,-1.5503e-23
7.775,0.85532,0.005,-0.072784,-0.10396,6.9704e-24
7.725,0.90536,0.005,-0.069013,-0.10492,-5.9691e-24
7.675,0.9554,0.005,-0.064499,-0.10567,-2.7347e-23
7.625,1.0054,0.005,-0.059205,-0.10617,-1.9668e-24
7.575,1.0555,0.005,-0.053086,-0.10636,-2.5706e-23
7.525,1.1055,0.005,-0.046103,-0.10619,5.7098e-24
7.475,1.1556,0.005,-0.038228,-0.10559,-1.0169e-36
7.425,1.2056,0.005,-0.029454,-0.1045,4.5232e-24
7.375,1.2557,0.005,-0.019799,-0.10286,-2.158e-23
7.325,1.3057,0.005,-0.0093103,-0.10063,2.5417e-24
7.275,1.3557,0.005,0.0019265,-0.097772,8.8378e-37
7.225,1.4058,0.005,0.013808,-0.094328,4.0547e-25
7.175,1.4558,0.005,0.026224,-0.090358,2.0839e-23
7.125,1.5059,0.005,0.039056,-0.08595,-1.5988e-23
7.075,1.5559,0.005,0.052204,-0.081212,1.7367e-23
7.025,1.606,0.005,0.065589,-0.076251,2.5977e-23
6.975,1.656,0.005,0.079145,-0.071156,2.871e-23
6.925,1.706,0.005,0.092812,-0.06599,1.3023e-23
6.875,1.7561,0.005,0.10651,-0.060797,-1.8921e-23
6.825,1.8061,0.005,0.12016,-0.055603,-2.1272e-23
6.775,1.8562,0.005,0.13362,-0.050431,0
6.725,1.9062,0.005,0.14675,-0.045305,1.3525e-36
6.675,1.9563,0.005,0.15945,-0.040261,-1.5632e-23
6.625,2.0063,0.005,0.17162,-0.035348,-3.0712e-23
6.575,2.0563,0.005,0.18323,-0.030616,-1.4898e-23
6.525,2.1064,0.005,0.19431,-0.026118,-1.8071e-23
6.475,2.1564,0.005,0.20489,-0.021898,-4.0309e-24
6.425,2.2065,0.005,0.215,-0.017986,3.2428e-24
6.375,2.2565,0.005,0.22457,-0.014391,-8.8455e-24
6.325,2.3066,0.005,0.23344,-0.01112,-3.5675e-24
6.275,2.3566,0.005,0.2415,-0.0081978,-3.8242e-24
6.225,2.4066,0.005,0.24886,-0.0056658,-6.2086e-25
6.175,2.4567,0.005,0.25578,-0.0035571,3.3753e-25
6.125,2.5067,0.005,0.26253,-0.0018856,3.0608e-24
6.075,2.5568,0.005,0.26937,-0.00063775,3.6613e-24
6.025,2.6068,0.005,0.27649,0.00021437,5.0839e-25
5.975,2.6569,0.005,0.28407,0.00071405,7.2467e-25
5.925,2.7069,0.005,0.29216,0.00091409,-4.456e-24
5.875,2.7569,0.005,0.30079,0.00088309,1.6624e-24
5.825,2.807,0.005,0.30989,0.00065821,4.0277e-24
5.775,2.86,0.005,0.3199,0.00038617,-7.963e-25
5.725,2.916,0.005,0.33031,-0.00020259,0
5.675,2.972,0.005,0.33259,-1.962e-05,5.1939e-24
8.675,0.024,0.005,0.033856,-0.026127,0
8.625,0.072,0.005,0.02076,-0.029881,6.3179e-24
8.575,0.12,0.005,0.0040573,-0.043635,3.1942e-23
8.525,0.168,0.005,-0.011391,-0.055648,8.9662e-24
8.475,0.216,0.005,-0.025304,-0.065358,-7.4027e-24
8.425,0.264,0.005,-0.037336,-0.073138,9.2603e-24
8.375,0.312,0.005,-0.047435,-0.079449,1.4932e-23
8.325,0.36,0.005,-0.055689,-0.084587,-9.1833e-24
8.275,0.408,0.005,-0.062256,-0.088786,-9.1643e-24
8.225,0.456,0.005,-0.067322,-0.092235,-3.7521e-25
8.175,0.50502,0.005,-0.070986,-0.095231,-1.7341e-23
8.125,0.55506,0.005,-0.073381,-0.097855,8.3143e-24
8.075,0.60511,0.005,-0.074723,-0.10006,8.3127e-24
8.025,0.65515,0.005,-0.075124,-0.10192,-1.9077e-23
7.975,0.70519,0.005,-0.074667,-0.10351,-9.9193e-24
7.925,0.75523,0.005,-0.073415,-0.10488,3.854e-23
7.875,0.80528,0.005,-0.071409,-0.10607,-2.5291e-23
7.825,0.85532,0.005,-0.068671,-0.10708,-1.1501e-23
7.775,0.90536,0.005,-0.065205,-0.10792,1.3468e-23
7.725,0.9554,0.005,-0.060994,-0.10858,-1.3121e-23
7.675,1.0054,0.005,-0.056014,-0.10902,-6.246e-24
7.625,1.0555,0.005,-0.050226,-0.1092,2.1245e-23
7.575,1.1055,0.005,-0.043592,-0.10905,-2.7651e-23
7.525,1.1556,0.005,-0.036084,-0.10852,-5.9728e-37
7.475,1.2056,0.005,-0.02769,-0.10755,1.9541e-23
7.425,1.2557,0.005,-0.018419,-0.10607,-3.5414e-24
7.375,1.3057,0.005,-0.0083062,-0.10405,2.0533e-23
7.325,1.3557,0.005,0.0025773,-0.10144,2.2298e-32
7.275,1.4058,0.005,0.014146,-0.098258,2.2613e-23
7.225,1.4558,0.005,0.026299,-0.094531,1.774e-24
7.175,1.5059,0.005,0.03892,-0.090325,1.9394e-23
7.125,1.5559,0.005,0.051902,-0.08573,-3.1593e-23
7.075,1.606,0.005,0.065154,-0.080845,-1.5117e-23
7.025,1.656,0.005,0.078594,-0.075761,-5.8502e-24
6.975,1.706,0.005,0.09215,-0.070551,-7.1476e-24
6.925,1.7561,0.005,0.10574,-0.065272,1.9559e-23
6.875,1.8061,0.005,0.11927,-0.059962,3.7429e-24
6.825,1.8562,0.005,0.13262,-0.054655,-1.3284e-23
6.775,1.9062,0.005,0.14568,-0.049385,-1.1988e-36
6.725,1.9563,0.005,0.15833,-0.044192,1.6275e-23
6.675,2.0063,0.005,0.1705,-0.039124,-7.2625e-24
6.625,2.0563,0.005,0.18215,-0.034234,-3.4802e-23
6.575,2.1064,0.005,0.19332,-0.029571,-2.6238e-23
6.525,2.1564,0.005,0.20402,-0.025179,4.6703e-24
6.475,2.2065,0.005,0.21425,-0.021085,2.1483e-23
6.425,2.2565,0.005,0.22394,-0.017298,9.2411e-24
6.375,2.3066,0.005,0.23294,-0.013825,3.3523e-24
6.325,2.3566,0.005,0.24116,-0.010694,-1.6819e-24
6.275,2.4066,0.005,0.24871,-0.0079472,-4.297e-24
6.225,2.4567,0.005,0.25584,-0.0056185,4.311e-38
6.175,2.5067,0.005,0.26279,-0.0037199,6.4183e-24
6.125,2.5568,0.005,0.26981,-0.0022471,-2.6265e-24
6.075,2.6068,0.005,0.2771,-0.0011717,3.6288e-24
6.025,2.6569,0.005,0.28478,-0.00045315,-4.168e-24
5.975,2.7069,0.005,0.29294,-4.2563e-05,-1.0537e-24
5.925,2.7569,0.005,0.30158,0.00012481,1.3202e-24
5.875,2.807,0.005,0.31064,8.472e-05,2.0289e-24
5.825,2.86,0.005,0.32054,-1.9567e-05,8.1013e-25
5.775,2.916,0.005,0.33071,-0.00042943,-3.272e-24
5.725,2.972,0.005,0.33246,-0.0001052,1.5547e-37
8.725,0.024,0.005,0.059467,-0.02518,-2.3512e-23
8.675,0.072,0.005,0.041713,-0.03228,-1.2324e-23
8.625,0.12,0.005,0.022375,-0.047891,4.7757e-24
8.575,0.168,0.005,0.004754,-0.060267,2.302e-23
8.525,0.216,0.005,-0.01108,-0.070291,-1.4803e-24
8.475,0.264,0.005,-0.024747,-0.078215,0
8.425,0.312,0.005,-0.036243,-0.084537,-5.3313e-24
8.375,0.36,0.005,-0.04569,-0.089603,5.4229e-24
8.325,0.408,0.005,-0.053278,-0.093678,8.7949e-37
8.275,0.456,0.005,-0.059218,-0.096971,-3.472e-23
8.225,0.50502,0.005,-0.063641,-0.099795,8.2227e-24
8.175,0.55506,0.005,-0.066699,-0.10224,8.9281e-24
8.125,0.60511,0.005,-0.068613,-0.10424,-8.6785e-24
8.075,0.65515,0.005,-0.069511,-0.10591,-9.0579e-24
8.025,0.70519,0.005,-0.06949,-0.10731,1.5793e-23
7.975,0.75523,0.005,-0.068627,-0.10849,-1.2227e-23
7.925,0.80528,0.005,-0.066974,-0.10949,1.7661e-23
7.875,0.85532,0.005,-0.064562,-0.11034,-1.3928e-23
7.825,0.90536,0.005,-0.061406,-0.11103,1.1708e-23
7.775,0.9554,0.005,-0.057503,-0.11157,6.1368e-24
7.725,1.0054,0.005,-0.052834,-0.11192,-1.2232e-23
7.675,1.0555,0.005,-0.04737,-0.11204,2.3531e-23
7.625,1.1055,0.005,-0.041079,-0.11189,1.0556e-23
7.575,1.1556,0.005,-0.033932,-0.11139,-3.3248e-37
7.525,1.2056,0.005,-0.025912,-0.11049,4.2434e-24
7.475,1.2557,0.005,-0.017023,-0.10913,1.1579e-36
7.425,1.3057,0.005,-0.0072903,-0.10727,-4.7743e-24
7.375,1.3557,0.005,0.0032278,-0.10487,4.9391e-23
7.325,1.4058,0.005,0.014462,-0.10192,-4.4307e-23
7.275,1.4558,0.005,0.026321,-0.098423,0
7.225,1.5059,0.005,0.038696,-0.094427,-2.9379e-24
7.175,1.5559,0.005,0.051478,-0.089999,-1.8173e-23
7.125,1.606,0.005,0.064566,-0.085224,-1.6811e-23
7.075,1.656,0.005,0.077869,-0.080189,-2.7064e-23
7.025,1.706,0.005,0.091299,-0.074973,-2.7194e-23
6.975,1.7561,0.005,0.10477,-0.069641,3.0126e-38
6.925,1.8061,0.005,0.11819,-0.064243,3.1355e-23
6.875,1.8562,0.005,0.13144,-0.058824,1.5562e-23
6.825,1.9062,0.005,0.14442,-0.053426,8.0257e-37
6.775,1.9563,0.005,0.15703,-0.048096,-8.0248e-24
6.725,2.0063,0.005,0.1692,-0.042883,7.9746e-24
6.675,2.0563,0.005,0.18091,-0.037842,2.8839e-23
6.625,2.1064,0.005,0.19216,-0.033021,9.0556e-24
6.575,2.1564,0.005,0.20296,-0.028462,5.2867e-24
6.525,2.2065,0.005,0.21332,-0.024188,2.5033e-23
6.475,2.2565,0.005,0.22312,-0.020209,7.3093e-24
6.425,2.3066,0.005,0.23224,-0.016536,5.7777e-24
6.375,2.3566,0.005,0.24062,-0.013199,2.8044e-24
6.325,2.4066,0.005,0.24836,-0.010241,-8.6398e-24
6.275,2.4567,0.005,0.25569,-0.0076958,2.6273e-24
6.225,2.5067,0.005,0.26285,-0.0055763,0
6.175,2.5568,0.005,0.27006,-0.0038764,2.9131e-24
6.125,2.6068,0.005,0.2775,-0.0025775,-2.2634e-24
6.075,2.6569,0.005,0.2853,-0.0016406,-4.0718e-24
6.025,2.7069,0.005,0.29353,-0.0010182,-1.7805e-24
5.975,2.7569,0.005,0.3022,-0.00065084,-2.3824e-24
5.925,2.807,0.005,0.31123,-0.00050185,1.1377e-24
5.875,2.86,0.005,0.32104,-0.00044538,1.8239e-24
5.825,2.916,0.005,0.33096,-0.00067069,-2.3004e-24
5.775,2.972,0.005,0.33221,-0.00019369,-3.7634e-24
8.775,0.024,0.005,0.087419,-0.025012,-4.3952e-23
8.725,0.072,0.005,0.063942,-0.035433,-2.8264e-36
8.675,0.12,0.005,0.042036,-0.052572,0
8.625,0.168,0.005,0.021973,-0.065669,6.6309e-24
8.575,0.216,0.005,0.0040352,-0.075907,-1.0645e-23
8.525,0.264,0.005,-0.011489,-0.083898,-1.057e-23
8.475,0.312,0.005,-0.024545,-0.090171,0
8.425,0.36,0.005,-0.03531,-0.09511,4.118e-24
8.375,0.408,0.005,-0.04401,-0.099011,-1.0204e-23
8.325,0.456,0.005,-0.050892,-0.10211,-9.6165e-24
8.275,0.50502,0.005,-0.056129,-0.10472,-3.3651e-24
8.225,0.55506,0.005,-0.059893,-0.10694,7.6167e-24
8.175,0.60511,0.005,-0.062414,-0.10873,0
8.125,0.65515,0.005,-0.063837,-0.11017,6.2409e-37
8.075,0.70519,0.005,-0.064277,-0.11135,1.6092e-32
8.025,0.75523,0.005,-0.063822,-0.11232,-2.6472e-23
7.975,0.80528,0.005,-0.062536,-0.11311,9.906e-24
7.925,0.85532,0.005,-0.060462,-0.11376,3.5193e-24
7.875,0.90536,0.005,-0.057625,-0.11428,0
7.825,0.9554,0.005,-0.054031,-0.11466,1.1954e-23
7.775,1.0054,0.005,-0.049673,-0.11489,-5.9888e-24
7.725,1.0555,0.005,-0.04453,-0.11492,-1.9605e-23
7.675,1.1055,0.005,-0.038574,-0.11472,3.5663e-23
7.625,1.1556,0.005,-0.03178,-0.11422,1.6637e-23
7.575,1.2056,0.005,-0.024129,-0.11336,-4.0507e-23
7.525,1.2557,0.005,-0.015619,-0.11208,1.9952e-23
7.475,1.3057,0.005,-0.0062679,-0.11034,4.3507e-37
7.425,1.3557,0.005,0.0038774,-0.1081,-2.1868e-23
7.375,1.4058,0.005,0.01476,-0.10534,-2.8179e-39
7.325,1.4558,0.005,0.026299,-0.10205,-1.6698e-24
7.275,1.5059,0.005,0.038396,-0.09826,-1.9584e-23
7.225,1.5559,0.005,0.050944,-0.094008,-2.0408e-36
7.175,1.606,0.005,0.063838,-0.089367,-9.7391e-24
7.125,1.656,0.005,0.076977,-0.084414,-2.7284e-23
7.075,1.706,0.005,0.090266,-0.079227,-8.3522e-24
7.025,1.7561,0.005,0.10361,-0.073875,6.9487e-24
6.975,1.8061,0.005,0.11691,-0.06842,-1.2502e-23
6.925,1.8562,0.005,0.13007,-0.062915,-2.6863e-23
6.875,1.9062,0.005,0.14298,-0.05741,-4.1538e-37
6.825,1.9563,0.005,0.15556,-0.051958,1.7426e-23
6.775,2.0063,0.005,0.16774,-0.046615,7.9285e-24
6.725,2.0563,0.005,0.17949,-0.041432,1.5227e-23
6.675,2.1064,0.005,0.19082,-0.036461,1.43e-23
6.625,2.1564,0.005,0.20174,-0.031739,-2.8893e-37
6.575,2.2065,0.005,0.2122,-0.027289,3.598e-24
6.525,2.2565,0.005,0.22211,-0.023121,4.2062e-24
6.475,2.3066,0.005,0.23135,-0.01925,6.8338e-24
6.425,2.3566,0.005,0.23987,-0.01571,3.8464e-25
6.375,2.4066,0.005,0.2478,-0.012544,-4.1165e-24
6.325,2.4567,0.005,0.25534,-0.0097857,-1.2158e-38
6.275,2.5067,0.005,0.2627,-0.0074488,3.1863e-24
6.225,2.5568,0.005,0.2701,-0.0055282,-6.3248e-25
6.175,2.6068,0.005,0.2777,-0.0040044,2.8486e-24
6.125,2.6569,0.005,0.28562,-0.0028464,3.9062e-24
6.075,2.7069,0.005,0.29393,-0.0020113,-4.9345e-24
6.025,2.7569,0.005,0.30263,-0.0014416,1.3702e-24
5.975,2.807,0.005,0.31165,-0.001098,9.6474e-25
5.925,2.86,0.005,0.32139,-0.00088229,-9.8387e-38
5.875,2.916,0.005,0.33106,-0.00091501,2.4511e-24
5.825,2.972,0.005,0.33182,-0.00028529,0
8.825,0.024,0.005,0.11401,-0.026727,-5.4634e-23
8.775,0.072,0.005,0.088736,-0.038884,-2.5432e-23
8.725,0.12,0.005,0.063317,-0.057882,1.6573e-25
8.675,0.168,0.005,0.040421,-0.071759,1.0671e-23
8.625,0.216,0.005,0.020069,-0.08232,-1.9476e-37
8.575,0.264,0.005,0.0024755,-0.090301,-1.0906e-23
8.525,0.312,0.005,-0.012329,-0.096438,0
8.475,0.36,0.005,-0.024545,-0.10117,-2.4784e-24
8.425,0.408,0.005,-0.034455,-0.10483,1.4546e-23
8.375,0.456,0.005,-0.042352,-0.10767,-3.0592e-23
8.325,0.50502,0.005,-0.048458,-0.11003,-4.2106e-25
8.275,0.55506,0.005,-0.052971,-0.112,2.7632e-24
8.225,0.60511,0.005,-0.056132,-0.11353,7.4033e-24
8.175,0.65515,0.005,-0.058108,-0.11472,-8.657e-24
8.125,0.70519,0.005,-0.059031,-0.11565,8.2008e-24
8.075,0.75523,0.005,-0.059003,-0.11638,6.9736e-37
8.025,0.80528,0.005,-0.0581,-0.11694,-5.3269e-24
7.975,0.85532,0.005,-0.056376,-0.11737,2.9848e-24
7.925,0.90536,0.005,-0.053866,-0.11769,0
7.875,0.9554,0.005,-0.050587,-0.11788,0
7.825,1.0054,0.005,-0.04654,-0.11795,0
7.775,1.0555,0.005,-0.041713,-0.11787,-1.3273e-23
7.725,1.1055,0.005,-0.036088,-0.11758,-4.3842e-24
7.675,1.1556,0.005,-0.029639,-0.11704,-1.1308e-23
7.625,1.2056,0.005,-0.022351,-0.11618,-7.8268e-32
7.575,1.2557,0.005,-0.014215,-0.11495,1.9139e-23
7.525,1.3057,0.005,-0.0052434,-0.11329,-6.5639e-24
7.475,1.3557,0.005,0.0045251,-0.11117,2.2009e-23
7.425,1.4058,0.005,0.015044,-0.10856,4.2256e-23
7.375,1.4558,0.005,0.026244,-0.10545,3.2353e-24
7.325,1.5059,0.005,0.038036,-0.10184,-2.7759e-24
7.275,1.5559,0.005,0.05032,-0.097764,-3.8252e-24
7.225,1.606,0.005,0.062988,-0.093269,-1.7298e-23
7.175,1.656,0.005,0.075938,-0.08842,-2.1774e-23
7.125,1.706,0.005,0.089065,-0.083292,-6.2703e-24
7.075,1.7561,0.005,0.10227,-0.077954,2.053e-23
7.025,1.8061,0.005,0.11546,-0.072472,3.327e-23
6.975,1.8562,0.005,0.12852,-0.066909,7.6166e-24
6.925,1.9062,0.005,0.14136,-0.061321,1.098e-23
6.875,1.9563,0.005,0.15391,-0.055768,-7.9004e-24
6.825,2.0063,0.005,0.1661,-0.050308,1.5744e-23
6.775,2.0563,0.005,0.17791,-0.044997,1.5932e-23
6.725,2.1064,0.005,0.18932,-0.039883,-1.5052e-23
6.675,2.1564,0.005,0.20033,-0.035004,-1.3655e-23
6.625,2.2065,0.005,0.21089,-0.030381,-2.4765e-23
6.575,2.2565,0.005,0.2209,-0.026028,-1.8937e-23
6.525,2.3066,0.005,0.23025,-0.021962,-1.7388e-24
6.475,2.3566,0.005,0.23893,-0.018222,-1.8244e-24
6.425,2.4066,0.005,0.24705,-0.014853,-1.7414e-31
6.375,2.4567,0.005,0.25479,-0.011885,1.9461e-24
6.325,2.5067,0.005,0.26235,-0.0093345,4.9943e-24
6.275,2.5568,0.005,0.26994,-0.0071965,1.0225e-24
6.225,2.6068,0.005,0.2777,-0.0054535,-6.4238e-25
6.175,2.6569,0.005,0.28574,-0.0040749,-3.3877e-24
6.125,2.7069,0.005,0.29414,-0.003022,-2.916e-26
6.075,2.7569,0.005,0.30288,-0.0022465,4.9085e-24
6.025,2.807,0.005,0.31189,-0.0017035,-1.2992e-24
5.975,2.86,0.005,0.32157,-0.0013159,1.8079e-24
5.925,2.916,0.005,0.331,-0.0011243,5.8703e-25
5.875,2.972,0.005,0.33128,-0.00038077,0
8.875,0.024,0.005,0.15282,-0.027228,1.7464e-23
8.825,0.072,0.005,0.11564,-0.043432,4.919e-23
8.775,0.12,0.005,0.086752,-0.063931,3.232e-23
8.725,0.168,0.005,0.060335,-0.078692,2.2575e-23
8.675,0.216,0.005,0.037126,-0.08958,9.9571e-24
8.625,0.264,0.005,0.01717,-0.097536,4.7468e-24
8.575,0.312,0.005,0.00040833,-0.10344,-9.4429e-24
8.525,0.36,0.005,-0.013406,-0.10786,4.1078e-25
8.475,0.408,0.005,-0.024631,-0.11119,-1.121e-23
8.425,0.456,0.005,-0.033615,-0.11371,-6.8729e-24
8.375,0.50502,0.005,-0.040643,-0.11576,-1.124e-23
8.325,0.55506,0.005,-0.045947,-0.11743,9.8897e-24
8.275,0.60511,0.005,-0.049781,-0.11867,-2.0859e-38
8.225,0.65515,0.005,-0.052336,-0.11958,7.2287e-24
8.175,0.70519,0.005,-0.053762,-0.12023,-8.3338e-24
8.125,0.75523,0.005,-0.054178,-0.12069,4.479e-25
8.075,0.80528,0.005,-0.053672,-0.121,7.3939e-24
8.025,0.85532,0.005,-0.05231,-0.12119,-2.1235e-23
7.975,0.90536,0.005,-0.050136,-0.12127,-1.0031e-23
7.925,0.9554,0.005,-0.047176,-0.12126,1.0753e-23
7.875,1.0054,0.005,-0.043442,-0.12114,1.1489e-23
7.825,1.0555,0.005,-0.038931,-0.1209,-2.5129e-23
7.775,1.1055,0.005,-0.033629,-0.12049,-1.37e-23
7.725,1.1556,0.005,-0.027519,-0.11987,-5.1593e-37
7.675,1.2056,0.005,-0.020584,-0.11899,3.3038e-23
7.625,1.2557,0.005,-0.012816,-0.11777,2.6479e-38
7.575,1.3057,0.005,-0.0042218,-0.11616,-3.8254e-23
7.525,1.3557,0.005,0.0051698,-0.11412,8.9401e-25
7.475,1.4058,0.005,0.015319,-0.11163,3.6332e-25
7.425,1.4558,0.005,0.026167,-0.10866,1.5693e-24
7.375,1.5059,0.005,0.037632,-0.10521,3.8333e-23
7.325,1.5559,0.005,0.049624,-0.10129,-1.2499e-36
7.275,1.606,0.005,0.062039,-0.096939,-1.7346e-23
7.225,1.656,0.005,0.074773,-0.092208,2.7288e-23
7.175,1.706,0.005,0.087718,-0.087161,2.7664e-23
7.125,1.7561,0.005,0.10077,-0.081864,6.7207e-24
7.075,1.8061,0.005,0.11383,-0.076385,-1.3394e-23
7.025,1.8562,0.005,0.1268,-0.070792,0
6.975,1.9062,0.005,0.13958,-0.065146,1.1465e-23
6.925,1.9563,0.005,0.1521,-0.059513,-1.0529e-23
6.875,2.0063,0.005,0.1643,-0.053954,-1.742e-23
6.825,2.0563,0.005,0.17616,-0.048527,-1.0314e-24
6.775,2.1064,0.005,0.18764,-0.043279,3.6176e-25
6.725,2.1564,0.005,0.19874,-0.03825,1.4346e-23
6.675,2.2065,0.005,0.20939,-0.03346,1.1532e-23
6.625,2.2565,0.005,0.21949,-0.028925,-2.1962e-23
6.575,2.3066,0.005,0.22896,-0.02467,-1.3235e-23
6.525,2.3566,0.005,0.23779,-0.020735,-1.1359e-23
6.475,2.4066,0.005,0.24609,-0.017165,-4.3715e-24
6.425,2.4567,0.005,0.25403,-0.013992,2.375e-24
6.375,2.5067,0.005,0.2618,-0.011231,-6.9771e-24
6.325,2.5568,0.005,0.26957,-0.0088784,-2.9237e-26
6.275,2.6068,0.005,0.27749,-0.0069191,1.0146e-24
6.225,2.6569,0.005,0.28567,-0.0053242,-3.3408e-24
6.175,2.7069,0.005,0.29416,-0.004057,-3.7415e-24
6.125,2.7569,0.005,0.30295,-0.0030723,-1.4308e-24
6.075,2.807,0.005,0.31197,-0.0023254,1.9912e-24
6.025,2.86,0.005,0.32159,-0.0017577,8.1107e-25
5.975,2.916,0.005,0.33079,-0.0013377,-2.1438e-24
5.925,2.972,0.005,0.3306,-0.00048374,2.5692e-24
8.925,0.024,0.005,0.17733,-0.030246,9.7724e-23
8.875,0.072,0.005,0.14853,-0.04894,6.752e-23
8.825,0.12,0.005,0.11213,-0.071271,3.6953e-23
8.775,0.168,0.005,0.082008,-0.086652,9.6201e-24
8.725,0.216,0.005,0.055348,-0.09786,-1.2068e-23
8.675,0.264,0.005,0.032641,-0.10571,-2.1524e-38
8.625,0.312,0.005,0.013667,-0.11128,4.9831e-24
8.575,0.36,0.005,-0.0019237,-0.11527,1.5596e-37
8.525,0.408,0.005,-0.014568,-0.11815,0
8.475,0.456,0.005,-0.02471,-0.12026,-2.2109e-23
8.425,0.50502,0.005,-0.03271,-0.12193,-1.1135e-23
8.375,0.55506,0.005,-0.038842,-0.12326,2.5111e-23
8.325,0.60511,0.005,-0.043376,-0.12417,3.8507e-24
8.275,0.65515,0.005,-0.046532,-0.12476,-1.2922e-23
8.225,0.70519,0.005,-0.04848,-0.12511,-1.6874e-32
8.175,0.75523,0.005,-0.049355,-0.12528,1.5602e-23
8.125,0.80528,0.005,-0.049259,-0.12531,-1.567e-23
8.075,0.85532,0.005,-0.048269,-0.12522,-8.8294e-24
8.025,0.90536,0.005,-0.046439,-0.12505,6.4988e-24
7.975,0.9554,0.005,-0.043805,-0.1248,1.2113e-32
7.925,1.0054,0.005,-0.040386,-0.12447,-5.6267e-24
7.875,1.0555,0.005,-0.036188,-0.12404,2.2222e-23
7.825,1.1055,0.005,-0.031206,-0.12348,-3.0564e-23
7.775,1.1556,0.005,-0.025428,-0.12275,2.834e-23
7.725,1.2056,0.005,-0.01884,-0.1218,1.4256e-31
7.675,1.2557,0.005,-0.011432,-0.12055,-2.0086e-23
7.625,1.3057,0.005,-0.0032082,-0.11896,1.9139e-23
7.575,1.3557,0.005,0.0058088,-0.11698,-3.9812e-23
7.525,1.4058,0.005,0.015587,-0.11457,-1.1149e-24
7.475,1.4558,0.005,0.026073,-0.11171,-1.9326e-23
7.425,1.5059,0.005,0.037198,-0.10839,5.2246e-24
7.375,1.5559,0.005,0.048878,-0.10461,5.4168e-23
7.325,1.606,0.005,0.061015,-0.1004,1.7269e-23
7.275,1.656,0.005,0.073508,-0.09579,5.3164e-24
7.225,1.706,0.005,0.086249,-0.090837,2.1544e-23
7.175,1.7561,0.005,0.099133,-0.085602,2.1215e-23
7.125,1.8061,0.005,0.11206,-0.080152,-2.038e-23
7.075,1.8562,0.005,0.12492,-0.074554,-1.478e-23
7.025,1.9062,0.005,0.13764,-0.068875,-1.9499e-23
6.975,1.9563,0.005,0.15013,-0.063183,-1.8706e-23
6.925,2.0063,0.005,0.16235,-0.057542,1.7814e-23
6.875,2.0563,0.005,0.17424,-0.052012,-9.2073e-24
6.825,2.1064,0.005,0.1858,-0.046642,-2.3176e-23
6.775,2.1564,0.005,0.19697,-0.041469,7.4581e-24
6.725,2.2065,0.005,0.2077,-0.036517,2.0018e-23
6.675,2.2565,0.005,0.21789,-0.031807,2.3353e-23
6.625,2.3066,0.005,0.22747,-0.027368,7.4459e-25
6.575,2.3566,0.005,0.23645,-0.023243,-1.82e-23
6.525,2.4066,0.005,0.24493,-0.019477,-8.7658e-24
6.475,2.4567,0.005,0.25307,-0.016103,-2.7971e-24
6.425,2.5067,0.005,0.26104,-0.013135,3.2899e-24
6.375,2.5568,0.005,0.269,-0.010571,-2.8294e-24
6.325,2.6068,0.005,0.27709,-0.0083987,-2.7739e-24
6.275,2.6569,0.005,0.2854,-0.0065899,1.0172e-24
6.225,2.7069,0.005,0.29398,-0.0051102,6.7563e-25
6.175,2.7569,0.005,0.30283,-0.0039174,3.5819e-24
6.125,2.807,0.005,0.31186,-0.002967,3.2369e-24
6.075,2.86,0.005,0.32143,-0.0022097,-1.341e-24
6.025,2.916,0.005,0.33044,-0.001574,1.0586e-24
5.975,2.972,0.005,0.32978,-0.00059938,1.6545e-24
8.975,0.024,0.005,0.25485,-0.043093,1.4373e-22
8.925,0.072,0.005,0.17681,-0.057044,1.9164e-36
8.875,0.12,0.005,0.14172,-0.079918,-6.8346e-23
8.825,0.168,0.005,0.10526,-0.096017,-3.1238e-23
8.775,0.216,0.005,0.0749,-0.10735,-3.421e-23
8.725,0.264,0.005,0.048952,-0.115,-3.3848e-23
8.675,0.312,0.005,0.02744,-0.1201,-8.368e-24
8.625,0.36,0.005,0.0098658,-0.12349,-1.2742e-24
8.575,0.408,0.005,-0.0043237,-0.12578,3.581e-23
8.525,0.456,0.005,-0.015685,-0.12735,-3.7545e-25
8.475,0.50502,0.005,-0.0247,-0.12857,-2.5307e-24
8.425,0.55506,0.005,-0.031687,-0.12949,0
8.375,0.60511,0.005,-0.036943,-0.13003,4.6873e-24
8.325,0.65515,0.005,-0.040716,-0.13028,-1.9832e-37
8.275,0.70519,0.005,-0.0432,-0.1303,-5.0851e-37
8.225,0.75523,0.005,-0.044546,-0.13015,-7.9618e-24
8.175,0.80528,0.005,-0.044871,-0.12987,1.486e-23
8.125,0.85532,0.005,-0.044261,-0.1295,6.925e-24
8.075,0.90536,0.005,-0.042782,-0.12905,-6.4416e-24
8.025,0.9554,0.005,-0.040479,-0.12854,-2.5065e-23
7.975,1.0054,0.005,-0.037378,-0.12797,5.509e-24
7.925,1.0555,0.005,-0.033493,-0.12733,1.7301e-23
7.875,1.1055,0.005,-0.028828,-0.12658,7.6267e-24
7.825,1.1556,0.005,-0.023374,-0.1257,-1.3332e-23
7.775,1.2056,0.005,-0.017124,-0.12464,-1.4682e-23
7.725,1.2557,0.005,-0.010069,-0.12334,-2.6705e-24
7.675,1.3057,0.005,-0.0022091,-0.12173,5.2338e-23
7.625,1.3557,0.005,0.0064381,-0.11977,3.7486e-23
7.575,1.4058,0.005,0.015845,-0.11742,-1.8391e-23
7.525,1.4558,0.005,0.025968,-0.11465,1.4886e-24
7.475,1.5059,0.005,0.036744,-0.11143,-2.5356e-24
7.425,1.5559,0.005,0.048097,-0.10777,-1.7703e-23
7.375,1.606,0.005,0.059938,-0.10368,2.9752e-23
7.325,1.656,0.005,0.072169,-0.099186,-1.118e-23
7.275,1.706,0.005,0.084685,-0.094333,9.7245e-24
7.225,1.7561,0.005,0.097383,-0.089174,-8.3371e-24
7.175,1.8061,0.005,0.11016,-0.083771,1.3943e-23
7.125,1.8562,0.005,0.12291,-0.07819,7.2594e-24
7.075,1.9062,0.005,0.13556,-0.072499,0
7.025,1.9563,0.005,0.14802,-0.066769,-7.6198e-24
6.975,2.0063,0.005,0.16024,-0.061063,8.814e-37
6.925,2.0563,0.005,0.17217,-0.055444,7.5447e-24
6.875,2.1064,0.005,0.18378,-0.049961,-8.7777e-24
6.825,2.1564,0.005,0.19501,-0.044653,-2.5108e-37
6.775,2.2065,0.005,0.20581,-0.039546,-3.6644e-25
6.725,2.2565,0.005,0.21609,-0.034667,-1.4603e-26
6.675,2.3066,0.005,0.22578,-0.030051,1.064e-23
6.625,2.3566,0.005,0.23491,-0.025743,-3.6351e-24
6.575,2.4066,0.005,0.24357,-0.021787,-5.5098e-24
6.525,2.4567,0.005,0.25191,-0.018215,6.2125e-25
6.475,2.5067,0.005,0.26008,-0.015044,2.6626e-24
6.425,2.5568,0.005,0.26823,-0.012273,7.2281e-24
6.375,2.6068,0.005,0.27649,-0.0098897,-3.5172e-24
6.325,2.6569,0.005,0.28493,-0.0078696,-6.9545e-24
6.275,2.7069,0.005,0.29361,-0.0061796,6.8118e-38
6.225,2.7569,0.005,0.30252,-0.0047795,-2.9413e-32
6.175,2.807,0.005,0.31157,-0.0036246,1.2879e-25
6.125,2.86,0.005,0.3211,-0.0026674,1.748e-24
6.075,2.916,0.005,0.32994,-0.0018106,5.6537e-25
6.025,2.972,0.005,0.32881,-0.0007245,-1.4739e-24
8.975,0.072,0.005,0.23508,-0.075069,0
8.925,0.12,0.005,0.16792,-0.090952,7.7017e-24
8.875,0.168,0.005,0.13179,-0.10683,3.8343e-23
8.825,0.216,0.005,0.095673,-0.11834,2.2091e-23
8.775,0.264,0.005,0.066152,-0.12558,-1.2304e-36
8.725,0.312,0.005,0.041725,-0.13004,-2.3042e-24
8.675,0.36,0.005,0.021906,-0.13265,8.4862e-24
8.625,0.408,0.005,0.0060234,-0.13415,5.1505e-24
8.575,0.456,0.005,-0.0066201,-0.13504,-1.0251e-23
8.525,0.50502,0.005,-0.016671,-0.13568,-1.8127e-25
8.475,0.55506,0.005,-0.024528,-0.13612,8.3732e-24
8.425,0.60511,0.005,-0.030515,-0.13625,1.3313e-23
8.375,0.65515,0.005,-0.034914,-0.13612,4.6291e-24
8.325,0.70519,0.005,-0.037941,-0.13579,-1.4093e-23
8.275,0.75523,0.005,-0.039766,-0.13531,-6.302e-24
8.225,0.80528,0.005,-0.040518,-0.13471,6.9851e-24
8.175,0.85532,0.005,-0.040295,-0.13403,-6.664e-37
8.125,0.90536,0.005,-0.039173,-0.13328,-8.2711e-24
8.075,0.9554,0.005,-0.037204,-0.13249,-1.1745e-32
8.025,1.0054,0.005,-0.034423,-0.13166,5.3892e-24
7.975,1.0555,0.005,-0.030852,-0.13077,-2.0988e-23
7.925,1.1055,0.005,-0.0265,-0.12981,3.1626e-23
7.875,1.1556,0.005,-0.021366,-0.12875,-2.5026e-23
7.825,1.2056,0.005,-0.015447,-0.12755,-2.1105e-23
7.775,1.2557,0.005,-0.0087352,-0.12615,-5.5392e-37
7.725,1.3057,0.005,-0.0012316,-0.12449,-1.8625e-23
7.675,1.3557,0.005,0.0070521,-0.12252,6.5704e-25
7.625,1.4058,0.005,0.016093,-0.1202,-1.2696e-36
7.575,1.4558,0.005,0.025852,-0.11748,1.9221e-23
7.525,1.5059,0.005,0.036275,-0.11435,2.0044e-23
7.475,1.5559,0.005,0.047292,-0.11079,-3.4472e-23
7.425,1.606,0.005,0.058824,-0.1068,-1.2804e-23
7.375,1.656,0.005,0.070776,-0.10242,-5.0417e-24
7.325,1.706,0.005,0.083051,-0.097666,-9.8177e-24
7.275,1.7561,0.005,0.095545,-0.092589,6.2935e-24
7.225,1.8061,0.005,0.10816,-0.087246,1.408e-23
7.175,1.8562,0.005,0.12079,-0.081699,7.1203e-24
7.125,1.9062,0.005,0.13335,-0.076015,5.1327e-24
7.075,1.9563,0.005,0.14577,-0.070263,-7.504e-24
7.025,2.0063,0.005,0.15798,-0.064509,-3.3249e-24
6.975,2.0563,0.005,0.16993,-0.058814,-1.7476e-23
6.925,2.1064,0.005,0.18158,-0.053229,-7.2743e-24
6.875,2.1564,0.005,0.19287,-0.047794,1.6993e-37
6.825,2.2065,0.005,0.20373,-0.042541,5.7629e-24
6.775,2.2565,0.005,0.21409,-0.037502,6.5741e-24
6.725,2.3066,0.005,0.22389,-0.032715,-1.98e-37
6.675,2.3566,0.005,0.23317,-0.02823,4.9298e-24
6.625,2.4066,0.005,0.24201,-0.02409,8.7858e-32
6.575,2.4567,0.005,0.25055,-0.020326,0
6.525,2.5067,0.005,0.25892,-0.016956,6.6959e-24
6.475,2.5568,0.005,0.26726,-0.013981,2.8964e-24
6.425,2.6068,0.005,0.27568,-0.01139,1.767e-24
6.375,2.6569,0.005,0.28427,-0.0091608,3.8834e-25
6.325,2.7069,0.005,0.29305,-0.0072629,-1.3895e-24
6.275,2.7569,0.005,0.30202,-0.0056577,1.0622e-24
6.225,2.807,0.005,0.3111,-0.0043009,-8.7976e-25
6.175,2.86,0.005,0.32059,-0.0031323,-5.7073e-25
6.125,2.916,0.005,0.3293,-0.0020624,-2.0448e-26
6.075,2.972,0.005,0.32768,-0.00085445,-5.2722e-25
8.975,0.12,0.005,0.21711,-0.11022,7.0473e-23
8.925,0.168,0.005,0.15503,-0.11977,3.231e-23
8.875,0.216,0.005,0.11884,-0.13074,-3.009e-23
8.825,0.264,0.005,0.084227,-0.1377,2.2217e-23
8.775,0.312,0.005,0.056464,-0.14128,9.063e-24
8.725,0.36,0.005,0.034127,-0.14289,-2.3193e-24
8.675,0.408,0.005,0.016367,-0.14336,8.3304e-24
8.625,0.456,0.005,0.0023726,-0.14335,-4.8647e-24
8.575,0.50502,0.005,-0.0087144,-0.14328,-3.4378e-23
8.525,0.55506,0.005,-0.017431,-0.14316,-3.2566e-42
8.475,0.60511,0.005,-0.02414,-0.14283,-2.1683e-24
8.425,0.65515,0.005,-0.029159,-0.14229,7.1077e-37
8.375,0.70519,0.005,-0.032729,-0.14159,4.634e-24
8.325,0.75523,0.005,-0.035033,-0.14075,3.9278e-37
8.275,0.80528,0.005,-0.036214,-0.13982,-6.2965e-24
8.225,0.85532,0.005,-0.036382,-0.13881,2.0807e-23
8.175,0.90536,0.005,-0.035619,-0.13776,-6.2886e-24
8.125,0.9554,0.005,-0.033987,-0.13667,-5.7733e-24
8.075,1.0054,0.005,-0.031528,-0.13555,-5.2646e-24
8.025,1.0555,0.005,-0.02827,-0.1344,4.7527e-24
7.975,1.1055,0.005,-0.024228,-0.1332,-1.7208e-23
7.925,1.1556,0.005,-0.01941,-0.13193,8.3133e-37
7.875,1.2056,0.005,-0.013814,-0.13055,1.2891e-23
7.825,1.2557,0.005,-0.007438,-0.12901,-1.4248e-23
7.775,1.3057,0.005,-0.00028195,-0.12727,-3.3189e-23
7.725,1.3557,0.005,0.007645,-0.12526,1.7184e-24
7.675,1.4058,0.005,0.016324,-0.12293,-4.3166e-25
7.625,1.4558,0.005,0.025723,-0.12025,-2.8563e-32
7.575,1.5059,0.005,0.035792,-0.11718,-3.3699e-23
7.525,1.5559,0.005,0.046471,-0.11369,1.6668e-23
7.475,1.606,0.005,0.057684,-0.1098,8.2847e-32
7.425,1.656,0.005,0.069346,-0.10551,-9.8081e-24
7.375,1.706,0.005,0.081363,-0.10085,-1.5381e-23
7.325,1.7561,0.005,0.093638,-0.095861,-4.9654e-37
7.275,1.8061,0.005,0.10607,-0.090585,6.6113e-24
7.225,1.8562,0.005,0.11857,-0.085083,0
7.175,1.9062,0.005,0.13103,-0.079419,-7.2309e-24
7.125,1.9563,0.005,0.1434,-0.07366,-1.9306e-23
7.075,2.0063,0.005,0.15559,-0.06787,1.4839e-23
7.025,2.0563,0.005,0.16754,-0.062111,2.803e-23
6.975,2.1064,0.005,0.17922,-0.056435,-7.1836e-24
6.925,2.1564,0.005,0.19055,-0.050884,-8.6691e-24
6.875,2.2065,0.005,0.20147,-0.045494,-1.4343e-23
6.825,2.2565,0.005,0.2119,-0.040304,-1.391e-23
6.775,2.3066,0.005,0.22182,-0.035357,5.9893e-25
6.725,2.3566,0.005,0.23124,-0.030702,3.8675e-25
6.675,2.4066,0.005,0.24026,-0.026384,-4.6373e-24
6.625,2.4567,0.005,0.24899,-0.022434,1.4459e-37
6.575,2.5067,0.005,0.25756,-0.018869,1.0186e-23
6.525,2.5568,0.005,0.26609,-0.015694,8.7963e-24
6.475,2.6068,0.005,0.27468,-0.012898,7.5257e-24
6.425,2.6569,0.005,0.2834,-0.010462,6.3162e-24
6.375,2.7069,0.005,0.29229,-0.0083575,-1.8905e-37
6.325,2.7569,0.005,0.30134,-0.0065492,-1.324e-24
6.275,2.807,0.005,0.31045,-0.0049949,1.1203e-24
6.225,2.86,0.005,0.3199,-0.0036175,9.1291e-25
6.175,2.916,0.005,0.3285,-0.0023248,-6.0075e-26
6.125,2.972,0.005,0.32638,-0.00098829,0
8.975,0.168,0.005,0.19867,-0.14034,-4.879e-36
8.925,0.216,0.005,0.13917,-0.14539,-3.9815e-23
8.875,0.264,0.005,0.10369,-0.15118,-3.6461e-23
8.825,0.312,0.005,0.071737,-0.15406,-7.7373e-24
8.775,0.36,0.005,0.046387,-0.15439,-3.3983e-23
8.725,0.408,0.005,0.026563,-0.15352,-2.1683e-23
8.675,0.456,0.005,0.011143,-0.15233,-9.9513e-24
8.625,0.50502,0.005,-0.00096285,-0.15136,4.6477e-24
8.575,0.55506,0.005,-0.010491,-0.15057,1.1363e-37
8.525,0.60511,0.005,-0.017883,-0.14972,-9.6236e-24
8.475,0.65515,0.005,-0.023498,-0.14876,2.3426e-24
8.425,0.70519,0.005,-0.027595,-0.14767,-4.7902e-24
8.375,0.75523,0.005,-0.030371,-0.14648,-3.1585e-24
8.325,0.80528,0.005,-0.031977,-0.14519,-4.2703e-37
8.275,0.85532,0.005,-0.032534,-0.14385,-6.3336e-24
8.225,0.90536,0.005,-0.03213,-0.14248,7.0426e-24
8.175,0.9554,0.005,-0.030835,-0.14107,-5.6551e-24
8.125,1.0054,0.005,-0.028698,-0.13966,5.1322e-24
8.075,1.0555,0.005,-0.025752,-0.13822,6.9648e-37
8.025,1.1055,0.005,-0.022019,-0.13676,-4.0681e-24
7.975,1.1556,0.005,-0.017511,-0.13525,1.097e-23
7.925,1.2056,0.005,-0.012233,-0.13367,2.1211e-23
7.875,1.2557,0.005,-0.0061843,-0.13197,1.33e-23
7.825,1.3057,0.005,0.00063293,-0.1301,-2.9345e-23
7.775,1.3557,0.005,0.008211,-0.12801,-1.5218e-23
7.725,1.4058,0.005,0.016535,-0.12565,-4.6025e-25
7.675,1.4558,0.005,0.025577,-0.12296,-1.5926e-23
7.625,1.5059,0.005,0.035295,-0.11993,-1.6049e-23
7.575,1.5559,0.005,0.045633,-0.1165,-3.2086e-24
7.525,1.606,0.005,0.056523,-0.11269,8.0437e-32
7.475,1.656,0.005,0.067886,-0.10848,1.0767e-23
7.425,1.706,0.005,0.079635,-0.10391,5.4237e-24
7.375,1.7561,0.005,0.091677,-0.099001,5.9889e-24
7.325,1.8061,0.005,0.10392,-0.093795,-1.4075e-23
7.275,1.8562,0.005,0.11626,-0.088345,-1.3649e-23
7.225,1.9062,0.005,0.12861,-0.082711,-2.559e-23
7.175,1.9563,0.005,0.1409,-0.076955,-9.641e-24
7.125,2.0063,0.005,0.15305,-0.071142,-1.1357e-23
7.075,2.0563,0.005,0.165,-0.06533,3.8921e-24
7.025,2.1064,0.005,0.17669,-0.059573,1.9594e-23
6.975,2.1564,0.005,0.18805,-0.053916,6.818e-24
6.925,2.2065,0.005,0.19901,-0.0484,1.4594e-23
6.875,2.2565,0.005,0.20952,-0.04307,-7.3019e-24
6.825,2.3066,0.005,0.21955,-0.037971,-6.4869e-24
6.775,2.3566,0.005,0.22912,-0.033155,-4.1637e-24
6.725,2.4066,0.005,0.23832,-0.028666,-9.4135e-24
6.675,2.4567,0.005,0.24724,-0.024535,4.3802e-24
6.625,2.5067,0.005,0.256,-0.020781,-6.7908e-32
6.575,2.5568,0.005,0.26472,-0.017409,-7.1017e-25
6.525,2.6068,0.005,0.27347,-0.014411,5.4239e-24
6.475,2.6569,0.005,0.28234,-0.01177,4.9395e-24
6.425,2.7069,0.005,0.29134,-0.0094618,2.1112e-24
6.375,2.7569,0.005,0.30046,-0.0074512,-3.3248e-24
6.325,2.807,0.005,0.30961,-0.0057,-3.12e-24
6.275,2.86,0.005,0.31905,-0.0041289,2.2407e-24
6.225,2.916,0.005,0.32757,-0.0026077,-1.2274e-40
6.175,2.972,0.005,0.32491,-0.0011266,-5.3102e-25
8.975,0.216,0.005,0.17741,-0.16759,5.4887e-23
8.925,0.264,0.005,0.12144,-0.16727,6.0543e-24
8.875,0.312,0.005,0.087327,-0.16824,3.6856e-23
8.825,0.36,0.005,0.058798,-0.16735,2.3084e-23
8.775,0.408,0.005,0.036384,-0.1648,-2.4419e-23
8.725,0.456,0.005,0.019478,-0.16205,-3.9614e-23
8.675,0.50502,0.005,0.006409,-0.15991,-1.7412e-23
8.625,0.55506,0.005,-0.0038401,-0.15831,3.8326e-24
8.575,0.60511,0.005,-0.011837,-0.15688,1.855e-23
8.525,0.65515,0.005,-0.017993,-0.15547,-2.0324e-24
8.475,0.70519,0.005,-0.022582,-0.154,5.6706e-24
8.425,0.75523,0.005,-0.025809,-0.15245,-3.7969e-24
8.375,0.80528,0.005,-0.027829,-0.15082,4.795e-24
8.325,0.85532,0.005,-0.028767,-0.14914,2.5151e-41
8.275,0.90536,0.005,-0.028719,-0.14744,-4.0416e-38
8.225,0.9554,0.005,-0.027758,-0.14572,7.1256e-24
8.175,1.0054,0.005,-0.02594,-0.14399,-1.2826e-23
8.125,1.0555,0.005,-0.023304,-0.14226,4.4549e-24
8.075,1.1055,0.005,-0.019877,-0.14052,7.8183e-24
8.025,1.1556,0.005,-0.015676,-0.13875,-1.0252e-23
7.975,1.2056,0.005,-0.010708,-0.13693,-2.5229e-23
7.925,1.2557,0.005,-0.0049798,-0.13503,1.2402e-23
7.875,1.3057,0.005,0.0015067,-0.133,1.3557e-23
7.825,1.3557,0.005,0.0087445,-0.1308,-2.8253e-23
7.775,1.4058,0.005,0.016721,-0.12837,1.4116e-23
7.725,1.4558,0.005,0.025411,-0.12565,2.7804e-24
7.675,1.5059,0.005,0.03478,-0.12262,3.2683e-23
7.625,1.5559,0.005,0.044777,-0.11924,1.5296e-23
7.575,1.606,0.005,0.055342,-0.11548,-3.44e-23
7.525,1.656,0.005,0.066401,-0.11135,-4.6297e-24
7.475,1.706,0.005,0.077873,-0.10685,2.0058e-23
7.425,1.7561,0.005,0.08967,-0.10202,3.1901e-23
7.375,1.8061,0.005,0.1017,-0.096882,4.0473e-23
7.325,1.8562,0.005,0.11387,-0.091487,1.3406e-23
7.275,1.9062,0.005,0.1261,-0.085889,1.0305e-36
7.225,1.9563,0.005,0.1383,-0.080145,5.0789e-24
7.175,2.0063,0.005,0.15039,-0.074317,1.4327e-23
7.125,2.0563,0.005,0.16231,-0.068462,-3.6601e-24
7.075,2.1064,0.005,0.174,-0.062635,-2.0912e-23
7.025,2.1564,0.005,0.18538,-0.056884,-6.7189e-24
6.975,2.2065,0.005,0.19638,-0.051255,-2.0566e-24
6.925,2.2565,0.005,0.20696,-0.045795,7.6132e-24
6.875,2.3066,0.005,0.2171,-0.040555,4.0655e-24
6.825,2.3566,0.005,0.22682,-0.035586,-3.7719e-24
6.775,2.4066,0.005,0.23619,-0.030933,-4.3967e-24
6.725,2.4567,0.005,0.2453,-0.026627,-2.691e-37
6.675,2.5067,0.005,0.25425,-0.022689,-4.1807e-24
6.625,2.5568,0.005,0.26315,-0.019124,-1.3328e-23
6.575,2.6068,0.005,0.27207,-0.015929,-7.1034e-24
6.525,2.6569,0.005,0.28108,-0.013086,6.1083e-25
6.475,2.7069,0.005,0.2902,-0.010574,-1.2864e-24
6.425,2.7569,0.005,0.2994,-0.0083623,2.1536e-24
6.375,2.807,0.005,0.30859,-0.0064133,1.4315e-24
6.325,2.86,0.005,0.31802,-0.0046504,2.7834e-24
6.275,2.916,0.005,0.32638,-0.002908,1.6249e-24
6.225,2.972,0.005,0.32327,-0.0012626,-1.1513e-24
8.975,0.264,0.005,0.15217,-0.19046,5.884e-23
8.925,0.312,0.005,0.10273,-0.18528,-1.4786e-35
8.875,0.36,0.005,0.070503,-0.18192,5.7147e-24
8.825,0.408,0.005,0.045807,-0.17739,2.8221e-23
8.775,0.456,0.005,0.027057,-0.17258,-6.6363e-24
8.725,0.50502,0.005,0.013157,-0.16891,-1.8658e-23
8.675,0.55506,0.005,0.0023431,-0.1663,-6.2279e-24
8.625,0.60511,0.005,-0.0061245,-0.16421,-5.7769e-24
8.575,0.65515,0.005,-0.012727,-0.16234,8.3538e-24
8.525,0.70519,0.005,-0.017747,-0.1605,6.5122e-24
8.475,0.75523,0.005,-0.021385,-0.15862,-2.842e-24
8.425,0.80528,0.005,-0.023796,-0.15667,6.94e-24
8.375,0.85532,0.005,-0.025101,-0.15466,6.4174e-24
8.325,0.90536,0.005,-0.025399,-0.15263,-1.1647e-23
8.275,0.9554,0.005,-0.024767,-0.15059,5.3613e-24
8.225,1.0054,0.005,-0.023264,-0.14855,-7.2389e-24
8.175,1.0555,0.005,-0.020934,-0.14651,1.2264e-23
8.125,1.1055,0.005,-0.017809,-0.14448,-1.2483e-23
8.075,1.1556,0.005,-0.013908,-0.14244,1.2446e-36
8.025,1.2056,0.005,-0.0092461,-0.14037,-5.1261e-32
7.975,1.2557,0.005,-0.0038303,-0.13824,-1.9037e-24
7.925,1.3057,0.005,0.0023342,-0.13602,3.7603e-23
7.875,1.3557,0.005,0.0092402,-0.13366,1.3107e-23
7.825,1.4058,0.005,0.016876,-0.13112,-2.7232e-23
7.775,1.4558,0.005,0.025221,-0.12835,-4.8033e-37
7.725,1.5059,0.005,0.034245,-0.12529,2.2173e-24
7.675,1.5559,0.005,0.043903,-0.12191,3.0262e-24
7.625,1.606,0.005,0.054141,-0.11819,1.4597e-23
7.575,1.656,0.005,0.064892,-0.11412,-5.9829e-37
7.525,1.706,0.005,0.07608,-0.10969,1.9484e-23
7.475,1.7561,0.005,0.087622,-0.10493,1.9757e-23
7.425,1.8061,0.005,0.099432,-0.099854,-6.1391e-24
7.375,1.8562,0.005,0.11142,-0.094513,-1.3271e-23
7.325,1.9062,0.005,0.1235,-0.088953,1.2762e-23
7.275,1.9563,0.005,0.13559,-0.083227,-1.3894e-31
7.225,2.0063,0.005,0.14761,-0.077392,1.1572e-23
7.175,2.0563,0.005,0.15949,-0.071504,2.488e-23
7.125,2.1064,0.005,0.17115,-0.065618,3.5121e-24
7.075,2.1564,0.005,0.18254,-0.059785,9.4425e-24
7.025,2.2065,0.005,0.19358,-0.054054,8.6692e-24
6.975,2.2565,0.005,0.20423,-0.048476,-1.3756e-23
6.925,2.3066,0.005,0.21447,-0.043105,-3.9688e-37
6.875,2.3566,0.005,0.22434,-0.037992,-6.3925e-24
6.825,2.4066,0.005,0.23388,-0.033183,-7.4649e-24
6.775,2.4567,0.005,0.24317,-0.028708,-1.1896e-24
6.725,2.5067,0.005,0.25231,-0.024591,3.4429e-24
6.675,2.5568,0.005,0.26139,-0.020839,8.0714e-24
6.625,2.6068,0.005,0.27048,-0.017448,-9.7963e-24
6.575,2.6569,0.005,0.27963,-0.014407,-1.7268e-23
6.525,2.7069,0.005,0.28886,-0.011693,-6.6526e-24
6.475,2.7569,0.005,0.29814,-0.0092809,3.1512e-32
6.425,2.807,0.005,0.30739,-0.0071351,4.3806e-24
6.375,2.86,0.005,0.31681,-0.0051757,1.9655e-24
6.325,2.916,0.005,0.32502,-0.0032113,-2.0936e-24
6.275,2.972,0.005,0.32146,-0.0013881,1.7089e-24
8.975,0.312,0.005,0.12417,-0.20751,-5.9098e-23
8.925,0.36,0.005,0.08333,-0.19937,-4.5878e-23
8.875,0.408,0.005,0.053668,-0.19175,-3.2383e-23
8.825,0.456,0.005,0.033557,-0.18402,1.7132e-23
8.775,0.50502,0.005,0.018921,-0.17829,5.4987e-24
8.725,0.55506,0.005,0.0078226,-0.17443,-6.1338e-37
8.675,0.60511,0.005,-0.00090715,-0.1716,-4.8614e-24
8.625,0.65515,0.005,-0.0078051,-0.16925,-1.9574e-24
8.575,0.70519,0.005,-0.013159,-0.16708,1.4917e-32
8.525,0.75523,0.005,-0.017148,-0.1649,-1.8349e-24
8.475,0.80528,0.005,-0.01991,-0.16267,-9.7951e-24
8.425,0.85532,0.005,-0.021558,-0.16037,9.333e-37
8.375,0.90536,0.005,-0.022186,-0.15804,5.0925e-24
8.325,0.9554,0.005,-0.021872,-0.15568,1.0345e-32
8.275,1.0054,0.005,-0.020678,-0.15333,-1.8602e-32
8.225,1.0555,0.005,-0.018648,-0.15098,-4.1226e-24
8.175,1.1055,0.005,-0.015819,-0.14865,1.1705e-23
8.125,1.1556,0.005,-0.012214,-0.14632,8.9245e-24
8.075,1.2056,0.005,-0.0078509,-0.14398,-7.2146e-24
8.025,1.2557,0.005,-0.0027405,-0.14161,1.0776e-23
7.975,1.3057,0.005,0.0031105,-0.13917,-2.3202e-23
7.925,1.3557,0.005,0.0096933,-0.13663,1.2632e-23
7.875,1.4058,0.005,0.016998,-0.13395,-1.2115e-23
7.825,1.4558,0.005,0.025005,-0.13108,2.7449e-32
7.775,1.5059,0.005,0.033688,-0.12796,-1.5668e-23
7.725,1.5559,0.005,0.04301,-0.12456,-2.7519e-23
7.675,1.606,0.005,0.05292,-0.12085,1.6785e-23
7.625,1.656,0.005,0.063359,-0.11681,-1.8304e-23
7.575,1.706,0.005,0.074257,-0.11244,-2.2761e-23
7.525,1.7561,0.005,0.085536,-0.10773,5.5175e-24
7.475,1.8061,0.005,0.097112,-0.10272,-1.3416e-23
7.425,1.8562,0.005,0.1089,-0.097428,-2.575e-23
7.375,1.9062,0.005,0.12082,-0.091907,-6.62e-24
7.325,1.9563,0.005,0.13278,-0.086202,-6.7974e-24
7.275,2.0063,0.005,0.14471,-0.080366,6.8749e-24
7.225,2.0563,0.005,0.15652,-0.074454,-2.1426e-36
7.175,2.1064,0.005,0.16816,-0.06852,-2.3755e-23
7.125,2.1564,0.005,0.17954,-0.062616,-1.0149e-36
7.075,2.2065,0.005,0.19061,-0.056795,2.7435e-23
7.025,2.2565,0.005,0.20133,-0.051111,2.2052e-23
6.975,2.3066,0.005,0.21168,-0.04562,-4.7559e-38
6.925,2.3566,0.005,0.22168,-0.040372,-6.6923e-24
6.875,2.4066,0.005,0.23138,-0.035413,-2.7427e-24
6.825,2.4567,0.005,0.24086,-0.030777,0
6.775,2.5067,0.005,0.25018,-0.026487,3.4642e-24
6.725,2.5568,0.005,0.25943,-0.022551,1.0467e-23
6.675,2.6068,0.005,0.26868,-0.018969,1.1829e-23
6.625,2.6569,0.005,0.27798,-0.015731,-8.3691e-24
6.575,2.7069,0.005,0.28732,-0.012819,-5.134e-24
6.525,2.7569,0.005,0.2967,-0.010207,7.3917e-24
6.475,2.807,0.005,0.306,-0.0078647,6.5575e-24
6.425,2.86,0.005,0.31542,-0.0057027,1.7711e-24
6.375,2.916,0.005,0.32348,-0.0035149,1.4487e-37
6.325,2.972,0.005,0.31948,-0.0015102,2.3749e-24
8.975,0.36,0.005,0.09489,-0.21836,5.922e-23
8.925,0.408,0.005,0.063087,-0.20848,-4.8226e-23
8.875,0.456,0.005,0.037781,-0.19675,9.541e-24
8.825,0.50502,0.005,0.023212,-0.18795,-1.9295e-23
8.775,0.55506,0.005,0.012274,-0.18254,4.6854e-24
8.725,0.60511,0.005,0.0036062,-0.17887,-6.1848e-24
8.675,0.65515,0.005,-0.0033654,-0.17605,-1.0309e-23
8.625,0.70519,0.005,-0.008906,-0.17359,5.7436e-24
8.575,0.75523,0.005,-0.013152,-0.17119,-6.6242e-24
8.525,0.80528,0.005,-0.016209,-0.16874,-6.3001e-24
8.475,0.85532,0.005,-0.018164,-0.16621,3.4284e-24
8.425,0.90536,0.005,-0.0191,-0.16361,4.4146e-24
8.375,0.9554,0.005,-0.01909,-0.16097,-5.2732e-24
8.325,1.0054,0.005,-0.018192,-0.15831,-1.7811e-32
8.275,1.0555,0.005,-0.016455,-0.15567,-3.936e-24
8.225,1.1055,0.005,-0.013915,-0.15303,1.0939e-23
8.175,1.1556,0.005,-0.010599,-0.15041,-8.31e-24
8.125,1.2056,0.005,-0.0065278,-0.14779,-6.894e-24
8.075,1.2557,0.005,-0.0017152,-0.14515,-8.4379e-24
8.025,1.3057,0.005,0.0038311,-0.14248,-2.1504e-23
7.975,1.3557,0.005,0.0101,-0.13973,1.4554e-25
7.925,1.4058,0.005,0.017081,-0.13688,2.3022e-23
7.875,1.4558,0.005,0.024758,-0.13387,-5.5029e-32
7.825,1.5059,0.005,0.033108,-0.13066,-2.3221e-23
7.775,1.5559,0.005,0.042096,-0.12721,-1.4726e-36
7.725,1.606,0.005,0.05168,-0.12348,-1.6779e-23
7.675,1.656,0.005,0.061805,-0.11945,-2.1782e-23
7.625,1.706,0.005,0.072407,-0.11511,-1.816e-23
7.575,1.7561,0.005,0.083414,-0.11044,-2.6479e-23
7.525,1.8061,0.005,0.094747,-0.10548,-1.1623e-23
7.475,1.8562,0.005,0.10632,-0.10024,6.1786e-24
7.425,1.9062,0.005,0.11806,-0.094755,1.243e-23
7.375,1.9563,0.005,0.12988,-0.089073,-1.2006e-23
7.325,2.0063,0.005,0.1417,-0.083242,4.7922e-24
7.275,2.0563,0.005,0.15344,-0.077313,-4.2549e-24
7.225,2.1064,0.005,0.16503,-0.071341,-6.598e-24
7.175,2.1564,0.005,0.1764,-0.065378,-1.9422e-23
7.125,2.2065,0.005,0.1875,-0.059479,-2.122e-23
7.075,2.2565,0.005,0.19828,-0.0537,-8.3313e-24
7.025,2.3066,0.005,0.20873,-0.048098,1.5275e-23
6.975,2.3566,0.005,0.21886,-0.042724,-6.9666e-24
6.925,2.4066,0.005,0.22872,-0.037624,-8.7674e-24
6.875,2.4567,0.005,0.23837,-0.032833,-3.9259e-24
6.825,2.5067,0.005,0.24787,-0.028374,1.7613e-24
6.775,2.5568,0.005,0.25729,-0.024259,3.0688e-24
6.725,2.6068,0.005,0.2667,-0.02049,4.29e-24
6.675,2.6569,0.005,0.27613,-0.017058,1.171e-23
6.625,2.7069,0.005,0.2856,-0.013949,1.2599e-37
6.575,2.7569,0.005,0.29506,-0.011139,-3.3137e-24
6.525,2.807,0.005,0.30442,-0.0086017,3.1807e-24
6.475,2.86,0.005,0.31384,-0.0062296,8.4255e-25
6.425,2.916,0.005,0.32174,-0.0038219,2.8546e-24
6.375,2.972,0.005,0.31732,-0.0016334,-3.0166e-24
8.975,0.408,0.005,0.065636,-0.22325,6.6412e-23
8.925,0.456,0.005,0.042533,-0.21019,-4.4622e-23
8.875,0.50502,0.005,0.024989,-0.19777,3.8035e-25
8.825,0.55506,0.005,0.015276,-0.19036,1.4108e-24
8.775,0.60511,0.005,0.0071498,-0.18579,4.4239e-24
8.725,0.65515,0.005,0.0004203,-0.18253,-5.0447e-24
8.675,0.70519,0.005,-0.0050987,-0.17985,-1.4215e-23
8.625,0.75523,0.005,-0.0094707,-0.17733,-7.7848e-25
8.575,0.80528,0.005,-0.012738,-0.17477,-2.3312e-32
8.525,0.85532,0.005,-0.01495,-0.17208,-5.3031e-24
8.475,0.90536,0.005,-0.016163,-0.16929,1.4194e-24
8.425,0.9554,0.005,-0.016434,-0.1664,5.9715e-26
8.375,1.0054,0.005,-0.015819,-0.16348,4.2325e-24
8.325,1.0555,0.005,-0.014363,-0.16054,-6.2315e-24
8.275,1.1055,0.005,-0.012104,-0.15762,-6.9732e-24
8.225,1.1556,0.005,-0.0090698,-0.1547,7.7246e-24
8.175,1.2056,0.005,-0.0052829,-0.1518,8.5139e-24
8.125,1.2557,0.005,-0.00075922,-0.14889,-1.8735e-23
8.075,1.3057,0.005,0.0044912,-0.14596,7.6587e-25
8.025,1.3557,0.005,0.010456,-0.14299,-1.0823e-33
7.975,1.4058,0.005,0.017124,-0.13993,3.9546e-37
7.925,1.4558,0.005,0.024479,-0.13676,2.7779e-24
7.875,1.5059,0.005,0.032502,-0.13343,9.7933e-24
7.825,1.5559,0.005,0.041162,-0.12989,1.3038e-36
7.775,1.606,0.005,0.050422,-0.12611,-9.0278e-24
7.725,1.656,0.005,0.060232,-0.12206,2.1253e-23
7.675,1.706,0.005,0.070535,-0.11772,3.4905e-23
7.625,1.7561,0.005,0.081262,-0.11309,5.2053e-24
7.575,1.8061,0.005,0.092342,-0.10816,-2.5285e-23
7.525,1.8562,0.005,0.1037,-0.10296,-2.4031e-31
7.475,1.9062,0.005,0.11524,-0.097507,1.8463e-23
7.425,1.9563,0.005,0.1269,-0.091848,5.3437e-24
7.375,2.0063,0.005,0.1386,-0.086025,1.332e-36
7.325,2.0563,0.005,0.15025,-0.080087,-4.3454e-24
7.275,2.1064,0.005,0.16178,-0.074084,3.8998e-24
7.225,2.1564,0.005,0.17313,-0.068073,1.6056e-23
7.175,2.2065,0.005,0.18424,-0.062107,1.2008e-23
7.125,2.2565,0.005,0.19508,-0.056244,-1.4158e-23
7.075,2.3066,0.005,0.20562,-0.05054,-7.8497e-24
7.025,2.3566,0.005,0.21588,-0.045049,9.6052e-24
6.975,2.4066,0.005,0.22589,-0.039814,-6.6109e-24
6.925,2.4567,0.005,0.2357,-0.034874,6.0463e-24
6.875,2.5067,0.005,0.24537,-0.030252,5.5268e-24
6.825,2.5568,0.005,0.25496,-0.025962,1.1397e-24
6.775,2.6068,0.005,0.26453,-0.022009,2.7082e-24
6.725,2.6569,0.005,0.2741,-0.018388,3.8262e-24
6.675,2.7069,0.005,0.28367,-0.015083,0
6.625,2.7569,0.005,0.29322,-0.012076,-7.2882e-24
6.575,2.807,0.005,0.30264,-0.0093446,-8.0166e-24
6.525,2.86,0.005,0.31206,-0.0067614,-9.8095e-26
6.475,2.916,0.005,0.31982,-0.0041354,3.2774e-25
6.425,2.972,0.005,0.31497,-0.0017578,3.709e-24
8.975,0.456,0.005,0.036168,-0.22427,-5.0431e-23
8.925,0.50502,0.005,0.024238,-0.20616,4.3806e-23
8.875,0.55506,0.005,0.016172,-0.19736,-7.1638e-24
8.825,0.60511,0.005,0.0094007,-0.192,2.654e-24
8.775,0.65515,0.005,0.0033535,-0.1884,1.8966e-23
8.725,0.70519,0.005,-0.0018711,-0.18562,8.3206e-24
8.675,0.75523,0.005,-0.0061873,-0.18311,3.9327e-24
8.625,0.80528,0.005,-0.0095519,-0.18057,-5.7198e-24
8.575,0.85532,0.005,-0.011949,-0.17786,-5.5284e-37
8.525,0.90536,0.005,-0.013395,-0.17497,2.2539e-37
8.475,0.9554,0.005,-0.013922,-0.17192,4.0196e-24
8.425,1.0054,0.005,-0.013571,-0.16878,9.0518e-25
8.375,1.0555,0.005,-0.012383,-0.16559,-3.7098e-37
8.325,1.1055,0.005,-0.010394,-0.16239,-3.4208e-24
8.275,1.1556,0.005,-0.007632,-0.15919,-5.0914e-37
8.225,1.2056,0.005,-0.0041216,-0.156,6.0257e-24
8.175,1.2557,0.005,0.00012237,-0.15281,8.7194e-24
8.125,1.3057,0.005,0.0050862,-0.14962,-6.3467e-25
8.075,1.3557,0.005,0.010756,-0.14641,-4.22e-26
8.025,1.4058,0.005,0.017121,-0.14314,-1.9868e-23
7.975,1.4558,0.005,0.024165,-0.13977,2.1512e-23
7.925,1.5059,0.005,0.03187,-0.13628,2.6525e-23
7.875,1.5559,0.005,0.040209,-0.13263,1.1534e-23
7.825,1.606,0.005,0.049148,-0.12877,-2.7052e-23
7.775,1.656,0.005,0.058645,-0.12468,-9.304e-37
7.725,1.706,0.005,0.068646,-0.12032,2.13e-23
7.675,1.7561,0.005,0.07909,-0.11569,3.9645e-23
7.625,1.8061,0.005,0.089908,-0.11078,3.5379e-23
7.575,1.8562,0.005,0.10103,-0.1056,2.4149e-23
7.525,1.9062,0.005,0.11237,-0.10018,-1.187e-23
7.475,1.9563,0.005,0.12386,-0.094541,-1.2637e-23
7.425,2.0063,0.005,0.13541,-0.088727,8.0223e-24
7.375,2.0563,0.005,0.14696,-0.082783,3.2442e-23
7.325,2.1064,0.005,0.15843,-0.076758,6.3432e-24
7.275,2.1564,0.005,0.16975,-0.070706,9.8018e-24
7.225,2.2065,0.005,0.18087,-0.064683,5.9161e-24
7.175,2.2565,0.005,0.19175,-0.058744,8.6352e-24
7.125,2.3066,0.005,0.20238,-0.052948,-2.8162e-24
7.075,2.3566,0.005,0.21275,-0.047346,-4.8054e-24
7.025,2.4066,0.005,0.2229,-0.041984,6.8671e-24
6.975,2.4567,0.005,0.23287,-0.0369,6.3287e-24
6.925,2.5067,0.005,0.2427,-0.03212,9.3607e-24
6.875,2.5568,0.005,0.25245,-0.027661,-2.2466e-24
6.825,2.6068,0.005,0.26216,-0.023528,-2.2214e-24
6.775,2.6569,0.005,0.27187,-0.019719,2.2254e-24
6.725,2.7069,0.005,0.28156,-0.016221,5.353e-37
6.675,2.7569,0.005,0.2912,-0.013018,1.205e-23
6.625,2.807,0.005,0.30068,-0.010093,-4.057e-24
6.575,2.86,0.005,0.3101,-0.0072987,4.1914e-24
6.525,2.916,0.005,0.3177,-0.0044524,3.0447e-25
6.475,2.972,0.005,0.31243,-0.0018828,8.7025e-24
8.975,0.50502,0.005,0.0068673,-0.213,-4.7491e-23
8.925,0.55506,0.005,0.014624,-0.2014,1.1875e-36
8.875,0.60511,0.005,0.0099333,-0.19689,-8.1768e-24
8.825,0.65515,0.005,0.0052146,-0.1933,5.0486e-37
8.775,0.70519,0.005,0.00063639,-0.19063,4.4707e-24
8.725,0.75523,0.005,-0.0034037,-0.18829,2.1967e-24
8.675,0.80528,0.005,-0.0067143,-0.18593,1.3267e-23
8.625,0.85532,0.005,-0.0092037,-0.18336,2.1644e-37
8.575,0.90536,0.005,-0.010824,-0.18052,-8.7424e-24
8.525,0.9554,0.005,-0.01157,-0.17743,-6.7789e-25
8.475,1.0054,0.005,-0.011461,-0.17415,4.3049e-24
8.425,1.0555,0.005,-0.010525,-0.17077,-3.258e-24
8.375,1.1055,0.005,-0.0087928,-0.16732,3.1071e-24
8.325,1.1556,0.005,-0.0062937,-0.16386,-4.7871e-37
8.275,1.2056,0.005,-0.0030498,-0.16039,-7.3713e-24
8.225,1.2557,0.005,0.00092393,-0.15693,8.0958e-24
8.175,1.3057,0.005,0.0056107,-0.15348,8.1388e-24
8.125,1.3557,0.005,0.010997,-0.15001,-1.4489e-25
8.075,1.4058,0.005,0.017069,-0.1465,-8.0469e-24
8.025,1.4558,0.005,0.023812,-0.14293,2.0173e-23
7.975,1.5059,0.005,0.031209,-0.13926,-2.1002e-23
7.925,1.5559,0.005,0.039235,-0.13546,1.087e-23
7.875,1.606,0.005,0.04786,-0.1315,1.1185e-23
7.825,1.656,0.005,0.057046,-0.12732,-1.5338e-23
7.775,1.706,0.005,0.066745,-0.12292,-1.1611e-23
7.725,1.7561,0.005,0.076902,-0.11827,4.9218e-24
7.675,1.8061,0.005,0.087453,-0.11336,2.3467e-23
7.625,1.8562,0.005,0.098329,-0.1082,5.6965e-24
7.575,1.9062,0.005,0.10946,-0.10279,-1.7506e-23
7.525,1.9563,0.005,0.12076,-0.097166,-2.8802e-23
7.475,2.0063,0.005,0.13216,-0.09136,1.103e-23
7.425,2.0563,0.005,0.1436,-0.085413,2.3259e-23
7.375,2.1064,0.005,0.15498,-0.079371,1.6482e-23
7.325,2.1564,0.005,0.16626,-0.073285,3.7224e-24
7.275,2.2065,0.005,0.17738,-0.067212,-3.4446e-24
7.225,2.2565,0.005,0.1883,-0.061206,-5.5327e-24
7.175,2.3066,0.005,0.199,-0.055324,6.0301e-38
7.125,2.3566,0.005,0.20948,-0.049618,-2.8464e-24
7.075,2.4066,0.005,0.21976,-0.044135,-6.0412e-24
7.025,2.4567,0.005,0.22987,-0.038913,-6.5928e-24
6.975,2.5067,0.005,0.23986,-0.03398,-6.1177e-24
6.925,2.5568,0.005,0.24976,-0.029355,5.6807e-24
6.875,2.6068,0.005,0.25962,-0.025045,-8.0598e-24
6.825,2.6569,0.005,0.26945,-0.021051,-1.9612e-23
6.775,2.7069,0.005,0.27926,-0.017363,-4.0873e-24
6.725,2.7569,0.005,0.28899,-0.013965,1.6756e-24
6.675,2.807,0.005,0.29853,-0.010846,5.4005e-24
6.625,2.86,0.005,0.30794,-0.0078409,1.0647e-24
6.575,2.916,0.005,0.3154,-0.0047716,-4.9066e-24
6.525,2.972,0.005,0.30971,-0.0020085,-5.0157e-24
8.975,0.55506,0.005,0.006121,-0.19701,-2.0445e-23
8.925,0.60511,0.005,0.0086182,-0.19822,-7.8818e-24
8.875,0.65515,0.005,0.0057521,-0.19658,-7.4814e-24
8.825,0.70519,0.005,0.0022786,-0.19449,-3.3219e-24
8.775,0.75523,0.005,-0.0012144,-0.19259,9.0877e-38
8.725,0.80528,0.005,-0.0043013,-0.19061,-3.7215e-24
8.675,0.85532,0.005,-0.0067582,-0.18838,3.9841e-25
8.625,0.90536,0.005,-0.008478,-0.18577,-1.6823e-24
8.575,0.9554,0.005,-0.0093969,-0.18278,0
8.525,1.0054,0.005,-0.0095003,-0.1795,0
8.475,1.0555,0.005,-0.0087976,-0.176,2.9831e-24
8.425,1.1055,0.005,-0.0073094,-0.17237,5.0769e-24
8.375,1.1556,0.005,-0.005062,-0.16868,-6.1082e-24
8.325,1.2056,0.005,-0.0020736,-0.16496,-6.8428e-24
8.275,1.2557,0.005,0.0016396,-0.16124,-7.5118e-24
8.225,1.3057,0.005,0.0060592,-0.15751,7.6934e-24
8.175,1.3557,0.005,0.011171,-0.15379,8.5551e-24
8.125,1.4058,0.005,0.016962,-0.15004,9.0303e-24
8.075,1.4558,0.005,0.023415,-0.14625,-7.9875e-24
8.025,1.5059,0.005,0.030514,-0.14238,-1.1984e-23
7.975,1.5559,0.005,0.038237,-0.13842,-1.0257e-23
7.925,1.606,0.005,0.046557,-0.13431,1.4616e-23
7.875,1.656,0.005,0.055438,-0.13004,3.8232e-24
7.825,1.706,0.005,0.064839,-0.12556,-6.7235e-24
7.775,1.7561,0.005,0.074708,-0.12087,-1.1197e-23
7.725,1.8061,0.005,0.084987,-0.11593,-3.2945e-23
7.675,1.8562,0.005,0.095613,-0.11076,-3.3621e-23
7.625,1.9062,0.005,0.10652,-0.10536,-5.8258e-24
7.575,1.9563,0.005,0.11763,-0.099744,5.0005e-24
7.525,2.0063,0.005,0.12887,-0.093943,1.8406e-23
7.475,2.0563,0.005,0.14017,-0.087991,6.165e-24
7.425,2.1064,0.005,0.15147,-0.081934,-1.222e-23
7.375,2.1564,0.005,0.1627,-0.07582,1.5948e-36
7.325,2.2065,0.005,0.1738,-0.069701,-5.7592e-24
7.275,2.2565,0.005,0.18474,-0.063634,-8.8124e-24
7.225,2.3066,0.005,0.19551,-0.057672,-1.4754e-36
7.175,2.3566,0.005,0.20608,-0.051869,-4.7787e-24
7.125,2.4066,0.005,0.21648,-0.04627,-1.1701e-23
7.075,2.4567,0.005,0.22672,-0.040914,-6.8383e-24
7.025,2.5067,0.005,0.23685,-0.035832,6.3904e-24
6.975,2.5568,0.005,0.2469,-0.031044,3.1938e-24
6.925,2.6068,0.005,0.25689,-0.026561,8.4112e-24
6.875,2.6569,0.005,0.26685,-0.022384,-5.266e-24
6.825,2.7069,0.005,0.27677,-0.018507,-2.0757e-24
6.775,2.7569,0.005,0.28658,-0.014916,1.6995e-24
6.725,2.807,0.005,0.29618,-0.011604,3.2984e-24
6.675,2.86,0.005,0.30559,-0.0083876,-4.3166e-24
6.625,2.916,0.005,0.3129,-0.0050932,-5.7458e-24
6.575,2.972,0.005,0.30679,-0.0021352,-5.6163e-24
8.975,0.60511,0.005,0.0030093,-0.1884,3.5574e-23
8.925,0.65515,0.005,0.0049642,-0.19626,-7.0544e-24
8.875,0.70519,0.005,0.0029386,-0.1966,-5.5525e-24
8.825,0.75523,0.005,0.00028226,-0.19564,3.407e-24
8.775,0.80528,0.005,-0.0023704,-0.19434,1.7102e-24
8.725,0.85532,0.005,-0.0046703,-0.19265,-4.5578e-25
8.675,0.90536,0.005,-0.0063889,-0.19048,-2.2854e-24
8.625,0.9554,0.005,-0.0074221,-0.18781,-5.4308e-24
8.575,1.0054,0.005,-0.0077017,-0.18468,3.0145e-24
8.525,1.0555,0.005,-0.0072098,-0.18119,-8.7499e-37
8.475,1.1055,0.005,-0.005951,-0.17747,-2.277e-24
8.425,1.1556,0.005,-0.0039434,-0.17361,2.3237e-36
8.375,1.2056,0.005,-0.0011991,-0.16967,7.6598e-24
8.325,1.2557,0.005,0.0022633,-0.16571,-6.969e-24
8.275,1.3057,0.005,0.0064259,-0.16173,-7.5077e-24
8.225,1.3557,0.005,0.011274,-0.15775,-3.7466e-25
8.175,1.4058,0.005,0.016794,-0.15375,8.4788e-24
8.125,1.4558,0.005,0.022969,-0.14973,-1.629e-23
8.075,1.5059,0.005,0.029782,-0.14566,-4.2456e-24
8.025,1.5559,0.005,0.037213,-0.1415,3.9113e-37
7.975,1.606,0.005,0.045237,-0.13724,-2.3283e-23
7.925,1.656,0.005,0.053821,-0.13284,-3.76e-24
7.875,1.706,0.005,0.062928,-0.12827,1.0533e-23
7.825,1.7561,0.005,0.072511,-0.1235,-6.0073e-24
7.775,1.8061,0.005,0.082518,-0.11853,-1.0805e-23
7.725,1.8562,0.005,0.09289,-0.11333,-2.1673e-31
7.675,1.9062,0.005,0.10356,-0.10792,1.081e-23
7.625,1.9563,0.005,0.11447,-0.1023,4.8206e-24
7.575,2.0063,0.005,0.12554,-0.096493,-4.5333e-24
7.525,2.0563,0.005,0.1367,-0.090535,-4.2618e-24
7.475,2.1064,0.005,0.1479,-0.084462,-1.2015e-23
7.425,2.1564,0.005,0.15906,-0.078321,-1.9347e-23
7.375,2.2065,0.005,0.17014,-0.072161,7.1788e-24
7.325,2.2565,0.005,0.18109,-0.066035,-1.2282e-23
7.275,2.3066,0.005,0.1919,-0.059999,3.2877e-24
7.225,2.3566,0.005,0.20255,-0.054101,-7.957e-24
7.175,2.4066,0.005,0.21305,-0.048391,-1.6305e-23
7.125,2.4567,0.005,0.22342,-0.042906,-4.0123e-24
7.075,2.5067,0.005,0.23368,-0.037679,7.2419e-24
7.025,2.5568,0.005,0.24386,-0.032731,9.4915e-24
6.975,2.6068,0.005,0.25399,-0.028077,0
6.925,2.6569,0.005,0.26407,-0.02372,8.7018e-24
6.875,2.7069,0.005,0.27409,-0.019656,4.2215e-24
6.825,2.7569,0.005,0.28399,-0.015872,8.5759e-24
6.775,2.807,0.005,0.29365,-0.012368,7.5786e-24
6.725,2.86,0.005,0.30304,-0.0089385,5.7981e-24
6.675,2.916,0.005,0.3102,-0.0054173,2.4909e-25
6.625,2.972,0.005,0.30368,-0.0022628,6.359e-24
8.975,0.65515,0.005,0.0017789,-0.18332,-4.9296e-24
8.925,0.70519,0.005,0.0026503,-0.19506,2.5544e-24
8.875,0.75523,0.005,0.0010494,-0.19694,2.4797e-37
8.825,0.80528,0.005,-0.00099623,-0.19676,1.7717e-24
8.775,0.85532,0.005,-0.0029689,-0.19591,1.4787e-24
8.725,0.90536,0.005,-0.0046003,-0.19441,6.0925e-38
8.675,0.9554,0.005,-0.0056667,-0.19227,-1.1494e-24
8.625,1.0054,0.005,-0.0060783,-0.1895,2.6228e-24
8.575,1.0555,0.005,-0.0057697,-0.18621,-3.5253e-24
8.525,1.1055,0.005,-0.0047243,-0.18253,6.3431e-24
8.475,1.1556,0.005,-0.0029432,-0.17859,5.1166e-24
8.425,1.2056,0.005,-0.00043242,-0.17449,-1.1046e-24
8.375,1.2557,0.005,0.0027892,-0.17032,0
8.325,1.3057,0.005,0.0067049,-0.16611,-7.0502e-24
8.275,1.3557,0.005,0.0113,-0.16188,-7.5065e-24
8.225,1.4058,0.005,0.01656,-0.15764,6.9143e-24
8.175,1.4558,0.005,0.022468,-0.15338,-3.2243e-32
8.125,1.5059,0.005,0.029007,-0.14909,8.8098e-24
8.075,1.5559,0.005,0.036158,-0.14474,2.699e-24
8.025,1.606,0.005,0.043896,-0.1403,-6.4319e-32
7.975,1.656,0.005,0.052193,-0.13575,9.7983e-24
7.925,1.706,0.005,0.061013,-0.13106,1.8399e-23
7.875,1.7561,0.005,0.070315,-0.12621,1.023e-23
7.825,1.8061,0.005,0.080052,-0.12117,-1.0362e-23
7.775,1.8562,0.005,0.090169,-0.11593,1.0434e-23
7.725,1.9062,0.005,0.10061,-0.11049,3.0807e-36
7.675,1.9563,0.005,0.1113,-0.10485,-1.6161e-23
7.625,2.0063,0.005,0.12219,-0.099031,-5.8955e-24
7.575,2.0563,0.005,0.1332,-0.09306,-3.0296e-23
7.525,2.1064,0.005,0.14428,-0.086969,-2.1699e-23
7.475,2.1564,0.005,0.15537,-0.0808,2.3674e-37
7.425,2.2065,0.005,0.16641,-0.074599,1.1278e-23
7.375,2.2565,0.005,0.17736,-0.068419,2.124e-23
7.325,2.3066,0.005,0.1882,-0.062309,-8.4884e-24
7.275,2.3566,0.005,0.19891,-0.056322,-1.2862e-23
7.225,2.4066,0.005,0.2095,-0.050502,-8.832e-32
7.175,2.4567,0.005,0.21998,-0.044891,7.2734e-24
7.125,2.5067,0.005,0.23036,-0.039522,-6.8887e-24
7.075,2.5568,0.005,0.24066,-0.034418,-3.2503e-24
7.025,2.6068,0.005,0.25091,-0.029594,9.0971e-24
6.975,2.6569,0.005,0.26111,-0.025058,-2.5235e-24
6.925,2.7069,0.005,0.27123,-0.020808,-2.1496e-24
6.875,2.7569,0.005,0.28121,-0.016833,-5.489e-24
6.825,2.807,0.005,0.29092,-0.013136,-5.4222e-24
6.775,2.86,0.005,0.3003,-0.0094938,6.4082e-24
6.725,2.916,0.005,0.30731,-0.0057443,0
6.675,2.972,0.005,0.30037,-0.0023914,-1.0024e-25
8.975,0.70519,0.005,0.00081144,-0.18055,-3.8623e-24
8.925,0.75523,0.005,0.0011039,-0.19449,-3.0637e-24
8.875,0.80528,0.005,-0.00018576,-0.19746,-2.9678e-24
8.825,0.85532,0.005,-0.0017281,-0.19784,-1.6926e-24
8.775,0.90536,0.005,-0.0031205,-0.19729,1.6073e-38
8.725,0.9554,0.005,-0.0041647,-0.19591,3.3805e-24
8.675,1.0054,0.005,-0.004643,-0.19375,-4.3055e-24
8.625,1.0555,0.005,-0.0044852,-0.19087,5.013e-24
8.575,1.1055,0.005,-0.0036329,-0.1874,-3.855e-24
8.525,1.1556,0.005,-0.0020648,-0.18351,-4.6371e-24
8.475,1.2056,0.005,0.00022187,-0.17935,-1.7402e-32
8.425,1.2557,0.005,0.0032118,-0.17503,6.363e-24
8.375,1.3057,0.005,0.0068904,-0.17062,1.248e-25
8.325,1.3557,0.005,0.011243,-0.16617,1.29e-32
8.275,1.4058,0.005,0.016253,-0.1617,-5.2177e-37
8.225,1.4558,0.005,0.021905,-0.15721,1.6969e-24
8.175,1.5059,0.005,0.028182,-0.15269,6.124e-24
8.125,1.5559,0.005,0.035064,-0.14813,4.8259e-38
8.075,1.606,0.005,0.042529,-0.1435,-3.2173e-24
8.025,1.656,0.005,0.050549,-0.13879,-3.6875e-24
7.975,1.706,0.005,0.059092,-0.13397,-1.9168e-23
7.925,1.7561,0.005,0.068121,-0.129,4.5353e-24
7.875,1.8061,0.005,0.077591,-0.12387,1.4842e-23
7.825,1.8562,0.005,0.087453,-0.11857,-5.2137e-24
7.775,1.9062,0.005,0.097653,-0.11309,-2.5645e-23
7.725,1.9563,0.005,0.10813,-0.10742,-1.5742e-23
7.675,2.0063,0.005,0.11883,-0.10158,1.58e-23
7.625,2.0563,0.005,0.12969,-0.095585,1.5731e-23
7.575,2.1064,0.005,0.14064,-0.089471,-1.5536e-23
7.525,2.1564,0.005,0.15163,-0.083271,-2.2803e-39
7.475,2.2065,0.005,0.16262,-0.077029,1.1193e-23
7.425,2.2565,0.005,0.17355,-0.070793,1.776e-23
7.375,2.3066,0.005,0.18441,-0.064612,1.8754e-23
7.325,2.3566,0.005,0.19517,-0.058536,3.3942e-24
7.275,2.4066,0.005,0.20583,-0.05261,-8.8954e-24
7.225,2.4567,0.005,0.2164,-0.046874,-7.4633e-24
7.175,2.5067,0.005,0.22689,-0.041365,3.7078e-24
7.125,2.5568,0.005,0.2373,-0.036106,-3.4557e-24
7.075,2.6068,0.005,0.24767,-0.031115,2.9501e-24
7.025,2.6569,0.005,0.25797,-0.026402,1.2435e-23
6.975,2.7069,0.005,0.26818,-0.021966,6.0006e-24
6.925,2.7569,0.005,0.27824,-0.0178,1.7892e-24
6.875,2.807,0.005,0.288,-0.013911,-5.9713e-24
6.825,2.86,0.005,0.29736,-0.010054,-7.7374e-24
6.775,2.916,0.005,0.30422,-0.0060747,3.6509e-37
6.725,2.972,0.005,0.29687,-0.0025209,-1.0969e-36
8.975,0.75523,0.005,0.00026846,-0.17924,-5.4466e-38
8.925,0.80528,0.005,7.8504e-05,-0.19445,-3.2285e-25
8.875,0.85532,0.005,-0.00089672,-0.19805,-1.8009e-37
8.825,0.90536,0.005,-0.0020394,-0.19885,-3.945e-39
8.775,0.9554,0.005,-0.0029106,-0.19849,-3.0585e-24
8.725,1.0054,0.005,-0.0034233,-0.19716,1.7685e-24
8.675,1.0555,0.005,-0.0033637,-0.19493,4.1428e-24
8.625,1.1055,0.005,-0.0026811,-0.19191,-4.7346e-24
8.575,1.1556,0.005,-0.0013112,-0.18826,4.1641e-24
8.525,1.2056,0.005,0.00076082,-0.18416,4.2701e-24
8.475,1.2557,0.005,0.0035272,-0.17978,5.5182e-24
8.425,1.3057,0.005,0.006977,-0.17523,3.0776e-25
8.375,1.3557,0.005,0.011095,-0.17059,1.5976e-32
8.325,1.4058,0.005,0.015866,-0.1659,-7.0744e-24
8.275,1.4558,0.005,0.021273,-0.16119,0
8.225,1.5059,0.005,0.0273,-0.15645,2.2871e-24
8.175,1.5559,0.005,0.033926,-0.15167,8.2777e-24
8.125,1.606,0.005,0.041129,-0.14686,-3.234e-24
8.075,1.656,0.005,0.048884,-0.14197,-8.9068e-24
8.025,1.706,0.005,0.057161,-0.13699,-4.0979e-24
7.975,1.7561,0.005,0.065924,-0.1319,-1.8759e-23
7.925,1.8061,0.005,0.075134,-0.12667,-1.1473e-25
7.875,1.8562,0.005,0.084745,-0.12129,-4.5365e-24
7.825,1.9062,0.005,0.094709,-0.11574,9.7146e-38
7.775,1.9563,0.005,0.10497,-0.11002,4.1823e-24
7.725,2.0063,0.005,0.11547,-0.10415,1.1428e-23
7.675,2.0563,0.005,0.12616,-0.098127,3.0859e-23
7.625,2.1064,0.005,0.13697,-0.091982,3.0588e-23
7.575,2.1564,0.005,0.14786,-0.085747,1.5043e-23
7.525,2.2065,0.005,0.15878,-0.079461,1.1132e-23
7.475,2.2565,0.005,0.16968,-0.073168,-1.2677e-37
7.425,2.3066,0.005,0.18054,-0.066916,8.5752e-24
7.375,2.3566,0.005,0.19133,-0.060751,2.481e-23
7.325,2.4066,0.005,0.20205,-0.054719,0
7.275,2.4567,0.005,0.2127,-0.048861,-3.504e-24
7.225,2.5067,0.005,0.22327,-0.043212,7.3238e-24
7.175,2.5568,0.005,0.23379,-0.0378,1.0415e-23
7.125,2.6068,0.005,0.24425,-0.032642,-6.7562e-24
7.075,2.6569,0.005,0.25465,-0.027752,-1.8293e-23
7.025,2.7069,0.005,0.26495,-0.023132,-4.4845e-24
6.975,2.7569,0.005,0.27508,-0.018773,-6.2094e-24
6.925,2.807,0.005,0.28489,-0.014692,-2.0915e-37
6.875,2.86,0.005,0.29423,-0.010619,-6.2513e-24
6.825,2.916,0.005,0.30094,-0.0064089,1.0209e-37
6.775,2.972,0.005,0.29317,-0.0026513,8.2803e-24
8.975,0.80528,0.005,-4.6367e-05,-0.17884,1.9515e-24
8.925,0.85532,0.005,-0.00053029,-0.19472,-1.09e-24
8.875,0.90536,0.005,-0.0012144,-0.19867,7.9059e-38
8.825,0.9554,0.005,-0.0020152,-0.19974,1.2389e-24
8.775,1.0054,0.005,-0.0024042,-0.19948,1.3304e-24
8.725,1.0555,0.005,-0.0024285,-0.19814,-3.3038e-24
8.675,1.1055,0.005,-0.0018735,-0.19581,3.9161e-24
8.625,1.1556,0.005,-0.00068457,-0.19263,1.3131e-38
8.575,1.2056,0.005,0.0011829,-0.18878,-4.7859e-24
8.525,1.2557,0.005,0.0037327,-0.18448,0
8.475,1.3057,0.005,0.0069606,-0.17987,5.6549e-24
8.425,1.3557,0.005,0.010853,-0.1751,-9.6704e-25
8.375,1.4058,0.005,0.015394,-0.17023,-6.6681e-24
8.325,1.4558,0.005,0.020566,-0.16531,-3.8144e-32
8.275,1.5059,0.005,0.026353,-0.16036,-7.5147e-24
8.225,1.5559,0.005,0.032734,-0.15538,7.0043e-37
8.175,1.606,0.005,0.039689,-0.15036,8.2188e-24
8.125,1.656,0.005,0.047191,-0.14528,8.5183e-24
8.075,1.706,0.005,0.055212,-0.14014,1.2867e-23
8.025,1.7561,0.005,0.063721,-0.13491,1.3457e-23
7.975,1.8061,0.005,0.072679,-0.12956,-1.3588e-23
7.925,1.8562,0.005,0.082045,-0.12408,-5.0754e-24
7.875,1.9062,0.005,0.091774,-0.11846,1.4739e-23
7.825,1.9563,0.005,0.10182,-0.11269,1.8934e-23
7.775,2.0063,0.005,0.11212,-0.10676,-3.8224e-24
7.725,2.0563,0.005,0.12263,-0.1007,-9.424e-24
7.675,2.1064,0.005,0.1333,-0.094518,-5.727e-24
7.625,2.1564,0.005,0.14407,-0.088242,9.2024e-24
7.575,2.2065,0.005,0.15491,-0.081907,-3.483e-24
7.525,2.2565,0.005,0.16576,-0.075555,-8.8249e-24
7.475,2.3066,0.005,0.1766,-0.069229,-1.1883e-36
7.425,2.3566,0.005,0.1874,-0.062975,-9.699e-24
7.375,2.4066,0.005,0.19816,-0.056838,-9.0652e-24
7.325,2.4567,0.005,0.20887,-0.050857,7.79e-24
7.275,2.5067,0.005,0.21952,-0.045069,7.6551e-24
7.225,2.5568,0.005,0.23013,-0.039503,3.455e-24
7.175,2.6068,0.005,0.24068,-0.034179,3.0753e-24
7.125,2.6569,0.005,0.25117,-0.029112,-6.8117e-24
7.075,2.7069,0.005,0.26155,-0.024306,-2.2982e-24
7.025,2.7569,0.005,0.27175,-0.019756,4.6908e-24
6.975,2.807,0.005,0.28159,-0.01548,-6.7688e-24
6.925,2.86,0.005,0.2909,-0.011191,0
6.875,2.916,0.005,0.29745,-0.0067478,0
6.825,2.972,0.005,0.28927,-0.0027827,-9.251e-24
8.975,0.85532,0.005,-0.00020769,-0.17901,-6.3642e-25
8.925,0.90536,0.005,-0.00085047,-0.19515,-3.8552e-25
8.875,0.9554,0.005,-0.0012384,-0.19926,-6.441e-25
8.825,1.0054,0.005,-0.0017145,-0.20048,-6.5028e-38
8.775,1.0555,0.005,-0.0016552,-0.20024,-7.4779e-25
8.725,1.1055,0.005,-0.0012302,-0.19885,6.8176e-25
8.675,1.1556,0.005,-0.00018916,-0.19639,-3.2256e-24
8.625,1.2056,0.005,0.0014869,-0.19303,-3.8686e-24
8.575,1.2557,0.005,0.0038273,-0.18898,-4.9219e-24
8.525,1.3057,0.005,0.0068383,-0.18446,-7.376e-37
8.475,1.3557,0.005,0.01051,-0.17964,-1.1493e-24
8.425,1.4058,0.005,0.014829,-0.17464,-6.2819e-24
8.375,1.4558,0.005,0.019776,-0.16955,-4.0752e-32
8.325,1.5059,0.005,0.025334,-0.1644,-7.1468e-24
8.275,1.5559,0.005,0.031482,-0.15922,-7.5217e-24
8.225,1.606,0.005,0.038199,-0.154,-6.6484e-24
8.175,1.656,0.005,0.045461,-0.14874,-5.3051e-37
8.125,1.706,0.005,0.05324,-0.14343,5.6068e-38
8.075,1.7561,0.005,0.061504,-0.13804,3.9476e-38
8.025,1.8061,0.005,0.07022,-0.13257,9.5124e-24
7.975,1.8562,0.005,0.079348,-0.12698,1.801e-23
7.925,1.9062,0.005,0.088848,-0.12127,5.5324e-37
7.875,1.9563,0.005,0.098673,-0.11542,-1.4645e-23
7.825,2.0063,0.005,0.10878,-0.10944,5.5942e-24
7.775,2.0563,0.005,0.11911,-0.10332,-1.8477e-36
7.725,2.1064,0.005,0.12962,-0.097092,-2.9684e-23
7.675,2.1564,0.005,0.14027,-0.090768,-2.3768e-23
7.625,2.2065,0.005,0.151,-0.084379,-1.1085e-23
7.575,2.2565,0.005,0.16179,-0.077964,-3.1704e-23
7.525,2.3066,0.005,0.17259,-0.071562,-1.3749e-23
7.475,2.3566,0.005,0.1834,-0.065218,-1.3277e-23
7.425,2.4066,0.005,0.19418,-0.058973,-1.3774e-23
7.375,2.4567,0.005,0.20493,-0.052869,0
7.325,2.5067,0.005,0.21564,-0.046942,-7.697e-24
7.275,2.5568,0.005,0.22632,-0.041221,-7.4745e-24
7.225,2.6068,0.005,0.23695,-0.03573,0
7.175,2.6569,0.005,0.24751,-0.030485,4.3347e-24
7.125,2.7069,0.005,0.25796,-0.025493,2.3623e-24
7.075,2.7569,0.005,0.26822,-0.02075,1.0769e-23
7.025,2.807,0.005,0.2781,-0.016278,1.5348e-23
6.975,2.86,0.005,0.28737,-0.011772,1.138e-24
6.925,2.916,0.005,0.29375,-0.0070907,2.1145e-25
6.875,2.972,0.005,0.28516,-0.0029151,-7.0011e-37
8.975,0.90536,0.005,-0.00026155,-0.17949,5.2281e-26
8.925,0.9554,0.005,-0.00096688,-0.19562,0
8.875,1.0054,0.005,-0.0010488,-0.19979,9.8511e-25
8.825,1.0555,0.005,-0.0011899,-0.20103,-4.8863e-25
8.775,1.1055,0.005,-0.00071977,-0.20075,-3.3049e-25
8.725,1.1556,0.005,0.00016252,-0.19928,2.7792e-24
8.675,1.2056,0.005,0.00167,-0.19667,3.4998e-24
8.625,1.2557,0.005,0.0038099,-0.19312,-4.1833e-24
8.575,1.3057,0.005,0.0066087,-0.18886,-5.7487e-24
8.525,1.3557,0.005,0.010065,-0.18412,-6.7339e-24
8.475,1.4058,0.005,0.014166,-0.17908,7.6731e-24
8.425,1.4558,0.005,0.018896,-0.17387,6.3762e-24
8.375,1.5059,0.005,0.024234,-0.16856,4.3549e-37
8.325,1.5559,0.005,0.03016,-0.16319,3.0087e-24
8.275,1.606,0.005,0.036652,-0.15778,-3.3994e-24
8.225,1.656,0.005,0.043686,-0.15234,-1.5385e-23
8.175,1.706,0.005,0.051234,-0.14685,-1.2237e-23
8.125,1.7561,0.005,0.059266,-0.1413,-8.3499e-24
8.075,1.8061,0.005,0.06775,-0.13568,4.7474e-24
8.025,1.8562,0.005,0.07665,-0.12998,8.7118e-24
7.975,1.9062,0.005,0.085926,-0.12416,-8.837e-24
7.925,1.9563,0.005,0.095538,-0.11823,-1.9767e-23
7.875,2.0063,0.005,0.10544,-0.11218,-2.5648e-23
7.825,2.0563,0.005,0.11559,-0.106,-1.2339e-23
7.775,2.1064,0.005,0.12594,-0.099716,-1.1329e-31
7.725,2.1564,0.005,0.13645,-0.093336,1.1278e-23
7.675,2.2065,0.005,0.14708,-0.086889,2.3209e-23
7.625,2.2565,0.005,0.15778,-0.080406,3.3128e-24
7.575,2.3066,0.005,0.16854,-0.073925,-1.7149e-23
7.525,2.3566,0.005,0.17931,-0.067487,-1.8317e-23
7.475,2.4066,0.005,0.1901,-0.061134,-4.6613e-24
7.425,2.4567,0.005,0.20087,-0.054904,8.0499e-24
7.375,2.5067,0.005,0.21163,-0.048836,0
7.325,2.5568,0.005,0.22237,-0.04296,-7.6779e-24
7.275,2.6068,0.005,0.23306,-0.037301,-7.5108e-24
7.225,2.6569,0.005,0.24369,-0.031876,-1.0216e-23
7.175,2.7069,0.005,0.25421,-0.026696,-1.2153e-23
7.125,2.7569,0.005,0.26451,-0.021758,-1.6517e-23
7.075,2.807,0.005,0.27442,-0.017088,-1.3896e-24
7.025,2.86,0.005,0.28364,-0.012362,2.2465e-24
6.975,2.916,0.005,0.28985,-0.0074383,9.5635e-24
6.925,2.972,0.005,0.28086,-0.0030486,-1.7355e-25
8.975,0.9554,0.005,-0.00024197,-0.1801,-1.8163e-26
8.925,1.0054,0.005,-0.00095248,-0.19603,0
8.875,1.0555,0.005,-0.00069126,-0.20017,1.0294e-24
8.825,1.1055,0.005,-0.00050145,-0.20134,3.0135e-34
8.775,1.1556,0.005,0.00038712,-0.20101,-3.3294e-37
8.725,1.2056,0.005,0.0017293,-0.19941,4.7429e-25
8.675,1.2557,0.005,0.0036804,-0.19663,3.7326e-24
8.625,1.3057,0.005,0.0062703,-0.19288,1.168e-24
8.575,1.3557,0.005,0.0095136,-0.18841,-6.9516e-37
8.525,1.4058,0.005,0.013402,-0.18346,7.4898e-24
8.475,1.4558,0.005,0.017919,-0.17821,8.3813e-24
8.425,1.5059,0.005,0.023046,-0.17278,-2.7473e-24
8.375,1.5559,0.005,0.028759,-0.16726,2.9882e-37
8.325,1.606,0.005,0.035037,-0.16168,-7.2259e-24
8.275,1.656,0.005,0.041854,-0.15605,-1.4699e-25
8.225,1.706,0.005,0.049184,-0.15039,-1.5648e-23
8.175,1.7561,0.005,0.056997,-0.14468,2.4654e-37
8.125,1.8061,0.005,0.065261,-0.13892,9.5175e-24
8.075,1.8562,0.005,0.073942,-0.13308,1.0007e-31
8.025,1.9062,0.005,0.083004,-0.12715,2.0553e-36
7.975,1.9563,0.005,0.092407,-0.12113,1.7366e-23
7.925,2.0063,0.005,0.10211,-0.11499,2.5358e-23
7.875,2.0563,0.005,0.11208,-0.10875,8.7879e-24
7.825,2.1064,0.005,0.12226,-0.1024,-5.6598e-24
7.775,2.1564,0.005,0.13263,-0.095958,1.4413e-23
7.725,2.2065,0.005,0.14313,-0.089445,1.1135e-23
7.675,2.2565,0.005,0.15374,-0.08289,2.2729e-23
7.625,2.3066,0.005,0.16443,-0.076326,2.235e-23
7.575,2.3566,0.005,0.17517,-0.069792,-3.411e-24
7.525,2.4066,0.005,0.18594,-0.063327,-5.9309e-24
7.475,2.4567,0.005,0.19672,-0.056971,-8.1565e-24
7.425,2.5067,0.005,0.2075,-0.050759,8.1742e-24
7.375,2.5568,0.005,0.21828,-0.044725,1.9458e-23
7.325,2.6068,0.005,0.22902,-0.038895,3.344e-37
7.275,2.6569,0.005,0.23971,-0.033289,-1.0576e-23
7.225,2.7069,0.005,0.25027,-0.027918,-2.5201e-24
7.175,2.7569,0.005,0.26063,-0.022782,-5.5514e-24
7.125,2.807,0.005,0.27055,-0.017911,-6.5182e-24
7.075,2.86,0.005,0.27972,-0.012962,8.1149e-24
7.025,2.916,0.005,0.28573,-0.0077915,-7.2403e-37
6.975,2.972,0.005,0.27634,-0.0031837,-1.1221e-23
8.975,1.0054,0.005,-0.00016949,-0.18074,-1.7729e-25
8.925,1.0555,0.005,-0.00078335,-0.19633,-4.8107e-38
8.875,1.1055,0.005,-0.00020712,-0.20035,3.3532e-25
8.825,1.1556,0.005,0.0003866,-0.20144,2.7175e-37
8.775,1.2056,0.005,0.0016431,-0.20102,1.4772e-32
8.725,1.2557,0.005,0.0034319,-0.19924,3.2666e-24
8.675,1.3057,0.005,0.0058241,-0.19628,5.3525e-24
8.625,1.3557,0.005,0.0088544,-0.19233,4.5766e-24
8.575,1.4058,0.005,0.012531,-0.18765,2.1603e-24
8.525,1.4558,0.005,0.01684,-0.18249,-5.6782e-24
8.475,1.5059,0.005,0.02176,-0.17702,-2.9119e-24
8.425,1.5559,0.005,0.02727,-0.17139,3.2716e-24
8.375,1.606,0.005,0.033343,-0.16566,-7.2252e-32
8.325,1.656,0.005,0.039956,-0.15988,3.3275e-24
8.275,1.706,0.005,0.04708,-0.15405,7.5597e-24
8.225,1.7561,0.005,0.054687,-0.14818,4.5317e-24
8.175,1.8061,0.005,0.062743,-0.14226,4.7913e-24
8.125,1.8562,0.005,0.071217,-0.13629,-3.1807e-24
8.075,1.9062,0.005,0.080073,-0.13025,3.1226e-24
8.025,1.9563,0.005,0.089276,-0.12412,-2.1568e-31
7.975,2.0063,0.005,0.098787,-0.11789,1.4074e-23
7.925,2.0563,0.005,0.10857,-0.11157,4.2653e-23
7.875,2.1064,0.005,0.11859,-0.10515,2.5614e-23
7.825,2.1564,0.005,0.1288,-0.09864,8.6299e-24
7.775,2.2065,0.005,0.13917,-0.092057,-1.7221e-23
7.725,2.2565,0.005,0.14968,-0.085426,-1.9537e-23
7.675,2.3066,0.005,0.16028,-0.078776,8.5115e-24
7.625,2.3566,0.005,0.17096,-0.072142,8.436e-24
7.575,2.4066,0.005,0.1817,-0.065563,-4.8369e-24
7.525,2.4567,0.005,0.19247,-0.059077,-3.7139e-24
7.475,2.5067,0.005,0.20326,-0.05272,8.1456e-24
7.425,2.5568,0.005,0.21406,-0.046525,1.5716e-23
7.375,2.6068,0.005,0.22484,-0.040521,1.9367e-23
7.325,2.6569,0.005,0.23556,-0.03473,6.6697e-40
7.275,2.7069,0.005,0.24617,-0.029164,2.6168e-24
7.225,2.7569,0.005,0.25656,-0.023827,1.5903e-23
7.175,2.807,0.005,0.26649,-0.018751,1.6899e-24
7.125,2.86,0.005,0.27559,-0.013575,2.6073e-24
7.075,2.916,0.005,0.2814,-0.0081513,2.4238e-25
7.025,2.972,0.005,0.27162,-0.0033206,1.2137e-23
8.975,1.0555,0.005,-3.0968e-05,-0.1813,-8.5693e-25
8.925,1.1055,0.005,-0.00055324,-0.19645,-1.2518e-24
8.875,1.1556,0.005,0.00040378,-0.20028,-1.4159e-24
8.825,1.2056,0.005,0.0013927,-0.20128,1.0168e-24
8.775,1.2557,0.005,0.0030453,-0.20071,-1.1698e-38
8.725,1.3057,0.005,0.0052531,-0.19877,1.6592e-24
8.675,1.3557,0.005,0.0080866,-0.19562,4.136e-24
8.625,1.4058,0.005,0.011552,-0.19145,2.3817e-24
8.575,1.4558,0.005,0.015653,-0.18656,2.7434e-24
8.525,1.5059,0.005,0.020371,-0.18119,2.7225e-24
8.475,1.5559,0.005,0.025683,-0.17553,4.746e-37
8.425,1.606,0.005,0.031561,-0.1697,-3.7598e-24
8.375,1.656,0.005,0.03798,-0.16378,-7.0116e-24
8.325,1.706,0.005,0.044911,-0.1578,2.9698e-24
8.275,1.7561,0.005,0.052323,-0.15178,1.0537e-37
8.225,1.8061,0.005,0.060185,-0.14571,-1.0758e-23
8.175,1.8562,0.005,0.068464,-0.1396,-1.3051e-23
8.125,1.9062,0.005,0.077126,-0.13343,-8.1424e-24
8.075,1.9563,0.005,0.086136,-0.1272,-5.168e-37
8.025,2.0063,0.005,0.09546,-0.12088,-1.1073e-23
7.975,2.0563,0.005,0.10506,-0.11447,-1.9648e-23
7.925,2.1064,0.005,0.11491,-0.10797,-8.9704e-26
7.875,2.1564,0.005,0.12497,-0.10139,-8.4941e-24
7.825,2.2065,0.005,0.1352,-0.094732,-2.8656e-24
7.775,2.2565,0.005,0.14559,-0.08802,-5.5384e-24
7.725,2.3066,0.005,0.15609,-0.081281,-1.6934e-23
7.675,2.3566,0.005,0.1667,-0.074545,-1.9497e-24
7.625,2.4066,0.005,0.17738,-0.067849,-1.3324e-23
7.575,2.4567,0.005,0.18812,-0.06123,8.3262e-24
7.525,2.5067,0.005,0.19891,-0.054725,2.1237e-23
7.475,2.5568,0.005,0.20971,-0.048366,3.9631e-24
7.425,2.6068,0.005,0.22051,-0.042185,3.5749e-24
7.375,2.6569,0.005,0.23126,-0.036204,2.7612e-23
7.325,2.7069,0.005,0.2419,-0.03044,1.636e-23
7.275,2.7569,0.005,0.2523,-0.024897,2.2363e-24
7.225,2.807,0.005,0.26223,-0.019612,1.5788e-24
7.175,2.86,0.005,0.27125,-0.014202,-9.1478e-24
7.125,2.916,0.005,0.27685,-0.008519,1.1352e-23
7.075,2.972,0.005,0.26668,-0.0034599,1.2465e-23
8.975,1.1055,0.005,0.00013129,-0.1817,7.039e-25
8.925,1.1556,0.005,-0.00022257,-0.19636,3.7268e-37
8.875,1.2056,0.005,0.0010938,-0.19994,2.746e-32
8.825,1.2557,0.005,0.0024528,-0.20078,-1.6114e-24
8.775,1.3057,0.005,0.0045696,-0.20007,-2.9798e-24
8.725,1.3557,0.005,0.00719,-0.19798,-2.2678e-24
8.675,1.4058,0.005,0.010459,-0.19462,1.2983e-37
8.625,1.4558,0.005,0.014352,-0.19025,-2.9665e-24
8.575,1.5059,0.005,0.01887,-0.18516,-5.4784e-24
8.525,1.5559,0.005,0.023988,-0.17959,3.6271e-24
8.475,1.606,0.005,0.029679,-0.17374,-3.9296e-24
8.425,1.656,0.005,0.035914,-0.16772,-6.7641e-24
8.375,1.706,0.005,0.042662,-0.16162,2.6171e-24
8.325,1.7561,0.005,0.049893,-0.15545,4.7089e-24
8.275,1.8061,0.005,0.057573,-0.14925,1.7452e-23
8.225,1.8562,0.005,0.06567,-0.143,1.2918e-23
8.175,1.9062,0.005,0.07415,-0.13671,5.2925e-24
8.125,1.9563,0.005,0.08298,-0.13036,8.0876e-24
8.075,2.0063,0.005,0.092124,-0.12394,8.189e-24
8.025,2.0563,0.005,0.10155,-0.11745,-2.6189e-24
7.975,2.1064,0.005,0.11123,-0.11087,-1.9727e-23
7.925,2.1564,0.005,0.12113,-0.10421,-1.6731e-23
7.875,2.2065,0.005,0.13122,-0.097474,-8.6537e-24
7.825,2.2565,0.005,0.14147,-0.09068,-1.6819e-23
7.775,2.3066,0.005,0.15187,-0.083848,-1.096e-36
7.725,2.3566,0.005,0.16239,-0.077009,-1.3704e-23
7.675,2.4066,0.005,0.173,-0.070194,-1.0117e-23
7.625,2.4567,0.005,0.1837,-0.06344,0
7.575,2.5067,0.005,0.19445,-0.056782,-3.9128e-24
7.525,2.5568,0.005,0.20524,-0.050257,4.106e-24
7.475,2.6068,0.005,0.21604,-0.043894,3.717e-24
7.425,2.6569,0.005,0.2268,-0.03772,1.7919e-24
7.375,2.7069,0.005,0.23745,-0.031752,-2.854e-24
7.325,2.7569,0.005,0.24787,-0.025998,-1.7251e-23
7.275,2.807,0.005,0.25779,-0.020496,-2.0407e-25
7.225,2.86,0.005,0.26671,-0.014846,1.237e-23
7.175,2.916,0.005,0.27208,-0.0088961,-1.1665e-23
7.125,2.972,0.005,0.26152,-0.0036019,0
8.975,1.1556,0.005,0.0003239,-0.18191,1.0255e-24
8.925,1.2056,0.005,0.0001885,-0.19598,1.7917e-24
8.875,1.2557,0.005,0.0018991,-0.19931,-1.8449e-24
8.825,1.3057,0.005,0.003643,-0.20001,-2.2406e-24
8.775,1.3557,0.005,0.0061875,-0.19913,-3.7974e-24
8.725,1.4058,0.005,0.0092327,-0.19686,3.8727e-24
8.675,1.4558,0.005,0.012932,-0.1933,3.2074e-24
8.625,1.5059,0.005,0.017249,-0.18873,-3.5341e-24
8.575,1.5559,0.005,0.022176,-0.18343,0
8.525,1.606,0.005,0.027685,-0.17768,1.9834e-24
8.475,1.656,0.005,0.033744,-0.17165,-4.3869e-24
8.425,1.706,0.005,0.040321,-0.16546,-2.2446e-24
8.375,1.7561,0.005,0.047383,-0.15919,7.1671e-24
8.325,1.8061,0.005,0.054895,-0.15285,1.245e-23
8.275,1.8562,0.005,0.062824,-0.14648,5.2043e-24
8.225,1.9062,0.005,0.071136,-0.14007,-4.3621e-37
8.175,1.9563,0.005,0.079795,-0.13361,-2.444e-24
8.125,2.0063,0.005,0.08877,-0.12709,-1.1197e-23
8.075,2.0563,0.005,0.09803,-0.1205,6.7852e-37
8.025,2.1064,0.005,0.10754,-0.11384,3.28e-24
7.975,2.1564,0.005,0.11728,-0.1071,1.0737e-23
7.925,2.2065,0.005,0.12723,-0.10029,2.5503e-23
7.875,2.2565,0.005,0.13734,-0.093407,2.6546e-24
7.825,2.3066,0.005,0.14762,-0.086483,-8.3604e-24
7.775,2.3566,0.005,0.15803,-0.079539,-1.6391e-36
7.725,2.4066,0.005,0.16856,-0.072604,-1.037e-23
7.675,2.4567,0.005,0.17919,-0.065713,0
7.625,2.5067,0.005,0.18989,-0.058902,-8.469e-24
7.575,2.5568,0.005,0.20065,-0.052205,-1.7004e-23
7.525,2.6068,0.005,0.21144,-0.045656,3.8759e-24
7.475,2.6569,0.005,0.22219,-0.039284,6.9006e-32
7.425,2.7069,0.005,0.23284,-0.033107,-1.7741e-23
7.375,2.7569,0.005,0.24325,-0.027134,-4.9477e-24
7.325,2.807,0.005,0.25314,-0.02141,-5.812e-24
7.275,2.86,0.005,0.26195,-0.01551,1.1588e-23
7.225,2.916,0.005,0.26707,-0.0092844,-1.2571e-23
7.175,2.972,0.005,0.25614,-0.0037473,-1.4168e-23
8.975,1.2056,0.005,0.00052037,-0.18186,-6.2504e-25
8.925,1.2557,0.005,0.00064794,-0.19531,-2.4751e-24
8.875,1.3057,0.005,0.0027829,-0.19838,4.7982e-38
8.825,1.3557,0.005,0.0049207,-0.19888,2.5524e-38
8.775,1.4058,0.005,0.0078946,-0.19785,3.1605e-24
8.725,1.4558,0.005,0.011371,-0.19539,4.0602e-24
8.675,1.5059,0.005,0.015499,-0.19164,9.0896e-25
8.625,1.5559,0.005,0.020236,-0.18688,4.0809e-24
8.575,1.606,0.005,0.025566,-0.1814,-5.808e-24
8.525,1.656,0.005,0.031456,-0.17547,-2.9247e-24
8.475,1.706,0.005,0.037872,-0.16928,-1.3298e-23
8.425,1.7561,0.005,0.044777,-0.16293,-4.514e-37
8.375,1.8061,0.005,0.052135,-0.1565,1.0333e-23
8.325,1.8562,0.005,0.05991,-0.15001,5.3148e-24
8.275,1.9062,0.005,0.068067,-0.14348,2.2098e-24
8.225,1.9563,0.005,0.076571,-0.13691,-1.3359e-23
8.175,2.0063,0.005,0.085389,-0.1303,-1.9224e-23
8.125,2.0563,0.005,0.09449,-0.12362,-8.0044e-24
8.075,2.1064,0.005,0.10385,-0.11688,0
8.025,2.1564,0.005,0.11343,-0.11006,8.1393e-24
7.975,2.2065,0.005,0.12322,-0.10317,3.4036e-24
7.925,2.2565,0.005,0.1332,-0.096205,2.4744e-23
7.875,2.3066,0.005,0.14334,-0.089189,1.3959e-23
7.825,2.3566,0.005,0.15363,-0.08214,-1.3873e-23
7.775,2.4066,0.005,0.16406,-0.075085,-5.3209e-24
7.725,2.4567,0.005,0.1746,-0.068057,0
7.675,2.5067,0.005,0.18524,-0.061089,9.5616e-24
7.625,2.5568,0.005,0.19595,-0.054219,1.3066e-23
7.575,2.6068,0.005,0.2067,-0.04748,-8.7224e-24
7.525,2.6569,0.005,0.21743,-0.040903,-1.2472e-23
7.475,2.7069,0.005,0.22806,-0.03451,5.8619e-24
7.425,2.7569,0.005,0.23845,-0.028312,1.4526e-23
7.375,2.807,0.005,0.2483,-0.022356,2.1343e-23
7.325,2.86,0.005,0.25697,-0.016197,-8.5792e-24
7.275,2.916,0.005,0.26184,-0.0096856,1.3192e-23
7.225,2.972,0.005,0.25053,-0.0038967,-2.1169e-36
8.975,1.2557,0.005,0.00074288,-0.18151,7.3549e-25
8.925,1.3057,0.005,0.0011492,-0.19429,3.2075e-24
8.875,1.3557,0.005,0.0037299,-0.19708,2.1628e-24
8.825,1.4058,0.005,0.0062735,-0.19741,4.0458e-24
8.775,1.4558,0.005,0.0096859,-0.19622,-7.545e-24
8.725,1.5059,0.005,0.0136,-0.19359,-8.4958e-24
8.675,1.5559,0.005,0.018155,-0.18965,5.3713e-25
8.625,1.606,0.005,0.023309,-0.1847,-9.1993e-32
8.575,1.656,0.005,0.029036,-0.17905,5.9809e-24
8.525,1.706,0.005,0.035298,-0.17297,1.2836e-23
8.475,1.7561,0.005,0.042058,-0.16662,-1.5941e-24
8.425,1.8061,0.005,0.049275,-0.16013,-4.5636e-37
8.375,1.8562,0.005,0.056912,-0.15356,2.1802e-31
8.325,1.9062,0.005,0.064929,-0.14694,5.5607e-24
8.275,1.9563,0.005,0.073292,-0.14027,7.6867e-24
8.225,2.0063,0.005,0.081967,-0.13356,-7.8073e-24
8.175,2.0563,0.005,0.090921,-0.1268,7.9019e-24
8.125,2.1064,0.005,0.10013,-0.11997,5.8416e-24
8.075,2.1564,0.005,0.10956,-0.11308,-8.0449e-24
8.025,2.2065,0.005,0.1192,-0.10611,-1.1735e-23
7.975,2.2565,0.005,0.12903,-0.09907,-1.8684e-23
7.925,2.3066,0.005,0.13903,-0.091966,2.4728e-23
7.875,2.3566,0.005,0.1492,-0.084815,1.9594e-23
7.825,2.4066,0.005,0.1595,-0.077642,-2.5193e-24
7.775,2.4567,0.005,0.16994,-0.070477,5.239e-24
7.725,2.5067,0.005,0.1805,-0.063353,1.8537e-23
7.675,2.5568,0.005,0.19114,-0.056307,2.6737e-23
7.625,2.6068,0.005,0.20183,-0.049374,8.883e-24
7.575,2.6569,0.005,0.21252,-0.042587,-3.0995e-23
7.525,2.7069,0.005,0.22312,-0.035971,-1.5972e-23
7.475,2.7569,0.005,0.23347,-0.02954,9.6078e-24
7.425,2.807,0.005,0.24324,-0.023343,1.2633e-23
7.375,2.86,0.005,0.25177,-0.016911,-9.0289e-24
7.325,2.916,0.005,0.25635,-0.010102,1.3823e-23
7.275,2.972,0.005,0.24469,-0.0040507,1.5502e-23
8.975,1.3057,0.005,0.00099724,-0.18083,-7.8884e-39
8.925,1.3557,0.005,0.001648,-0.19291,-3.9937e-24
8.875,1.4058,0.005,0.0047325,-0.1954,1.6889e-24
8.825,1.4558,0.005,0.0077042,-0.19557,4.1391e-24
8.775,1.5059,0.005,0.011557,-0.19424,-6.5995e-25
8.725,1.5559,0.005,0.015914,-0.19143,4.6445e-24
8.675,1.606,0.005,0.020897,-0.18732,5.0788e-24
8.625,1.656,0.005,0.026463,-0.1822,4.4532e-37
8.575,1.706,0.005,0.032581,-0.1764,8.8463e-25
8.525,1.7561,0.005,0.039205,-0.17017,1.084e-23
8.475,1.8061,0.005,0.046296,-0.1637,5.5354e-24
8.425,1.8562,0.005,0.053809,-0.15708,-7.2046e-24
8.375,1.9062,0.005,0.061704,-0.15039,-7.423e-24
8.325,1.9563,0.005,0.069943,-0.14364,-3.9507e-24
8.275,2.0063,0.005,0.07849,-0.13685,2.2183e-37
8.225,2.0563,0.005,0.087311,-0.13001,7.8194e-24
8.175,2.1064,0.005,0.09638,-0.12311,-1.9853e-24
8.125,2.1564,0.005,0.10567,-0.11615,0
8.075,2.2065,0.005,0.11517,-0.10911,0
8.025,2.2565,0.005,0.12485,-0.102,-1.4022e-23
7.975,2.3066,0.005,0.13471,-0.09481,-1.6368e-23
7.925,2.3566,0.005,0.14473,-0.087564,1.0798e-23
7.875,2.4066,0.005,0.1549,-0.080277,8.3923e-24
7.825,2.4567,0.005,0.16522,-0.072978,0
7.775,2.5067,0.005,0.17567,-0.065699,5.1513e-24
7.725,2.5568,0.005,0.18622,-0.058476,8.3165e-25
7.675,2.6068,0.005,0.19683,-0.051346,9.0298e-24
7.625,2.6569,0.005,0.20746,-0.044343,1.3291e-23
7.575,2.7069,0.005,0.218,-0.037496,9.5467e-24
7.525,2.7569,0.005,0.22829,-0.030824,2.9863e-24
7.475,2.807,0.005,0.23798,-0.02437,-3.5188e-37
7.425,2.86,0.005,0.24633,-0.017655,-2.0476e-25
7.375,2.916,0.005,0.25062,-0.010536,3.5781e-37
7.325,2.972,0.005,0.23859,-0.0042102,-1.6547e-23
8.975,1.3557,0.005,0.0012836,-0.17981,-5.3251e-24
8.925,1.4058,0.005,0.0022023,-0.19114,-2.2267e-24
8.875,1.4558,0.005,0.0057877,-0.19335,-7.1735e-24
8.825,1.5059,0.005,0.0091998,-0.19336,-9.5548e-24
8.775,1.5559,0.005,0.013503,-0.19188,-2.8239e-24
8.725,1.606,0.005,0.018308,-0.18892,-1.5048e-23
8.675,1.656,0.005,0.02372,-0.18465,-5.2836e-24
8.625,1.706,0.005,0.029696,-0.17938,-5.5637e-24
8.575,1.7561,0.005,0.036197,-0.17344,-5.6868e-24
8.525,1.8061,0.005,0.043173,-0.1671,1.1552e-23
8.475,1.8562,0.005,0.050579,-0.16051,1.2911e-23
8.425,1.9062,0.005,0.05837,-0.15379,1.3208e-23
8.375,1.9563,0.005,0.066503,-0.14699,-2.3661e-31
8.325,2.0063,0.005,0.07494,-0.14014,-1.1899e-23
8.275,2.0563,0.005,0.083646,-0.13324,-7.7568e-24
8.225,2.1064,0.005,0.092591,-0.12628,-1.3834e-23
8.175,2.1564,0.005,0.10175,-0.11925,-7.9033e-24
8.125,2.2065,0.005,0.11111,-0.11216,-6.0215e-24
8.075,2.2565,0.005,0.12064,-0.10498,-6.009e-24
8.025,2.3066,0.005,0.13035,-0.097716,-1.0288e-23
7.975,2.3566,0.005,0.14023,-0.090382,-2.8254e-23
7.925,2.4066,0.005,0.15026,-0.082989,-2.5668e-23
7.875,2.4567,0.005,0.16044,-0.075562,-5.5893e-24
7.825,2.5067,0.005,0.17076,-0.068131,-3.3547e-24
7.775,2.5568,0.005,0.1812,-0.060732,-8.9183e-24
7.725,2.6068,0.005,0.19171,-0.053403,-9.1612e-24
7.675,2.6569,0.005,0.20225,-0.046179,1.0361e-23
7.625,2.7069,0.005,0.21272,-0.039094,-6.2968e-37
7.575,2.7569,0.005,0.22292,-0.032172,-1.0239e-23
7.525,2.807,0.005,0.2325,-0.025443,-1.0618e-23
7.475,2.86,0.005,0.24065,-0.01844,1.9282e-24
7.425,2.916,0.005,0.24462,-0.010989,5.6814e-25
7.375,2.972,0.005,0.23225,-0.0043761,2.3383e-25
8.975,1.4058,0.005,0.0016078,-0.17839,6.43e-24
8.925,1.4558,0.005,0.0028429,-0.18898,1.1272e-23
8.875,1.5059,0.005,0.0068935,-0.1909,-5.3869e-24
8.825,1.5559,0.005,0.01076,-0.19075,2.4844e-37
8.775,1.606,0.005,0.015521,-0.18914,-5.5678e-24
8.725,1.656,0.005,0.02078,-0.18604,-1.633e-23
8.675,1.706,0.005,0.026624,-0.18163,-1.1389e-23
8.625,1.7561,0.005,0.033005,-0.17624,0
8.575,1.8061,0.005,0.039881,-0.17019,5.5705e-24
8.525,1.8562,0.005,0.047195,-0.16375,8.3466e-25
8.475,1.9062,0.005,0.054901,-0.15708,-7.22e-24
8.425,1.9563,0.005,0.062949,-0.15027,-7.4406e-24
8.375,2.0063,0.005,0.071296,-0.14339,-4.5998e-24
8.325,2.0563,0.005,0.079906,-0.13644,-1.615e-24
8.275,2.1064,0.005,0.088746,-0.12944,7.7952e-24
8.225,2.1564,0.005,0.097789,-0.12237,-1.1157e-36
8.175,2.2065,0.005,0.10702,-0.11522,-1.4028e-23
8.125,2.2565,0.005,0.11642,-0.10799,-1.4091e-23
8.075,2.3066,0.005,0.12598,-0.10067,-6.0753e-24
8.025,2.3566,0.005,0.1357,-0.093261,-1.0365e-23
7.975,2.4066,0.005,0.14558,-0.085773,-5.9212e-24
7.925,2.4567,0.005,0.15561,-0.078227,8.5162e-24
7.875,2.5067,0.005,0.16578,-0.070651,8.731e-24
7.825,2.5568,0.005,0.17608,-0.06308,-3.6951e-24
7.775,2.6068,0.005,0.18647,-0.055552,-4.3324e-24
7.725,2.6569,0.005,0.1969,-0.048104,-9.0492e-24
7.675,2.7069,0.005,0.20726,-0.040774,-2.0061e-23
7.625,2.7569,0.005,0.21736,-0.03359,3.6248e-24
7.575,2.807,0.005,0.2268,-0.02657,-2.034e-23
7.525,2.86,0.005,0.23472,-0.019268,1.1768e-23
7.475,2.916,0.005,0.23835,-0.011464,-1.5123e-23
7.425,2.972,0.005,0.22564,-0.0045493,1.8258e-23
8.975,1.4558,0.005,0.0019481,-0.17655,1.2109e-24
8.925,1.5059,0.005,0.0034969,-0.18639,-6.4612e-24
8.875,1.5559,0.005,0.0080478,-0.18803,8.8967e-24
8.825,1.606,0.005,0.012381,-0.18774,6.0331e-24
8.775,1.656,0.005,0.017611,-0.186,-1.8477e-24
8.725,1.706,0.005,0.023326,-0.18279,-1.011e-23
8.675,1.7561,0.005,0.029604,-0.17827,1.4708e-37
8.625,1.8061,0.005,0.036386,-0.17278,1.9062e-23
8.575,1.8562,0.005,0.043626,-0.16665,1.9162e-23
8.525,1.9062,0.005,0.051266,-0.16014,7.8467e-24
8.475,1.9563,0.005,0.05925,-0.1534,-1.3694e-23
8.425,2.0063,0.005,0.067533,-0.14653,-6.2838e-24
8.375,2.0563,0.005,0.076069,-0.13958,1.3935e-23
8.325,2.1064,0.005,0.084825,-0.13256,7.7733e-24
8.275,2.1564,0.005,0.09377,-0.12546,-5.411e-38
8.225,2.2065,0.005,0.10288,-0.11829,-7.8903e-24
8.175,2.2565,0.005,0.11215,-0.11102,-9.0749e-40
8.125,2.3066,0.005,0.12157,-0.10366,1.4217e-23
8.075,2.3566,0.005,0.13114,-0.096188,-4.6968e-37
8.025,2.4066,0.005,0.14086,-0.08862,-1.8224e-23
7.975,2.4567,0.005,0.15072,-0.080968,-1.6994e-23
7.925,2.5067,0.005,0.16073,-0.073258,1.1557e-23
7.875,2.5568,0.005,0.17087,-0.065521,3.4969e-24
7.825,2.6068,0.005,0.18112,-0.057797,-1.353e-23
7.775,2.6569,0.005,0.1914,-0.050123,-4.8038e-24
7.725,2.7069,0.005,0.20163,-0.042541,1.3003e-36
7.675,2.7569,0.005,0.21159,-0.035085,2.5422e-23
7.625,2.807,0.005,0.22086,-0.027757,1.4468e-23
7.575,2.86,0.005,0.22852,-0.020146,5.1263e-24
7.525,2.916,0.005,0.23178,-0.011962,7.5367e-25
7.475,2.972,0.005,0.21875,-0.0047313,0
8.975,1.5059,0.005,0.0022993,-0.17425,-1.1423e-23
8.925,1.5559,0.005,0.0041718,-0.18336,-7.2992e-24
8.875,1.606,0.005,0.0092471,-0.18473,-1.3524e-31
8.825,1.656,0.005,0.014063,-0.18431,-2.7812e-24
8.775,1.706,0.005,0.019771,-0.18247,4.492e-24
8.725,1.7561,0.005,0.025945,-0.17917,6.7308e-24
8.675,1.8061,0.005,0.032658,-0.17456,1.3511e-23
8.625,1.8562,0.005,0.039835,-0.169,6.7318e-24
8.575,1.9062,0.005,0.047428,-0.16282,2.8914e-25
8.525,1.9563,0.005,0.055374,-0.15627,-1.317e-31
8.475,2.0063,0.005,0.063616,-0.14949,-1.4023e-23
8.425,2.0563,0.005,0.072107,-0.14258,-4.3082e-37
8.375,2.1064,0.005,0.080803,-0.13558,1.2735e-23
8.325,2.1564,0.005,0.089674,-0.12849,7.8317e-24
8.275,2.2065,0.005,0.098695,-0.12132,1.5754e-24
8.225,2.2565,0.005,0.10785,-0.11404,6.294e-24
8.175,2.3066,0.005,0.11713,-0.10665,8.0032e-24
8.125,2.3566,0.005,0.12655,-0.099143,1.1154e-37
8.075,2.4066,0.005,0.1361,-0.091514,-2.0393e-24
8.025,2.4567,0.005,0.14579,-0.083775,-6.1379e-24
7.975,2.5067,0.005,0.15562,-0.075945,-8.7305e-24
7.925,2.5568,0.005,0.16558,-0.068054,1.4837e-23
7.875,2.6068,0.005,0.17565,-0.06014,3.9519e-24
7.825,2.6569,0.005,0.18576,-0.052242,-3.4806e-23
7.775,2.7069,0.005,0.19582,-0.044404,-4.6154e-24
7.725,2.7569,0.005,0.20561,-0.036665,-7.0688e-24
7.675,2.807,0.005,0.21467,-0.029011,8.6178e-24
7.625,2.86,0.005,0.22205,-0.021076,-9.8789e-24
7.575,2.916,0.005,0.22491,-0.012487,1.7144e-23
7.525,2.972,0.005,0.21156,-0.0049235,-2.2056e-25
8.975,1.5559,0.005,0.0026681,-0.17149,9.8531e-24
8.925,1.606,0.005,0.0048788,-0.17986,-8.1372e-24
8.875,1.656,0.005,0.010492,-0.18098,-1.0615e-23
8.825,1.706,0.005,0.015804,-0.18044,-7.2177e-24
8.775,1.7561,0.005,0.022,-0.17854,7.1785e-24
8.725,1.8061,0.005,0.028636,-0.17517,1.6513e-24
8.675,1.8562,0.005,0.035781,-0.17051,-6.1999e-24
8.625,1.9062,0.005,0.043346,-0.16492,-2.0542e-23
8.575,1.9563,0.005,0.051277,-0.15872,-1.3811e-23
8.525,2.0063,0.005,0.059508,-0.15215,7.4658e-24
8.475,2.0563,0.005,0.067982,-0.14537,6.6465e-24
8.425,2.1064,0.005,0.07665,-0.13844,0
8.375,2.1564,0.005,0.085474,-0.1314,7.8461e-24
8.325,2.2065,0.005,0.094426,-0.12425,7.8874e-24
8.275,2.2565,0.005,0.10349,-0.117,0
8.225,2.3066,0.005,0.11265,-0.10962,4.7922e-24
8.175,2.3566,0.005,0.12192,-0.1021,-4.6885e-24
8.125,2.4066,0.005,0.13131,-0.094433,-1.4587e-23
8.075,2.4567,0.005,0.14081,-0.08663,1.6859e-23
8.025,2.5067,0.005,0.15044,-0.078701,1.242e-23
7.975,2.5568,0.005,0.1602,-0.070672,-1.2076e-23
7.925,2.6068,0.005,0.17007,-0.062578,2.4755e-23
7.875,2.6569,0.005,0.17998,-0.054461,2.6275e-23
7.825,2.7069,0.005,0.18984,-0.046365,1.1344e-23
7.775,2.7569,0.005,0.19941,-0.03833,-2.2777e-23
7.725,2.807,0.005,0.20823,-0.030336,-1.6158e-23
7.675,2.86,0.005,0.2153,-0.022063,2.7641e-24
7.625,2.916,0.005,0.21772,-0.013042,9.9977e-25
7.575,2.972,0.005,0.20407,-0.0051275,0
8.975,1.606,0.005,0.003057,-0.16824,-1.2761e-23
8.925,1.656,0.005,0.0056165,-0.17588,-1.2568e-23
8.875,1.706,0.005,0.011781,-0.17677,-8.079e-24
8.825,1.7561,0.005,0.017605,-0.17614,0
8.775,1.8061,0.005,0.024296,-0.17419,1.5289e-23
8.725,1.8562,0.005,0.031398,-0.17079,7.554e-24
8.675,1.9062,0.005,0.038966,-0.16612,-7.4306e-24
8.625,1.9563,0.005,0.046908,-0.16053,0
8.575,2.0063,0.005,0.055159,-0.15434,7.381e-24
8.525,2.0563,0.005,0.06365,-0.1478,1.4544e-23
8.475,2.1064,0.005,0.072325,-0.14103,6.7476e-24
8.425,2.1564,0.005,0.081136,-0.1341,-7.875e-24
8.375,2.2065,0.005,0.09005,-0.12703,-1.3083e-23
8.325,2.2565,0.005,0.099045,-0.11984,-6.4985e-24
8.275,2.3066,0.005,0.10811,-0.1125,4.9924e-24
8.225,2.3566,0.005,0.11725,-0.10501,9.6192e-24
8.175,2.4066,0.005,0.12647,-0.097342,6.4933e-24
8.125,2.4567,0.005,0.13579,-0.089506,-1.729e-37
8.075,2.5067,0.005,0.14521,-0.081505,1.2823e-31
8.025,2.5568,0.005,0.15475,-0.073361,6.2919e-24
7.975,2.6068,0.005,0.16438,-0.065104,-3.4252e-24
7.925,2.6569,0.005,0.17406,-0.056776,1.2947e-23
7.875,2.7069,0.005,0.18367,-0.048421,-1.0774e-23
7.825,2.7569,0.005,0.19298,-0.040081,-1.8478e-23
7.775,2.807,0.005,0.20152,-0.031742,-4.4847e-25
7.725,2.86,0.005,0.20824,-0.02311,0
7.675,2.916,0.005,0.21018,-0.013628,-1.7407e-23
7.625,2.972,0.005,0.19625,-0.0053446,0
8.975,1.656,0.005,0.003466,-0.16449,-1.2251e-23
8.925,1.706,0.005,0.0063845,-0.1714,9.7663e-24
8.875,1.7561,0.005,0.013113,-0.17207,1.228e-23
8.825,1.8061,0.005,0.019463,-0.17138,1.6536e-23
8.775,1.8562,0.005,0.026655,-0.16941,5.1872e-24
8.725,1.9062,0.005,0.034224,-0.16602,-6.0205e-24
8.675,1.9563,0.005,0.042208,-0.16138,0
8.625,2.0063,0.005,0.050509,-0.15583,-7.4494e-24
8.575,2.0563,0.005,0.059055,-0.14971,-1.4792e-23
8.525,2.1064,0.005,0.067776,-0.14321,-1.4788e-23
8.475,2.1564,0.005,0.076614,-0.13648,-7.9099e-24
8.425,2.2065,0.005,0.085528,-0.12957,0
8.375,2.2565,0.005,0.09449,-0.12249,1.3664e-24
8.325,2.3066,0.005,0.10348,-0.11525,0
8.275,2.3566,0.005,0.11251,-0.10782,-1.6083e-23
8.225,2.4066,0.005,0.12158,-0.10019,-1.8276e-23
8.175,2.4567,0.005,0.13071,-0.092363,-1.0039e-23
8.125,2.5067,0.005,0.13992,-0.084326,0
8.075,2.5568,0.005,0.14921,-0.076095,6.5381e-24
8.025,2.6068,0.005,0.15859,-0.067699,1.1299e-37
7.975,2.6569,0.005,0.16799,-0.059175,-3.0344e-23
7.925,2.7069,0.005,0.17731,-0.050566,-2.2296e-23
7.875,2.7569,0.005,0.18632,-0.041922,1.4716e-24
7.825,2.807,0.005,0.19452,-0.03323,4.4871e-24
7.775,2.86,0.005,0.20086,-0.024219,3.7278e-24
7.725,2.916,0.005,0.20228,-0.014247,-1.9268e-23
7.675,2.972,0.005,0.18809,-0.0055763,-2.3181e-23
8.975,1.706,0.005,0.0038959,-0.16021,-2.1332e-24
8.925,1.7561,0.005,0.0071827,-0.16641,1.0539e-23
8.875,1.8061,0.005,0.014489,-0.16688,2.2322e-23
8.825,1.8562,0.005,0.021376,-0.16616,2.6157e-23
8.775,1.9062,0.005,0.029072,-0.16421,2.4683e-24
8.725,1.9563,0.005,0.037105,-0.16088,0
8.675,2.0063,0.005,0.045493,-0.1563,-7.8661e-24
8.625,2.0563,0.005,0.054131,-0.15084,-7.4549e-24
8.575,2.1064,0.005,0.062941,-0.14481,-1.4543e-31
8.525,2.1564,0.005,0.071852,-0.1384,3.1264e-37
8.475,2.2065,0.005,0.080811,-0.13173,-6.8431e-24
8.425,2.2565,0.005,0.089779,-0.12485,-6.7234e-24
8.375,2.3066,0.005,0.098737,-0.11776,6.6678e-24
8.325,2.3566,0.005,0.10768,-0.11046,-1.3778e-24
8.275,2.4066,0.005,0.11662,-0.10293,-5.2794e-24
8.225,2.4567,0.005,0.12557,-0.095147,-8.2742e-24
8.175,2.5067,0.005,0.13456,-0.087117,-6.7807e-24
8.125,2.5568,0.005,0.14359,-0.07884,-2.1523e-24
8.075,2.6068,0.005,0.15268,-0.070337,-6.6708e-24
8.025,2.6569,0.005,0.16177,-0.061641,-2.0211e-23
7.975,2.7069,0.005,0.17076,-0.052793,9.6756e-24
7.925,2.7569,0.005,0.17941,-0.043848,2.8768e-23
7.875,2.807,0.005,0.18724,-0.0348,2.2548e-23
7.825,2.86,0.005,0.19314,-0.02539,3.6745e-24
7.775,2.916,0.005,0.19399,-0.0149,1.9972e-23
7.725,2.972,0.005,0.17956,-0.0058234,-2.4293e-23
8.975,1.7561,0.005,0.0043477,-0.15539,1.2306e-23
8.925,1.8061,0.005,0.0080106,-0.16088,1.1268e-23
8.875,1.8562,0.005,0.015904,-0.16118,9.7588e-24
8.825,1.9062,0.005,0.023339,-0.16046,-4.1348e-24
8.775,1.9563,0.005,0.031541,-0.15858,-1.7382e-31
8.725,2.0063,0.005,0.040027,-0.15534,-6.553e-24
8.675,2.0563,0.005,0.048799,-0.15089,7.2121e-24
8.625,2.1064,0.005,0.057744,-0.14556,2.2889e-23
8.575,2.1564,0.005,0.066779,-0.13966,1.5858e-23
8.525,2.2065,0.005,0.075833,-0.13337,-8.0479e-24
8.475,2.2565,0.005,0.084858,-0.12678,-1.4922e-23
8.425,2.3066,0.005,0.093824,-0.11993,-6.75e-24
8.375,2.3566,0.005,0.10272,-0.11282,1.196e-37
8.325,2.4066,0.005,0.11155,-0.10545,1.3532e-23
8.275,2.4567,0.005,0.12034,-0.097784,3.2862e-23
8.225,2.5067,0.005,0.12911,-0.089816,1.384e-23
8.175,2.5568,0.005,0.13788,-0.081543,0
8.125,2.6068,0.005,0.14665,-0.072977,-9.3415e-24
8.075,2.6569,0.005,0.15539,-0.064143,-6.7994e-24
8.025,2.7069,0.005,0.164,-0.055079,-4.4351e-24
7.975,2.7569,0.005,0.17224,-0.045847,1.2043e-31
7.925,2.807,0.005,0.17965,-0.036445,1.8811e-23
7.875,2.86,0.005,0.18507,-0.026621,2.2155e-23
7.825,2.916,0.005,0.18528,-0.015586,1.7145e-24
7.775,2.972,0.005,0.17065,-0.0060868,2.5444e-23
8.975,1.8061,0.005,0.0048225,-0.14999,1.3239e-23
8.925,1.8562,0.005,0.0088674,-0.15481,-5.1367e-24
8.875,1.9062,0.005,0.017357,-0.15496,-1.882e-23
8.825,1.9563,0.005,0.025347,-0.15427,-3.7635e-23
8.775,2.0063,0.005,0.034047,-0.1525,-2.0829e-23
8.725,2.0563,0.005,0.04297,-0.14941,-8.4402e-24
8.675,2.1064,0.005,0.052098,-0.14513,5.5083e-25
8.625,2.1564,0.005,0.061309,-0.13999,6.9296e-37
8.575,2.2065,0.005,0.070517,-0.13425,-7.2345e-24
8.525,2.2565,0.005,0.079657,-0.1281,-6.9796e-24
8.475,2.3066,0.005,0.088684,-0.1216,6.8267e-24
8.425,2.3566,0.005,0.097579,-0.11479,1.2053e-37
8.375,2.4066,0.005,0.10634,-0.10765,-1.4881e-23
8.325,2.4567,0.005,0.115,-0.10017,-6.895e-24
8.275,2.5067,0.005,0.12356,-0.092338,0
8.225,2.5568,0.005,0.13205,-0.084133,7.1212e-24
8.175,2.6068,0.005,0.14049,-0.07556,1.4336e-23
8.125,2.6569,0.005,0.14885,-0.066636,1.9821e-23
8.075,2.7069,0.005,0.15703,-0.057395,1.8549e-37
8.025,2.7569,0.005,0.16482,-0.047898,-6.4549e-24
7.975,2.807,0.005,0.17174,-0.038154,-2.1459e-23
7.925,2.86,0.005,0.17661,-0.027906,-4.4292e-24
7.875,2.916,0.005,0.17613,-0.016301,-2.1295e-23
7.825,2.972,0.005,0.16132,-0.0063667,-9.5155e-37
8.975,1.8562,0.005,0.0053217,-0.14402,1.4112e-23
8.925,1.9062,0.005,0.0097513,-0.14817,5.9588e-37
8.875,1.9563,0.005,0.018842,-0.14821,-5.9581e-24
8.825,2.0063,0.005,0.027386,-0.1476,-9.0119e-37
8.775,2.0563,0.005,0.036571,-0.14598,8.9845e-24
8.725,2.1064,0.005,0.045905,-0.14309,-8.4354e-24
8.675,2.1564,0.005,0.055348,-0.13903,-1.5291e-23
8.625,2.2065,0.005,0.06477,-0.13411,-6.9548e-24
8.575,2.2565,0.005,0.074088,-0.12858,0
8.525,2.3066,0.005,0.083239,-0.12258,1.3795e-23
8.475,2.3566,0.005,0.092191,-0.11618,1.6207e-23
8.425,2.4066,0.005,0.10094,-0.10939,0
8.375,2.4567,0.005,0.10948,-0.10219,-2.3084e-23
8.325,2.5067,0.005,0.11786,-0.094576,-2.2334e-23
8.275,2.5568,0.005,0.12609,-0.086517,7.2162e-24
8.225,2.6068,0.005,0.13418,-0.078008,8.9996e-24
8.175,2.6569,0.005,0.14213,-0.069059,7.3673e-24
8.125,2.7069,0.005,0.14985,-0.059693,1.0677e-23
8.075,2.7569,0.005,0.15712,-0.049969,-1.1949e-23
8.025,2.807,0.005,0.16349,-0.039905,-1.4293e-23
7.975,2.86,0.005,0.16775,-0.029233,-1.8216e-23
7.925,2.916,0.005,0.16652,-0.01704,1.6933e-36
7.875,2.972,0.005,0.15158,-0.0066625,-2.969e-36
8.975,1.9062,0.005,0.0058466,-0.13743,0
8.925,1.9563,0.005,0.010659,-0.14095,-2.6037e-23
8.875,2.0063,0.005,0.020348,-0.14091,-1.0768e-23
8.825,2.0563,0.005,0.029439,-0.14042,9.7019e-24
8.775,2.1064,0.005,0.039084,-0.13902,8.9528e-24
8.725,2.1564,0.005,0.048788,-0.13638,-5.1625e-37
8.675,2.2065,0.005,0.058488,-0.13259,-1.5545e-23
8.625,2.2565,0.005,0.068052,-0.12794,-7.2848e-24
8.575,2.3066,0.005,0.077398,-0.12263,0
8.525,2.3566,0.005,0.086472,-0.1168,-8.1153e-24
8.475,2.4066,0.005,0.095254,-0.11048,-6.754e-24
8.425,2.4567,0.005,0.10375,-0.10368,0
8.375,2.5067,0.005,0.11197,-0.096388,1.4025e-31
8.325,2.5568,0.005,0.11995,-0.088572,0
8.275,2.6068,0.005,0.1277,-0.080219,-1.6178e-23
8.225,2.6569,0.005,0.13522,-0.071326,-3.5821e-23
8.175,2.7069,0.005,0.14243,-0.061908,-2.5421e-23
8.125,2.7569,0.005,0.14914,-0.052014,-7.2389e-24
8.075,2.807,0.005,0.1549,-0.041667,5.9083e-24
8.025,2.86,0.005,0.15846,-0.030581,5.8766e-24
7.975,2.916,0.005,0.15641,-0.01779,0
7.925,2.972,0.005,0.14139,-0.0069727,-1.0667e-25
8.975,1.9563,0.005,0.0063991,-0.13022,-2.2821e-23
8.925,2.0063,0.005,0.011585,-0.13314,-1.3379e-23
8.875,2.0563,0.005,0.021861,-0.13307,1.0861e-23
8.825,2.1064,0.005,0.031481,-0.13275,-1.9273e-31
8.775,2.1564,0.005,0.041544,-0.1316,6.6758e-24
8.725,2.2065,0.005,0.051558,-0.12927,-1.055e-36
8.675,2.2565,0.005,0.061438,-0.1258,2.7828e-37
8.625,2.3066,0.005,0.071053,-0.12145,1.5097e-23
8.575,2.3566,0.005,0.080325,-0.11638,-8.0889e-24
8.525,2.4066,0.005,0.089214,-0.1107,-1.3307e-23
8.475,2.4567,0.005,0.09771,-0.10445,0
8.425,2.5067,0.005,0.10583,-0.097602,1.4833e-23
8.375,2.5568,0.005,0.11359,-0.090147,2.2385e-23
8.325,2.6068,0.005,0.12101,-0.082061,-9.9906e-37
8.275,2.6569,0.005,0.12809,-0.073327,-3.0524e-31
8.225,2.7069,0.005,0.13477,-0.063949,7.7101e-24
8.175,2.7569,0.005,0.14086,-0.053961,3.7948e-24
8.125,2.807,0.005,0.14594,-0.043389,1.2518e-23
8.075,2.86,0.005,0.14873,-0.031917,2.4538e-23
8.025,2.916,0.005,0.1458,-0.018534,2.6938e-24
7.975,2.972,0.005,0.13076,-0.0072942,-3.2132e-36
8.975,2.0063,0.005,0.0069815,-0.12238,-1.6064e-23
8.925,2.0563,0.005,0.012524,-0.12473,2.7155e-23
8.875,2.1064,0.005,0.023362,-0.12468,2.6968e-23
8.825,2.1564,0.005,0.033473,-0.12457,6.1326e-24
8.775,2.2065,0.005,0.043891,-0.12374,-8.4419e-24
8.725,2.2565,0.005,0.05413,-0.12176,7.6686e-24
8.675,2.3066,0.005,0.064088,-0.11865,7.8768e-24
8.625,2.3566,0.005,0.073639,-0.11461,3.4273e-37
8.575,2.4066,0.005,0.082715,-0.10978,6.4933e-24
8.525,2.4567,0.005,0.091287,-0.10424,1.3182e-24
8.475,2.5067,0.005,0.099357,-0.098007,-7.7521e-24
8.425,2.5568,0.005,0.10694,-0.091056,6.9546e-24
8.375,2.6068,0.005,0.11407,-0.083368,8.0618e-24
8.325,2.6569,0.005,0.12072,-0.074919,1.618e-23
8.275,2.7069,0.005,0.12685,-0.065696,2.5034e-23
8.225,2.7569,0.005,0.13228,-0.055716,1.0791e-23
8.175,2.807,0.005,0.13661,-0.045002,1.3095e-23
8.125,2.86,0.005,0.13854,-0.033195,2.5328e-23
8.075,2.916,0.005,0.13467,-0.019246,2.9424e-24
8.025,2.972,0.005,0.11967,-0.0076222,3.1128e-23
8.975,2.0563,0.005,0.0075962,-0.11389,1.633e-23
8.925,2.1064,0.005,0.013468,-0.11574,0
8.875,2.1564,0.005,0.02482,-0.11576,1.8757e-37
8.825,2.2065,0.005,0.035362,-0.11592,-8.9871e-24
8.775,2.2565,0.005,0.046041,-0.11544,-7.9261e-24
8.725,2.3066,0.005,0.056389,-0.11385,6.7796e-24
8.675,2.3566,0.005,0.066295,-0.11112,-5.4038e-24
8.625,2.4066,0.005,0.075642,-0.1074,-1.4047e-23
8.575,2.4567,0.005,0.084372,-0.10279,-5.8569e-38
8.525,2.5067,0.005,0.092469,-0.097349,1.2659e-31
8.475,2.5568,0.005,0.09994,-0.091072,-8.6854e-25
8.425,2.6068,0.005,0.1068,-0.083938,-6.9988e-24
8.375,2.6569,0.005,0.11305,-0.07592,-1.4766e-31
8.325,2.7069,0.005,0.11862,-0.066991,-1.3171e-39
8.275,2.7569,0.005,0.12336,-0.057149,-1.7864e-23
8.225,2.807,0.005,0.12689,-0.046405,5.9115e-24
8.175,2.86,0.005,0.12789,-0.034347,1.4344e-23
8.125,2.916,0.005,0.12302,-0.01989,2.2511e-23
8.075,2.972,0.005,0.10815,-0.0079492,-1.3746e-25
8.975,2.1064,0.005,0.0082397,-0.10474,2.1302e-23
8.925,2.1564,0.005,0.014401,-0.10617,-8.4106e-24
8.875,2.2065,0.005,0.026195,-0.10632,-1.4017e-23
8.825,2.2565,0.005,0.037071,-0.1068,0
8.775,2.3066,0.005,0.047878,-0.10672,3.4031e-25
8.725,2.3566,0.005,0.058185,-0.10554,8.7472e-25
8.675,2.4066,0.005,0.067877,-0.10318,-1.1966e-31
8.625,2.4567,0.005,0.076851,-0.099753,-1.3226e-23
8.575,2.5067,0.005,0.085057,-0.09533,1.1723e-31
8.525,2.5568,0.005,0.092484,-0.089927,1.9405e-23
8.475,2.6068,0.005,0.099139,-0.08353,1.1592e-37
8.425,2.6569,0.005,0.10501,-0.076111,-7.0056e-24
8.375,2.7069,0.005,0.11005,-0.067639,-8.0332e-24
8.325,2.7569,0.005,0.11408,-0.058093,-1.6825e-23
8.275,2.807,0.005,0.11677,-0.047468,5.9542e-24
8.225,2.86,0.005,0.11677,-0.03528,8.2179e-24
8.175,2.916,0.005,0.11088,-0.020422,1.275e-39
8.125,2.972,0.005,0.096218,-0.0082649,-1.8459e-25
8.975,2.1564,0.005,0.0089136,-0.09493,0
8.925,2.2065,0.005,0.015302,-0.096049,0
8.875,2.2565,0.005,0.027426,-0.096413,-3.0541e-24
8.825,2.3066,0.005,0.038493,-0.097256,0
8.775,2.3566,0.005,0.04925,-0.097585,-1.3415e-23
8.725,2.4066,0.005,0.059326,-0.096797,-4.287e-24
8.675,2.4567,0.005,0.068613,-0.094788,5.3037e-24
8.625,2.5067,0.005,0.077011,-0.091618,1.0517e-31
8.575,2.5568,0.005,0.084473,-0.087315,5.4907e-24
8.525,2.6068,0.005,0.090988,-0.081865,5.9098e-24
8.475,2.6569,0.005,0.09654,-0.075239,6.7062e-24
8.425,2.7069,0.005,0.10107,-0.067405,6.9275e-24
8.375,2.7569,0.005,0.10441,-0.05834,7.6497e-25
8.325,2.807,0.005,0.10624,-0.048018,6.6484e-24
8.275,2.86,0.005,0.10521,-0.035874,-6.3523e-24
8.225,2.916,0.005,0.098286,-0.020782,-2.4241e-23
8.175,2.972,0.005,0.083936,-0.0085554,-3.3127e-23
8.975,2.2065,0.005,0.0096226,-0.084474,-2.1071e-23
8.925,2.2565,0.005,0.016144,-0.085439,-1.1661e-23
8.875,2.3066,0.005,0.028431,-0.086098,7.9737e-24
8.825,2.3566,0.005,0.039483,-0.087344,5.4454e-41
8.775,2.4066,0.005,0.049961,-0.088053,-1.593e-23
8.725,2.4567,0.005,0.059586,-0.087609,-1.3135e-23
8.675,2.5067,0.005,0.068236,-0.085897,6.4825e-24
8.625,2.5568,0.005,0.075807,-0.082916,3.1138e-24
8.575,2.6068,0.005,0.082252,-0.078637,0
8.525,2.6569,0.005,0.087542,-0.073019,3.0647e-25
8.475,2.7069,0.005,0.091611,-0.066031,6.2046e-24
8.425,2.7569,0.005,0.094305,-0.057653,6.8789e-24
8.375,2.807,0.005,0.095297,-0.047841,6.2861e-24
8.325,2.86,0.005,0.093258,-0.035969,1.2469e-24
8.275,2.916,0.005,0.085354,-0.020906,1.8937e-23
8.225,2.972,0.005,0.071385,-0.0088039,-4.6667e-36
8.975,2.2565,0.005,0.010379,-0.073386,-2.6979e-23
8.925,2.3066,0.005,0.016881,-0.074418,-1.0071e-23
8.875,2.3566,0.005,0.029088,-0.075492,1.136e-36
8.825,2.4066,0.005,0.039844,-0.077126,5.0045e-24
8.775,2.4567,0.005,0.049785,-0.078126,5.8848e-24
8.725,2.5067,0.005,0.058702,-0.077959,0
8.675,2.5568,0.005,0.066427,-0.076466,0
8.625,2.6068,0.005,0.072858,-0.073561,-5.3486e-24
8.575,2.6569,0.005,0.077945,-0.069166,-5.1226e-24
8.525,2.7069,0.005,0.081619,-0.063241,3.6637e-37
8.475,2.7569,0.005,0.083734,-0.055782,-5.8922e-24
8.425,2.807,0.005,0.083965,-0.046703,5.0092e-24
8.375,2.86,0.005,0.080995,-0.035365,1.7477e-23
8.325,2.916,0.005,0.07224,-0.020719,3.4537e-24
8.275,2.972,0.005,0.058689,-0.0089923,3.1443e-23
8.975,2.3066,0.005,0.011211,-0.06172,1.769e-23
8.925,2.3566,0.005,0.017413,-0.06324,7.8136e-24
8.875,2.4066,0.005,0.029188,-0.064755,8.5854e-25
8.825,2.4567,0.005,0.039342,-0.066629,1.0432e-23
8.775,2.5067,0.005,0.048493,-0.06783,5.5953e-24
8.725,2.5568,0.005,0.056377,-0.067865,2.5546e-24
8.675,2.6068,0.005,0.062814,-0.066461,5.6354e-24
8.625,2.6569,0.005,0.067725,-0.063464,4.2876e-24
8.575,2.7069,0.005,0.071051,-0.058797,3.585e-26
8.525,2.7569,0.005,0.072672,-0.052478,-4.244e-24
8.475,2.807,0.005,0.072272,-0.044377,4.3325e-24
8.425,2.86,0.005,0.068538,-0.03382,1.4642e-23
8.375,2.916,0.005,0.059214,-0.020133,-1.2587e-23
8.325,2.972,0.005,0.04595,-0.0091223,-3.004e-23
8.975,2.3566,0.005,0.012158,-0.049562,8.8142e-24
8.925,2.4066,0.005,0.017555,-0.052167,5.7102e-24
8.875,2.4567,0.005,0.028448,-0.053881,-3.2035e-24
8.825,2.5067,0.005,0.03782,-0.055899,-4.7188e-24
8.775,2.5568,0.005,0.045854,-0.057282,5.7972e-24
8.725,2.6068,0.005,0.052279,-0.057394,4.0314e-24
8.675,2.6569,0.005,0.056994,-0.055885,1.9973e-24
8.625,2.7069,0.005,0.059962,-0.052597,2.1899e-37
8.575,2.7569,0.005,0.061144,-0.04756,-6.6379e-24
8.525,2.807,0.005,0.060212,-0.040635,3.5475e-24
8.475,2.86,0.005,0.055935,-0.031118,5.0037e-24
8.425,2.916,0.005,0.046628,-0.018977,2.3706e-24
8.375,2.972,0.005,0.033618,-0.0090012,2.6033e-23
8.975,2.4066,0.005,0.013329,-0.036811,-3.4627e-23
8.925,2.4567,0.005,0.017159,-0.040845,-2.4492e-23
8.875,2.5067,0.005,0.026814,-0.042932,2.4079e-32
8.825,2.5568,0.005,0.035177,-0.045168,7.1623e-26
8.775,2.6068,0.005,0.04161,-0.046682,-2.3356e-39
8.725,2.6569,0.005,0.046091,-0.046683,-5.9991e-24
8.675,2.7069,0.005,0.048629,-0.044837,-4.8074e-24
8.625,2.7569,0.005,0.049284,-0.041099,-2.3117e-24
8.575,2.807,0.005,0.047945,-0.035331,3.154e-24
8.525,2.86,0.005,0.043166,-0.026966,3.6257e-25
8.475,2.916,0.005,0.034105,-0.01664,2.5675e-37
8.425,2.972,0.005,0.020919,-0.0077497,1.7476e-23
8.975,2.4567,0.005,0.014676,-0.023831,0
8.925,2.5067,0.005,0.016183,-0.029634,1.5762e-32
8.875,2.5568,0.005,0.024542,-0.032257,-2.4516e-24
8.825,2.6068,0.005,0.031252,-0.034811,0
8.775,2.6569,0.005,0.035569,-0.036314,2.3283e-24
8.725,2.7069,0.005,0.037644,-0.035979,-2.7511e-25
8.675,2.7569,0.005,0.037655,-0.033586,-6.143e-26
8.625,2.807,0.005,0.035708,-0.029065,2.0866e-24
8.575,2.86,0.005,0.030784,-0.021627,9.853e-25
8.525,2.916,0.005,0.022045,-0.013307,3.4393e-24
8.475,2.972,0.005,0.010249,-0.0055301,-2.863e-23
8.975,2.5067,0.005,0.010811,-0.013735,-1.8837e-23
8.925,2.5568,0.005,0.014813,-0.019027,-3.6279e-24
8.875,2.6068,0.005,0.021462,-0.022334,3.9781e-37
8.825,2.6569,0.005,0.025985,-0.025227,-2.0179e-41
8.775,2.7069,0.005,0.027798,-0.026604,1.1347e-24
8.725,2.7569,0.005,0.027323,-0.025869,8.6315e-33
8.675,2.807,0.005,0.024932,-0.022875,1.9451e-24
8.625,2.86,0.005,0.019564,-0.016958,2.303e-25
8.575,2.916,0.005,0.011697,-0.010691,0
8.525,2.972,0.005,0.0029784,-0.0039747,1.1664e-23
8.975,2.5568,0.005,0.0093975,-0.003285,-5.4684e-23
8.925,2.6068,0.005,0.012705,-0.0093617,8.2272e-24
8.875,2.6569,0.005,0.017523,-0.013642,-3.4304e-24
8.825,2.7069,0.005,0.019507,-0.016885,4.0062e-24
8.775,2.7569,0.005,0.018857,-0.01819,2.1538e-24
8.725,2.807,0.005,0.016126,-0.017124,-5.696e-27
8.675,2.86,0.005,0.011096,-0.013249,-5.8522e-25
8.625,2.916,0.005,0.0031154,-0.0079237,-8.2e-25
8.575,2.972,0.005,-0.0025217,-0.0034131,2.0486e-24
8.975,2.6068,0.005,0.0082426,0.0056475,6.8191e-37
8.925,2.6569,0.005,0.010007,-0.0012895,1.1597e-23
8.875,2.7069,0.005,0.012691,-0.006519,-2.573e-24
8.825,2.7569,0.005,0.012162,-0.010203,3.8975e-24
8.775,2.807,0.005,0.0093911,-0.011441,-2.1192e-24
8.725,2.86,0.005,0.0043427,-0.0098911,8.4151e-25
8.675,2.916,0.005,-0.0024037,-0.0061138,4.5423e-37
8.625,2.972,0.005,-0.007827,-0.0036752,-6.0726e-25
8.975,2.6569,0.005,0.0071792,0.012599,4.9796e-31
8.925,2.7069,0.005,0.0066908,0.0050417,-1.1386e-23
8.875,2.7569,0.005,0.0071615,-0.0011679,8.1078e-24
8.825,2.807,0.005,0.004432,-0.0055324,-7.114e-25
8.775,2.86,0.005,-0.00058777,-0.0062129,4.6062e-24
8.725,2.916,0.005,-0.0068935,-0.0047963,4.1639e-24
8.675,2.972,0.005,-0.011532,-0.0022727,3.1459e-24
8.975,2.7069,0.005,0.005815,0.019319,-1.3618e-23
8.925,2.7569,0.005,0.00262,0.009408,6.9905e-24
8.875,2.807,0.005,0.0015663,0.0019723,-3.247e-24
8.825,2.86,0.005,-0.0037992,-0.0011194,0
8.775,2.916,0.005,-0.010246,-0.0030912,-2.4176e-37
8.725,2.972,0.005,-0.014666,-0.00053879,3.9466e-37
8.975,2.7569,0.005,0.0040964,0.022504,1.2652e-23
8.925,2.807,0.005,-0.0013411,0.011709,-5.0056e-24
8.875,2.86,0.005,-0.0049421,0.0049137,6.0913e-24
8.825,2.916,0.005,-0.012052,-0.00039935,0
8.775,2.972,0.005,-0.016773,0.0014393,2.1293e-24
8.975,2.807,0.005,0.0020871,0.022906,-4.8364e-24
8.925,2.86,0.005,-0.0053239,0.012411,1.2519e-23
8.875,2.916,0.005,-0.012062,0.0039964,1.435e-23
8.825,2.972,0.005,-0.017571,0.0036105,-6.5123e-37
8.975,2.86,0.005,-0.00067264,0.020402,4.8984e-25
8.925,2.916,0.005,-0.0092028,0.0092954,7.068e-27
8.875,2.972,0.005,-0.016258,0.0055961,1.6575e-23
8.975,2.916,0.005,-0.0040933,0.014444,-1.5096e-23
8.925,2.972,0.005,-0.0095138,0.0077886,-2.0185e-23
8.975,2.972,0.005,-0.0039999,0.010015,0
