"Points:0","Points:1","Points:2","U:0","U:1","U:2","blendedIndicatorU","k","nut","omega","p"
0.025,0.024,0.005,-0.0012606,0.00049293,0,0,6.3051e-08,2.9681e-08,2.1243,0.0152
0.075,0.024,0.005,-0.002912,0.0006546,-1.2711e-24,0,3.452e-07,1.625e-07,2.1243,0.015196
0.025,0.072,0.005,-0.00094455,0.0020162,-1.174e-24,0,1.6039e-07,8.1926e-08,1.9578,0.015195
0.125,0.024,0.005,-0.0042304,-0.00020358,1.3375e-39,0,1.1492e-06,5.4099e-07,2.1243,0.015194
0.075,0.072,0.005,-0.0017421,0.0018971,-8.886e-24,0,1.3987e-06,1.6791e-06,0.83297,0.015189
0.025,0.12,0.005,-0.00039345,0.0027955,-8.3414e-25,0,7.9536e-08,4.0626e-08,1.9578,0.015189
0.175,0.024,0.005,-0.0046396,-0.0010591,-1.204e-38,0,3.1708e-06,1.4926e-06,2.1243,0.015201
0.125,0.072,0.005,-0.0020441,0.00089228,2.4302e-24,0,5.1038e-06,7.6986e-06,0.66296,0.015185
0.075,0.12,0.005,-0.00013698,0.0025005,1.886e-24,0,1.4458e-06,2.581e-06,0.56019,0.015185
0.025,0.168,0.005,2.7829e-05,0.0024899,-2.8493e-25,0,8.8376e-08,4.5141e-08,1.9578,0.015187
0.225,0.024,0.005,-0.0028979,-0.0017507,9.8768e-24,0,7.2864e-06,3.43e-06,2.1243,0.01522
0.175,0.072,0.005,-0.00042892,-0.00095058,-7.19e-24,0,1.52e-05,3.0717e-05,0.49485,0.01519
0.125,0.12,0.005,0.00080788,0.00029403,0,0,8.9098e-06,2.1607e-05,0.41236,0.015183
0.075,0.168,0.005,0.00064512,0.001735,-1.6857e-24,0,2.3189e-06,4.1769e-06,0.55519,0.015186
0.025,0.216,0.005,0.00024334,0.0019549,-4.1197e-25,0,1.9869e-07,1.0149e-07,1.9578,0.015187
0.275,0.024,0.005,-0.00045829,-0.0023766,-3.4471e-24,0,1.1868e-05,5.5866e-06,2.1243,0.015242
0.225,0.072,0.005,0.0018941,-0.003123,-4.1313e-24,0,2.8136e-05,5.3784e-05,0.52313,0.015207
0.175,0.12,0.005,0.003064,-0.0030916,6.7471e-25,0,2.2996e-05,5.2197e-05,0.44055,0.015186
0.125,0.168,0.005,0.0025487,-0.0016998,9.0367e-25,0,1.5061e-05,3.0228e-05,0.49823,0.015185
0.075,0.216,0.005,0.0011796,0.00016356,9.7414e-25,0,5.3609e-06,8.0045e-06,0.66974,0.015188
0.025,0.264,0.005,0.00032494,0.0012218,1.9087e-24,0,4.4454e-07,2.2707e-07,1.9578,0.015186
0.325,0.024,0.005,0.003499,-0.00301,-3.3188e-24,0,1.5841e-05,7.4571e-06,2.1243,0.01526
0.275,0.072,0.005,0.005023,-0.004683,4.8527e-24,0,3.9006e-05,7.1566e-05,0.54503,0.015227
0.225,0.12,0.005,0.0061282,-0.0061127,-3.5907e-24,0,3.6179e-05,7.8225e-05,0.46249,0.015198
0.175,0.168,0.005,0.0059778,-0.0061231,5.0775e-25,0,2.9854e-05,5.8526e-05,0.5101,0.015186
0.125,0.216,0.005,0.0043904,-0.0048703,3.48e-26,0,2.1659e-05,3.4921e-05,0.62021,0.015188
0.075,0.264,0.005,0.0023526,-0.0027115,0,0,1.0601e-05,1.2179e-05,0.87041,0.015189
0.025,0.312,0.005,0.00055697,-6.1077e-05,2.0049e-24,0,9.8059e-07,5.0087e-07,1.9578,0.015184
0.375,0.024,0.005,0.0060892,-0.003801,0,0,1.8786e-05,8.8432e-06,2.1243,0.015262
0.325,0.072,0.005,0.0086813,-0.005393,-3.2629e-24,0,4.8155e-05,8.6802e-05,0.55478,0.015236
0.275,0.12,0.005,0.0095432,-0.0080161,-3.7245e-24,0,4.7984e-05,9.8369e-05,0.46552,0.015209
0.225,0.168,0.005,0.0097901,-0.0095864,-1.3794e-25,0,4.2978e-05,8.6353e-05,0.49771,0.01519
0.175,0.216,0.005,0.008934,-0.010077,-3.4046e-39,0,3.6922e-05,6.3799e-05,0.57872,0.015184
0.125,0.264,0.005,0.0069248,-0.0093369,1.2884e-39,0,2.8106e-05,3.9062e-05,0.71952,0.015187
0.075,0.312,0.005,0.0041147,-0.0068668,8.2266e-25,0,1.586e-05,1.5601e-05,1.0167,0.015188
0.025,0.36,0.005,0.0012276,-0.0026131,0,0,2.3281e-06,1.1892e-06,1.9578,0.015181
0.425,0.024,0.005,0.010478,-0.0034194,0,0,2.1202e-05,9.9806e-06,2.1243,0.01524
0.375,0.072,0.005,0.012526,-0.0055335,-5.3871e-24,0,5.5954e-05,0.00010019,0.55851,0.015225
0.325,0.12,0.005,0.01308,-0.008903,1.1124e-24,0,5.8644e-05,0.00011574,0.45819,0.015208
0.275,0.168,0.005,0.013254,-0.011422,9.4455e-25,0,5.5284e-05,0.00011649,0.47457,0.01519
0.225,0.216,0.005,0.012703,-0.013144,1.3265e-24,0,5.0815e-05,9.6457e-05,0.52682,0.015178
0.175,0.264,0.005,0.011306,-0.013973,-5.8736e-39,0,4.4632e-05,7.2065e-05,0.61933,0.015175
0.125,0.312,0.005,0.0090301,-0.013627,1.3432e-24,0,3.5403e-05,4.5766e-05,0.77356,0.015178
0.075,0.36,0.005,0.0057766,-0.011507,-1.6745e-24,0,2.1867e-05,2.0134e-05,1.086,0.015181
0.025,0.408,0.005,0.0020431,-0.0063282,-6.2575e-25,0,4.4829e-06,2.2898e-06,1.9578,0.015171
0.475,0.024,0.005,0.014692,-0.003101,-5.5946e-24,0,2.2746e-05,1.0707e-05,2.1243,0.0152
0.425,0.072,0.005,0.016289,-0.0054489,-3.5337e-24,0,6.2068e-05,0.00011157,0.5563,0.015195
0.375,0.12,0.005,0.016561,-0.0091107,-2.6854e-24,0,6.8159e-05,0.00013699,0.44538,0.015191
0.325,0.168,0.005,0.016495,-0.012134,1.5902e-39,0,6.6984e-05,0.00014929,0.44869,0.015176
0.275,0.216,0.005,0.015868,-0.014541,1.9497e-24,0,6.4442e-05,0.00013438,0.47954,0.015163
0.225,0.264,0.005,0.014625,-0.0163,2.6872e-24,0,6.0816e-05,0.00011315,0.53749,0.015156
0.175,0.312,0.005,0.012709,-0.017317,1.6993e-24,0,5.4752e-05,8.6841e-05,0.63049,0.015156
0.125,0.36,0.005,0.01007,-0.017393,2.2399e-26,0,4.4835e-05,5.713e-05,0.7848,0.01516
0.075,0.408,0.005,0.0065573,-0.015864,1.8197e-38,0,2.921e-05,2.6704e-05,1.0938,0.015162
0.025,0.456,0.005,0.0025439,-0.011267,-7.003e-24,0,7.1966e-06,3.6759e-06,1.9578,0.015142
0.525,0.024,0.005,0.018254,-0.0027777,-1.2209e-23,0,2.3595e-05,1.1107e-05,2.1243,0.015148
0.475,0.072,0.005,0.01974,-0.0051955,-6.6453e-24,0,6.6771e-05,0.00012109,0.55142,0.015153
0.425,0.12,0.005,0.019834,-0.0088991,2.1977e-24,0,7.6402e-05,0.00016323,0.43,0.015158
0.375,0.168,0.005,0.019485,-0.012118,5.103e-24,0,7.7722e-05,0.00018383,0.42278,0.01515
0.325,0.216,0.005,0.018677,-0.014908,-9.9809e-39,0,7.7484e-05,0.00017643,0.43917,0.015137
0.275,0.264,0.005,0.017374,-0.017207,-5.7575e-25,0,7.6557e-05,0.00016193,0.47276,0.015128
0.225,0.312,0.005,0.015563,-0.018992,-1.7911e-24,0,7.3731e-05,0.00013927,0.5294,0.015125
0.175,0.36,0.005,0.013223,-0.020203,-4.2262e-24,0,6.7635e-05,0.00010958,0.61723,0.015126
0.125,0.408,0.005,0.010298,-0.020638,-5.2456e-40,0,5.652e-05,7.3928e-05,0.76452,0.015129
0.075,0.456,0.005,0.0065385,-0.019611,1.64e-25,0,3.7984e-05,3.5735e-05,1.063,0.015126
0.025,0.50502,0.005,0.0024183,-0.015484,-3.4812e-25,0,1.0251e-05,5.236e-06,1.9578,0.015086
0.575,0.024,0.005,0.021494,-0.0024588,3.5263e-24,0,2.3937e-05,1.1268e-05,2.1243,0.015082
0.525,0.072,0.005,0.022979,-0.0047754,1.8274e-38,0,7.0406e-05,0.00012886,0.54638,0.015098
0.475,0.12,0.005,0.022857,-0.0084003,-2.6299e-24,0,8.338e-05,0.00019294,0.41431,0.015112
0.425,0.168,0.005,0.022236,-0.011654,-1.4382e-38,0,8.725e-05,0.00021898,0.39844,0.01511
0.375,0.216,0.005,0.021204,-0.014629,3.51e-39,0,8.9473e-05,0.00022113,0.40461,0.015101
0.325,0.264,0.005,0.019774,-0.017254,-4.1244e-24,0,9.1182e-05,0.00021583,0.42248,0.015091
0.275,0.312,0.005,0.017951,-0.019488,-6.4136e-24,0,9.1432e-05,0.00020096,0.45498,0.015085
0.225,0.36,0.005,0.015732,-0.021332,-2.0643e-24,0,8.903e-05,0.00017575,0.50657,0.015084
0.175,0.408,0.005,0.013098,-0.022737,2.3745e-25,0,8.2479e-05,0.00014052,0.58696,0.015086
0.125,0.456,0.005,0.0099845,-0.023545,-3.0631e-24,0,6.9743e-05,9.6098e-05,0.72575,0.015084
0.075,0.50502,0.005,0.0061886,-0.023195,-1.9751e-25,0,4.7807e-05,4.7034e-05,1.0164,0.01507
0.025,0.55506,0.005,0.0022313,-0.019651,8.0335e-24,0,1.365e-05,6.9722e-06,1.9578,0.015014
0.625,0.024,0.005,0.024411,-0.0021621,1.5272e-24,0,2.3911e-05,1.1256e-05,2.1243,0.015005
0.575,0.072,0.005,0.025992,-0.0042836,7.0594e-24,0,7.2977e-05,0.00013473,0.54163,0.015031
0.525,0.12,0.005,0.025637,-0.0077434,0,0,8.9077e-05,0.00022297,0.3995,0.015054
0.475,0.168,0.005,0.024771,-0.010923,-2.2994e-24,0,9.5467e-05,0.00025359,0.37647,0.01506
0.425,0.216,0.005,0.023513,-0.013958,-4.539e-24,0,0.00010012,0.00026707,0.37488,0.015055
0.375,0.264,0.005,0.021922,-0.016755,-4.3091e-24,0,0.00010424,0.00027247,0.38257,0.015046
0.325,0.312,0.005,0.020031,-0.019264,-4.7261e-24,0,0.00010718,0.0002684,0.39933,0.015039
0.275,0.36,0.005,0.017847,-0.021486,-4.317e-24,0,0.00010801,0.00025193,0.42872,0.015035
0.225,0.408,0.005,0.015355,-0.023422,-2.1713e-24,0,0.00010554,0.00022263,0.47406,0.015035
0.175,0.456,0.005,0.01254,-0.025047,4.4324e-25,0,9.8153e-05,0.00017943,0.54702,0.015035
0.125,0.50502,0.005,0.0093369,-0.026284,-4.4642e-24,0,8.346e-05,0.000123,0.67854,0.015026
0.075,0.55506,0.005,0.0057011,-0.026578,1.1674e-24,0,5.815e-05,6.0183e-05,0.96622,0.014999
0.025,0.60511,0.005,0.0020248,-0.023417,-7.4283e-24,0,1.7255e-05,8.8138e-06,1.9578,0.014933
0.675,0.024,0.005,0.026978,-0.0018914,7.5443e-24,0,2.3601e-05,1.111e-05,2.1243,0.014924
0.625,0.072,0.005,0.02874,-0.0037956,-6.8104e-24,0,7.4639e-05,0.00013893,0.53725,0.014956
0.575,0.12,0.005,0.028193,-0.0070328,-7.7627e-24,0,9.3461e-05,0.0002422,0.38588,0.014988
0.525,0.168,0.005,0.027114,-0.010053,-2.4576e-24,0,0.00010234,0.00028664,0.35705,0.015
0.475,0.216,0.005,0.025647,-0.013058,0,0,0.00010928,0.00031263,0.34954,0.015001
0.425,0.264,0.005,0.023887,-0.015914,-2.4615e-24,0,0.00011554,0.00033009,0.35002,0.014995
0.375,0.312,0.005,0.021893,-0.018574,-2.3648e-24,0,0.00012073,0.00033807,0.35711,0.014987
0.325,0.36,0.005,0.01969,-0.021029,2.291e-24,0,0.00012415,0.00033359,0.37217,0.014981
0.275,0.408,0.005,0.017272,-0.02328,2.3071e-24,0,0.00012499,0.00031454,0.39738,0.014979
0.225,0.456,0.005,0.014618,-0.025336,2.342e-25,0,0.00012203,0.00027905,0.43731,0.014979
0.175,0.50502,0.005,0.011709,-0.027229,5.2671e-24,0,0.0001136,0.00022512,0.5046,0.014973
0.125,0.55506,0.005,0.0085264,-0.02885,-1.2082e-24,0,9.7384e-05,0.00015468,0.62957,0.014957
0.075,0.60511,0.005,0.0051532,-0.029619,-1.2698e-23,0,6.8493e-05,7.4599e-05,0.91816,0.014921
0.025,0.65515,0.005,0.0018172,-0.026803,-2.9886e-25,0,2.104e-05,1.0747e-05,1.9578,0.014851
0.725,0.024,0.005,0.029218,-0.0016443,1.048e-23,0,2.3069e-05,1.0859e-05,2.1243,0.014842
0.675,0.072,0.005,0.031211,-0.0033352,-3.9805e-24,0,7.5569e-05,0.00014168,0.53339,0.014878
0.625,0.12,0.005,0.030536,-0.0063213,-3.0296e-24,0,9.6717e-05,0.00025889,0.37358,0.014915
0.575,0.168,0.005,0.029281,-0.0091391,2.5292e-24,0,0.00010792,0.00031743,0.33998,0.014933
0.525,0.216,0.005,0.027631,-0.012042,0,0,0.00011692,0.00035639,0.32806,0.01494
0.475,0.264,0.005,0.02571,-0.014874,-2.3914e-24,0,0.00012504,0.0003867,0.32334,0.014938
0.425,0.312,0.005,0.023599,-0.017594,-4.1377e-24,0,0.00013206,0.00040764,0.32397,0.014931
0.375,0.36,0.005,0.021343,-0.020176,2.2197e-24,0,0.00013751,0.00041646,0.33018,0.014925
0.325,0.408,0.005,0.018943,-0.022614,5.8779e-24,0,0.00014083,0.00041024,0.34328,0.014921
0.275,0.456,0.005,0.016384,-0.024922,4.3959e-24,0,0.00014123,0.00038661,0.36531,0.014919
0.225,0.50502,0.005,0.013638,-0.027147,1.0205e-25,0,0.00013761,0.00034236,0.40194,0.014915
0.175,0.55506,0.005,0.010725,-0.02929,5.0351e-24,0,0.00012862,0.00027695,0.46442,0.014904
0.125,0.60511,0.005,0.0076637,-0.031189,8.9922e-24,0,0.0001107,0.00018904,0.58558,0.014882
0.075,0.65515,0.005,0.0045991,-0.032325,-3.1777e-24,0,7.8714e-05,9.0041e-05,0.8742,0.01484
0.025,0.70519,0.005,0.0016153,-0.029811,1.13e-23,0,2.4989e-05,1.2764e-05,1.9578,0.01477
0.775,0.024,0.005,0.031156,-0.001418,-9.7127e-24,0,2.2358e-05,1.0525e-05,2.1243,0.014762
0.725,0.072,0.005,0.03341,-0.0029055,3.255e-24,0,7.5915e-05,0.0001432,0.53014,0.0148
0.675,0.12,0.005,0.03266,-0.0056331,-1.9955e-24,0,9.9003e-05,0.00027303,0.36261,0.01484
0.625,0.168,0.005,0.031271,-0.0082318,2.1862e-24,0,0.00011227,0.00034542,0.32502,0.014862
0.575,0.216,0.005,0.029475,-0.010985,4.5243e-24,0,0.00012309,0.0003973,0.30983,0.014874
0.525,0.264,0.005,0.027413,-0.013734,1.9627e-24,0,0.00013279,0.00044051,0.30144,0.014875
0.475,0.312,0.005,0.025188,-0.016443,-4.149e-25,0,0.0001413,0.00047475,0.29764,0.014871
0.425,0.36,0.005,0.02286,-0.019074,2.1283e-24,0,0.00014829,0.00049709,0.29832,0.014866
0.375,0.408,0.005,0.020443,-0.021614,4.1104e-24,0,0.00015343,0.00050472,0.30398,0.014861
0.325,0.456,0.005,0.017926,-0.024067,3.7244e-24,0,0.00015625,0.00049477,0.3158,0.014858
0.275,0.50502,0.005,0.01528,-0.026479,8.8765e-26,0,0.0001561,0.00046405,0.3364,0.014855
0.225,0.55506,0.005,0.012513,-0.028867,-6.2753e-24,0,0.00015228,0.00041121,0.37031,0.014847
0.175,0.60511,0.005,0.0096898,-0.031189,-7.5129e-25,0,0.00014247,0.00033112,0.43026,0.014831
0.125,0.65515,0.005,0.0068105,-0.033306,3.4664e-24,0,0.00012328,0.00022502,0.54788,0.014805
0.075,0.70519,0.005,0.0040632,-0.034707,5.8999e-24,0,8.8765e-05,0.00010631,0.83499,0.01476
0.025,0.75523,0.005,0.0014227,-0.032459,-1.814e-25,0,2.9099e-05,1.4863e-05,1.9578,0.014694
0.825,0.024,0.005,0.032812,-0.0012094,8.7453e-25,0,2.1502e-05,1.0122e-05,2.1243,0.014685
0.775,0.072,0.005,0.03536,-0.0025031,-3.8619e-24,0,7.5785e-05,0.00014366,0.52755,0.014723
0.725,0.12,0.005,0.034567,-0.0049769,-2.239e-38,0,0.00010047,0.00028468,0.35291,0.014764
0.675,0.168,0.005,0.033086,-0.0073521,1.5836e-24,0,0.00011552,0.00037033,0.31194,0.014788
0.625,0.216,0.005,0.03118,-0.0099306,2.1707e-24,0,0.00012792,0.00043465,0.29429,0.014804
0.575,0.264,0.005,0.029005,-0.012557,1.9432e-24,0,0.00013893,0.00049032,0.28335,0.014809
0.525,0.312,0.005,0.026682,-0.015203,-3.3525e-25,0,0.00014863,0.00053744,0.27655,0.014808
0.475,0.36,0.005,0.024278,-0.01783,2.0263e-24,0,0.00015679,0.00057311,0.27358,0.014804
0.425,0.408,0.005,0.021821,-0.020409,3.2464e-25,0,0.00016324,0.00059434,0.27466,0.014799
0.375,0.456,0.005,0.019311,-0.022937,1.9424e-39,0,0.00016775,0.00059829,0.28039,0.014796
0.325,0.50502,0.005,0.016717,-0.025449,1.9619e-24,0,0.00017003,0.00058231,0.292,0.014792
0.275,0.55506,0.005,0.014043,-0.027963,-1.9533e-25,0,0.00016976,0.00054514,0.31141,0.014787
0.225,0.60511,0.005,0.011339,-0.030464,-3.506e-24,0,0.00016545,0.00048056,0.34428,0.014777
0.175,0.65515,0.005,0.0086581,-0.032927,-4.1519e-24,0,0.00015513,0.00038575,0.40216,0.014758
0.125,0.70519,0.005,0.0059966,-0.035202,-1.4411e-24,0,0.00013515,0.00026176,0.5163,0.01473
0.075,0.75523,0.005,0.0035581,-0.036787,-1.6606e-24,0,9.8633e-05,0.0001232,0.80056,0.014686
0.025,0.80528,0.005,0.0012401,-0.034772,-8.2843e-24,0,3.3372e-05,1.7046e-05,1.9578,0.014626
0.875,0.024,0.005,0.034202,-0.0010156,3.5897e-24,0,2.0527e-05,9.6631e-06,2.1243,0.014613
0.825,0.072,0.005,0.037061,-0.0021267,-6.5607e-24,0,7.5267e-05,0.0001432,0.52561,0.01465
0.775,0.12,0.005,0.036267,-0.0043548,-3.3198e-24,0,0.00010123,0.00029394,0.34439,0.01469
0.725,0.168,0.005,0.034725,-0.0065115,4.2015e-24,0,0.0001178,0.00039202,0.30049,0.014715
0.675,0.216,0.005,0.032744,-0.0089024,3.8923e-24,0,0.00013152,0.00046807,0.28098,0.014733
0.625,0.264,0.005,0.030489,-0.011382,-6.9397e-39,0,0.00014363,0.0005354,0.26826,0.014741
0.575,0.312,0.005,0.028085,-0.013932,-1.9833e-24,0,0.00015425,0.00059456,0.25944,0.014742
0.525,0.36,0.005,0.025614,-0.01651,1.6081e-24,0,0.00016329,0.00064271,0.25407,0.01474
0.475,0.408,0.005,0.023112,-0.019084,1.837e-24,0,0.00017068,0.00067676,0.2522,0.014736
0.425,0.456,0.005,0.020589,-0.021637,1.8826e-25,0,0.00017637,0.00069398,0.25414,0.014733
0.375,0.50502,0.005,0.018013,-0.024198,-1.7209e-24,0,0.0001803,0.00069232,0.26042,0.01473
0.325,0.55506,0.005,0.015391,-0.026773,7.1553e-39,0,0.00018241,0.00067101,0.27184,0.014725
0.275,0.60511,0.005,0.012764,-0.029352,1.6071e-24,0,0.00018177,0.00062416,0.29123,0.014719
0.225,0.65515,0.005,0.010167,-0.03194,-1.5385e-24,0,0.00017722,0.00054804,0.32338,0.014708
0.175,0.70519,0.005,0.0076602,-0.034501,1.4396e-24,0,0.00016674,0.00043942,0.37946,0.014688
0.125,0.75523,0.005,0.0052361,-0.036878,2.8818e-38,0,0.00014637,0.00029859,0.49022,0.01466
0.075,0.80528,0.005,0.0030888,-0.038586,-7.1844e-24,0,0.00010833,0.00014057,0.77067,0.014619
0.025,0.85532,0.005,0.0010673,-0.036775,-1.3057e-25,0,3.7819e-05,1.9317e-05,1.9578,0.014567
0.925,0.024,0.005,0.035343,-0.0008324,-3.8433e-24,0,1.9457e-05,9.1592e-06,2.1243,0.014547
0.875,0.072,0.005,0.038549,-0.0017716,-3.0957e-24,0,7.4415e-05,0.00014194,0.52427,0.014581
0.825,0.12,0.005,0.037762,-0.0037669,-1.3942e-38,0,0.00010142,0.00030095,0.33698,0.014619
0.775,0.168,0.005,0.036191,-0.005709,1.7111e-24,0,0.00011924,0.0004105,0.29047,0.014644
0.725,0.216,0.005,0.034167,-0.0079097,-1.9926e-24,0,0.00013406,0.00049739,0.26952,0.014662
0.675,0.264,0.005,0.031859,-0.010231,-3.6744e-24,0,0.00014705,0.00057539,0.25556,0.014672
0.625,0.312,0.005,0.029397,-0.012663,-1.8549e-24,0,0.0001584,0.00064554,0.24538,0.014676
0.575,0.36,0.005,0.026871,-0.01516,3.3515e-24,0,0.00016809,0.00070505,0.2384,0.014675
0.525,0.408,0.005,0.024328,-0.017691,3.2025e-24,0,0.00017613,0.00075082,0.23458,0.014672
0.475,0.456,0.005,0.021782,-0.020235,1.6018e-24,0,0.00018261,0.00078021,0.23405,0.014669
0.425,0.50502,0.005,0.019209,-0.022806,6.7192e-26,0,0.00018763,0.00079167,0.237,0.014666
0.375,0.55506,0.005,0.016611,-0.025405,-1.5055e-24,0,0.00019131,0.00078498,0.24371,0.014663
0.325,0.60511,0.005,0.014029,-0.028018,1.4892e-24,0,0.00019308,0.00075505,0.25572,0.014659
0.275,0.65515,0.005,0.011487,-0.030651,1.445e-24,0,0.00019231,0.0006987,0.27524,0.014653
0.225,0.70519,0.005,0.009027,-0.033297,-1.349e-24,0,0.00018782,0.0006121,0.30685,0.014642
0.175,0.75523,0.005,0.0067109,-0.035911,1.9166e-24,0,0.00017749,0.00049119,0.36135,0.014622
0.125,0.80528,0.005,0.0045302,-0.038342,4.1543e-24,0,0.00015708,0.000335,0.4689,0.014597
0.075,0.85532,0.005,0.002656,-0.040124,2.952e-24,0,0.00011789,0.00015825,0.74493,0.014561
0.025,0.90536,0.005,0.00090296,-0.038491,-2.1122e-40,0,4.2456e-05,2.1686e-05,1.9578,0.014518
0.975,0.024,0.005,0.03625,-0.0006561,6.1329e-25,0,1.8301e-05,8.6152e-06,2.1243,0.014489
0.925,0.072,0.005,0.039796,-0.0014582,2.6499e-24,0,7.3203e-05,0.00013994,0.5231,0.014518
0.875,0.12,0.005,0.039068,-0.0032061,3.6473e-24,0,0.00010111,0.00030585,0.33058,0.014553
0.825,0.168,0.005,0.037489,-0.0049454,5.1744e-24,0,0.00011996,0.00042582,0.28171,0.014575
0.775,0.216,0.005,0.035448,-0.0069583,1.862e-24,0,0.00013567,0.00052263,0.25959,0.014594
0.725,0.264,0.005,0.033113,-0.0091173,-3.4374e-24,0,0.00014937,0.00061025,0.24477,0.014604
0.675,0.312,0.005,0.030615,-0.011414,-1.5851e-24,0,0.00016129,0.00069024,0.23367,0.014609
0.625,0.36,0.005,0.02805,-0.013808,1.4779e-24,0,0.00017144,0.00075992,0.2256,0.014609
0.575,0.408,0.005,0.025471,-0.01627,1.1404e-38,0,0.00017993,0.00081618,0.22045,0.014608
0.525,0.456,0.005,0.022902,-0.018773,1.5101e-24,0,0.00018691,0.00085646,0.21824,0.014605
0.475,0.50502,0.005,0.020321,-0.021327,6.2863e-26,0,0.00019262,0.0008796,0.21899,0.014603
0.425,0.55506,0.005,0.017733,-0.023923,1.4434e-38,0,0.00019728,0.00088574,0.22273,0.0146
0.375,0.60511,0.005,0.015177,-0.026541,-6.4253e-39,0,0.00020059,0.00087069,0.23039,0.014598
0.325,0.65515,0.005,0.012669,-0.029187,1.2525e-38,0,0.00020225,0.00083224,0.24302,0.014595
0.275,0.70519,0.005,0.010241,-0.031855,1.3017e-24,0,0.00020161,0.0007674,0.26272,0.01459
0.225,0.75523,0.005,0.007937,-0.03453,3.5307e-25,0,0.00019747,0.00067187,0.29391,0.01458
0.175,0.80528,0.005,0.0058171,-0.037161,2.1437e-24,0,0.00018757,0.00054047,0.34704,0.014562
0.125,0.85532,0.005,0.0038747,-0.039605,1.7243e-24,0,0.00016738,0.00037062,0.45162,0.014541
0.075,0.90536,0.005,0.0022574,-0.04142,8.5885e-25,0,0.00012735,0.00017615,0.72294,0.014512
0.025,0.9554,0.005,0.00074549,-0.039942,1.8288e-24,0,4.7309e-05,2.4165e-05,1.9578,0.01448
1.025,0.024,0.005,0.036936,-0.00049239,3.3554e-24,0,1.7084e-05,8.0421e-06,2.1243,0.014438
0.975,0.072,0.005,0.04089,-0.0011531,9.991e-25,0,7.1646e-05,0.00013726,0.52197,0.014462
0.925,0.12,0.005,0.04018,-0.0026773,-1.2714e-24,0,0.00010037,0.00030878,0.32505,0.014492
0.875,0.168,0.005,0.038622,-0.0042184,-3.8886e-25,0,0.00012007,0.00043812,0.27406,0.014512
0.825,0.216,0.005,0.036587,-0.0060488,1.5221e-24,0,0.0001365,0.00054389,0.25097,0.014528
0.775,0.264,0.005,0.034247,-0.0080429,1.6005e-24,0,0.00015076,0.00064009,0.23553,0.014539
0.725,0.312,0.005,0.031733,-0.010196,-1.6122e-24,0,0.0001631,0.00072877,0.2238,0.014544
0.675,0.36,0.005,0.029145,-0.012473,1.7792e-24,0,0.00017358,0.00080745,0.21498,0.014545
0.625,0.408,0.005,0.026541,-0.014844,1.3286e-24,0,0.00018236,0.00087302,0.20889,0.014544
0.575,0.456,0.005,0.023952,-0.017284,-1.4872e-24,0,0.00018965,0.00092294,0.20549,0.014542
0.525,0.50502,0.005,0.02136,-0.019795,-1.2815e-24,0,0.00019576,0.00095633,0.2047,0.014539
0.475,0.55506,0.005,0.018772,-0.022365,-1.356e-24,0,0.00020098,0.0009735,0.20645,0.014537
0.425,0.60511,0.005,0.016229,-0.024969,6.6389e-27,0,0.00020521,0.00097105,0.21133,0.014536
0.375,0.65515,0.005,0.013742,-0.027606,-1.297e-24,0,0.00020837,0.00094768,0.21988,0.014536
0.325,0.70519,0.005,0.011335,-0.030274,-3.882e-24,0,0.00021017,0.00090162,0.2331,0.014535
0.275,0.75523,0.005,0.0090405,-0.03296,-2.3576e-24,0,0.00020994,0.00082973,0.25302,0.014531
0.225,0.80528,0.005,0.0069044,-0.035637,-2.1288e-24,0,0.0002064,0.000727,0.2839,0.014523
0.175,0.85532,0.005,0.0049812,-0.038253,-2.2893e-24,0,0.00019714,0.00058697,0.33586,0.01451
0.125,0.90536,0.005,0.0032656,-0.040675,-1.373e-24,0,0.00017738,0.00040521,0.43776,0.014494
0.075,0.9554,0.005,0.0018889,-0.042492,2.7515e-33,0,0.00013675,0.00019417,0.70431,0.014473
0.025,1.0054,0.005,0.00059278,-0.041147,-1.4831e-25,0,5.2409e-05,2.677e-05,1.9578,0.014453
1.075,0.024,0.005,0.03741,-0.00033626,4.5199e-25,0,1.5808e-05,7.4417e-06,2.1243,0.014394
1.025,0.072,0.005,0.041749,-0.00085334,7.6437e-25,0,6.9845e-05,0.000134,0.52124,0.014414
0.975,0.12,0.005,0.041108,-0.0021721,-2.9361e-24,0,9.9273e-05,0.00030992,0.32032,0.014437
0.925,0.168,0.005,0.039594,-0.0035271,-3.0133e-25,0,0.00011966,0.00044756,0.26737,0.014453
0.875,0.216,0.005,0.037585,-0.0051782,3.8626e-39,0,0.00013666,0.00056136,0.24345,0.014468
0.825,0.264,0.005,0.03526,-0.0070089,-8.0411e-27,0,0.00015136,0.00066516,0.22756,0.014476
0.775,0.312,0.005,0.032749,-0.0090152,1.3914e-24,0,0.00016402,0.00076146,0.2154,0.014481
0.725,0.36,0.005,0.030153,-0.011165,1.742e-25,0,0.00017473,0.00084803,0.20604,0.014482
0.675,0.408,0.005,0.027535,-0.013432,-1.4521e-24,0,0.00018368,0.0009218,0.19927,0.014481
0.625,0.456,0.005,0.024932,-0.01579,1.3472e-24,0,0.00019113,0.00098024,0.19499,0.014479
0.575,0.50502,0.005,0.022328,-0.018238,1.3273e-24,0,0.00019743,0.0010226,0.19307,0.014477
0.525,0.55506,0.005,0.019736,-0.020761,1.2498e-24,0,0.00020292,0.0010492,0.1934,0.014475
0.475,0.60511,0.005,0.017197,-0.023332,1.2265e-24,0,0.00020764,0.0010573,0.19639,0.014474
0.425,0.65515,0.005,0.014723,-0.025945,3.4582e-26,0,0.00021165,0.0010462,0.2023,0.014475
0.375,0.70519,0.005,0.012328,-0.028595,-2.3602e-24,0,0.00021491,0.0010153,0.21166,0.014477
0.325,0.75523,0.005,0.010039,-0.031273,-1.1523e-24,0,0.0002171,0.00096299,0.22545,0.014478
0.275,0.80528,0.005,0.007891,-0.033957,-2.5055e-39,0,0.00021752,0.00088567,0.2456,0.014477
0.225,0.85532,0.005,0.0059278,-0.036614,-2.069e-24,0,0.0002148,0.00077753,0.27626,0.014473
0.175,0.90536,0.005,0.0041977,-0.039188,8.5027e-25,0,0.00020638,0.00063065,0.32725,0.014466
0.125,0.9554,0.005,0.0026968,-0.041561,1.6943e-24,0,0.00018721,0.00043865,0.42678,0.014457
0.075,1.0054,0.005,0.0015455,-0.043352,-1.8329e-24,0,0.00014616,0.00021222,0.68872,0.014445
0.025,1.0555,0.005,0.00044284,-0.042121,-7.195e-25,0,5.78e-05,2.9524e-05,1.9578,0.014437
1.125,0.024,0.005,0.037673,-0.00020006,-1.8714e-24,0,1.4484e-05,6.8183e-06,2.1243,0.014358
1.075,0.072,0.005,0.042396,-0.00055815,-2.6751e-24,0,6.7859e-05,0.00013023,0.52108,0.014374
1.025,0.12,0.005,0.041861,-0.0016743,1.4937e-24,0,9.7872e-05,0.00030937,0.31636,0.014391
0.975,0.168,0.005,0.040406,-0.0028642,4.1023e-24,0,0.00011882,0.00045428,0.26156,0.014402
0.925,0.216,0.005,0.038443,-0.0043435,2.6188e-24,0,0.00013627,0.00057526,0.23688,0.014412
0.875,0.264,0.005,0.03615,-0.0060136,-4.9408e-39,0,0.00015131,0.00068573,0.22065,0.014419
0.825,0.312,0.005,0.03366,-0.0078725,-1.9313e-38,0,0.0001642,0.00078869,0.2082,0.014422
0.775,0.36,0.005,0.031071,-0.0098909,2.4468e-24,0,0.00017507,0.00088216,0.19845,0.014422
0.725,0.408,0.005,0.02845,-0.012043,-9.8097e-25,0,0.00018411,0.00096314,0.19116,0.014421
0.675,0.456,0.005,0.02584,-0.014306,-3.9296e-24,0,0.00019162,0.0010291,0.1862,0.014419
0.625,0.50502,0.005,0.023227,-0.016675,-1.14e-24,0,0.00019797,0.0010794,0.18341,0.014416
0.575,0.55506,0.005,0.020629,-0.019134,1.2048e-24,0,0.00020352,0.0011142,0.18266,0.014414
0.525,0.60511,0.005,0.01809,-0.021654,2.3213e-24,0,0.00020841,0.0011311,0.18426,0.014413
0.475,0.65515,0.005,0.01562,-0.024228,-2.2287e-39,0,0.00021282,0.00113,0.18835,0.014415
0.425,0.70519,0.005,0.013231,-0.026848,-1.0654e-24,0,0.00021686,0.001111,0.19519,0.014418
0.375,0.75523,0.005,0.010944,-0.029503,2.237e-24,0,0.00022045,0.0010738,0.2053,0.014423
0.325,0.80528,0.005,0.0087858,-0.032177,1.9826e-24,0,0.00022328,0.0010167,0.21962,0.014427
0.275,0.85532,0.005,0.0067917,-0.03484,0,0,0.00022457,0.00093556,0.24004,0.01443
0.225,0.90536,0.005,0.0050019,-0.037456,-8.8716e-25,0,0.00022285,0.00082367,0.27056,0.014431
0.175,0.9554,0.005,0.0034591,-0.039967,-8.0551e-25,0,0.00021542,0.00067156,0.32077,0.01443
0.125,1.0054,0.005,0.0021613,-0.042269,-6.2609e-25,0,0.00019694,0.00047084,0.41828,0.01443
0.075,1.0555,0.005,0.0012238,-0.044015,-9.61e-25,0,0.00015562,0.00023023,0.67592,0.014427
0.025,1.1055,0.005,0.00029435,-0.042876,-4.3256e-25,0,6.3535e-05,3.2453e-05,1.9578,0.014432
1.175,0.024,0.005,0.037723,-7.0674e-05,1.3733e-24,0,1.3167e-05,6.1983e-06,2.1243,0.014331
1.125,0.072,0.005,0.042844,-0.0002635,-3.5619e-24,0,6.5718e-05,0.00012598,0.52163,0.01434
1.075,0.12,0.005,0.042458,-0.001181,-2.1295e-24,0,9.6206e-05,0.00030726,0.31311,0.014351
1.025,0.168,0.005,0.041062,-0.0022216,4.5033e-39,0,0.00011761,0.00045847,0.25654,0.014357
0.975,0.216,0.005,0.039163,-0.0035394,-2.4163e-24,0,0.00013541,0.00058581,0.23115,0.014363
0.925,0.264,0.005,0.036919,-0.0050543,-2.4806e-24,0,0.00015071,0.00070214,0.21465,0.014366
0.875,0.312,0.005,0.034463,-0.0067675,-1.3159e-24,0,0.00016378,0.00081087,0.20198,0.014367
0.825,0.36,0.005,0.031894,-0.0086523,1.3134e-24,0,0.00017475,0.00091036,0.19196,0.014365
0.775,0.408,0.005,0.029283,-0.010685,1.089e-24,0,0.00018383,0.00099769,0.18426,0.014363
0.725,0.456,0.005,0.026674,-0.012842,1.2044e-24,0,0.00019132,0.0010703,0.17875,0.01436
0.675,0.50502,0.005,0.024057,-0.015121,-5.0115e-26,0,0.00019763,0.0011276,0.17526,0.014357
0.625,0.55506,0.005,0.021452,-0.017501,-1.1087e-24,0,0.00020311,0.0011696,0.17365,0.014354
0.575,0.60511,0.005,0.018911,-0.019956,-1.0896e-24,0,0.00020796,0.001194,0.17417,0.014353
0.525,0.65515,0.005,0.016441,-0.022476,-1.1001e-24,0,0.00021245,0.0012011,0.17688,0.014355
0.475,0.70519,0.005,0.014054,-0.025051,1.0411e-25,0,0.00021679,0.0011915,0.18195,0.01436
0.425,0.75523,0.005,0.011765,-0.027672,1.0811e-24,0,0.00022108,0.0011657,0.18965,0.014366
0.375,0.80528,0.005,0.0095962,-0.030322,7.3993e-25,0,0.00022524,0.0011236,0.20046,0.014374
0.325,0.85532,0.005,0.0075764,-0.032978,1.0004e-24,0,0.00022891,0.0010632,0.21531,0.014382
0.275,0.90536,0.005,0.0057385,-0.035605,1.6962e-24,0,0.00023126,0.0009799,0.23601,0.01439
0.225,0.9554,0.005,0.0041196,-0.038161,7.4198e-39,0,0.00023071,0.00086579,0.26647,0.014397
0.175,1.0054,0.005,0.0027571,-0.040591,2.2064e-33,0,0.00022437,0.00070987,0.31607,0.014404
0.125,1.0555,0.005,0.0016503,-0.042803,8.3498e-25,0,0.00020668,0.00050174,0.41193,0.014412
0.075,1.1055,0.005,0.00091773,-0.044485,-1.0425e-24,0,0.00016518,0.00024811,0.66576,0.01442
0.025,1.1556,0.005,0.0001442,-0.043421,-9.1528e-25,0,6.968e-05,3.5592e-05,1.9578,0.014439
1.225,0.024,0.005,0.037561,5.5129e-05,3.2344e-25,0,1.1999e-05,5.6485e-06,2.1243,0.014312
1.175,0.072,0.005,0.043096,3.972e-05,1.0006e-24,0,6.3378e-05,0.00012077,0.52478,0.014315
1.125,0.12,0.005,0.042877,-0.00069302,3.3216e-26,0,9.4317e-05,0.00030367,0.31059,0.014319
1.075,0.168,0.005,0.041574,-0.0015925,-1.3199e-39,0,0.0001161,0.00046025,0.25225,0.01432
1.025,0.216,0.005,0.039746,-0.0027599,-2.3202e-24,0,0.00013416,0.00059322,0.22616,0.01432
0.975,0.264,0.005,0.037565,-0.0041271,-3.2908e-24,0,0.00014967,0.00071469,0.20942,0.014319
0.925,0.312,0.005,0.035157,-0.0056982,-1.0323e-24,0,0.00016287,0.00082843,0.1966,0.014317
0.875,0.36,0.005,0.032622,-0.0074499,6.577e-39,0,0.0001739,0.00093315,0.18636,0.014313
0.825,0.408,0.005,0.03003,-0.0093602,-1.2175e-24,0,0.00018299,0.0010261,0.17834,0.014309
0.775,0.456,0.005,0.027431,-0.011407,0,0,0.00019043,0.0011047,0.17239,0.014305
0.725,0.50502,0.005,0.024815,-0.013586,-4.0201e-26,0,0.00019664,0.0011683,0.16831,0.014301
0.675,0.55506,0.005,0.022208,-0.015878,1.1317e-24,0,0.00020196,0.0012168,0.16598,0.014297
0.625,0.60511,0.005,0.019662,-0.018255,1.034e-24,0,0.00020664,0.0012478,0.16561,0.014296
0.575,0.65515,0.005,0.01719,-0.020707,-9.8277e-25,0,0.000211,0.0012617,0.16723,0.014297
0.525,0.70519,0.005,0.014801,-0.023225,-1.8633e-24,0,0.00021531,0.0012596,0.17094,0.014302
0.475,0.75523,0.005,0.012508,-0.025798,-1.0394e-24,0,0.00021978,0.0012424,0.1769,0.014309
0.425,0.80528,0.005,0.010329,-0.028412,0,0,0.00022453,0.0012111,0.18539,0.014319
0.375,0.85532,0.005,0.0082858,-0.031046,7.6164e-25,0,0.00022947,0.0011655,0.19688,0.01433
0.325,0.90536,0.005,0.0064076,-0.03367,1.6323e-24,0,0.00023417,0.0011033,0.21224,0.014343
0.275,0.9554,0.005,0.0047254,-0.036246,1.4701e-24,0,0.00023774,0.0010193,0.23325,0.014357
0.225,1.0054,0.005,0.0032728,-0.038727,1.2653e-24,0,0.00023848,0.00090425,0.26373,0.014371
0.175,1.0555,0.005,0.0020836,-0.041061,1.0256e-24,0,0.00023334,0.00074573,0.3129,0.014386
0.125,1.1055,0.005,0.0011576,-0.043169,1.2659e-24,0,0.0002165,0.0005313,0.4075,0.014405
0.075,1.1556,0.005,0.00062303,-0.044764,2.2569e-25,0,0.0001749,0.00026575,0.65816,0.014424
0.025,1.2056,0.005,-1.7523e-05,-0.043759,-6.2364e-25,0,7.6311e-05,3.8979e-05,1.9578,0.014458
1.275,0.024,0.005,0.037179,0.00018713,1.6605e-26,0,1.0934e-05,5.1472e-06,2.1243,0.014303
1.225,0.072,0.005,0.043155,0.00034153,-2.2101e-25,0,6.0864e-05,0.00011402,0.53381,0.014298
1.175,0.12,0.005,0.04318,-0.00020868,6.787e-25,0,9.2221e-05,0.00029851,0.30893,0.014296
1.125,0.168,0.005,0.041941,-0.00097998,1.059e-24,0,0.00011432,0.00045977,0.24864,0.01429
1.075,0.216,0.005,0.040199,-0.0019985,8.4159e-25,0,0.0001326,0.0005977,0.22184,0.014284
1.025,0.264,0.005,0.038091,-0.003227,1.1526e-24,0,0.00014825,0.00072366,0.20487,0.014278
0.975,0.312,0.005,0.035743,-0.0046615,-1.1709e-24,0,0.00016156,0.00084175,0.19193,0.014272
0.925,0.36,0.005,0.033252,-0.0062825,2.6495e-25,0,0.00017264,0.00095103,0.18153,0.014266
0.875,0.408,0.005,0.030691,-0.00807,-1.1611e-40,0,0.00018172,0.0010489,0.17325,0.014259
0.825,0.456,0.005,0.028109,-0.010003,-2.2098e-24,0,0.00018909,0.0011328,0.16692,0.014253
0.775,0.50502,0.005,0.025502,-0.012077,-8.4988e-25,0,0.00019516,0.0012022,0.16234,0.014248
0.725,0.55506,0.005,0.022894,-0.014273,9.6428e-25,0,0.00020028,0.0012565,0.15939,0.014243
0.675,0.60511,0.005,0.020346,-0.016564,8.637e-39,0,0.00020472,0.0012936,0.15826,0.01424
0.625,0.65515,0.005,0.01787,-0.018939,-9.3326e-25,0,0.00020881,0.0013136,0.15896,0.014241
0.575,0.70519,0.005,0.015477,-0.021387,-9.8608e-25,0,0.00021287,0.0013177,0.16155,0.014245
0.525,0.75523,0.005,0.013177,-0.0239,-8.2735e-25,0,0.0002172,0.0013071,0.16617,0.014253
0.475,0.80528,0.005,0.010987,-0.026465,0,0,0.00022201,0.0012836,0.17296,0.014263
0.425,0.85532,0.005,0.0089239,-0.029063,-9.7947e-25,0,0.00022742,0.0012481,0.18222,0.014277
0.375,0.90536,0.005,0.0070108,-0.03167,-1.5768e-24,0,0.0002333,0.0012003,0.19436,0.014293
0.325,0.9554,0.005,0.0052748,-0.03425,-1.4373e-24,0,0.0002392,0.0011377,0.21025,0.014312
0.275,1.0054,0.005,0.0037454,-0.03676,-3.4701e-39,0,0.00024413,0.0010542,0.23159,0.014332
0.225,1.0555,0.005,0.0024537,-0.039153,2.7268e-25,0,0.00024628,0.00093945,0.26215,0.014354
0.175,1.1055,0.005,0.0014315,-0.041378,1.4177e-24,0,0.00024241,0.0007793,0.31106,0.014378
0.125,1.1556,0.005,0.00067831,-0.043366,1.0014e-24,0,0.00022648,0.00055944,0.40484,0.014408
0.075,1.2056,0.005,0.00034456,-0.044854,-2.0696e-24,0,0.00018483,0.00028296,0.65322,0.014439
0.025,1.2557,0.005,-0.0001732,-0.043901,-9.3694e-38,0,8.3524e-05,4.2663e-05,1.9578,0.014487
1.325,0.024,0.005,0.036568,0.000316,3.0838e-25,0,9.9413e-06,4.6798e-06,2.1243,0.014302
1.275,0.072,0.005,0.043039,0.00065033,-9.8515e-25,0,5.8214e-05,0.00010629,0.54769,0.014289
1.225,0.12,0.005,0.043268,0.00026112,-1.8143e-24,0,8.9898e-05,0.00029067,0.30927,0.01428
1.175,0.168,0.005,0.042175,-0.00037412,1.5165e-24,0,0.00011231,0.00045704,0.24573,0.014267
1.125,0.216,0.005,0.040525,-0.0012529,-1.4813e-24,0,0.00013076,0.00059941,0.21815,0.014256
1.075,0.264,0.005,0.038499,-0.0023487,-1.1085e-39,0,0.00014654,0.00072932,0.20093,0.014244
1.025,0.312,0.005,0.036221,-0.0036533,7.6401e-25,0,0.00015993,0.00085118,0.18789,0.014234
0.975,0.36,0.005,0.033785,-0.0051476,-1.5775e-24,0,0.00017105,0.00096443,0.17736,0.014224
0.925,0.408,0.005,0.031263,-0.0068139,-1.8975e-24,0,0.00018012,0.0010667,0.16886,0.014214
0.875,0.456,0.005,0.028708,-0.008633,1.0285e-24,0,0.00018742,0.0011554,0.16221,0.014206
0.825,0.50502,0.005,0.026115,-0.010599,-1.8648e-25,0,0.00019336,0.0012301,0.15719,0.014198
0.775,0.55506,0.005,0.023513,-0.012694,9.8299e-25,0,0.00019825,0.0012899,0.1537,0.014192
0.725,0.60511,0.005,0.020964,-0.014892,9.3728e-25,0,0.0002024,0.0013324,0.1519,0.014188
0.675,0.65515,0.005,0.018484,-0.017181,-1.8007e-24,0,0.00020616,0.0013581,0.1518,0.014187
0.625,0.70519,0.005,0.016085,-0.019551,-1.6749e-24,0,0.00020985,0.0013676,0.15344,0.01419
0.575,0.75523,0.005,0.013778,-0.021993,-1.1433e-39,0,0.00021381,0.0013625,0.15692,0.014197
0.525,0.80528,0.005,0.011575,-0.024496,1.4482e-24,0,0.00021834,0.0013447,0.16237,0.014208
0.475,0.85532,0.005,0.009493,-0.027046,9.5418e-25,0,0.00022366,0.0013159,0.16997,0.014223
0.425,0.90536,0.005,0.0075496,-0.02962,-3.6171e-25,0,0.00022989,0.0012774,0.17996,0.014242
0.375,0.9554,0.005,0.0057673,-0.032189,-9.8042e-25,0,0.00023687,0.0012288,0.19276,0.014263
0.325,1.0054,0.005,0.0041718,-0.034712,-2.1268e-24,0,0.00024412,0.0011671,0.20917,0.014288
0.275,1.0555,0.005,0.002791,-0.037144,-8.1802e-25,0,0.00025054,0.0010852,0.23087,0.014315
0.225,1.1055,0.005,0.0016543,-0.039437,-1.5273e-25,0,0.00025419,0.0009717,0.26159,0.014346
0.175,1.1556,0.005,0.00079428,-0.041541,-1.4369e-24,0,0.00025167,0.00081072,0.31043,0.01438
0.125,1.2056,0.005,0.00020756,-0.043392,1.1847e-24,0,0.00023668,0.00058609,0.40383,0.014421
0.075,1.2557,0.005,7.2727e-05,-0.044814,1.0877e-24,0,0.000195,0.00029944,0.65124,0.014464
0.025,1.3057,0.005,-0.00032929,-0.043846,-5.95e-24,0,9.1434e-05,4.6703e-05,1.9578,0.014527
1.375,0.024,0.005,0.035717,0.00045105,3.1283e-25,0,9.0003e-06,4.2368e-06,2.1243,0.014312
1.325,0.072,0.005,0.04275,0.00097591,-7.8501e-25,0,5.5412e-05,9.7864e-05,0.56622,0.014289
1.275,0.12,0.005,0.043201,0.00071006,-1.0442e-24,0,8.7381e-05,0.0002803,0.31174,0.014271
1.225,0.168,0.005,0.04228,0.00024122,0,0,0.00011006,0.0004515,0.24377,0.014252
1.175,0.216,0.005,0.040726,-0.00051778,1.0116e-38,0,0.00012869,0.00059845,0.21504,0.014234
1.125,0.264,0.005,0.038792,-0.0014888,-1.2736e-38,0,0.00014458,0.00073187,0.19755,0.014217
1.075,0.312,0.005,0.036592,-0.002669,0,0,0.00015804,0.00085702,0.18441,0.014202
1.025,0.36,0.005,0.03422,-0.0040418,6.6851e-25,0,0.00016921,0.00097375,0.17377,0.014188
0.975,0.408,0.005,0.031747,-0.0055901,3.4691e-25,0,0.00017827,0.0010799,0.16509,0.014175
0.925,0.456,0.005,0.029227,-0.0072962,-1.0233e-24,0,0.00018552,0.001173,0.15816,0.014163
0.875,0.50502,0.005,0.026655,-0.0091533,8.3135e-25,0,0.00019132,0.0012525,0.15275,0.014153
0.825,0.55506,0.005,0.024063,-0.011145,1.2919e-25,0,0.00019601,0.0013174,0.14878,0.014145
0.775,0.60511,0.005,0.021517,-0.013246,-8.2586e-25,0,0.00019987,0.0013653,0.1464,0.014139
0.725,0.65515,0.005,0.019035,-0.015445,-2.898e-27,0,0.00020325,0.0013962,0.14558,0.014137
0.675,0.70519,0.005,0.016629,-0.01773,7.978e-25,0,0.00020651,0.0014108,0.14638,0.014138
0.625,0.75523,0.005,0.014312,-0.020092,8.8693e-25,0,0.00020999,0.0014106,0.14886,0.014144
0.575,0.80528,0.005,0.012097,-0.022523,1.3716e-24,0,0.00021401,0.0013973,0.15316,0.014155
0.525,0.85532,0.005,0.0099962,-0.025011,2.46e-24,0,0.0002189,0.0013732,0.15941,0.01417
0.475,0.90536,0.005,0.0080253,-0.027538,1.4691e-24,0,0.00022489,0.0013403,0.16779,0.014189
0.425,0.9554,0.005,0.0062029,-0.030078,9.1529e-25,0,0.00023208,0.0013,0.17851,0.014213
0.375,1.0054,0.005,0.0045503,-0.032598,1.4069e-33,0,0.00024031,0.0012518,0.19197,0.01424
0.325,1.0555,0.005,0.0030919,-0.035054,-6.2669e-25,0,0.00024903,0.001192,0.20892,0.014272
0.275,1.1055,0.005,0.0018546,-0.037398,-1.5043e-25,0,0.00025705,0.0011128,0.231,0.014307
0.225,1.1556,0.005,0.00086768,-0.039578,-1.5207e-24,0,0.00026229,0.0010013,0.26196,0.014347
0.175,1.2056,0.005,0.00016706,-0.041547,1.1297e-24,0,0.00026118,0.00084012,0.31088,0.014392
0.125,1.2557,0.005,-0.00026439,-0.043255,7.8264e-25,0,0.00024717,0.00061119,0.40441,0.014445
0.075,1.3057,0.005,-0.000212,-0.044521,-2.5785e-24,0,0.00020538,0.00031452,0.65297,0.0145
0.025,1.3557,0.005,-0.00048724,-0.043591,4.5794e-24,0,9.9825e-05,5.0989e-05,1.9578,0.014579
1.425,0.024,0.005,0.034612,0.00059491,3.3012e-25,0,8.0988e-06,3.8125e-06,2.1243,0.014331
1.375,0.072,0.005,0.042279,0.0013105,-7.8217e-25,0,5.2456e-05,8.903e-05,0.5892,0.014299
1.325,0.12,0.005,0.043028,0.0011803,-8.8435e-25,0,8.467e-05,0.00026746,0.31658,0.014272
1.275,0.168,0.005,0.042248,0.00084713,9.7496e-25,0,0.00010764,0.0004431,0.24292,0.014245
1.225,0.216,0.005,0.040807,0.00021212,7.498e-25,0,0.00012641,0.00059458,0.2126,0.01422
1.175,0.264,0.005,0.038972,-0.00064257,-2.4808e-25,0,0.00014241,0.00073146,0.19469,0.014197
1.125,0.312,0.005,0.036859,-0.0017047,1.0344e-24,0,0.00015594,0.00085951,0.18143,0.014176
1.075,0.36,0.005,0.034559,-0.0029613,5.4508e-25,0,0.00016716,0.00097928,0.1707,0.014157
1.025,0.408,0.005,0.032143,-0.0043959,5.9061e-25,0,0.00017624,0.0010889,0.16185,0.014141
0.975,0.456,0.005,0.029665,-0.0059915,1.2925e-24,0,0.00018344,0.001186,0.15468,0.014126
0.925,0.50502,0.005,0.027121,-0.0077411,9.3212e-25,0,0.00018915,0.00127,0.14893,0.014113
0.875,0.55506,0.005,0.024545,-0.0096289,5.5615e-25,0,0.00019365,0.0013398,0.14454,0.014101
0.825,0.60511,0.005,0.022006,-0.011632,9.6038e-25,0,0.00019723,0.0013927,0.14162,0.014094
0.775,0.65515,0.005,0.019523,-0.013736,-3.505e-26,0,0.00020026,0.0014287,0.14017,0.014089
0.725,0.70519,0.005,0.017112,-0.015932,0,0,0.00020307,0.0014484,0.1402,0.014089
0.675,0.75523,0.005,0.014786,-0.018209,1.1857e-25,0,0.000206,0.0014528,0.1418,0.014094
0.625,0.80528,0.005,0.012556,-0.02056,4.4983e-25,0,0.00020941,0.0014435,0.14507,0.014103
0.575,0.85532,0.005,0.010436,-0.022975,-1.9627e-38,0,0.00021364,0.0014229,0.15015,0.014118
0.525,0.90536,0.005,0.0084398,-0.02544,-5.1482e-25,0,0.00021903,0.0013935,0.15718,0.014137
0.475,0.9554,0.005,0.0065814,-0.027937,-9.0222e-25,0,0.00022582,0.0013577,0.16633,0.014161
0.425,1.0054,0.005,0.0048793,-0.030435,8.9656e-25,0,0.00023411,0.0013168,0.17779,0.014191
0.375,1.0555,0.005,0.0033536,-0.032896,8.7666e-25,0,0.00024372,0.00127,0.19191,0.014225
0.325,1.1055,0.005,0.0020278,-0.035275,-1.7618e-24,0,0.00025402,0.0012131,0.2094,0.014264
0.275,1.1556,0.005,0.00092895,-0.037517,-7.0144e-39,0,0.00026375,0.0011373,0.23191,0.014307
0.225,1.2056,0.005,8.8351e-05,-0.039573,-3.0962e-25,0,0.00027066,0.0010285,0.26316,0.014357
0.175,1.2557,0.005,-0.00045941,-0.041397,-4.3943e-39,0,0.00027099,0.00086758,0.31236,0.014413
0.125,1.3057,0.005,-0.0007397,-0.042946,1.4902e-24,0,0.00025795,0.00063446,0.40656,0.014479
0.075,1.3557,0.005,-0.00051258,-0.044083,-1.9824e-24,0,0.00021604,0.0003291,0.65644,0.014547
0.025,1.4058,0.005,-0.00065823,-0.043127,2.7242e-24,0,0.00010865,5.5497e-05,1.9578,0.014641
1.475,0.024,0.005,0.033239,0.00074935,3.6118e-25,0,7.2293e-06,3.4031e-06,2.1243,0.014359
1.425,0.072,0.005,0.041617,0.0016618,-1.218e-38,0,4.934e-05,8.0021e-05,0.61659,0.014317
1.375,0.12,0.005,0.042668,0.0016814,-1.4084e-24,0,8.1758e-05,0.00025227,0.32409,0.014282
1.325,0.168,0.005,0.042073,0.0014561,1.9352e-24,0,0.00010504,0.00043165,0.24333,0.014246
1.275,0.216,0.005,0.040769,0.00093864,7.0901e-26,0,0.00012395,0.00058772,0.21089,0.014214
1.225,0.264,0.005,0.039041,0.00019618,2.372e-39,0,0.00014003,0.00072799,0.19236,0.014184
1.175,0.312,0.005,0.037023,-0.0007558,0,0,0.00015366,0.00085882,0.17892,0.014158
1.125,0.36,0.005,0.034803,-0.001902,0,0,0.00016495,0.0009813,0.16809,0.014134
1.075,0.408,0.005,0.032451,-0.0032278,0,0,0.00017406,0.001094,0.15911,0.014112
1.025,0.456,0.005,0.030022,-0.0047168,-3.8903e-26,0,0.00018126,0.0011947,0.15172,0.014094
0.975,0.50502,0.005,0.027513,-0.0063611,3.7695e-26,0,0.00018689,0.001283,0.14567,0.014077
0.925,0.55506,0.005,0.024959,-0.0081462,8.609e-25,0,0.00019124,0.0013573,0.1409,0.014063
0.875,0.60511,0.005,0.022432,-0.01005,1.4923e-24,0,0.00019459,0.0014151,0.13751,0.014052
0.825,0.65515,0.005,0.019952,-0.01206,-7.7552e-25,0,0.00019728,0.0014562,0.13548,0.014046
0.775,0.70519,0.005,0.017537,-0.014165,-1.4615e-24,0,0.00019966,0.0014809,0.13482,0.014044
0.725,0.75523,0.005,0.015201,-0.016353,-1.4421e-24,0,0.00020205,0.0014899,0.13561,0.014046
0.675,0.80528,0.005,0.012957,-0.018619,-7.972e-25,0,0.00020481,0.0014848,0.13794,0.014054
0.625,0.85532,0.005,0.010818,-0.020953,-8.2833e-25,0,0.00020829,0.0014674,0.14195,0.014067
0.575,0.90536,0.005,0.008796,-0.023345,-1.8332e-24,0,0.00021286,0.0014403,0.14779,0.014086
0.525,0.9554,0.005,0.0069044,-0.025782,-1.691e-24,0,0.00021887,0.0014066,0.1556,0.01411
0.475,1.0054,0.005,0.0051579,-0.028239,-8.8835e-25,0,0.00022658,0.0013688,0.16553,0.01414
0.425,1.0555,0.005,0.0035735,-0.030686,1.2866e-24,0,0.00023609,0.0013283,0.17774,0.014176
0.375,1.1055,0.005,0.0021706,-0.03308,8.7129e-25,0,0.00024718,0.0012839,0.19252,0.014217
0.325,1.1556,0.005,0.00097249,-0.03537,8.456e-25,0,0.00025917,0.0012307,0.21058,0.014264
0.275,1.2056,0.005,8.4713e-06,-0.037501,-5.3441e-25,0,0.00027069,0.0011591,0.23354,0.014317
0.225,1.2557,0.005,-0.00069206,-0.039421,7.9182e-25,0,0.00027935,0.0010535,0.26517,0.014377
0.175,1.3057,0.005,-0.001098,-0.041089,4.8795e-26,0,0.00028122,0.00089358,0.31471,0.014444
0.125,1.3557,0.005,-0.0012256,-0.04247,3.6623e-25,0,0.00026921,0.00065749,0.40944,0.014522
0.075,1.4058,0.005,-0.00081292,-0.043437,7.7541e-38,0,0.00022709,0.00034367,0.66078,0.014603
0.025,1.4558,0.005,-0.00084198,-0.042454,-8.5615e-24,0,0.00011801,6.028e-05,1.9578,0.014715
1.525,0.024,0.005,0.031576,0.00091672,4.084e-25,0,6.3877e-06,3.007e-06,2.1243,0.014396
1.475,0.072,0.005,0.040749,0.0020397,-9.6309e-39,0,4.6054e-05,7.1009e-05,0.64857,0.014345
1.425,0.12,0.005,0.042153,0.0022088,-1.7653e-24,0,7.8617e-05,0.00023489,0.33469,0.014299
1.375,0.168,0.005,0.041763,0.0020878,1.0003e-24,0,0.00010223,0.0004169,0.24521,0.014255
1.325,0.216,0.005,0.040608,0.001671,8.5081e-25,0,0.00012131,0.00057771,0.20998,0.014215
1.275,0.264,0.005,0.039003,0.0010333,9.9328e-25,0,0.00013749,0.00072142,0.19058,0.014179
1.225,0.312,0.005,0.037086,0.0001831,1.8792e-25,0,0.00015121,0.00085491,0.17688,0.014146
1.175,0.36,0.005,0.034953,-0.0008598,2.8994e-25,0,0.00016259,0.00097997,0.16592,0.014116
1.125,0.408,0.005,0.032672,-0.0020822,0,0,0.00017178,0.0010955,0.15681,0.01409
1.075,0.456,0.005,0.0303,-0.003469,4.2824e-25,0,0.00017899,0.0011995,0.14923,0.014067
1.025,0.50502,0.005,0.027833,-0.0050115,3.913e-25,0,0.00018459,0.0012917,0.14291,0.014047
0.975,0.55506,0.005,0.025306,-0.0066962,-5.5384e-25,0,0.00018883,0.0013704,0.13779,0.014029
0.925,0.60511,0.005,0.022795,-0.0085033,-1.958e-25,0,0.00019199,0.001433,0.13398,0.014016
0.875,0.65515,0.005,0.020322,-0.010419,-6.2805e-25,0,0.0001944,0.0014791,0.13143,0.014007
0.825,0.70519,0.005,0.017906,-0.012432,2.787e-33,0,0.00019638,0.0015088,0.13016,0.014002
0.775,0.75523,0.005,0.015562,-0.014531,1.3468e-24,0,0.00019827,0.0015227,0.13021,0.014002
0.725,0.80528,0.005,0.013304,-0.016709,1.4725e-24,0,0.00020039,0.0015218,0.13168,0.014008
0.675,0.85532,0.005,0.011145,-0.018958,-2.4061e-25,0,0.0002031,0.0015078,0.1347,0.01402
0.625,0.90536,0.005,0.009098,-0.021269,-4.6473e-25,0,0.00020678,0.001483,0.13944,0.014037
0.575,0.9554,0.005,0.0071743,-0.023633,-3.8659e-25,0,0.0002118,0.0014504,0.14603,0.01406
0.525,1.0054,0.005,0.005387,-0.026033,-1.163e-24,0,0.00021854,0.0014133,0.15463,0.01409
0.475,1.0555,0.005,0.0037502,-0.028444,-1.3853e-24,0,0.00022727,0.0013745,0.16535,0.014126
0.425,1.1055,0.005,0.0022797,-0.030831,2.5887e-24,0,0.0002381,0.0013353,0.17831,0.014168
0.375,1.1556,0.005,0.00099463,-0.033148,8.0026e-25,0,0.00025077,0.0012941,0.19378,0.014217
0.325,1.2056,0.005,-7.9559e-05,-0.03534,-1.3367e-24,0,0.00026455,0.0012454,0.21243,0.014273
0.275,1.2557,0.005,-0.00091582,-0.037348,8.2743e-25,0,0.00027795,0.0011783,0.23589,0.014335
0.225,1.3057,0.005,-0.0014861,-0.03912,-6.6403e-25,0,0.00028849,0.001077,0.26786,0.014405
0.175,1.3557,0.005,-0.0017532,-0.040618,8.6232e-25,0,0.00029201,0.00091922,0.31767,0.014484
0.125,1.4058,0.005,-0.0017292,-0.041812,2.8285e-25,0,0.00028102,0.00068059,0.4129,0.014575
0.075,1.4558,0.005,-0.0011079,-0.042591,-2.4606e-24,0,0.00023856,0.00035813,0.66612,0.01467
0.025,1.5059,0.005,-0.0010369,-0.041563,-1.7295e-24,0,0.00012816,6.5461e-05,1.9578,0.014799
1.575,0.024,0.005,0.029591,0.0011015,-3.1259e-24,0,5.5723e-06,2.6231e-06,2.1243,0.014441
1.525,0.072,0.005,0.039663,0.0024512,-1.0579e-24,0,4.259e-05,6.2133e-05,0.68546,0.014381
1.475,0.12,0.005,0.041482,0.0027703,6.3003e-26,0,7.5207e-05,0.00021557,0.34888,0.014325
1.425,0.168,0.005,0.041327,0.0027477,0,0,9.9198e-05,0.00039867,0.24882,0.014272
1.375,0.216,0.005,0.04033,0.0024201,0,0,0.00011848,0.00056428,0.20996,0.014224
1.325,0.264,0.005,0.038856,0.0018737,-1.1053e-24,0,0.00013478,0.00071166,0.18939,0.01418
1.275,0.312,0.005,0.037051,0.0011185,3.6168e-39,0,0.00014861,0.00084775,0.1753,0.014141
1.225,0.36,0.005,0.035011,0.00017039,9.559e-25,0,0.00016011,0.00097527,0.16417,0.014105
1.175,0.408,0.005,0.032808,-0.00095497,2.5082e-25,0,0.00016939,0.0010934,0.15491,0.014074
1.125,0.456,0.005,0.030498,-0.0022448,0,0,0.00017667,0.0012005,0.14716,0.014046
1.075,0.50502,0.005,0.02808,-0.0036897,0,0,0.00018228,0.0012965,0.1406,0.014022
1.025,0.55506,0.005,0.025587,-0.0052774,8.0157e-25,0,0.00018646,0.0013794,0.13518,0.014001
0.975,0.60511,0.005,0.023098,-0.0069898,7.5974e-25,0,0.00018947,0.0014465,0.13098,0.013984
0.925,0.65515,0.005,0.020636,-0.0088133,-7.1578e-25,0,0.00019165,0.0014975,0.12798,0.013972
0.875,0.70519,0.005,0.018221,-0.010736,-7.473e-25,0,0.0001933,0.0015323,0.12615,0.013964
0.825,0.75523,0.005,0.015871,-0.012746,-1.2514e-24,0,0.00019474,0.0015513,0.12553,0.013962
0.775,0.80528,0.005,0.013601,-0.014836,-1.0548e-25,0,0.00019628,0.001555,0.12622,0.013966
0.725,0.85532,0.005,0.011423,-0.016997,-6.8446e-39,0,0.00019825,0.0015448,0.12833,0.013975
0.675,0.90536,0.005,0.0093503,-0.019224,-1.6411e-24,0,0.00020103,0.0015226,0.13203,0.01399
0.625,0.9554,0.005,0.0073951,-0.021508,-1.1648e-24,0,0.000205,0.0014911,0.13748,0.014012
0.575,1.0054,0.005,0.0055689,-0.023836,2.816e-25,0,0.00021057,0.0014537,0.14485,0.014041
0.525,1.0555,0.005,0.0038837,-0.026193,1.8123e-25,0,0.00021813,0.0014142,0.15425,0.014076
0.475,1.1055,0.005,0.0023528,-0.02855,-1.9005e-24,0,0.00022799,0.0013753,0.16577,0.014119
0.425,1.1556,0.005,0.00099147,-0.030868,-8.9311e-25,0,0.00024023,0.0013383,0.1795,0.014168
0.375,1.2056,0.005,-0.00017976,-0.033099,8.8639e-25,0,0.00025459,0.0013011,0.19567,0.014225
0.325,1.2557,0.005,-0.001138,-0.035181,-4.7036e-25,0,0.00027026,0.0012573,0.21495,0.01429
0.275,1.3057,0.005,-0.0018557,-0.037055,-8.4541e-25,0,0.00028569,0.001196,0.23887,0.014362
0.225,1.3557,0.005,-0.0023006,-0.038666,-1.7977e-26,0,0.00029823,0.0010999,0.27114,0.014443
0.175,1.4058,0.005,-0.0024292,-0.039979,1.1641e-24,0,0.00030343,0.0009448,0.32116,0.014534
0.125,1.4558,0.005,-0.002249,-0.040967,9.7748e-25,0,0.00029344,0.00070382,0.41693,0.014639
0.075,1.5059,0.005,-0.0014378,-0.041536,-2.0766e-25,0,0.0002505,0.00037225,0.67293,0.014747
0.025,1.5559,0.005,-0.0012379,-0.040435,2.9852e-24,0,0.00013944,7.1224e-05,1.9578,0.014893
1.625,0.024,0.005,0.027245,0.001309,-5.7874e-25,0,4.7841e-06,2.2521e-06,2.1243,0.014494
1.575,0.072,0.005,0.038332,0.0029053,1.1569e-24,0,3.8942e-05,5.3505e-05,0.72782,0.014424
1.525,0.12,0.005,0.04065,0.0033796,2.445e-25,0,7.1483e-05,0.0001946,0.36732,0.014358
1.475,0.168,0.005,0.040766,0.0034416,0,0,9.5906e-05,0.00037679,0.25454,0.014296
1.425,0.216,0.005,0.039941,0.0031921,0,0,0.00011544,0.00054712,0.211,0.01424
1.375,0.264,0.005,0.038606,0.002725,-9.9776e-25,0,0.00013189,0.0006985,0.18882,0.014189
1.325,0.312,0.005,0.036919,0.002055,2.2123e-25,0,0.00014585,0.00083733,0.17418,0.014142
1.275,0.36,0.005,0.034979,0.0011944,1.5728e-39,0,0.00015748,0.00096714,0.16283,0.014101
1.225,0.408,0.005,0.03286,0.00015828,-7.7811e-25,0,0.00016691,0.0010879,0.15342,0.014064
1.175,0.456,0.005,0.03062,-0.0010403,0,0,0.00017429,0.001198,0.14549,0.014032
1.125,0.50502,0.005,0.028255,-0.0023925,8.1847e-25,0,0.00017996,0.0012974,0.1387,0.014003
1.075,0.55506,0.005,0.025803,-0.0038871,1.1498e-24,0,0.00018413,0.0013843,0.13301,0.013977
1.025,0.60511,0.005,0.023341,-0.0055083,-3.6023e-39,0,0.00018705,0.0014559,0.12848,0.013957
0.975,0.65515,0.005,0.020895,-0.0072423,-6.9092e-25,0,0.00018906,0.0015118,0.12506,0.013941
0.925,0.70519,0.005,0.018486,-0.0090766,-6.4424e-25,0,0.00019044,0.0015517,0.12273,0.013931
0.875,0.75523,0.005,0.016133,-0.011,-1.1227e-24,0,0.0001915,0.0015758,0.12152,0.013926
0.825,0.80528,0.005,0.013851,-0.013003,-6.0552e-25,0,0.00019253,0.0015845,0.1215,0.013927
0.775,0.85532,0.005,0.011655,-0.015079,6.5068e-25,0,0.00019384,0.0015787,0.12278,0.013934
0.725,0.90536,0.005,0.0095578,-0.017219,6.9715e-25,0,0.00019578,0.0015598,0.12552,0.013947
0.675,0.9554,0.005,0.0075715,-0.019418,-3.5048e-25,0,0.00019872,0.00153,0.12988,0.013967
0.625,1.0054,0.005,0.0057073,-0.021667,-2.683e-25,0,0.00020308,0.0014925,0.13606,0.013994
0.575,1.0555,0.005,0.0039764,-0.023954,1.7308e-25,0,0.00020929,0.0014512,0.14422,0.014028
0.525,1.1055,0.005,0.0023898,-0.026259,-1.6161e-24,0,0.00021776,0.00141,0.15445,0.014069
0.475,1.1556,0.005,0.00096027,-0.028554,8.9668e-25,0,0.00022883,0.0013719,0.1668,0.014119
0.425,1.2056,0.005,-0.0002966,-0.030797,1.6034e-24,0,0.00024258,0.0013379,0.18131,0.014176
0.375,1.2557,0.005,-0.0013626,-0.03293,3.664e-25,0,0.00025873,0.0013053,0.19821,0.014241
0.325,1.3057,0.005,-0.0022136,-0.034893,-1.7587e-24,0,0.00027642,0.0012675,0.21808,0.014315
0.275,1.3557,0.005,-0.0028191,-0.036619,7.4137e-25,0,0.00029401,0.0012128,0.24243,0.014398
0.225,1.4058,0.005,-0.0031413,-0.038057,-8.8525e-25,0,0.00030864,0.0011224,0.27498,0.01449
0.175,1.4558,0.005,-0.0031293,-0.039167,1.3382e-24,0,0.00031556,0.00097044,0.32518,0.014593
0.125,1.5059,0.005,-0.00279,-0.039923,1.9222e-24,0,0.0003065,0.00072713,0.42152,0.014711
0.075,1.5559,0.005,-0.0017863,-0.040274,1.3683e-24,0,0.00026288,0.00038549,0.68196,0.014834
0.025,1.606,0.005,-0.0014442,-0.039067,3.1985e-24,0,0.00015248,7.7884e-05,1.9578,0.014996
1.675,0.024,0.005,0.024498,0.0015409,7.0348e-25,0,4.0262e-06,1.8953e-06,2.1243,0.014552
1.625,0.072,0.005,0.036759,0.0034124,-2.951e-24,0,3.5163e-05,4.5266e-05,0.77681,0.014474
1.575,0.12,0.005,0.039654,0.0040447,-1.3838e-24,0,6.7393e-05,0.00017242,0.39085,0.014398
1.525,0.168,0.005,0.04008,0.0041754,1.2388e-24,0,9.2301e-05,0.00035117,0.26283,0.014327
1.475,0.216,0.005,0.039447,0.0039937,0,0,0.00011217,0.00052584,0.21331,0.014262
1.425,0.264,0.005,0.038257,0.0035935,0,0,0.00012881,0.00068169,0.18896,0.014204
1.375,0.312,0.005,0.036695,0.0029978,4.2392e-39,0,0.00014293,0.00082351,0.17356,0.014151
1.325,0.36,0.005,0.034861,0.002217,8.2128e-25,0,0.00015473,0.00095563,0.16191,0.014103
1.275,0.408,0.005,0.032831,0.0012627,-6.3495e-39,0,0.00016432,0.0010788,0.15231,0.01406
1.225,0.456,0.005,0.030665,0.00014839,-1.6909e-24,0,0.00017186,0.0011918,0.1442,0.014023
1.175,0.50502,0.005,0.02836,-0.0011164,-2.0378e-25,0,0.00017763,0.0012947,0.1372,0.013989
1.125,0.55506,0.005,0.025954,-0.0025227,7.6173e-25,0,0.00018184,0.0013854,0.13125,0.01396
1.075,0.60511,0.005,0.023525,-0.0040565,7.1596e-25,0,0.00018474,0.0014614,0.12642,0.013935
1.025,0.65515,0.005,0.0211,-0.0057046,-6.6965e-25,0,0.00018663,0.0015219,0.12263,0.013916
0.975,0.70519,0.005,0.018701,-0.0074541,-6.2212e-25,0,0.00018781,0.0015669,0.11986,0.013902
0.925,0.75523,0.005,0.016349,-0.0092938,4.8949e-25,0,0.00018856,0.0015963,0.11813,0.013894
0.875,0.80528,0.005,0.014058,-0.011213,2.1146e-24,0,0.00018917,0.0016103,0.11747,0.013892
0.825,0.85532,0.005,0.011846,-0.013204,4.6422e-25,0,0.00018991,0.0016094,0.118,0.013896
0.775,0.90536,0.005,0.0097255,-0.01526,-8.0537e-25,0,0.00019111,0.0015946,0.11985,0.013907
0.725,0.9554,0.005,0.0077086,-0.017373,3.339e-25,0,0.0001931,0.0015674,0.1232,0.013924
0.675,1.0054,0.005,0.0058072,-0.019538,1.2508e-24,0,0.0001963,0.0015306,0.12825,0.013949
0.625,1.0555,0.005,0.0040319,-0.021746,1.6524e-25,0,0.00020112,0.0014877,0.13519,0.013981
0.575,1.1055,0.005,0.0023926,-0.023985,-1.2085e-33,0,0.00020805,0.0014432,0.14416,0.014021
0.525,1.1556,0.005,0.00090027,-0.026233,1.8308e-24,0,0.00021753,0.0014012,0.15524,0.014069
0.475,1.2056,0.005,-0.00043331,-0.028458,-3.1298e-24,0,0.0002299,0.0013649,0.16843,0.014126
0.425,1.2557,0.005,-0.0015945,-0.030614,9.1595e-25,0,0.00024527,0.0013346,0.18377,0.014191
0.375,1.3057,0.005,-0.0025641,-0.032642,1.8225e-24,0,0.00026332,0.0013075,0.20138,0.014266
0.325,1.3557,0.005,-0.0033155,-0.034472,-9.0306e-25,0,0.00028316,0.0012765,0.22183,0.014349
0.275,1.4058,0.005,-0.003813,-0.036039,-2.054e-39,0,0.00030303,0.0012288,0.2466,0.014442
0.225,1.4558,0.005,-0.004013,-0.037285,1.1419e-24,0,0.00031982,0.0011447,0.27939,0.014546
0.175,1.5059,0.005,-0.0038606,-0.038172,-1.0488e-24,0,0.00032848,0.00099622,0.32972,0.014661
0.125,1.5559,0.005,-0.0033558,-0.03868,2.391e-24,0,0.00032025,0.00075047,0.42673,0.014792
0.075,1.606,0.005,-0.0021481,-0.03878,-5.3081e-24,0,0.00027566,0.00039695,0.69445,0.014929
0.025,1.656,0.005,-0.0016657,-0.037447,6.0617e-24,0,0.00016817,7.2788e-05,2.3104,0.015106
1.725,0.024,0.005,0.021298,0.0018033,8.7124e-25,0,3.3025e-06,1.5546e-06,2.1243,0.014612
1.675,0.072,0.005,0.034907,0.0039767,-8.1087e-24,0,3.1301e-05,3.7555e-05,0.83348,0.01453
1.625,0.12,0.005,0.038495,0.0047715,1.0197e-38,0,6.2884e-05,0.00014952,0.42057,0.014445
1.575,0.168,0.005,0.039274,0.0049583,1.391e-24,0,8.8314e-05,0.00032189,0.27436,0.014364
1.525,0.216,0.005,0.038853,0.0048336,0,0,0.0001086,0.00050004,0.21719,0.014291
1.475,0.264,0.005,0.037815,0.004485,0,0,0.00012551,0.00066083,0.18993,0.014225
1.425,0.312,0.005,0.036382,0.0039524,-3.9414e-25,0,0.00013983,0.00080613,0.17346,0.014165
1.375,0.36,0.005,0.034659,0.003242,1.8594e-24,0,0.00015182,0.00094067,0.16139,0.014111
1.325,0.408,0.005,0.032724,0.002363,-1.0579e-25,0,0.00016161,0.0010662,0.15159,0.014063
1.275,0.456,0.005,0.030636,0.0013259,-8.4557e-25,0,0.00016934,0.0011818,0.14329,0.01402
1.225,0.50502,0.005,0.028397,0.00014222,7.6152e-25,0,0.00017528,0.0012882,0.13606,0.013981
1.175,0.55506,0.005,0.026042,-0.0011807,7.4955e-25,0,0.00017958,0.0013827,0.12988,0.013947
1.125,0.60511,0.005,0.023651,-0.0026317,-7.0062e-25,0,0.00018251,0.0014628,0.12477,0.013918
1.075,0.65515,0.005,0.021252,-0.0041977,1.4505e-39,0,0.00018435,0.001528,0.12065,0.013895
1.025,0.70519,0.005,0.018869,-0.0058663,9.6709e-25,0,0.0001854,0.001578,0.11749,0.013878
0.975,0.75523,0.005,0.016521,-0.0076257,8.3206e-25,0,0.00018592,0.0016127,0.11529,0.013866
0.925,0.80528,0.005,0.014226,-0.0094652,1.0011e-24,0,0.00018618,0.0016321,0.11408,0.013861
0.875,0.85532,0.005,0.012,-0.011376,-7.0612e-39,0,0.00018645,0.0016365,0.11393,0.013862
0.825,0.90536,0.005,0.0098575,-0.013349,-1.3391e-24,0,0.00018702,0.0016265,0.11498,0.01387
0.775,0.9554,0.005,0.0078115,-0.015379,-1.2608e-24,0,0.00018819,0.001603,0.1174,0.013885
0.725,1.0054,0.005,0.0058738,-0.017459,-2.4332e-25,0,0.00019033,0.0015681,0.12138,0.013907
0.675,1.0555,0.005,0.004055,-0.019584,3.1506e-25,0,0.00019386,0.0015248,0.12714,0.013937
0.625,1.1055,0.005,0.0023649,-0.021745,8.5979e-25,0,0.00019924,0.0014773,0.13487,0.013974
0.575,1.1556,0.005,0.00081313,-0.023929,-9.1562e-25,0,0.00020698,0.0014304,0.1447,0.014021
0.525,1.2056,0.005,-0.00059091,-0.026112,-9.0107e-25,0,0.00021755,0.0013886,0.15666,0.014076
0.475,1.2557,0.005,-0.0018373,-0.02826,3.2867e-25,0,0.00023133,0.0013548,0.17075,0.01414
0.425,1.3057,0.005,-0.002912,-0.030321,1.3872e-24,0,0.0002484,0.0013291,0.18689,0.014214
0.375,1.3557,0.005,-0.0037939,-0.032232,-3.5778e-25,0,0.00026847,0.0013083,0.20521,0.014298
0.325,1.4058,0.005,-0.0044516,-0.033917,9.3384e-25,0,0.0002906,0.0012846,0.22622,0.014392
0.275,1.4558,0.005,-0.0048439,-0.035308,-1.0324e-24,0,0.00031285,0.0012444,0.2514,0.014495
0.225,1.5059,0.005,-0.0049217,-0.036345,9.8e-25,0,0.00033187,0.0011669,0.28439,0.01461
0.175,1.5559,0.005,-0.0046247,-0.03699,1.1221e-24,0,0.00034222,0.0010222,0.3348,0.014737
0.125,1.606,0.005,-0.003949,-0.037226,-9.6278e-25,0,0.00033468,0.00077381,0.43252,0.014881
0.075,1.656,0.005,-0.0025284,-0.037043,-1.4192e-24,0,0.00028875,0.00040524,0.71253,0.015031
0.025,1.706,0.005,-0.0019013,-0.035562,0,0,0.00017203,7.362e-05,2.3367,0.015223
1.775,0.024,0.005,0.01765,0.0020746,6.0043e-24,0,2.6179e-06,1.2324e-06,2.1243,0.01467
1.725,0.072,0.005,0.032751,0.0045997,1.2084e-24,0,2.7415e-05,3.0487e-05,0.89922,0.014588
1.675,0.12,0.005,0.037174,0.0055676,-2.2779e-24,0,5.7915e-05,0.00012651,0.4578,0.014495
1.625,0.168,0.005,0.038352,0.0057988,3.2766e-26,0,8.3866e-05,0.00028922,0.28998,0.014406
1.575,0.216,0.005,0.038169,0.0057193,1.2917e-24,0,0.00010469,0.00046935,0.22305,0.014325
1.525,0.264,0.005,0.03729,0.0054061,-7.4909e-25,0,0.00012195,0.00063543,0.19191,0.014252
1.475,0.312,0.005,0.035987,0.0049235,1.016e-24,0,0.00013652,0.00078484,0.17395,0.014186
1.425,0.36,0.005,0.034378,0.0042738,-3.5785e-25,0,0.00014875,0.00092217,0.1613,0.014126
1.375,0.408,0.005,0.032541,0.0034622,-7.649e-39,0,0.00015878,0.00105,0.15122,0.014071
1.325,0.456,0.005,0.030536,0.0024964,-9.0908e-25,0,0.00016674,0.0011682,0.14273,0.014023
1.275,0.50502,0.005,0.028366,0.0013875,7.6807e-25,0,0.00017288,0.0012777,0.1353,0.013979
1.225,0.55506,0.005,0.026068,0.00014226,1.5612e-24,0,0.00017734,0.0013761,0.12887,0.01394
1.175,0.60511,0.005,0.023721,-0.0012305,6.8987e-25,0,0.00018035,0.0014604,0.1235,0.013907
1.125,0.65515,0.005,0.021353,-0.0027188,6.3853e-25,0,0.00018221,0.00153,0.11909,0.01388
1.075,0.70519,0.005,0.01899,-0.0043105,-1.8332e-26,0,0.00018319,0.0015849,0.11558,0.013858
1.025,0.75523,0.005,0.016651,-0.0059937,-5.3608e-25,0,0.00018355,0.0016249,0.11296,0.013843
0.975,0.80528,0.005,0.014356,-0.0077573,8.7958e-26,0,0.00018355,0.0016498,0.11126,0.013835
0.925,0.85532,0.005,0.012119,-0.0095913,-6.8081e-39,0,0.00018345,0.0016598,0.11052,0.013833
0.875,0.90536,0.005,0.0099579,-0.011487,-2.3361e-25,0,0.00018349,0.0016551,0.11086,0.013837
0.825,0.9554,0.005,0.0078847,-0.013437,6.071e-25,0,0.00018397,0.0016363,0.11243,0.013849
0.775,1.0054,0.005,0.0059121,-0.015436,8.5114e-25,0,0.00018521,0.0016045,0.11543,0.013868
0.725,1.0555,0.005,0.004051,-0.017478,-6.8353e-25,0,0.00018758,0.0015622,0.12007,0.013895
0.675,1.1055,0.005,0.0023114,-0.019557,-5.5694e-26,0,0.00019152,0.001513,0.12659,0.01393
0.625,1.1556,0.005,0.00070235,-0.021665,-7.6549e-25,0,0.00019755,0.0014616,0.13516,0.013974
0.575,1.2056,0.005,-0.00076803,-0.023786,1.0619e-38,0,0.00020618,0.0014133,0.14588,0.014027
0.525,1.2557,0.005,-0.0020923,-0.025897,-3.1252e-25,0,0.00021794,0.0013726,0.15878,0.01409
0.475,1.3057,0.005,-0.0032611,-0.027959,-1.8885e-24,0,0.00023319,0.0013421,0.17375,0.014162
0.425,1.3557,0.005,-0.004259,-0.029917,1.578e-24,0,0.00025208,0.0013219,0.1907,0.014245
0.375,1.4058,0.005,-0.0050611,-0.031697,9.6851e-25,0,0.00027432,0.001308,0.20972,0.014338
0.325,1.4558,0.005,-0.00563,-0.033223,-9.7116e-25,0,0.00029887,0.0012921,0.2313,0.014442
0.275,1.5059,0.005,-0.005918,-0.03442,9.8321e-25,0,0.00032359,0.0012598,0.25685,0.014557
0.225,1.5559,0.005,-0.0058706,-0.03523,-1.4209e-24,0,0.00034487,0.0011892,0.29001,0.014683
0.175,1.606,0.005,-0.0054232,-0.035612,3.5605e-32,0,0.00035686,0.0010483,0.34041,0.014822
0.125,1.656,0.005,-0.0045649,-0.035551,3.8699e-24,0,0.00034979,0.00079745,0.43863,0.014978
0.075,1.706,0.005,-0.0029209,-0.035061,1.3644e-24,0,0.00030155,0.00041985,0.71824,0.01514
0.025,1.7561,0.005,-0.0021381,-0.033412,-1.7435e-24,0,0.00017548,7.4355e-05,2.36,0.015345
1.825,0.024,0.005,0.013467,0.0022633,1.4044e-24,0,1.9782e-06,9.3123e-07,2.1243,0.014717
1.775,0.072,0.005,0.030288,0.0052675,6.6601e-25,0,2.3575e-05,2.418e-05,0.97495,0.014644
1.725,0.12,0.005,0.035696,0.0064313,-4.5442e-24,0,5.2469e-05,0.00010411,0.504,0.014548
1.675,0.168,0.005,0.037321,0.006701,3.6373e-24,0,7.8868e-05,0.00025377,0.31078,0.014453
1.625,0.216,0.005,0.037402,0.0066562,-2.6506e-24,0,0.00010034,0.00043352,0.23146,0.014364
1.575,0.264,0.005,0.036689,0.0063626,2.0807e-24,0,0.00011806,0.00060494,0.19516,0.014285
1.525,0.312,0.005,0.035517,0.0059159,-6.5625e-25,0,0.00013297,0.00075923,0.17514,0.014212
1.475,0.36,0.005,0.034023,0.005316,9.6129e-25,0,0.00014549,0.00089987,0.16167,0.014146
1.425,0.408,0.005,0.032286,0.0045636,-8.8884e-25,0,0.00015579,0.0010302,0.15123,0.014085
1.375,0.456,0.005,0.030368,0.0036628,-6.2104e-25,0,0.00016402,0.0011509,0.14251,0.014031
1.325,0.50502,0.005,0.028272,0.0026231,8.4856e-26,0,0.00017041,0.0012634,0.13488,0.013982
1.275,0.55506,0.005,0.026034,0.0014501,7.2591e-25,0,0.00017508,0.0013653,0.12824,0.013938
1.225,0.60511,0.005,0.023735,0.00015027,-6.8225e-25,0,0.00017824,0.0014538,0.1226,0.013901
1.175,0.65515,0.005,0.021404,-0.0012649,3.8381e-39,0,0.00018017,0.001528,0.11791,0.013869
1.125,0.70519,0.005,0.019066,-0.002784,-5.7548e-25,0,0.00018114,0.0015877,0.11409,0.013844
1.075,0.75523,0.005,0.016741,-0.0043952,-1.5736e-24,0,0.00018142,0.0016328,0.11111,0.013825
1.025,0.80528,0.005,0.014449,-0.0060873,-3.2219e-25,0,0.00018124,0.0016633,0.10897,0.013813
0.975,0.85532,0.005,0.012207,-0.0078496,6.5237e-40,0,0.00018085,0.001679,0.10771,0.013807
0.925,0.90536,0.005,0.01003,-0.0096726,-3.533e-25,0,0.00018048,0.00168,0.10743,0.013809
0.875,0.9554,0.005,0.0079321,-0.011548,2.0265e-25,0,0.00018039,0.0016664,0.10825,0.013817
0.825,1.0054,0.005,0.0059267,-0.01347,-1.7624e-33,0,0.00018087,0.001639,0.11035,0.013833
0.775,1.0555,0.005,0.004025,-0.015432,1.4246e-25,0,0.00018226,0.0015993,0.11396,0.013857
0.725,1.1055,0.005,0.0022372,-0.017429,-5.8603e-25,0,0.00018494,0.0015501,0.11931,0.013889
0.675,1.1556,0.005,0.00057257,-0.019456,7.6796e-25,0,0.0001894,0.0014956,0.12663,0.01393
0.625,1.2056,0.005,-0.00096145,-0.021504,-3.3497e-33,0,0.00019615,0.0014413,0.1361,0.01398
0.575,1.2557,0.005,-0.0023588,-0.023557,-8.8953e-25,0,0.00020577,0.0013924,0.14778,0.01404
0.525,1.3057,0.005,-0.0036131,-0.02559,8.7554e-25,0,0.00021878,0.0013537,0.16162,0.01411
0.475,1.3557,0.005,-0.004715,-0.027558,-2.3324e-24,0,0.00023562,0.0013276,0.17748,0.014191
0.425,1.4058,0.005,-0.005646,-0.029399,-2.4692e-25,0,0.00025648,0.0013136,0.19525,0.014283
0.375,1.4558,0.005,-0.0063752,-0.031036,9.1942e-25,0,0.00028103,0.0013072,0.21498,0.014386
0.325,1.5059,0.005,-0.0068578,-0.032385,8.5629e-26,0,0.0003081,0.0012994,0.23711,0.014501
0.275,1.5559,0.005,-0.0070397,-0.03337,2.6995e-25,0,0.00033537,0.0012752,0.263,0.014626
0.225,1.606,0.005,-0.0068617,-0.033932,3.0878e-24,0,0.00035888,0.0012114,0.29625,0.014763
0.175,1.656,0.005,-0.0062533,-0.034029,-4.4431e-24,0,0.00037239,0.0010747,0.34652,0.014913
0.125,1.706,0.005,-0.0051955,-0.033649,4.111e-24,0,0.00036546,0.00082265,0.44425,0.01508
0.075,1.7561,0.005,-0.003319,-0.032831,4.1815e-38,0,0.00031451,0.00043484,0.72327,0.015254
0.025,1.8061,0.005,-0.002376,-0.030996,0,0,0.00017876,7.5048e-05,2.3819,0.015468
1.875,0.024,0.005,0.0082582,0.0018655,2.4127e-24,0,1.399e-06,6.5858e-07,2.1243,0.014737
1.825,0.072,0.005,0.027501,0.0059435,-2.731e-24,0,1.9856e-05,1.8775e-05,1.0576,0.014691
1.775,0.12,0.005,0.034065,0.0073408,2.3555e-24,0,4.6587e-05,8.3246e-05,0.55963,0.014598
1.725,0.168,0.005,0.036191,0.0076649,1.852e-24,0,7.3233e-05,0.00021658,0.33814,0.014501
1.675,0.216,0.005,0.036564,0.0076459,-1.5944e-24,0,9.5474e-05,0.0003926,0.24319,0.014407
1.625,0.264,0.005,0.036023,0.0073587,1.0208e-24,0,0.00011378,0.00056881,0.20003,0.014322
1.575,0.312,0.005,0.034982,0.0069334,-1.1072e-24,0,0.00012912,0.00072873,0.17719,0.014243
1.525,0.36,0.005,0.033601,0.0063719,1.581e-24,0,0.00014199,0.00087344,0.16257,0.014171
1.475,0.408,0.005,0.031965,0.0056699,-1.3433e-24,0,0.00015262,0.0010066,0.15162,0.014105
1.425,0.456,0.005,0.030135,0.0048274,-3.4528e-26,0,0.00016116,0.0011299,0.14263,0.014045
1.375,0.50502,0.005,0.028115,0.0038517,9.8733e-25,0,0.00016785,0.0012453,0.13479,0.013991
1.325,0.55506,0.005,0.025941,0.0027458,1.4331e-24,0,0.00017278,0.0013504,0.12794,0.013942
1.275,0.60511,0.005,0.023695,0.0015143,-3.1977e-26,0,0.00017614,0.0014429,0.12207,0.0139
1.225,0.65515,0.005,0.021406,0.0001675,9.7111e-40,0,0.0001782,0.0015217,0.1171,0.013864
1.175,0.70519,0.005,0.019098,-0.0012833,-1.2079e-25,0,0.00017922,0.0015862,0.11299,0.013834
1.125,0.75523,0.005,0.016792,-0.0028269,-3.2481e-25,0,0.00017948,0.0016364,0.10968,0.013812
1.075,0.80528,0.005,0.014509,-0.004452,9.5172e-25,0,0.0001792,0.0016723,0.10716,0.013796
1.025,0.85532,0.005,0.012265,-0.0061474,3.9907e-25,0,0.00017861,0.0016937,0.10545,0.013786
0.975,0.90536,0.005,0.010076,-0.0079029,-3.4016e-25,0,0.00017793,0.0017006,0.10462,0.013784
0.925,0.9554,0.005,0.0079571,-0.0097095,1.4688e-25,0,0.00017739,0.0016929,0.10479,0.013789
0.875,1.0054,0.005,0.0059217,-0.01156,-9.7443e-25,0,0.00017726,0.0016707,0.1061,0.013802
0.825,1.0555,0.005,0.0039817,-0.013447,-6.8987e-25,0,0.00017783,0.001635,0.10877,0.013823
0.775,1.1055,0.005,0.0021476,-0.015367,5.0265e-26,0,0.00017945,0.0015876,0.11303,0.013851
0.725,1.1556,0.005,0.00042889,-0.017314,7.5603e-25,0,0.00018253,0.001532,0.11915,0.013889
0.675,1.2056,0.005,-0.0011668,-0.019283,3.1644e-33,0,0.00018759,0.0014731,0.12735,0.013936
0.625,1.2557,0.005,-0.0026337,-0.021265,-1.1302e-24,0,0.00019516,0.0014165,0.13778,0.013993
0.575,1.3057,0.005,-0.0039677,-0.023244,7.6025e-39,0,0.00020583,0.0013681,0.15044,0.01406
0.525,1.3557,0.005,-0.0051636,-0.02519,-5.6307e-25,0,0.0002202,0.0013325,0.16525,0.014138
0.475,1.4058,0.005,-0.0062101,-0.027054,-1.066e-38,0,0.00023877,0.0013117,0.18203,0.014227
0.425,1.4558,0.005,-0.0070836,-0.028767,1.5744e-25,0,0.00026175,0.0013047,0.20063,0.014328
0.375,1.5059,0.005,-0.007745,-0.030243,2.1085e-24,0,0.00028875,0.0013063,0.22105,0.014442
0.325,1.5559,0.005,-0.008141,-0.031395,-1.061e-24,0,0.00031846,0.0013068,0.24369,0.014567
0.275,1.606,0.005,-0.0082113,-0.032149,1.4208e-24,0,0.00034829,0.0012906,0.26987,0.014704
0.225,1.656,0.005,-0.007893,-0.032444,5.1264e-25,0,0.00037398,0.0012338,0.30312,0.014851
0.175,1.706,0.005,-0.0071095,-0.032234,1.9879e-24,0,0.00038882,0.0011012,0.35309,0.015011
0.125,1.7561,0.005,-0.0058336,-0.031509,1.7069e-24,0,0.00038167,0.00084789,0.45014,0.015187
0.075,1.8061,0.005,-0.0037124,-0.030346,-7.1263e-24,0,0.0003275,0.00044958,0.72845,0.01537
0.025,1.8562,0.005,-0.00261,-0.028327,-7.6405e-24,0,0.0001818,7.5684e-05,2.4021,0.01559
1.925,0.024,0.005,0.0043262,0.0012029,-1.3309e-24,0,9.1668e-07,4.3152e-07,2.1243,0.014744
1.875,0.072,0.005,0.024333,0.0063645,-2.2957e-24,0,1.6538e-05,1.4654e-05,1.1286,0.014722
1.825,0.12,0.005,0.032274,0.0082378,-2.7526e-24,0,4.0418e-05,6.4954e-05,0.62226,0.014644
1.775,0.168,0.005,0.034976,0.0086746,2.2826e-24,0,6.69e-05,0.00017916,0.3734,0.01455
1.725,0.216,0.005,0.035666,0.0086778,1.4889e-24,0,8.9981e-05,0.00034714,0.25921,0.014452
1.675,0.264,0.005,0.035307,0.0083953,-1.1385e-24,0,0.00010902,0.0005266,0.20702,0.014362
1.625,0.312,0.005,0.034392,0.0079784,1.1682e-24,0,0.00012491,0.00069273,0.18032,0.014279
1.575,0.36,0.005,0.03312,0.0074439,-1.0261e-24,0,0.00013822,0.00084241,0.16408,0.014201
1.525,0.408,0.005,0.031582,0.0067834,5.4492e-25,0,0.00014924,0.00097905,0.15243,0.01413
1.475,0.456,0.005,0.029841,0.0059922,-1.263e-24,0,0.00015814,0.0011051,0.14309,0.014065
1.425,0.50502,0.005,0.027899,0.0050752,7.9994e-25,0,0.00016515,0.0012232,0.13501,0.014006
1.375,0.55506,0.005,0.025793,0.004032,9.3155e-25,0,0.00017038,0.0013315,0.12796,0.013952
1.325,0.60511,0.005,0.023603,0.0028644,-4.6284e-39,0,0.000174,0.0014277,0.12187,0.013904
1.275,0.65515,0.005,0.02136,0.0015818,-6.5025e-25,0,0.00017625,0.0015109,0.11666,0.013864
1.225,0.70519,0.005,0.019087,0.0001948,-5.9664e-25,0,0.0001774,0.0015803,0.11226,0.01383
1.175,0.75523,0.005,0.016805,-0.0012855,-1.0077e-24,0,0.00017769,0.0016355,0.10864,0.013803
1.125,0.80528,0.005,0.014535,-0.0028479,1.7834e-33,0,0.00017737,0.0016768,0.10578,0.013783
1.075,0.85532,0.005,0.012294,-0.0044812,-4.6861e-25,0,0.00017666,0.0017039,0.10368,0.01377
1.025,0.90536,0.005,0.010098,-0.0061745,-6.2365e-25,0,0.00017576,0.0017167,0.10238,0.013764
0.975,0.9554,0.005,0.0079622,-0.0079179,0,0,0.00017489,0.001715,0.10197,0.013766
0.925,1.0054,0.005,0.0059003,-0.0097028,6.1959e-25,0,0.00017428,0.0016987,0.10259,0.013775
0.875,1.0555,0.005,0.0039249,-0.011522,1.1017e-24,0,0.00017419,0.001668,0.10443,0.013792
0.825,1.1055,0.005,0.002047,-0.01337,4.732e-26,0,0.00017492,0.0016241,0.1077,0.013817
0.775,1.1556,0.005,0.00027624,-0.015241,-6.429e-25,0,0.00017686,0.0015694,0.11269,0.013851
0.725,1.2056,0.005,-0.0013791,-0.017133,-7.1876e-25,0,0.00018045,0.0015081,0.11966,0.013895
0.675,1.2557,0.005,-0.0029132,-0.019038,7.9582e-25,0,0.00018618,0.0014455,0.1288,0.013948
0.625,1.3057,0.005,-0.0043227,-0.020949,3.9473e-25,0,0.00019463,0.0013878,0.14024,0.014011
0.575,1.3557,0.005,-0.0056052,-0.022847,8.0796e-39,0,0.00020645,0.0013411,0.15394,0.014086
0.525,1.4058,0.005,-0.0067555,-0.024698,-3.6724e-25,0,0.00022234,0.0013097,0.16976,0.014172
0.475,1.4558,0.005,-0.0077585,-0.026447,-8.494e-25,0,0.00024282,0.0012952,0.18747,0.01427
0.425,1.5059,0.005,-0.0085826,-0.028015,1.0909e-24,0,0.0002681,0.0012958,0.20689,0.014381
0.375,1.5559,0.005,-0.0091782,-0.02931,1.1055e-24,0,0.00029769,0.0013057,0.22798,0.014505
0.325,1.606,0.005,-0.009483,-0.030245,0,0,0.0003301,0.0013146,0.25109,0.014641
0.275,1.656,0.005,-0.0094318,-0.030748,1.1254e-24,0,0.00036246,0.0013063,0.27747,0.014788
0.225,1.706,0.005,-0.0089596,-0.030756,-2.934e-24,0,0.00039018,0.0012561,0.31063,0.014945
0.175,1.7561,0.005,-0.0079828,-0.030216,-3.9424e-38,0,0.00040609,0.0011274,0.36019,0.015113
0.125,1.8061,0.005,-0.006464,-0.029126,4.4585e-24,0,0.00039825,0.00087255,0.45642,0.015296
0.075,1.8562,0.005,-0.0040858,-0.027614,-3.3391e-24,0,0.00034029,0.00046377,0.73376,0.015485
0.025,1.9062,0.005,-0.0028386,-0.025426,-1.0285e-23,0,0.00018453,7.6251e-05,2.42,0.015707
1.975,0.024,0.005,0.0011151,0.00056259,-3.8373e-24,0,5.7836e-07,2.7226e-07,2.1243,0.01475
1.925,0.072,0.005,0.020217,0.006158,-2.7444e-24,0,1.3743e-05,1.1751e-05,1.1695,0.014741
1.875,0.12,0.005,0.030298,0.008993,-1.8134e-38,0,3.4341e-05,5.0037e-05,0.68632,0.014682
1.825,0.168,0.005,0.033689,0.0096862,4.8399e-24,0,5.9902e-05,0.00014364,0.41703,0.014595
1.775,0.216,0.005,0.034716,0.0097303,-1.574e-24,0,8.3773e-05,0.00029844,0.2807,0.014498
1.725,0.264,0.005,0.034554,0.0094677,-1.499e-24,0,0.00010369,0.00047825,0.2168,0.014405
1.675,0.312,0.005,0.03376,0.0090504,2.2331e-24,0,0.00012026,0.00065059,0.18485,0.014317
1.625,0.36,0.005,0.03259,0.0085327,-8.0314e-25,0,0.00013412,0.0008062,0.16636,0.014235
1.575,0.408,0.005,0.031146,0.007905,6.4552e-25,0,0.0001456,0.00094712,0.15373,0.014159
1.525,0.456,0.005,0.02949,0.0071586,-8.6167e-25,0,0.00015491,0.0010764,0.14392,0.01409
1.475,0.50502,0.005,0.027627,0.0062949,0,0,0.00016231,0.0011974,0.13556,0.014025
1.425,0.55506,0.005,0.02559,0.0053103,1.0285e-24,0,0.00016788,0.0013086,0.12829,0.013966
1.375,0.60511,0.005,0.023461,0.0042028,-4.3669e-25,0,0.0001718,0.0014083,0.12199,0.013914
1.325,0.65515,0.005,0.021267,0.0029808,-4.7057e-25,0,0.0001743,0.0014955,0.11655,0.013869
1.275,0.70519,0.005,0.019033,0.0016539,-5.4879e-25,0,0.00017562,0.0015696,0.11189,0.01383
1.225,0.75523,0.005,0.016781,0.00023262,-5.2321e-25,0,0.00017601,0.00163,0.10798,0.013799
1.175,0.80528,0.005,0.014529,-0.0012715,-9.4973e-26,0,0.00017572,0.0016765,0.10481,0.013775
1.125,0.85532,0.005,0.012296,-0.0028473,-3.7988e-25,0,0.00017495,0.0017092,0.10236,0.013758
1.075,0.90536,0.005,0.010098,-0.0044835,-3.1956e-25,0,0.0001739,0.0017279,0.10064,0.013748
1.025,0.9554,0.005,0.0079494,-0.0061694,-2.5745e-25,0,0.00017279,0.0017323,0.099744,0.013746
0.975,1.0054,0.005,0.0058651,-0.0078953,1.5994e-39,0,0.00017181,0.0017222,0.099765,0.013752
0.925,1.0555,0.005,0.0038578,-0.009653,6.6136e-25,0,0.00017121,0.0016974,0.10087,0.013765
0.875,1.1055,0.005,0.0019391,-0.011436,5.3564e-25,0,0.00017125,0.0016583,0.10327,0.013787
0.825,1.1556,0.005,0.00011898,-0.013238,-5.2999e-25,0,0.00017225,0.0016065,0.10722,0.013817
0.775,1.2056,0.005,-0.0015938,-0.015056,1.4159e-25,0,0.00017461,0.001545,0.11302,0.013857
0.725,1.2557,0.005,-0.0031928,-0.016886,-2.5089e-25,0,0.00017876,0.0014786,0.1209,0.013906
0.675,1.3057,0.005,-0.0046747,-0.018723,-3.7308e-25,0,0.00018523,0.0014133,0.13106,0.013965
0.625,1.3557,0.005,-0.0060385,-0.020557,1.0167e-32,0,0.00019467,0.0013558,0.14358,0.014036
0.575,1.4058,0.005,-0.0072833,-0.022368,-3.3235e-25,0,0.00020781,0.0013121,0.15838,0.014118
0.525,1.4558,0.005,-0.0084019,-0.024115,5.6978e-25,0,0.0002254,0.0012862,0.17525,0.014212
0.475,1.5059,0.005,-0.0093728,-0.025734,-3.3442e-24,0,0.00024799,0.001279,0.1939,0.01432
0.425,1.5559,0.005,-0.010153,-0.027138,3.4357e-24,0,0.00027574,0.0012877,0.21413,0.014442
0.375,1.606,0.005,-0.01068,-0.028229,0,0,0.00030803,0.0013061,0.23584,0.014576
0.325,1.656,0.005,-0.010884,-0.028925,0,0,0.00034315,0.0013232,0.25934,0.014722
0.275,1.706,0.005,-0.010696,-0.029157,1.1712e-24,0,0.00037794,0.0013224,0.2858,0.014879
0.225,1.7561,0.005,-0.010052,-0.02886,-7.3107e-40,0,0.00040747,0.0012783,0.31877,0.015044
0.175,1.8061,0.005,-0.0088549,-0.027966,-2.0782e-24,0,0.00042406,0.001153,0.36779,0.015218
0.125,1.8562,0.005,-0.0070628,-0.026497,-6.3571e-25,0,0.00041494,0.00089616,0.46302,0.015404
0.075,1.9062,0.005,-0.0044248,-0.024654,-3.6408e-24,0,0.00035263,0.00047712,0.73908,0.015596
0.025,1.9563,0.005,-0.0030666,-0.022322,-2.8638e-24,0,0.00018693,7.6746e-05,2.4357,0.015816
2.025,0.024,0.005,-0.0011495,5.6662e-05,3.1904e-24,0,3.8933e-07,1.8327e-07,2.1243,0.014755
1.975,0.072,0.005,0.015342,0.0053304,3.0447e-26,0,1.1463e-05,9.7962e-06,1.1701,0.014754
1.925,0.12,0.005,0.027971,0.0094511,-3.765e-24,0,2.8877e-05,3.8776e-05,0.74472,0.014711
1.875,0.168,0.005,0.032324,0.010621,2.4204e-24,0,5.2485e-05,0.00011254,0.46636,0.014636
1.825,0.216,0.005,0.033721,0.010772,6.235e-39,0,7.6802e-05,0.00024876,0.30874,0.014544
1.775,0.264,0.005,0.033775,0.010561,1.6214e-24,0,9.7694e-05,0.00042432,0.23024,0.014449
1.725,0.312,0.005,0.0331,0.010145,1.31e-24,0,0.00011509,0.00060183,0.19124,0.014359
1.675,0.36,0.005,0.032021,0.0096365,-9.0101e-25,0,0.00012961,0.00076417,0.16961,0.014274
1.625,0.408,0.005,0.030663,0.0090345,-7.4242e-25,0,0.00014164,0.00091033,0.15559,0.014193
1.575,0.456,0.005,0.02909,0.0083267,-8.4391e-25,0,0.00015143,0.0010434,0.14513,0.014119
1.525,0.50502,0.005,0.027303,0.0075115,1.308e-24,0,0.00015927,0.0011675,0.13642,0.014049
1.475,0.55506,0.005,0.025337,0.0065816,3.0615e-25,0,0.00016524,0.0012818,0.12892,0.013986
1.425,0.60511,0.005,0.023269,0.0055311,6.5446e-25,0,0.0001695,0.0013848,0.1224,0.013929
1.375,0.65515,0.005,0.021128,0.0043667,-3.6204e-39,0,0.00017229,0.0014758,0.11674,0.013879
1.325,0.70519,0.005,0.018937,0.0030966,-6.7536e-25,0,0.00017385,0.0015542,0.11186,0.013836
1.275,0.75523,0.005,0.016719,0.001731,4.3042e-25,0,0.0001744,0.0016195,0.10769,0.0138
1.225,0.80528,0.005,0.014491,0.00028105,4.6592e-25,0,0.00017418,0.0016714,0.10421,0.013772
1.175,0.85532,0.005,0.012271,-0.0012416,4.5908e-25,0,0.00017342,0.0017096,0.10144,0.01375
1.125,0.90536,0.005,0.010076,-0.0028254,7.755e-25,0,0.0001723,0.001734,0.099364,0.013737
1.075,0.9554,0.005,0.0079201,-0.0044593,4.6478e-25,0,0.00017103,0.0017446,0.098034,0.013731
1.025,1.0054,0.005,0.005818,-0.0061326,1.8471e-25,0,0.00016979,0.0017407,0.097537,0.013733
0.975,1.0555,0.005,0.003783,-0.0078357,-4.1317e-39,0,0.00016879,0.0017221,0.098011,0.013742
0.925,1.1055,0.005,0.0018271,-0.0095609,-4.1112e-26,0,0.00016827,0.0016888,0.099642,0.01376
0.875,1.1556,0.005,-3.924e-05,-0.011302,4.2416e-26,0,0.00016852,0.0016414,0.10267,0.013787
0.825,1.2056,0.005,-0.0018068,-0.013054,-7.1307e-25,0,0.00016989,0.0015819,0.1074,0.013822
0.775,1.2557,0.005,-0.0034683,-0.014813,-2.1736e-41,0,0.00017273,0.0015143,0.11407,0.013867
0.725,1.3057,0.005,-0.0050198,-0.016577,-5.1175e-26,0,0.00017751,0.0014437,0.12295,0.013922
0.675,1.3557,0.005,-0.0064609,-0.01834,4.8087e-25,0,0.00018483,0.001377,0.13423,0.013988
0.625,1.4058,0.005,-0.0077932,-0.020092,-2.1976e-24,0,0.00019543,0.0013212,0.14792,0.014066
0.575,1.4558,0.005,-0.0090159,-0.021808,7.7893e-25,0,0.00021011,0.001282,0.16389,0.014156
0.525,1.5059,0.005,-0.010117,-0.023439,7.6495e-25,0,0.00022963,0.0012629,0.18183,0.01426
0.475,1.5559,0.005,-0.011066,-0.024911,-2.354e-24,0,0.00025454,0.0012637,0.20142,0.014377
0.425,1.606,0.005,-0.011803,-0.026126,2.4787e-24,0,0.00028491,0.001281,0.22241,0.014509
0.375,1.656,0.005,-0.012253,-0.026988,0,0,0.00031998,0.0013078,0.24467,0.014654
0.325,1.706,0.005,-0.012339,-0.027423,0,0,0.00035775,0.0013328,0.26843,0.01481
0.275,1.7561,0.005,-0.011995,-0.027369,-1.7102e-24,0,0.00039475,0.0013388,0.29486,0.014976
0.225,1.8061,0.005,-0.011152,-0.026746,6.948e-38,0,0.00042575,0.0013,0.32749,0.015148
0.175,1.8562,0.005,-0.0096928,-0.025476,5.5941e-24,0,0.0004425,0.0011774,0.37583,0.015324
0.125,1.9062,0.005,-0.0076022,-0.023634,-2.0591e-24,0,0.00043137,0.00091822,0.46979,0.015509
0.075,1.9563,0.005,-0.0047264,-0.021497,-7.9435e-24,0,0.00036429,0.00048948,0.74424,0.015701
0.025,2.0063,0.005,-0.0033077,-0.019035,-3.2684e-24,0,0.00018904,7.718e-05,2.4494,0.015915
2.075,0.024,0.005,-0.0019975,-3.1474e-05,-1.3516e-24,0,3.0213e-07,1.4222e-07,2.1243,0.014758
2.025,0.072,0.005,0.0099377,0.0039025,4.6843e-25,0,9.6344e-06,8.6729e-06,1.1109,0.014761
1.975,0.12,0.005,0.025079,0.009477,-3.762e-24,0,2.4365e-05,3.0898e-05,0.78856,0.014733
1.925,0.168,0.005,0.030814,0.01137,4.5192e-24,0,4.5143e-05,8.7398e-05,0.51652,0.014671
1.875,0.216,0.005,0.03267,0.011764,-2.1511e-24,0,6.9129e-05,0.00020127,0.34347,0.014587
1.825,0.264,0.005,0.032975,0.011653,-3.356e-25,0,9.0973e-05,0.0003664,0.24829,0.014493
1.775,0.312,0.005,0.032423,0.01125,-1.1801e-24,0,0.00010932,0.0005464,0.20008,0.014403
1.725,0.36,0.005,0.031425,0.01075,3.3201e-24,0,0.00012462,0.00071567,0.17413,0.014315
1.675,0.408,0.005,0.030143,0.010169,-1.8463e-24,0,0.0001373,0.0008681,0.15817,0.014231
1.625,0.456,0.005,0.028645,0.0094953,-8.6427e-25,0,0.00014766,0.0010058,0.14681,0.014152
1.575,0.50502,0.005,0.026933,0.0087246,1.3855e-24,0,0.000156,0.0011335,0.13763,0.014078
1.525,0.55506,0.005,0.025035,0.0078462,2.196e-25,0,0.00016242,0.0012508,0.12985,0.01401
1.475,0.60511,0.005,0.02303,0.0068502,6.5789e-25,0,0.00016707,0.0013571,0.12311,0.013948
1.425,0.65515,0.005,0.020944,0.0057408,-3.0534e-25,0,0.00017019,0.0014517,0.11724,0.013893
1.375,0.70519,0.005,0.018801,0.0045252,-1.0734e-33,0,0.00017202,0.0015342,0.11213,0.013846
1.325,0.75523,0.005,0.016621,0.0032125,1.1518e-39,0,0.00017279,0.0016041,0.10772,0.013806
1.275,0.80528,0.005,0.014422,0.0018134,3.6133e-25,0,0.00017272,0.001661,0.10399,0.013773
1.225,0.85532,0.005,0.012221,0.00033989,3.691e-25,0,0.00017201,0.0017047,0.1009,0.013748
1.175,0.90536,0.005,0.010033,-0.0011961,7.683e-26,0,0.00017089,0.0017349,0.098498,0.01373
1.125,0.9554,0.005,0.0078752,-0.002783,-9.9946e-26,0,0.00016952,0.0017514,0.09679,0.01372
1.075,1.0054,0.005,0.0057603,-0.0044095,-7.9319e-40,0,0.0001681,0.0017539,0.095844,0.013718
1.025,1.0555,0.005,0.0037022,-0.0060647,1.105e-25,0,0.00016681,0.0017417,0.095774,0.013724
0.975,1.1055,0.005,0.0017133,-0.0077397,-3.118e-25,0,0.00016588,0.0017146,0.096742,0.013738
0.925,1.1556,0.005,-0.0001955,-0.0094271,4.2802e-25,0,0.00016554,0.0016728,0.09896,0.01376
0.875,1.2056,0.005,-0.0020145,-0.011121,8.8029e-25,0,0.00016611,0.0016171,0.10272,0.013792
0.825,1.2557,0.005,-0.0037356,-0.012817,3.6467e-25,0,0.00016788,0.0015506,0.10827,0.013832
0.775,1.3057,0.005,-0.0053542,-0.014513,-6.6422e-25,0,0.00017126,0.0014775,0.11591,0.013883
0.725,1.3557,0.005,-0.0068695,-0.016206,7.8626e-25,0,0.00017679,0.001404,0.12592,0.013944
0.675,1.4058,0.005,-0.0082841,-0.017891,-9.1946e-39,0,0.00018514,0.0013373,0.13844,0.014017
0.625,1.4558,0.005,-0.0096015,-0.019556,1.7436e-24,0,0.00019713,0.0012849,0.15342,0.014102
0.575,1.5059,0.005,-0.010819,-0.021167,1.2738e-38,0,0.00021359,0.0012519,0.17061,0.014201
0.525,1.5559,0.005,-0.011917,-0.022667,-2.2568e-24,0,0.00023529,0.0012408,0.18963,0.014314
0.475,1.606,0.005,-0.012848,-0.023968,1.2347e-24,0,0.00026274,0.0012504,0.21012,0.014441
0.425,1.656,0.005,-0.013537,-0.024968,0,0,0.00029588,0.0012765,0.23179,0.014584
0.375,1.706,0.005,-0.013893,-0.025574,0,0,0.00033371,0.0013114,0.25447,0.014739
0.325,1.7561,0.005,-0.013839,-0.025727,-1.6505e-24,0,0.00037394,0.0013435,0.27834,0.014904
0.275,1.8061,0.005,-0.013314,-0.025369,7.2256e-25,0,0.00041284,0.0013554,0.30458,0.015078
0.225,1.8562,0.005,-0.012225,-0.024401,-1.862e-24,0,0.00044484,0.0013211,0.33673,0.015254
0.175,1.9062,0.005,-0.01045,-0.022751,1.9659e-24,0,0.00046106,0.0012001,0.38417,0.015428
0.125,1.9563,0.005,-0.0080665,-0.020568,2.2783e-24,0,0.00044722,0.00093837,0.47659,0.015607
0.075,2.0063,0.005,-0.0050096,-0.018173,-5.1819e-24,0,0.00037515,0.00050088,0.74898,0.015795
0.025,2.0563,0.005,-0.0035772,-0.015583,-1.4474e-23,0,0.00019094,7.7567e-05,2.4616,0.016001
2.125,0.024,0.005,-0.0022832,-7.6457e-06,0,0,2.0674e-07,9.7319e-08,2.1243,0.014762
2.075,0.072,0.005,0.0047739,0.0020755,-1.0203e-38,0,7.9011e-06,8.1278e-06,0.9721,0.014764
2.025,0.12,0.005,0.021447,0.0089372,1.3907e-24,0,2.1055e-05,2.6061e-05,0.80791,0.014751
1.975,0.168,0.005,0.02903,0.011834,-1.4064e-24,0,3.8406e-05,6.8223e-05,0.56294,0.014701
1.925,0.216,0.005,0.031549,0.01264,-3.6589e-38,0,6.103e-05,0.00015946,0.38273,0.014627
1.875,0.264,0.005,0.032149,0.012698,-3.0512e-38,0,8.3504e-05,0.00030731,0.27172,0.014537
1.825,0.312,0.005,0.031737,0.012352,2.7042e-24,0,0.00010288,0.00048502,0.21211,0.014447
1.775,0.36,0.005,0.030813,0.011866,1.0873e-38,0,0.00011909,0.00066029,0.18036,0.014358
1.725,0.408,0.005,0.029596,0.011304,-1.0419e-24,0,0.00013253,0.00081979,0.16166,0.014272
1.675,0.456,0.005,0.028164,0.010661,-9.2391e-25,0,0.00014354,0.00096312,0.14903,0.01419
1.625,0.50502,0.005,0.026519,0.0099325,6.2821e-26,0,0.00015245,0.001095,0.13922,0.014112
1.575,0.55506,0.005,0.024689,0.0091034,1.4725e-24,0,0.00015937,0.0012158,0.13109,0.014039
1.525,0.60511,0.005,0.022747,0.0081601,0,0,0.00016447,0.0013253,0.1241,0.013973
1.475,0.65515,0.005,0.020718,0.0071042,0,0,0.00016797,0.0014234,0.11801,0.013913
1.425,0.70519,0.005,0.018625,0.0059411,-5.3676e-25,0,0.00017012,0.0015097,0.11268,0.013861
1.375,0.75523,0.005,0.016487,0.0046793,-3.0582e-39,0,0.00017115,0.0015839,0.10806,0.013816
1.325,0.80528,0.005,0.014321,0.0033287,8.3725e-34,0,0.00017127,0.0016455,0.10408,0.013779
1.275,0.85532,0.005,0.012144,0.001901,6.115e-40,0,0.00017069,0.0016945,0.10074,0.01375
1.225,0.90536,0.005,0.0099701,0.00040871,3.039e-25,0,0.0001696,0.0017303,0.098017,0.013728
1.175,0.9554,0.005,0.0078152,-0.0011357,2.3929e-25,0,0.00016821,0.0017528,0.095966,0.013714
1.125,1.0054,0.005,0.0056931,-0.0027207,1.3823e-25,0,0.00016667,0.0017614,0.094626,0.013708
1.075,1.0555,0.005,0.003617,-0.0043345,8.8388e-40,0,0.00016518,0.0017557,0.094085,0.01371
1.025,1.1055,0.005,0.0015996,-0.0059665,-6.9143e-34,0,0.00016393,0.0017351,0.09448,0.01372
0.975,1.1556,0.005,-0.00034751,-0.0076081,3.5416e-25,0,0.00016314,0.0016994,0.096,0.013738
0.925,1.2056,0.005,-0.0022142,-0.0092523,3.0553e-25,0,0.00016308,0.0016489,0.0989,0.013765
0.875,1.2557,0.005,-0.0039916,-0.010894,-2.1402e-25,0,0.000164,0.0015856,0.10343,0.013801
0.825,1.3057,0.005,-0.0056744,-0.01253,3.1406e-25,0,0.00016624,0.0015126,0.1099,0.013847
0.775,1.3557,0.005,-0.0072609,-0.014158,2.8476e-25,0,0.00017028,0.0014351,0.11866,0.013904
0.725,1.4058,0.005,-0.0087537,-0.015776,-2.8484e-25,0,0.00017674,0.0013599,0.12996,0.013971
0.675,1.4558,0.005,-0.010159,-0.017379,-7.0024e-25,0,0.00018636,0.0012952,0.14388,0.014051
0.625,1.5059,0.005,-0.011481,-0.018948,2.7841e-24,0,0.00020002,0.0012482,0.16025,0.014144
0.575,1.5559,0.005,-0.012711,-0.020443,-1.0268e-24,0,0.00021856,0.0012232,0.17868,0.014251
0.525,1.606,0.005,-0.013815,-0.021792,-2.3918e-24,0,0.00024272,0.0012212,0.19875,0.014374
0.475,1.656,0.005,-0.014728,-0.022896,1.3155e-24,0,0.00027289,0.0012401,0.22006,0.014512
0.425,1.706,0.005,-0.015353,-0.023649,1.337e-24,0,0.00030887,0.0012747,0.2423,0.014665
0.375,1.7561,0.005,-0.015591,-0.023972,0,0,0.00034936,0.0013171,0.26524,0.014829
0.325,1.8061,0.005,-0.01537,-0.023823,-3.0248e-24,0,0.00039174,0.0013554,0.28902,0.015003
0.275,1.8562,0.005,-0.014627,-0.023148,1.2823e-24,0,0.00043204,0.0013721,0.31488,0.015182
0.225,1.9062,0.005,-0.013221,-0.021826,2.5953e-24,0,0.00046447,0.0013232,0.34639,0.015357
0.175,1.9563,0.005,-0.011107,-0.019817,-2.9575e-25,0,0.0004794,0.0012199,0.39264,0.015524
0.125,2.0063,0.005,-0.0084583,-0.017309,3.4767e-38,0,0.00046215,0.00095626,0.48329,0.015695
0.075,2.0563,0.005,-0.0053023,-0.014704,-6.2463e-24,0,0.00038513,0.00051155,0.75288,0.015878
0.025,2.1064,0.005,-0.0038708,-0.011988,-6.3871e-24,0,0.00019252,7.7888e-05,2.4717,0.016069
2.175,0.024,0.005,-0.0024352,0.00012755,0,0,1.0381e-07,4.8865e-08,2.1243,0.014764
2.125,0.072,0.005,0.0010009,0.00075139,2.5028e-24,0,5.7643e-06,7.7097e-06,0.74768,0.014765
2.075,0.12,0.005,0.016822,0.0076431,9.0885e-25,0,1.9058e-05,2.402e-05,0.79342,0.014763
2.025,0.168,0.005,0.026835,0.011927,-6.958e-25,0,3.2742e-05,5.4534e-05,0.6004,0.014727
1.975,0.216,0.005,0.030305,0.013334,1.4856e-24,0,5.2982e-05,0.00012534,0.42272,0.014663
1.925,0.264,0.005,0.031281,0.013635,-1.5074e-24,0,7.5379e-05,0.00025091,0.30043,0.01458
1.875,0.312,0.005,0.031046,0.013417,1.5237e-25,0,9.5716e-05,0.00041961,0.22811,0.014492
1.825,0.36,0.005,0.030195,0.012968,1.246e-24,0,0.00011293,0.00059811,0.18882,0.014403
1.775,0.408,0.005,0.029029,0.012432,-7.5506e-39,0,0.00012725,0.00076483,0.16638,0.014315
1.725,0.456,0.005,0.027653,0.01182,-1.8527e-24,0,0.00013901,0.00091477,0.15196,0.014231
1.675,0.50502,0.005,0.026068,0.011132,-1.2491e-38,0,0.00014858,0.0010517,0.14127,0.014149
1.625,0.55506,0.005,0.024301,0.010351,2.1926e-24,0,0.00015607,0.0011764,0.13267,0.014072
1.575,0.60511,0.005,0.02242,0.0094599,0,0,0.00016166,0.0012893,0.12539,0.014002
1.525,0.65515,0.005,0.02045,0.0084567,-6.0471e-25,0,0.00016559,0.0013908,0.11906,0.013938
1.475,0.70519,0.005,0.018409,0.0073454,-1.528e-25,0,0.0001681,0.0014808,0.11352,0.013881
1.425,0.75523,0.005,0.016317,0.0061331,-9.544e-25,0,0.00016943,0.001559,0.10867,0.013831
1.375,0.80528,0.005,0.014189,0.0048292,2.5066e-26,0,0.00016979,0.0016251,0.10447,0.01379
1.325,0.85532,0.005,0.012041,0.003445,-6.4673e-26,0,0.00016938,0.0016789,0.10089,0.013756
1.275,0.90536,0.005,0.0098864,0.0019932,-2.2174e-25,0,0.0001684,0.0017201,0.097903,0.01373
1.225,0.9554,0.005,0.0077403,0.00048691,-7.0087e-25,0,0.00016702,0.0017483,0.095533,0.013712
1.175,1.0054,0.005,0.0056163,-0.0010609,-6.5339e-26,0,0.00016544,0.001763,0.093836,0.013702
1.125,1.0555,0.005,0.003528,-0.0026391,3.4064e-25,0,0.00016382,0.0017637,0.092882,0.0137
1.075,1.1055,0.005,0.0014874,-0.0042351,2.0669e-25,0,0.00016234,0.0017497,0.09278,0.013706
1.025,1.1556,0.005,-0.00049353,-0.0058384,-2.8013e-25,0,0.0001612,0.0017205,0.093695,0.01372
0.975,1.2056,0.005,-0.0024036,-0.0074414,-2.3378e-25,0,0.00016065,0.001676,0.095848,0.013743
0.925,1.2557,0.005,-0.0042337,-0.0090376,-4.3681e-25,0,0.00016089,0.0016175,0.099469,0.013775
0.875,1.3057,0.005,-0.0059774,-0.010623,1.1253e-24,0,0.00016222,0.0015469,0.10487,0.013816
0.825,1.3557,0.005,-0.0076321,-0.012194,-1.8981e-24,0,0.00016506,0.0014681,0.11243,0.013867
0.775,1.4058,0.005,-0.0091998,-0.01375,5.2328e-25,0,0.00016994,0.0013873,0.1225,0.013929
0.725,1.4558,0.005,-0.010688,-0.015289,6.5999e-25,0,0.00017757,0.0013124,0.1353,0.014003
0.675,1.5059,0.005,-0.012104,-0.016804,4.8335e-38,0,0.00018876,0.0012521,0.15076,0.01409
0.625,1.5559,0.005,-0.01345,-0.018269,1.5927e-25,0,0.00020442,0.0012127,0.16857,0.014191
0.575,1.606,0.005,-0.014708,-0.019632,-1.1514e-24,0,0.00022536,0.0011972,0.18823,0.014308
0.525,1.656,0.005,-0.015824,-0.020805,1.9454e-26,0,0.00025223,0.0012053,0.20927,0.014441
0.475,1.706,0.005,-0.016706,-0.021679,-7.8165e-26,0,0.00028529,0.0012335,0.23128,0.014589
0.425,1.7561,0.005,-0.017243,-0.022152,-1.7646e-24,0,0.00032409,0.0012763,0.25393,0.014751
0.375,1.8061,0.005,-0.017332,-0.022166,1.3904e-24,0,0.00036699,0.0013253,0.2769,0.014924
0.325,1.8562,0.005,-0.016919,-0.021702,3.5116e-25,0,0.000411,0.0013684,0.30035,0.015105
0.275,1.9062,0.005,-0.015904,-0.020682,-2.7961e-39,0,0.00045216,0.0013372,0.32567,0.015284
0.225,1.9563,0.005,-0.01414,-0.018971,3.0991e-24,0,0.00048433,0.0012494,0.3562,0.015453
0.175,2.0063,0.005,-0.011722,-0.016641,-1.7129e-24,0,0.00049717,0.0011716,0.40061,0.015611
0.125,2.0563,0.005,-0.008826,-0.013869,4.8734e-24,0,0.00047606,0.00097335,0.4891,0.015772
0.075,2.1064,0.005,-0.0056011,-0.011117,-1.7558e-23,0,0.00039396,0.00052131,0.7557,0.015947
0.025,2.1564,0.005,-0.0041609,-0.00808,5.5124e-24,0,0.0001934,7.8068e-05,2.4774,0.016123
2.225,0.024,0.005,-0.0028204,0.00041424,2.2088e-25,0,8.8269e-08,4.1552e-08,2.1243,0.014765
2.175,0.072,0.005,-0.0010542,0.00038411,0,0,2.7955e-06,4.7411e-06,0.58964,0.014766
2.125,0.12,0.005,0.011509,0.0055422,-3.2687e-25,0,1.8144e-05,2.4523e-05,0.73986,0.014769
2.075,0.168,0.005,0.024036,0.011531,3.3001e-24,0,2.8599e-05,4.5896e-05,0.62313,0.014746
2.025,0.216,0.005,0.028873,0.013768,-3.1108e-24,0,4.5519e-05,9.8951e-05,0.46002,0.014695
1.975,0.264,0.005,0.030339,0.014409,0,0,6.6882e-05,0.00020115,0.33249,0.014621
1.925,0.312,0.005,0.030341,0.014405,1.5134e-24,0,8.7852e-05,0.00035346,0.24855,0.014536
1.875,0.36,0.005,0.029576,0.014034,-9.8233e-39,0,0.00010611,0.00053017,0.20014,0.014449
1.825,0.408,0.005,0.028452,0.013538,2.2477e-26,0,0.0001214,0.00070296,0.1727,0.014361
1.775,0.456,0.005,0.027118,0.012964,-1.8909e-24,0,0.00013401,0.00086016,0.15579,0.014275
1.725,0.50502,0.005,0.025585,0.012318,1.7245e-24,0,0.00014432,0.0010032,0.14386,0.014191
1.675,0.55506,0.005,0.023875,0.011586,7.6277e-25,0,0.00015245,0.0011324,0.13463,0.01411
1.625,0.60511,0.005,0.022053,0.010747,-1.3703e-24,0,0.0001586,0.001249,0.12698,0.014035
1.575,0.65515,0.005,0.02014,0.0097976,1.1386e-24,0,0.00016301,0.001354,0.12039,0.013967
1.525,0.70519,0.005,0.018154,0.0087382,-5.4553e-25,0,0.00016593,0.0014477,0.11462,0.013905
1.475,0.75523,0.005,0.016111,0.0075751,-9.6061e-25,0,0.00016759,0.0015297,0.10956,0.013851
1.425,0.80528,0.005,0.014026,0.006317,1.0152e-24,0,0.00016823,0.0016,0.10514,0.013805
1.375,0.85532,0.005,0.011911,0.0049747,-2.2197e-25,0,0.00016804,0.0016583,0.10133,0.013767
1.325,0.90536,0.005,0.0097818,0.003561,2.9204e-25,0,0.00016721,0.0017044,0.098106,0.013737
1.275,0.9554,0.005,0.0076504,0.0020893,7.8653e-26,0,0.00016592,0.001738,0.095465,0.013714
1.225,1.0054,0.005,0.0055307,0.00057373,2.0035e-33,0,0.00016433,0.0017587,0.093441,0.0137
1.175,1.0555,0.005,0.0034345,-0.00097304,0,0,0.00016264,0.0017657,0.092113,0.013694
1.125,1.1055,0.005,0.0013771,-0.0025396,1.0765e-25,0,0.000161,0.0017582,0.091576,0.013696
1.075,1.1556,0.005,-0.00063212,-0.0041116,-2.5132e-25,0,0.00015962,0.0017356,0.091966,0.013706
1.025,1.2056,0.005,-0.0025811,-0.0056814,3.9923e-25,0,0.00015868,0.0016976,0.093471,0.013725
0.975,1.2557,0.005,-0.0044596,-0.0072408,-3.6011e-25,0,0.00015839,0.0016448,0.096295,0.013752
0.925,1.3057,0.005,-0.0062606,-0.008784,9.0813e-39,0,0.000159,0.0015784,0.10073,0.013788
0.875,1.3557,0.005,-0.0079802,-0.010308,5.5066e-25,0,0.00016087,0.001501,0.10718,0.013835
0.825,1.4058,0.005,-0.0096198,-0.01181,-6.6648e-25,0,0.00016447,0.0014173,0.11604,0.013891
0.775,1.4558,0.005,-0.011186,-0.013291,4.4529e-25,0,0.00017043,0.0013349,0.12767,0.013959
0.725,1.5059,0.005,-0.012689,-0.014748,-3.4261e-25,0,0.00017954,0.0012629,0.14217,0.01404
0.675,1.5559,0.005,-0.01414,-0.016169,7.8137e-38,0,0.00019268,0.0012096,0.1593,0.014135
0.625,1.606,0.005,-0.015532,-0.017517,-1.1014e-24,0,0.00021072,0.0011801,0.17855,0.014244
0.575,1.656,0.005,-0.016828,-0.018724,-2.6063e-24,0,0.00023438,0.0011756,0.19936,0.014371
0.525,1.706,0.005,-0.017948,-0.019689,2.8437e-24,0,0.00026419,0.0011941,0.22124,0.014514
0.475,1.7561,0.005,-0.018777,-0.020298,1.6704e-38,0,0.00030021,0.0012314,0.24379,0.014672
0.425,1.8061,0.005,-0.019191,-0.020459,-1.8035e-25,0,0.00034169,0.0012816,0.2666,0.014843
0.375,1.8562,0.005,-0.019103,-0.020142,-1.6772e-24,0,0.00038653,0.001336,0.28933,0.015022
0.325,1.9062,0.005,-0.018472,-0.019348,1.671e-24,0,0.00043149,0.0013434,0.3122,0.015204
0.275,1.9563,0.005,-0.017127,-0.017913,6.1934e-39,0,0.00047307,0.0012621,0.33674,0.015379
0.225,2.0063,0.005,-0.015023,-0.015824,-1.9738e-25,0,0.00050429,0.0012023,0.3656,0.015541
0.175,2.0563,0.005,-0.012284,-0.013225,3.3132e-24,0,0.0005141,0.0011425,0.4078,0.015688
0.125,2.1064,0.005,-0.0091578,-0.010294,1.0715e-24,0,0.00048848,0.00098952,0.49365,0.015835
0.075,2.1564,0.005,-0.0058687,-0.0074149,-2.0791e-24,0,0.00040109,0.00052981,0.75705,0.016003
0.025,2.2065,0.005,-0.0047484,-0.0039991,-1.1924e-23,0,0.00019375,7.8139e-05,2.4796,0.01616
2.275,0.024,0.005,-0.0037119,0.0006352,1.3874e-24,0,1.5779e-07,7.428e-08,2.1243,0.014763
2.225,0.072,0.005,-0.0019742,0.00088977,1.2197e-24,0,1.7274e-06,2.6017e-06,0.66395,0.014767
2.175,0.12,0.005,0.0062594,0.0034107,0,0,1.6976e-05,2.5735e-05,0.65965,0.01477
2.125,0.168,0.005,0.020477,0.010489,1.0281e-24,0,2.6294e-05,4.1926e-05,0.62715,0.014759
2.075,0.216,0.005,0.027146,0.01384,3.5979e-39,0,3.9178e-05,7.9771e-05,0.49113,0.014722
2.025,0.264,0.005,0.029277,0.014985,-2.9991e-24,0,5.8469e-05,0.00016022,0.36493,0.01466
1.975,0.312,0.005,0.029599,0.015268,1.4925e-24,0,7.9409e-05,0.0002908,0.27307,0.01458
1.925,0.36,0.005,0.028956,0.015031,-1.3002e-39,0,9.859e-05,0.00045878,0.2149,0.014496
1.875,0.408,0.005,0.027872,0.014604,-1.1074e-24,0,0.00011493,0.00063454,0.18112,0.014409
1.825,0.456,0.005,0.026569,0.014079,-8.3873e-25,0,0.00012848,0.00079886,0.16083,0.014322
1.775,0.50502,0.005,0.025075,0.013482,-3.6279e-26,0,0.00013963,0.00094875,0.14717,0.014235
1.725,0.55506,0.005,0.023414,0.012803,1.5534e-24,0,0.00014848,0.0010834,0.13706,0.014152
1.675,0.60511,0.005,0.021647,0.01202,6.9789e-25,0,0.00015525,0.0012043,0.12892,0.014073
1.625,0.65515,0.005,0.019791,0.011125,-1.7378e-38,0,0.00016019,0.001313,0.12201,0.014
1.575,0.70519,0.005,0.017861,0.010119,-1.1123e-24,0,0.00016356,0.0014102,0.11599,0.013934
1.525,0.75523,0.005,0.01587,0.0090057,0,0,0.00016561,0.001496,0.1107,0.013876
1.475,0.80528,0.005,0.01383,0.0077933,4.1811e-26,0,0.00016655,0.0015702,0.10607,0.013825
1.425,0.85532,0.005,0.011755,0.0064923,-5.9671e-25,0,0.00016661,0.0016328,0.10204,0.013782
1.375,0.90536,0.005,0.0096557,0.0051152,5.1405e-25,0,0.00016598,0.0016835,0.098592,0.013748
1.325,0.9554,0.005,0.0075451,0.0036757,1.5199e-25,0,0.00016483,0.0017221,0.09571,0.013721
1.275,1.0054,0.005,0.0054355,0.0021885,-1.6532e-25,0,0.00016331,0.0017483,0.093409,0.013703
1.225,1.0555,0.005,0.0033403,0.00066751,3.0998e-25,0,0.00016159,0.0017613,0.091742,0.013692
1.175,1.1055,0.005,0.0012645,-0.00087541,0,0,0.00015986,0.0017603,0.090812,0.01369
1.125,1.1556,0.005,-0.00076293,-0.0024204,1.3512e-25,0,0.00015829,0.0017443,0.090743,0.013696
1.075,1.2056,0.005,-0.0027453,-0.0039654,8.6278e-26,0,0.00015706,0.001713,0.091685,0.013711
1.025,1.2557,0.005,-0.0046677,-0.0054964,2.8359e-25,0,0.00015635,0.0016666,0.093815,0.013734
0.975,1.3057,0.005,-0.0065219,-0.0070071,-3.6986e-25,0,0.00015639,0.0016056,0.097402,0.013765
0.925,1.3557,0.005,-0.008303,-0.0084928,8.3223e-25,0,0.00015748,0.0015316,0.10282,0.013807
0.875,1.4058,0.005,-0.010011,-0.009951,-9.3333e-25,0,0.00016005,0.0014479,0.11054,0.013858
0.825,1.4558,0.005,-0.011652,-0.011382,1.0376e-38,0,0.00016465,0.0013608,0.12099,0.01392
0.775,1.5059,0.005,-0.013238,-0.012784,2.2979e-24,0,0.00017202,0.0012793,0.13446,0.013994
0.725,1.5559,0.005,-0.014783,-0.014154,-2.8962e-24,0,0.00018303,0.0012133,0.15085,0.014082
0.675,1.606,0.005,-0.016292,-0.01547,1.0473e-24,0,0.00019854,0.00117,0.16968,0.014184
0.625,1.656,0.005,-0.017745,-0.016683,-2.5255e-24,0,0.00021933,0.0011525,0.1903,0.014303
0.575,1.706,0.005,-0.019079,-0.017707,1.3868e-24,0,0.00024601,0.0011598,0.21212,0.014439
0.525,1.7561,0.005,-0.020183,-0.018429,1.561e-24,0,0.00027891,0.0011886,0.23466,0.014592
0.475,1.8061,0.005,-0.020923,-0.018735,-2.9335e-24,0,0.00031787,0.0012344,0.25752,0.014759
0.425,1.8562,0.005,-0.021173,-0.018556,1.6518e-24,0,0.00036169,0.0012908,0.2802,0.014937
0.375,1.9062,0.005,-0.020885,-0.01791,-1.167e-25,0,0.0004078,0.0013468,0.30234,0.015119
0.325,1.9563,0.005,-0.019958,-0.016726,-1.6128e-24,0,0.00045335,0.0012801,0.32451,0.015297
0.275,2.0063,0.005,-0.018237,-0.014876,3.0125e-24,0,0.00049473,0.0012262,0.3477,0.015466
0.225,2.0563,0.005,-0.015791,-0.012478,-2.9142e-24,0,0.00052377,0.0011843,0.3743,0.015619
0.175,2.1064,0.005,-0.012752,-0.0096558,3.3906e-24,0,0.00052954,0.0011347,0.41389,0.015753
0.125,2.1564,0.005,-0.0094308,-0.0066177,2.7196e-24,0,0.00049885,0.0010043,0.49672,0.015885
0.075,2.2065,0.005,-0.0061162,-0.0036771,-1.0213e-23,0,0.00040588,0.00053674,0.75619,0.016041
0.025,2.2565,0.005,-0.0062998,6.7967e-05,0,0,0.00019437,7.8262e-05,2.4835,0.016177
2.325,0.024,0.005,-0.0050255,0.00066854,0,0,3.7463e-07,1.7635e-07,2.1243,0.014759
2.275,0.072,0.005,-0.0027791,0.0014939,2.2596e-24,0,1.5433e-06,2.1013e-06,0.73445,0.014764
2.225,0.12,0.005,0.0024861,0.0021448,-9.9764e-25,0,1.3089e-05,2.2951e-05,0.57032,0.014769
2.175,0.168,0.005,0.016056,0.0086208,-9.5043e-26,0,2.5559e-05,4.1626e-05,0.61403,0.014768
2.125,0.216,0.005,0.024974,0.013445,-2.107e-39,0,3.4456e-05,6.7205e-05,0.5127,0.014743
2.075,0.264,0.005,0.028066,0.015293,3.1253e-27,0,5.0657e-05,0.00012819,0.39516,0.014695
2.025,0.312,0.005,0.028793,0.015942,0,0,7.0689e-05,0.00023574,0.29986,0.014623
1.975,0.36,0.005,0.028324,0.015923,1.4653e-24,0,9.0425e-05,0.00038753,0.23333,0.014544
1.925,0.408,0.005,0.02729,0.015603,-1.1029e-24,0,0.0001078,0.00056099,0.19216,0.014459
1.875,0.456,0.005,0.026009,0.01515,-4.069e-26,0,0.00012238,0.00073083,0.16745,0.014371
1.825,0.50502,0.005,0.024543,0.014614,-1.1633e-24,0,0.00013445,0.00088801,0.1514,0.014283
1.775,0.55506,0.005,0.022922,0.013995,1.7843e-24,0,0.0001441,0.0010289,0.14006,0.014197
1.725,0.60511,0.005,0.021204,0.013271,8.6905e-25,0,0.00015157,0.0011547,0.13126,0.014115
1.675,0.65515,0.005,0.019403,0.012435,-1.5065e-24,0,0.00015711,0.0012676,0.12394,0.014038
1.625,0.70519,0.005,0.017528,0.011486,-2.2596e-33,0,0.00016098,0.0013685,0.11764,0.013968
1.575,0.75523,0.005,0.015591,0.010425,5.3253e-26,0,0.00016344,0.0014579,0.11211,0.013905
1.525,0.80528,0.005,0.013602,0.0092591,-4.5849e-25,0,0.00016474,0.001536,0.10725,0.013849
1.475,0.85532,0.005,0.01157,0.0079995,3.753e-25,0,0.00016508,0.0016026,0.10301,0.013802
1.425,0.90536,0.005,0.0095071,0.0066583,5.9584e-25,0,0.00016468,0.0016577,0.099339,0.013763
1.375,0.9554,0.005,0.0074234,0.0052496,-4.5115e-25,0,0.00016369,0.001701,0.09623,0.013732
1.325,1.0054,0.005,0.0053305,0.0037882,3.0993e-25,0,0.00016229,0.0017322,0.093685,0.01371
1.275,1.0555,0.005,0.0032403,0.0022895,1.8683e-34,0,0.00016061,0.0017509,0.091734,0.013695
1.225,1.1055,0.005,0.0011694,0.0007617,0,0,0.00015883,0.001756,0.090452,0.013689
1.175,1.1556,0.005,-0.00089012,-0.00075586,4.1465e-26,0,0.00015714,0.0017466,0.089969,0.013691
1.125,1.2056,0.005,-0.002895,-0.0022865,2.4039e-33,0,0.0001557,0.001722,0.090418,0.013701
1.075,1.2557,0.005,-0.0048564,-0.0037972,1.9162e-25,0,0.00015467,0.0016823,0.091945,0.01372
1.025,1.3057,0.005,-0.0067594,-0.0052843,-2.6778e-25,0,0.00015426,0.0016275,0.094785,0.013747
0.975,1.3557,0.005,-0.0085983,-0.0067416,-3.5063e-25,0,0.00015473,0.0015584,0.099291,0.013783
0.925,1.4058,0.005,-0.010372,-0.0081655,4.924e-25,0,0.00015646,0.001477,0.10593,0.013829
0.875,1.4558,0.005,-0.012084,-0.009555,1.1704e-24,0,0.00015994,0.001388,0.11523,0.013885
0.825,1.5059,0.005,-0.013748,-0.010911,9.4297e-39,0,0.00016588,0.0012997,0.12763,0.013953
0.775,1.5559,0.005,-0.01538,-0.012232,-7.3005e-25,0,0.00017509,0.0012226,0.14322,0.014033
0.725,1.606,0.005,-0.016994,-0.013507,-1.9828e-24,0,0.00018846,0.0011662,0.1616,0.014128
0.675,1.656,0.005,-0.018584,-0.014705,1.25e-24,0,0.00020679,0.0011359,0.18205,0.014239
0.625,1.706,0.005,-0.020105,-0.015757,-1.3888e-24,0,0.0002307,0.0011316,0.20387,0.014368
0.575,1.7561,0.005,-0.021461,-0.016563,2.9696e-24,0,0.00026063,0.0011507,0.22649,0.014514
0.525,1.8061,0.005,-0.022513,-0.017002,-1.5526e-24,0,0.00029669,0.0011893,0.24946,0.014676
0.475,1.8562,0.005,-0.023114,-0.016972,6.5184e-26,0,0.00033839,0.0012426,0.27233,0.01485
0.425,1.9062,0.005,-0.023158,-0.016443,4.3411e-26,0,0.00038406,0.001304,0.29453,0.01503
0.375,1.9563,0.005,-0.022613,-0.015457,1.5616e-24,0,0.00043084,0.0012981,0.31588,0.01521
0.325,2.0063,0.005,-0.02128,-0.013856,-1.5865e-24,0,0.0004768,0.0012489,0.33701,0.015383
0.275,2.0563,0.005,-0.019162,-0.011659,-1.5466e-24,0,0.0005167,0.0012189,0.35816,0.015544
0.225,2.1064,0.005,-0.016389,-0.0089887,2.6884e-24,0,0.00054223,0.0011872,0.38206,0.015684
0.175,2.1564,0.005,-0.013103,-0.0059914,-1.638e-38,0,0.00054287,0.001144,0.41861,0.015801
0.125,2.2065,0.005,-0.0096766,-0.0028929,5.9859e-25,0,0.0005065,0.0010172,0.49794,0.015916
0.075,2.2565,0.005,-0.0063684,0.00029207,-1.7803e-23,0,0.00040615,0.00054113,0.75055,0.016056
0.025,2.3066,0.005,-0.0060613,0.0033527,-2.4648e-24,0,0.00019629,7.8648e-05,2.4958,0.016173
2.375,0.024,0.005,-0.0065215,0.00046115,-2.2665e-24,0,8.3468e-07,3.9292e-07,2.1243,0.014752
2.325,0.072,0.005,-0.0037616,0.00184,-1.5696e-24,0,2.5629e-06,3.3781e-06,0.7587,0.014757
2.275,0.12,0.005,0.00046604,0.0021246,3.3598e-25,0,7.4376e-06,1.4566e-05,0.51061,0.014764
2.225,0.168,0.005,0.010839,0.0061562,-7.6011e-26,0,2.4281e-05,3.9729e-05,0.58061,0.014769
2.175,0.216,0.005,0.022231,0.01246,5.6e-25,0,3.1633e-05,6.0408e-05,0.52366,0.014756
2.125,0.264,0.005,0.026655,0.015241,-5.8098e-38,0,4.3969e-05,0.00010451,0.42073,0.014724
2.075,0.312,0.005,0.027891,0.016354,5.599e-39,0,6.2144e-05,0.00019031,0.32654,0.014665
2.025,0.36,0.005,0.027663,0.01666,-3.1337e-24,0,8.1778e-05,0.00032097,0.25478,0.014591
1.975,0.408,0.005,0.026703,0.016503,1.458e-24,0,0.00010002,0.00048499,0.20623,0.014509
1.925,0.456,0.005,0.02544,0.016154,-3.2364e-24,0,0.00011565,0.00065682,0.17608,0.014423
1.875,0.50502,0.005,0.023992,0.015698,9.1485e-25,0,0.00012873,0.00082068,0.15686,0.014334
1.825,0.55506,0.005,0.022401,0.015151,8.0085e-25,0,0.00013928,0.00096842,0.14382,0.014246
1.775,0.60511,0.005,0.020726,0.014496,9.7404e-25,0,0.00014751,0.0011,0.1341,0.01416
1.725,0.65515,0.005,0.018976,0.013725,8.5116e-25,0,0.00015371,0.0012175,0.12625,0.01408
1.675,0.70519,0.005,0.017156,0.012836,0,0,0.00015814,0.0013224,0.11959,0.014005
1.625,0.75523,0.005,0.015275,0.01183,-6.3496e-25,0,0.00016107,0.0014156,0.11379,0.013938
1.575,0.80528,0.005,0.013339,0.010714,-1.0416e-25,0,0.00016275,0.0014974,0.10869,0.013878
1.525,0.85532,0.005,0.011356,0.0094975,3.6558e-25,0,0.00016341,0.0015679,0.10422,0.013826
1.475,0.90536,0.005,0.0093345,0.0081926,-7.459e-25,0,0.00016326,0.0016272,0.10033,0.013783
1.425,0.9554,0.005,0.0072839,0.0068137,-7.105e-26,0,0.00016247,0.0016749,0.097003,0.013748
1.375,1.0054,0.005,0.0052144,0.0053765,1.5868e-25,0,0.00016121,0.0017109,0.094227,0.013721
1.325,1.0555,0.005,0.0031369,0.003897,-6.7898e-26,0,0.00015963,0.0017347,0.092026,0.013703
1.275,1.1055,0.005,0.0010624,0.0023902,2.1972e-26,0,0.00015788,0.0017455,0.090451,0.013692
1.225,1.1556,0.005,-0.00099469,0.00088115,-2.9419e-26,0,0.00015612,0.0017423,0.089606,0.01369
1.175,1.2056,0.005,-0.0030306,-0.00063834,1.8189e-25,0,0.00015452,0.0017244,0.089611,0.013696
1.125,1.2557,0.005,-0.0050247,-0.0021361,-1.3115e-25,0,0.00015325,0.0016914,0.090609,0.01371
1.075,1.3057,0.005,-0.0069718,-0.003608,2.1208e-25,0,0.00015249,0.0016432,0.092798,0.013733
1.025,1.3557,0.005,-0.0088642,-0.0050461,-3.8592e-26,0,0.00015246,0.00158,0.096496,0.013764
0.975,1.4058,0.005,-0.010699,-0.0064456,-2.1508e-26,0,0.00015351,0.0015027,0.10216,0.013804
0.925,1.4558,0.005,-0.01248,-0.0078042,-5.2467e-25,0,0.00015609,0.0014145,0.11035,0.013855
0.875,1.5059,0.005,-0.014218,-0.0091222,1.9472e-24,0,0.00016084,0.0013221,0.12165,0.013916
0.825,1.5559,0.005,-0.015931,-0.0104,7.7812e-25,0,0.00016855,0.001236,0.13637,0.01399
0.775,1.606,0.005,-0.01764,-0.011634,-1.0007e-24,0,0.00018012,0.0011676,0.15426,0.014077
0.725,1.656,0.005,-0.019351,-0.012804,-2.2834e-24,0,0.00019637,0.0011248,0.17457,0.01418
0.675,1.706,0.005,-0.021037,-0.013862,-1.28e-24,0,0.00021794,0.0011094,0.19644,0.0143
0.625,1.7561,0.005,-0.022617,-0.014722,4.3434e-24,0,0.00024527,0.0011188,0.21922,0.014438
0.575,1.8061,0.005,-0.023958,-0.01527,2.101e-38,0,0.00027857,0.0011493,0.24239,0.014593
0.525,1.8562,0.005,-0.024903,-0.01539,-1.619e-24,0,0.00031772,0.0011967,0.2655,0.014763
0.475,1.9062,0.005,-0.025303,-0.015001,-1.6033e-24,0,0.00036186,0.0012563,0.28804,0.014941
0.425,1.9563,0.005,-0.02509,-0.014137,-1.5914e-24,0,0.00040876,0.0013102,0.30943,0.01512
0.375,2.0063,0.005,-0.024149,-0.012771,1.4748e-24,0,0.00045622,0.0012709,0.32985,0.015295
0.325,2.0563,0.005,-0.022367,-0.010802,-2.5932e-25,0,0.00050151,0.0012448,0.34929,0.015461
0.275,2.1064,0.005,-0.019858,-0.0083058,-4.2684e-25,0,0.00053847,0.0012323,0.36785,0.015608
0.225,2.1564,0.005,-0.01679,-0.0054233,-6.6927e-25,0,0.00055896,0.0012107,0.38859,0.015732
0.175,2.2065,0.005,-0.013336,-0.0023108,1.7556e-24,0,0.0005532,0.0011765,0.42167,0.015831
0.125,2.2565,0.005,-0.0099111,0.00082115,5.6972e-24,0,0.00051059,0.0010273,0.49701,0.015928
0.075,2.3066,0.005,-0.006404,0.0044101,-2.7519e-38,0,0.00040682,0.00054163,0.7511,0.016046
0.025,2.3566,0.005,-0.0048129,0.0079474,-1.0512e-23,0,0.00019851,7.9094e-05,2.5098,0.016145
2.425,0.024,0.005,-0.0078466,-6.9751e-06,-2.1202e-25,0,1.6875e-06,7.9436e-07,2.1243,0.014747
2.375,0.072,0.005,-0.0048276,0.0018551,-6.0819e-24,0,4.9319e-06,6.8217e-06,0.72297,0.014746
2.325,0.12,0.005,-0.00066411,0.0025631,-1.8978e-37,0,4.5834e-06,9.4134e-06,0.4869,0.014754
2.275,0.168,0.005,0.0068068,0.0043783,2.2691e-38,0,2.0572e-05,3.9246e-05,0.52419,0.014762
2.225,0.216,0.005,0.018784,0.010791,-1.2705e-25,0,3.023e-05,5.7819e-05,0.52283,0.014761
2.175,0.264,0.005,0.02496,0.014717,-4.9098e-38,0,3.885e-05,8.8372e-05,0.43962,0.014747
2.125,0.312,0.005,0.026847,0.01643,-5.7462e-25,0,5.4266e-05,0.00015451,0.35121,0.014704
2.075,0.36,0.005,0.026953,0.017176,2.0948e-24,0,7.3e-05,0.00026307,0.2775,0.014638
2.025,0.408,0.005,0.026103,0.017261,-3.1839e-24,0,9.1662e-05,0.00041057,0.22326,0.014561
1.975,0.456,0.005,0.024862,0.017062,0,0,0.0001083,0.00057868,0.18715,0.014477
1.925,0.50502,0.005,0.023424,0.016715,-3.682e-26,0,0.00012244,0.00074705,0.16389,0.014388
1.875,0.55506,0.005,0.021854,0.016258,0,0,0.00013395,0.00090166,0.14856,0.014298
1.825,0.60511,0.005,0.020214,0.015683,7.387e-25,0,0.00014303,0.0010397,0.13757,0.01421
1.775,0.65515,0.005,0.018509,0.014986,-1.9927e-38,0,0.00014996,0.0011624,0.129,0.014126
1.725,0.70519,0.005,0.016743,0.014165,-9.5006e-25,0,0.00015501,0.0012717,0.12188,0.014047
1.675,0.75523,0.005,0.014919,0.013221,-3.1926e-25,0,0.00015845,0.0013689,0.11576,0.013975
1.625,0.80528,0.005,0.01304,0.012158,6.2426e-25,0,0.00016056,0.0014545,0.11039,0.013911
1.575,0.85532,0.005,0.01111,0.010987,5.327e-25,0,0.00016157,0.0015289,0.10568,0.013855
1.525,0.90536,0.005,0.0091361,0.0097195,-4.4886e-25,0,0.0001617,0.0015921,0.10157,0.013807
1.475,0.9554,0.005,0.0071251,0.0083708,6.0248e-25,0,0.00016114,0.001644,0.098015,0.013767
1.425,1.0054,0.005,0.0050858,0.0069568,-6.193e-25,0,0.00016006,0.0016845,0.095015,0.013736
1.375,1.0555,0.005,0.003028,0.0054944,6.3947e-25,0,0.0001586,0.0017132,0.092578,0.013714
1.325,1.1055,0.005,0.00096159,0.0040006,0,0,0.00015692,0.0017292,0.090743,0.013699
1.275,1.1556,0.005,-0.0011018,0.0024933,9.4883e-26,0,0.00015516,0.0017318,0.089593,0.013693
1.225,1.2056,0.005,-0.003149,0.00098553,1.2659e-25,0,0.00015347,0.0017201,0.08922,0.013695
1.175,1.2557,0.005,-0.0051718,-0.00050633,-1.9453e-41,0,0.00015202,0.0016938,0.089746,0.013705
1.125,1.3057,0.005,-0.0071577,-0.0019706,1.3351e-25,0,0.00015097,0.0016524,0.091365,0.013723
1.075,1.3557,0.005,-0.009099,-0.0033986,-2.1962e-25,0,0.00015056,0.0015957,0.094355,0.013749
1.025,1.4058,0.005,-0.010992,-0.0047832,-3.1708e-25,0,0.00015106,0.0015238,0.099136,0.013785
0.975,1.4558,0.005,-0.012838,-0.006121,5.0216e-25,0,0.0001529,0.0014385,0.10629,0.01383
0.925,1.5059,0.005,-0.014647,-0.0074113,5.654e-25,0,0.00015666,0.0013448,0.1165,0.013885
0.875,1.5559,0.005,-0.016437,-0.0086552,-1.0832e-26,0,0.00016311,0.0012521,0.13027,0.013951
0.825,1.606,0.005,-0.018233,-0.0098519,-1.7436e-26,0,0.00017316,0.001173,0.14762,0.014031
0.775,1.656,0.005,-0.020052,-0.01099,-2.1704e-24,0,0.00018767,0.0011184,0.1678,0.014125
0.725,1.706,0.005,-0.021882,-0.012037,1.22e-24,0,0.00020729,0.0010924,0.18977,0.014236
0.675,1.7561,0.005,-0.02366,-0.012925,1.3814e-24,0,0.00023247,0.0010926,0.21278,0.014366
0.625,1.8061,0.005,-0.025266,-0.013555,1.6855e-38,0,0.00026341,0.001115,0.23625,0.014513
0.575,1.8562,0.005,-0.026536,-0.013806,-1.5941e-24,0,0.00030011,0.0011557,0.25968,0.014677
0.525,1.9062,0.005,-0.027298,-0.013577,1.6363e-24,0,0.00034216,0.0012108,0.2826,0.014851
0.475,1.9563,0.005,-0.027419,-0.012831,-1.5197e-24,0,0.0003883,0.0012754,0.30445,0.015029
0.425,2.0063,0.005,-0.026835,-0.011631,1.8959e-25,0,0.00043614,0.0012946,0.32483,0.015205
0.375,2.0563,0.005,-0.025408,-0.0098937,1.6455e-24,0,0.00048373,0.0012693,0.34387,0.015373
0.325,2.1064,0.005,-0.023165,-0.0076074,-1.6018e-24,0,0.00052693,0.001264,0.361,0.015527
0.275,2.1564,0.005,-0.020286,-0.0048848,8.2372e-25,0,0.00055924,0.001268,0.37647,0.015658
0.225,2.2065,0.005,-0.016972,-0.0018628,0,0,0.00057291,0.0012584,0.39367,0.015764
0.175,2.2565,0.005,-0.013442,0.00128,1.6644e-24,0,0.00055955,0.001239,0.42299,0.015843
0.125,2.3066,0.005,-0.0099563,0.004463,3.1382e-24,0,0.00051092,0.0010298,0.49616,0.015923
0.075,2.3566,0.005,-0.0062207,0.0082647,-5.3157e-24,0,0.00040652,0.0005374,0.75644,0.016014
0.025,2.4066,0.005,-0.0043102,0.012348,-1.4893e-23,0,0.00019838,7.907e-05,2.509,0.016093
2.475,0.024,0.005,-0.0086541,-0.00061984,-2.1306e-24,0,3.1842e-06,1.499e-06,2.1243,0.01475
2.425,0.072,0.005,-0.0055338,0.0014226,0,0,8.855e-06,1.4022e-05,0.63152,0.014736
2.375,0.12,0.005,-0.0013458,0.0024095,4.4511e-24,0,5.9458e-06,1.3478e-05,0.44113,0.014742
2.325,0.168,0.005,0.0042722,0.0034287,-2.1601e-24,0,1.507e-05,3.2946e-05,0.45743,0.014754
2.275,0.216,0.005,0.014817,0.0085345,1.9478e-25,0,2.8588e-05,5.6618e-05,0.50493,0.014762
2.225,0.264,0.005,0.022863,0.013588,4.5971e-25,0,3.5381e-05,7.8595e-05,0.45017,0.014761
2.175,0.312,0.005,0.025632,0.016102,-2.4147e-38,0,4.7511e-05,0.0001277,0.37205,0.014738
2.125,0.36,0.005,0.026155,0.017396,-6.7898e-38,0,6.454e-05,0.00021534,0.29972,0.014684
2.075,0.408,0.005,0.025473,0.017823,9.5487e-41,0,8.2972e-05,0.00034245,0.24229,0.014613
2.025,0.456,0.005,0.02427,0.017836,-4.0967e-24,0,0.00010035,0.00049961,0.20086,0.014533
1.975,0.50502,0.005,0.022836,0.017639,9.7148e-39,0,0.00011555,0.00066829,0.1729,0.014445
1.925,0.55506,0.005,0.021278,0.017298,8.1133e-25,0,0.00012808,0.00082858,0.15458,0.014354
1.875,0.60511,0.005,0.019666,0.016822,-7.5122e-25,0,0.00013808,0.0009733,0.14187,0.014263
1.825,0.65515,0.005,0.018003,0.016212,1.0697e-24,0,0.00014581,0.001102,0.13231,0.014176
1.775,0.70519,0.005,0.016289,0.015468,9.3793e-25,0,0.00015155,0.0012163,0.12459,0.014093
1.725,0.75523,0.005,0.014522,0.014592,2.7925e-25,0,0.00015556,0.0013177,0.11806,0.014017
1.675,0.80528,0.005,0.012702,0.013589,7.1157e-25,0,0.00015814,0.0014072,0.11238,0.013948
1.625,0.85532,0.005,0.01083,0.012467,-3.8851e-25,0,0.00015954,0.0014855,0.1074,0.013887
1.575,0.90536,0.005,0.0089095,0.01124,5.2613e-25,0,0.00015998,0.0015526,0.10304,0.013835
1.525,0.9554,0.005,0.0069446,0.0099229,-2.3766e-25,0,0.00015967,0.0016086,0.099262,0.013791
1.475,1.0054,0.005,0.0049427,0.0085321,-3.274e-25,0,0.00015879,0.0016534,0.096036,0.013756
1.425,1.0555,0.005,0.0029119,0.0070856,5.1192e-25,0,0.00015748,0.0016867,0.093368,0.013729
1.375,1.1055,0.005,0.00086164,0.0056015,4.5015e-25,0,0.0001559,0.0017077,0.091289,0.013711
1.325,1.1556,0.005,-0.0011981,0.004098,3.3102e-25,0,0.00015418,0.0017157,0.089866,0.0137
1.275,1.2056,0.005,-0.0032548,0.0025918,2.2012e-25,0,0.00015247,0.0017098,0.089175,0.013698
1.225,1.2557,0.005,-0.0052975,0.0010995,1.9477e-25,0,0.0001509,0.0016897,0.089307,0.013704
1.175,1.3057,0.005,-0.0073163,-0.00036506,-2.6333e-25,0,0.00014965,0.001655,0.090421,0.013718
1.125,1.3557,0.005,-0.0093015,-0.0017912,3.3135e-25,0,0.00014892,0.0016049,0.092791,0.013739
1.075,1.4058,0.005,-0.011248,-0.0031703,-6.3416e-25,0,0.00014899,0.0015392,0.096795,0.01377
1.025,1.4558,0.005,-0.013155,-0.0044972,8.2249e-25,0,0.00015023,0.0014585,0.103,0.013809
0.975,1.5059,0.005,-0.015032,-0.0057701,1.1599e-25,0,0.00015317,0.001366,0.11213,0.013858
0.925,1.5559,0.005,-0.016896,-0.0069896,6.159e-25,0,0.00015855,0.0012694,0.12491,0.013918
0.875,1.606,0.005,-0.018774,-0.0081563,7.4906e-25,0,0.00016731,0.0011815,0.14161,0.01399
0.825,1.656,0.005,-0.02069,-0.0092648,-1.9938e-24,0,0.00018036,0.0011154,0.16169,0.014076
0.775,1.706,0.005,-0.022647,-0.010293,1.2708e-26,0,0.00019836,0.0010794,0.18377,0.014178
0.725,1.7561,0.005,-0.0246,-0.011192,1.2941e-24,0,0.00022178,0.0010711,0.20705,0.014298
0.675,1.8061,0.005,-0.026445,-0.011875,1.4605e-24,0,0.00025083,0.0010861,0.23093,0.014436
0.625,1.8562,0.005,-0.028019,-0.012231,-1.557e-24,0,0.00028546,0.0011203,0.2548,0.014592
0.575,1.9062,0.005,-0.029133,-0.012151,-1.5874e-24,0,0.00032544,0.00117,0.27816,0.014762
0.525,1.9563,0.005,-0.029614,-0.011558,1.0945e-25,0,0.00037012,0.0012316,0.30052,0.014938
0.475,2.0063,0.005,-0.029351,-0.010471,-1.4108e-24,0,0.0004179,0.0013003,0.32139,0.015113
0.425,2.0563,0.005,-0.028276,-0.008928,1.6334e-24,0,0.00046636,0.0012981,0.34051,0.015282
0.375,2.1064,0.005,-0.02632,-0.0068646,5.1684e-25,0,0.00051284,0.0012924,0.35759,0.01544
0.325,2.1564,0.005,-0.023623,-0.0043372,7.1492e-25,0,0.00055219,0.0013076,0.37186,0.015578
0.275,2.2065,0.005,-0.020412,-0.0014712,9.4911e-25,0,0.00057784,0.0013274,0.38381,0.015691
0.225,2.2565,0.005,-0.016912,0.0016013,-1.1246e-25,0,0.00058279,0.0013375,0.3972,0.015778
0.175,2.3066,0.005,-0.013338,0.004673,3.3043e-39,0,0.00056092,0.001312,0.42325,0.015839
0.125,2.3566,0.005,-0.009711,0.0079484,3.4174e-24,0,0.00050694,0.0010218,0.49613,0.015899
0.075,2.4066,0.005,-0.0059254,0.011845,-1.2171e-23,0,0.00040079,0.00052864,0.75815,0.015965
0.025,2.4567,0.005,-0.0039099,0.016229,-1.4746e-23,0,0.00019679,7.8753e-05,2.4989,0.016021
2.525,0.024,0.005,-0.0086539,-0.0012995,-6.4204e-24,0,5.8047e-06,2.7325e-06,2.1243,0.014765
2.475,0.072,0.005,-0.0055719,0.00051707,-2.7823e-24,0,1.4488e-05,2.8106e-05,0.51547,0.014734
2.425,0.12,0.005,-0.0017057,0.0014665,7.7831e-25,0,9.4002e-06,2.6176e-05,0.35911,0.014732
2.375,0.168,0.005,0.0030022,0.0027028,1.5589e-24,0,1.1588e-05,2.9688e-05,0.39034,0.014743
2.325,0.216,0.005,0.011019,0.0060895,-3.2038e-25,0,2.5327e-05,5.428e-05,0.46659,0.014757
2.275,0.264,0.005,0.020314,0.011804,-1.7821e-24,0,3.2952e-05,7.328e-05,0.44968,0.014769
2.225,0.312,0.005,0.024212,0.015258,1.1981e-24,0,4.2179e-05,0.00010894,0.38718,0.014766
2.175,0.36,0.005,0.025231,0.017204,1.7573e-24,0,5.685e-05,0.00017766,0.31999,0.014728
2.125,0.408,0.005,0.0248,0.01812,1.2026e-24,0,7.4338e-05,0.00028392,0.26183,0.014667
2.075,0.456,0.005,0.023651,0.018426,2.5843e-25,0,9.1964e-05,0.00042416,0.21681,0.01459
2.025,0.50502,0.005,0.022226,0.018434,7.8893e-25,0,0.00010808,0.00058681,0.18418,0.014504
1.975,0.55506,0.005,0.020673,0.018248,-1.5458e-24,0,0.00012166,0.00074987,0.16224,0.014413
1.925,0.60511,0.005,0.019081,0.017896,7.6229e-25,0,0.00013264,0.00090073,0.14726,0.01432
1.875,0.65515,0.005,0.017456,0.017391,-4.2342e-38,0,0.00014124,0.0010358,0.13635,0.01423
1.825,0.70519,0.005,0.01579,0.016738,-6.3458e-25,0,0.00014772,0.0011557,0.12782,0.014143
1.775,0.75523,0.005,0.014081,0.01594,-2.401e-24,0,0.00015237,0.0012619,0.12075,0.014063
1.725,0.80528,0.005,0.012323,0.015003,1.4525e-24,0,0.00015547,0.0013556,0.11469,0.013989
1.675,0.85532,0.005,0.010514,0.013937,-9.927e-25,0,0.00015729,0.0014377,0.1094,0.013924
1.625,0.90536,0.005,0.0086516,0.012755,3.2608e-25,0,0.00015808,0.0015087,0.10478,0.013867
1.575,0.9554,0.005,0.0067398,0.011472,-2.4735e-25,0,0.00015805,0.0015688,0.10075,0.013819
1.525,1.0054,0.005,0.0047826,0.010105,4.4371e-25,0,0.00015739,0.0016177,0.097287,0.013779
1.475,1.0555,0.005,0.0027868,0.0086741,-4.6613e-25,0,0.00015625,0.0016554,0.094386,0.013748
1.425,1.1055,0.005,0.00076032,0.007198,6.4779e-25,0,0.00015479,0.0016813,0.092068,0.013726
1.375,1.1556,0.005,-0.0012876,0.0056961,1.4148e-39,0,0.00015315,0.0016943,0.090388,0.013712
1.325,1.2056,0.005,-0.0033456,0.0041869,1.2655e-25,0,0.00015146,0.001694,0.089411,0.013705
1.275,1.2557,0.005,-0.0054025,0.0026885,-9.5787e-26,0,0.00014985,0.0016796,0.089215,0.013707
1.225,1.3057,0.005,-0.0074473,0.0012164,1.2164e-40,0,0.00014846,0.0016511,0.089916,0.013717
1.175,1.3557,0.005,-0.0094704,-0.00021619,3.3258e-25,0,0.00014749,0.0016077,0.091738,0.013734
1.125,1.4058,0.005,-0.011465,-0.0015989,0,0,0.0001472,0.0015485,0.095059,0.01376
1.075,1.4558,0.005,-0.01343,-0.0029247,-7.1835e-25,0,0.00014794,0.0014735,0.1004,0.013794
1.025,1.5059,0.005,-0.015372,-0.0041904,9.227e-25,0,0.00015021,0.0013842,0.10851,0.013837
0.975,1.5559,0.005,-0.017307,-0.0053958,-1.1691e-24,0,0.00015469,0.0012863,0.12026,0.01389
0.925,1.606,0.005,-0.019261,-0.0065416,1.4656e-24,0,0.00016233,0.0011917,0.13622,0.013954
0.875,1.656,0.005,-0.021267,-0.0076259,-7.0237e-26,0,0.00017411,0.0011158,0.15604,0.014032
0.825,1.706,0.005,-0.023337,-0.008635,-1.0977e-24,0,0.00019077,0.0010699,0.1783,0.014125
0.775,1.7561,0.005,-0.025446,-0.0095322,2.5135e-24,0,0.00021278,0.0010536,0.20195,0.014235
0.725,1.8061,0.005,-0.027505,-0.010248,-1.4233e-24,0,0.00024032,0.0010621,0.22628,0.014364
0.675,1.8562,0.005,-0.029361,-0.010683,-1.508e-24,0,0.00027338,0.0010903,0.25073,0.014511
0.625,1.9062,0.005,-0.030814,-0.010726,-1.4799e-38,0,0.00031165,0.0011347,0.27465,0.014674
0.575,1.9563,0.005,-0.031659,-0.010287,-1.5011e-38,0,0.00035474,0.0011921,0.29757,0.014847
0.525,2.0063,0.005,-0.031733,-0.0093374,1.423e-24,0,0.00040174,0.0012591,0.31907,0.015022
0.475,2.0563,0.005,-0.030968,-0.0079246,-3.1933e-24,0,0.00045076,0.0013245,0.3387,0.01519
0.425,2.1064,0.005,-0.029319,-0.0060618,2.7195e-24,0,0.000499,0.0013242,0.35614,0.01535
0.375,2.1564,0.005,-0.026824,-0.0037422,3.7373e-38,0,0.00054269,0.00134,0.3707,0.015494
0.325,2.2065,0.005,-0.023701,-0.0010634,-5.4039e-25,0,0.00057601,0.0013761,0.38162,0.015615
0.275,2.2565,0.005,-0.020206,0.0018576,1.152e-24,0,0.00059258,0.0014151,0.38965,0.01571
0.225,2.3066,0.005,-0.016584,0.0048518,1.2069e-24,0,0.0005869,0.0014354,0.39917,0.015775
0.175,2.3566,0.005,-0.012954,0.0078822,9.0224e-39,0,0.00055722,0.0013166,0.42323,0.015817
0.125,2.4066,0.005,-0.0093019,0.011272,1.1188e-24,0,0.00049848,0.0010054,0.49578,0.015857
0.075,2.4567,0.005,-0.0055888,0.015332,-1.3211e-24,0,0.00039184,0.00051676,0.75825,0.015896
0.025,2.5067,0.005,-0.0036127,0.019984,1.6985e-23,0,0.00019487,7.8367e-05,2.4866,0.015925
2.575,0.024,0.005,-0.0073609,-0.001976,8.9755e-24,0,9.7294e-06,4.58e-06,2.1243,0.014792
2.525,0.072,0.005,-0.00488,-0.00096232,-1.4797e-23,0,2.1562e-05,4.9657e-05,0.43422,0.014745
2.475,0.12,0.005,-0.0010765,-0.00023382,0,0,1.4555e-05,5.1917e-05,0.28035,0.014729
2.425,0.168,0.005,0.0022991,0.001565,-1.7382e-25,0,1.1204e-05,3.4878e-05,0.32123,0.014733
2.375,0.216,0.005,0.0085542,0.0041513,-1.0824e-24,0,2.1244e-05,5.1547e-05,0.41213,0.014749
2.325,0.264,0.005,0.01748,0.0093908,-1.8882e-24,0,3.0613e-05,7.0326e-05,0.4353,0.014771
2.275,0.312,0.005,0.022544,0.013786,-9.7772e-25,0,3.8185e-05,9.6832e-05,0.39434,0.014788
2.225,0.36,0.005,0.024147,0.016494,1.7379e-24,0,5.0314e-05,0.00014942,0.33672,0.014769
2.175,0.408,0.005,0.024034,0.018063,-1.2755e-38,0,6.6212e-05,0.00023595,0.28062,0.014719
2.125,0.456,0.005,0.023002,0.018769,-6.4596e-25,0,8.3453e-05,0.00035675,0.23393,0.01465
2.075,0.50502,0.005,0.021582,0.019056,-1.5816e-24,0,0.00010012,0.00050655,0.19766,0.014567
2.025,0.55506,0.005,0.020033,0.019077,1.5829e-24,0,0.00011467,0.00066729,0.17185,0.014476
1.975,0.60511,0.005,0.018456,0.018884,-7.6035e-25,0,0.00012667,0.00082231,0.15404,0.014381
1.925,0.65515,0.005,0.016862,0.018508,-2.6837e-24,0,0.00013619,0.00096363,0.14134,0.014288
1.875,0.70519,0.005,0.015244,0.017964,6.5922e-25,0,0.00014349,0.0010896,0.1317,0.014197
1.825,0.75523,0.005,0.013593,0.017258,-5.8663e-25,0,0.00014884,0.001201,0.12393,0.014113
1.775,0.80528,0.005,0.011899,0.016398,9.013e-25,0,0.00015252,0.0012993,0.11738,0.014035
1.725,0.85532,0.005,0.010156,0.015396,7.8779e-25,0,0.00015481,0.0013856,0.11173,0.013965
1.675,0.90536,0.005,0.0083589,0.014264,-9.1062e-39,0,0.00015598,0.0014606,0.10679,0.013903
1.625,0.9554,0.005,0.0065071,0.013018,-1.2881e-38,0,0.00015625,0.0015246,0.10249,0.01385
1.575,1.0054,0.005,0.0046025,0.011678,-3.5751e-25,0,0.00015583,0.0015776,0.098774,0.013807
1.525,1.0555,0.005,0.0026499,0.010263,-4.8003e-39,0,0.00015489,0.0016196,0.095632,0.013772
1.475,1.1055,0.005,0.00065563,0.0087943,-3.3547e-25,0,0.00015357,0.00165,0.093072,0.013745
1.425,1.1556,0.005,-0.0013723,0.0072919,-3.6165e-25,0,0.00015203,0.0016681,0.091142,0.013727
1.375,1.2056,0.005,-0.0034234,0.0057761,2.3596e-25,0,0.00015039,0.001673,0.089894,0.013717
1.325,1.2557,0.005,-0.0054864,0.0042665,-1.6815e-25,0,0.00014878,0.0016642,0.089401,0.013715
1.275,1.3057,0.005,-0.0075505,0.0027809,-2.6379e-25,0,0.00014732,0.0016413,0.089761,0.01372
1.225,1.3557,0.005,-0.0096053,0.0013343,3.3098e-25,0,0.00014619,0.001604,0.091142,0.013733
1.175,1.4058,0.005,-0.011643,-6.0907e-05,-1.0276e-39,0,0.00014563,0.0015515,0.093863,0.013754
1.125,1.4558,0.005,-0.013661,-0.0013953,-6.2052e-25,0,0.00014597,0.0014828,0.098443,0.013783
1.075,1.5059,0.005,-0.015663,-0.0026641,1.353e-24,0,0.00014767,0.0013983,0.1056,0.01382
1.025,1.5559,0.005,-0.017665,-0.0038656,0,0,0.00015139,0.0013017,0.1163,0.013867
0.975,1.606,0.005,-0.019694,-0.0050007,-1.3091e-24,0,0.00015806,0.0012029,0.1314,0.013924
0.925,1.656,0.005,-0.021783,-0.0060687,7.4531e-25,0,0.0001687,0.0011195,0.1507,0.013994
0.875,1.706,0.005,-0.023956,-0.0070617,-9.4622e-25,0,0.00018417,0.0010647,0.17297,0.014078
0.825,1.7561,0.005,-0.026203,-0.0079535,2.382e-24,0,0.00020503,0.0010403,0.19708,0.014179
0.775,1.8061,0.005,-0.028454,-0.0086881,1.3311e-24,0,0.00023148,0.0010419,0.22218,0.014297
0.725,1.8562,0.005,-0.03057,-0.0091787,-1.4491e-24,0,0.00026336,0.0010651,0.24727,0.014435
0.675,1.9062,0.005,-0.032346,-0.00932,-1.5162e-24,0,0.00030041,0.0011047,0.27193,0.014589
0.625,1.9563,0.005,-0.033553,-0.0090144,-1.5142e-24,0,0.00034219,0.0011579,0.29553,0.014757
0.575,2.0063,0.005,-0.03399,-0.0082086,0,0,0.00038817,0.0012218,0.31771,0.01493
0.525,2.0563,0.005,-0.033533,-0.0069178,1.2765e-24,0,0.00043714,0.0012931,0.33807,0.015099
0.475,2.1064,0.005,-0.032159,-0.0052033,6.0336e-25,0,0.00048671,0.0013546,0.35615,0.015259
0.425,2.1564,0.005,-0.029893,-0.0030802,-4.008e-24,0,0.00053326,0.0013728,0.37143,0.015406
0.375,2.2065,0.005,-0.026872,-0.00059379,1.4784e-24,0,0.00057191,0.0014122,0.38297,0.015534
0.325,2.2565,0.005,-0.023374,0.0021352,2.117e-25,0,0.00059615,0.0014661,0.38987,0.015637
0.275,2.3066,0.005,-0.019672,0.0049904,-1.1841e-24,0,0.00060107,0.0015196,0.39365,0.015709
0.225,2.3566,0.005,-0.015991,0.0078876,-5.5385e-25,0,0.00058544,0.0014618,0.4005,0.015752
0.175,2.4066,0.005,-0.012358,0.010935,1.4448e-24,0,0.00054869,0.0012966,0.42319,0.015777
0.125,2.4567,0.005,-0.0088257,0.014408,9.8348e-24,0,0.00048609,0.00098129,0.49535,0.015798
0.075,2.5067,0.005,-0.005346,0.018642,7.5631e-24,0,0.00038064,0.00050241,0.75761,0.015809
0.025,2.5568,0.005,-0.0034309,0.023704,2.5343e-24,0,0.00019343,7.8078e-05,2.4774,0.015804
2.625,0.024,0.005,-0.0043805,-0.0025838,1.4801e-37,0,1.4339e-05,6.7502e-06,2.1243,0.014827
2.575,0.072,0.005,-0.0032384,-0.0028328,-6.9157e-24,0,3.1041e-05,7.1927e-05,0.43156,0.014771
2.525,0.12,0.005,-0.00068504,-0.0021642,8.2613e-25,0,2.1482e-05,8.1737e-05,0.26282,0.014738
2.475,0.168,0.005,0.0026043,-5.6656e-06,-6.7709e-25,0,1.3409e-05,5.0399e-05,0.26605,0.014731
2.425,0.216,0.005,0.0071599,0.0020164,1.078e-23,0,1.83e-05,5.176e-05,0.35355,0.014744
2.375,0.264,0.005,0.014741,0.00655,3.1322e-25,0,2.7781e-05,6.8438e-05,0.40593,0.014772
2.325,0.312,0.005,0.020629,0.011605,4.5482e-24,0,3.51e-05,8.9669e-05,0.39144,0.014803
2.275,0.36,0.005,0.022865,0.015158,-3.4537e-24,0,4.5119e-05,0.00012964,0.34802,0.014807
2.225,0.408,0.005,0.023145,0.017533,-2.2241e-24,0,5.9024e-05,0.00019844,0.29744,0.014771
2.175,0.456,0.005,0.022279,0.018798,-5.1144e-24,0,7.5252e-05,0.00029968,0.25111,0.014711
2.125,0.50502,0.005,0.020899,0.019449,3.5268e-24,0,9.1943e-05,0.00043228,0.21269,0.014632
2.075,0.55506,0.005,0.019348,0.019742,-7.1531e-38,0,0.0001072,0.00058412,0.18353,0.014541
2.025,0.60511,0.005,0.017784,0.019759,-7.7624e-25,0,0.00012017,0.00073932,0.16254,0.014446
1.975,0.65515,0.005,0.016218,0.019546,1.5101e-24,0,0.00013066,0.0008855,0.14755,0.01435
1.925,0.70519,0.005,0.014644,0.019134,-6.883e-25,0,0.00013883,0.0010175,0.13644,0.014256
1.875,0.75523,0.005,0.013051,0.018537,0,0,0.00014494,0.0011347,0.12773,0.014166
1.825,0.80528,0.005,0.011425,0.017768,6.8168e-26,0,0.00014925,0.0012381,0.12055,0.014084
1.775,0.85532,0.005,0.0097528,0.016839,-4.2915e-25,0,0.00015207,0.0013289,0.11443,0.014009
1.725,0.90536,0.005,0.0080268,0.015765,-1.6233e-39,0,0.00015366,0.0014081,0.10913,0.013943
1.675,0.9554,0.005,0.0062424,0.014563,-3.9853e-25,0,0.00015426,0.0014761,0.10451,0.013886
1.625,1.0054,0.005,0.0043988,0.013253,-1.3737e-24,0,0.00015411,0.0015332,0.10052,0.013838
1.575,1.0555,0.005,0.002498,0.011856,5.1531e-25,0,0.00015338,0.0015793,0.097114,0.013799
1.525,1.1055,0.005,0.00054491,0.010394,2.3701e-26,0,0.00015223,0.0016142,0.094303,0.013768
1.475,1.1556,0.005,-0.001454,0.0088898,-5.6098e-26,0,0.00015081,0.001637,0.092122,0.013746
1.425,1.2056,0.005,-0.0034894,0.0073647,3.0502e-25,0,0.00014925,0.0016471,0.090609,0.013732
1.375,1.2557,0.005,-0.0055503,0.0058399,-2.3882e-25,0,0.00014766,0.0016437,0.089834,0.013726
1.325,1.3057,0.005,-0.0076259,0.0043349,-2.6675e-25,0,0.00014619,0.0016263,0.089889,0.013728
1.275,1.3557,0.005,-0.0097055,0.0028673,-4.3539e-25,0,0.00014497,0.0015948,0.090904,0.013737
1.225,1.4058,0.005,-0.01178,0.0014517,-4.529e-25,0,0.00014422,0.0015483,0.093144,0.013753
1.175,1.4558,0.005,-0.013846,9.9197e-05,6.0002e-26,0,0.00014423,0.001486,0.097059,0.013777
1.125,1.5059,0.005,-0.015905,-0.0011827,-7.0053e-25,0,0.00014546,0.0014075,0.10335,0.013809
1.075,1.5559,0.005,-0.017971,-0.002391,-3.3267e-25,0,0.00014854,0.0013143,0.11301,0.01385
1.025,1.606,0.005,-0.020069,-0.0035258,-2.8233e-25,0,0.00015435,0.0012141,0.12713,0.0139
0.975,1.656,0.005,-0.022237,-0.004587,6.1767e-25,0,0.00016396,0.0011252,0.14572,0.013962
0.925,1.706,0.005,-0.024504,-0.0055704,-9.8134e-25,0,0.00017832,0.0010635,0.16767,0.014037
0.875,1.7561,0.005,-0.026875,-0.0064576,3.2739e-24,0,0.00019815,0.0010318,0.19205,0.014128
0.825,1.8061,0.005,-0.0293,-0.0072038,1.2647e-24,0,0.0002238,0.0010262,0.21809,0.014237
0.775,1.8562,0.005,-0.031654,-0.007734,-4.1613e-24,0,0.00025497,0.0010437,0.24429,0.014364
0.725,1.9062,0.005,-0.033736,-0.0079515,-2.7229e-38,0,0.00029122,0.0010794,0.2698,0.014509
0.675,1.9563,0.005,-0.0353,-0.0077566,1.4771e-24,0,0.00033213,0.0011288,0.29424,0.014668
0.625,2.0063,0.005,-0.036106,-0.0070807,-2.5217e-25,0,0.00037729,0.0011894,0.31722,0.014837
0.575,2.0563,0.005,-0.035991,-0.0059139,1.2812e-24,0,0.00042594,0.0012587,0.33839,0.015007
0.525,2.1064,0.005,-0.034885,-0.004313,-4.8586e-24,0,0.00047629,0.0013329,0.35733,0.015168
0.475,2.1564,0.005,-0.03283,-0.0023475,3.1042e-24,0,0.00052511,0.0014032,0.37348,0.015316
0.425,2.2065,0.005,-0.029941,-4.6038e-05,9.1271e-25,0,0.00056779,0.0014413,0.38616,0.015449
0.375,2.2565,0.005,-0.026454,0.0025006,-2.4304e-25,0,0.00059757,0.0014984,0.39361,0.015558
0.325,2.3066,0.005,-0.022667,0.0051867,-9.9131e-39,0,0.00060983,0.0015392,0.39619,0.015639
0.275,2.3566,0.005,-0.018873,0.0079274,1.1191e-24,0,0.00060339,0.0015203,0.39689,0.015689
0.225,2.4066,0.005,-0.015181,0.01074,3.295e-25,0,0.00057881,0.0014401,0.40191,0.015713
0.175,2.4567,0.005,-0.011634,0.013766,-8.0097e-38,0,0.00053566,0.001264,0.42378,0.015724
0.125,2.5067,0.005,-0.0083523,0.01729,1.9756e-24,0,0.00047035,0.00094863,0.49582,0.015725
0.075,2.5568,0.005,-0.005306,0.021716,-6.1608e-24,0,0.00036841,0.00048606,0.75795,0.015705
0.025,2.6068,0.005,-0.0035383,0.027617,-1.2688e-23,0,0.00019387,7.8167e-05,2.4802,0.015654
2.675,0.024,0.005,-0.001605,-0.003006,-7.8875e-24,0,1.8946e-05,8.9186e-06,2.1243,0.014855
2.625,0.072,0.005,-0.00083081,-0.0042608,1.431e-24,0,4.317e-05,9.6784e-05,0.44605,0.014804
2.575,0.12,0.005,0.00070418,-0.0046146,2.2283e-37,0,3.4233e-05,0.00012348,0.27724,0.014759
2.525,0.168,0.005,0.0031417,-0.0029504,-4.0113e-24,0,2.006e-05,7.9374e-05,0.25273,0.014739
2.475,0.216,0.005,0.0066883,-0.00059471,1.0913e-23,0,1.7668e-05,5.7889e-05,0.3052,0.014745
2.425,0.264,0.005,0.012687,0.003485,8.6378e-25,0,2.5121e-05,6.8343e-05,0.36757,0.014774
2.375,0.312,0.005,0.018571,0.0087498,1.5265e-38,0,3.2502e-05,8.607e-05,0.37763,0.014816
2.325,0.36,0.005,0.021366,0.013121,1.9426e-24,0,4.1212e-05,0.00011703,0.35214,0.014839
2.275,0.408,0.005,0.022085,0.016408,-1.4671e-37,0,5.3124e-05,0.00017087,0.31091,0.014821
2.225,0.456,0.005,0.021455,0.018398,2.3379e-24,0,6.7824e-05,0.0002536,0.26744,0.014772
2.175,0.50502,0.005,0.020145,0.019553,-1.5531e-24,0,8.3931e-05,0.00036747,0.2284,0.0147
2.125,0.55506,0.005,0.018608,0.020197,3.6616e-24,0,9.9457e-05,0.00050501,0.19694,0.014611
2.075,0.60511,0.005,0.017054,0.020482,-3.827e-38,0,0.0001132,0.00065447,0.17296,0.014515
2.025,0.65515,0.005,0.015516,0.020479,2.4766e-24,0,0.00012463,0.00080237,0.15532,0.014416
1.975,0.70519,0.005,0.013986,0.020231,-3.6869e-24,0,0.00013371,0.00093955,0.14232,0.014318
1.925,0.75523,0.005,0.012451,0.019767,0,0,0.00014063,0.0010627,0.13234,0.014224
1.875,0.80528,0.005,0.010894,0.019106,-1.6988e-24,0,0.00014564,0.0011716,0.12431,0.014137
1.825,0.85532,0.005,0.0092984,0.018263,1.4694e-24,0,0.00014904,0.0012673,0.1176,0.014058
1.775,0.90536,0.005,0.0076501,0.017256,-3.9341e-25,0,0.00015109,0.0013509,0.11184,0.013987
1.725,0.9554,0.005,0.005941,0.016105,9.1586e-25,0,0.00015207,0.0014231,0.10686,0.013925
1.675,1.0054,0.005,0.0041668,0.01483,1.1267e-24,0,0.00015221,0.0014844,0.10254,0.013872
1.625,1.0555,0.005,0.0023272,0.013454,-5.8742e-25,0,0.00015171,0.0015347,0.098854,0.013829
1.575,1.1055,0.005,0.00042481,0.012001,2.9378e-26,0,0.00015074,0.0015739,0.095775,0.013795
1.525,1.1556,0.005,-0.0015355,0.010494,4.4233e-25,0,0.00014946,0.0016014,0.093333,0.013769
1.475,1.2056,0.005,-0.0035456,0.0089578,1.3262e-25,0,0.000148,0.0016165,0.091555,0.013751
1.425,1.2557,0.005,-0.0055954,0.0074142,2.0442e-25,0,0.00014648,0.0016185,0.090502,0.013742
1.375,1.3057,0.005,-0.007674,0.0058852,2.1734e-25,0,0.00014501,0.0016065,0.090266,0.01374
1.325,1.3557,0.005,-0.0097707,0.0043902,6.7136e-25,0,0.00014375,0.0015804,0.090961,0.013745
1.275,1.4058,0.005,-0.011876,0.0029464,2.1924e-25,0,0.00014288,0.0015398,0.092795,0.013757
1.225,1.4558,0.005,-0.013984,0.0015672,9.2697e-33,0,0.00014267,0.0014836,0.096167,0.013777
1.175,1.5059,0.005,-0.016095,0.0002621,-6.3293e-26,0,0.00014352,0.0014111,0.10171,0.013804
1.125,1.5559,0.005,-0.01822,-0.00096361,1.7677e-25,0,0.00014604,0.0013231,0.11038,0.013839
1.075,1.606,0.005,-0.020385,-0.0021089,3.1634e-25,0,0.0001511,0.0012242,0.12343,0.013882
1.025,1.656,0.005,-0.022626,-0.0031737,-4.8636e-25,0,0.00015978,0.001132,0.14116,0.013936
0.975,1.706,0.005,-0.02498,-0.0041559,2.4955e-25,0,0.0001731,0.0010648,0.16256,0.014003
0.925,1.7561,0.005,-0.027464,-0.0050425,1.0628e-24,0,0.00019197,0.0010264,0.18702,0.014084
0.875,1.8061,0.005,-0.030046,-0.0057984,2.9227e-38,0,0.00021695,0.0010143,0.21389,0.014182
0.825,1.8562,0.005,-0.032619,-0.0063589,-1.3111e-24,0,0.00024776,0.0010263,0.2414,0.014298
0.775,1.9062,0.005,-0.034989,-0.0066356,1.4483e-24,0,0.00028364,0.001058,0.26809,0.014433
0.725,1.9563,0.005,-0.036901,-0.0065314,-2.9972e-24,0,0.00032412,0.0011042,0.29353,0.014584
0.675,2.0063,0.005,-0.038083,-0.0059686,-6.3753e-38,0,0.00036882,0.0011618,0.31745,0.014746
0.625,2.0563,0.005,-0.038325,-0.0049176,1.2683e-24,0,0.00041725,0.0012289,0.33954,0.014913
0.575,2.1064,0.005,-0.03752,-0.0034167,-1.0856e-24,0,0.00046818,0.0013025,0.35946,0.015075
0.525,2.1564,0.005,-0.035678,-0.001554,4.7273e-24,0,0.00051877,0.0013773,0.37666,0.015225
0.475,2.2065,0.005,-0.032926,0.00059236,-4.7999e-24,0,0.00056473,0.0014461,0.39052,0.01536
0.425,2.2565,0.005,-0.02947,0.0029773,1.6904e-24,0,0.00059888,0.0015006,0.3991,0.015475
0.375,2.3066,0.005,-0.025621,0.0054992,1.2115e-24,0,0.00061689,0.0015331,0.40237,0.015563
0.325,2.3566,0.005,-0.021675,0.0080764,-7.4943e-25,0,0.00061712,0.0015362,0.40172,0.015621
0.275,2.4066,0.005,-0.01783,0.01067,3.7763e-25,0,0.00060017,0.0014988,0.40043,0.015653
0.225,2.4567,0.005,-0.014187,0.013345,-1.0569e-25,0,0.00056734,0.0014017,0.40474,0.015665
0.175,2.5067,0.005,-0.010826,0.016302,-1.3449e-24,0,0.00051884,0.0012152,0.42696,0.015661
0.125,2.5568,0.005,-0.0079425,0.01982,-2.9326e-24,0,0.00045231,0.00090486,0.49987,0.015642
0.075,2.6068,0.005,-0.0056692,0.024522,-3.7092e-24,0,0.00035707,0.00046784,0.76324,0.015587
0.025,2.6569,0.005,-0.0036608,0.032448,-1.524e-23,0,0.00019794,7.8984e-05,2.5061,0.015449
2.725,0.024,0.005,0.0029429,-0.0039326,-3.1121e-25,0,2.1602e-05,1.0169e-05,2.1243,0.014871
2.675,0.072,0.005,0.0019703,-0.0050356,-6.8318e-24,0,5.5829e-05,0.00011947,0.46731,0.014832
2.625,0.12,0.005,0.0027004,-0.0065128,2.6469e-38,0,5.0393e-05,0.00016678,0.29904,0.014789
2.575,0.168,0.005,0.0042876,-0.0060886,6.0015e-25,0,3.3154e-05,0.00012625,0.2626,0.014759
2.525,0.216,0.005,0.0069873,-0.00377,5.9648e-24,0,2.2301e-05,7.9758e-05,0.27961,0.014755
2.475,0.264,0.005,0.011423,8.6382e-05,5.7711e-38,0,2.3978e-05,7.2557e-05,0.33047,0.01478
2.425,0.312,0.005,0.01661,0.0053315,-5.3789e-24,0,3.0564e-05,8.5963e-05,0.35555,0.014828
2.375,0.36,0.005,0.019685,0.01036,-6.5395e-24,0,3.8479e-05,0.00011049,0.34826,0.014868
2.325,0.408,0.005,0.020816,0.014568,1.2471e-38,0,4.8728e-05,0.00015246,0.31961,0.014869
2.275,0.456,0.005,0.020478,0.017447,3.4482e-24,0,6.1613e-05,0.00021853,0.28194,0.014834
2.225,0.50502,0.005,0.019293,0.019265,-2.7642e-24,0,7.656e-05,0.00031367,0.24408,0.014769
2.175,0.55506,0.005,0.017786,0.020383,6.2242e-25,0,9.1785e-05,0.00043408,0.21145,0.014684
2.125,0.60511,0.005,0.016252,0.021011,-1.5395e-24,0,0.00010593,0.00057209,0.18516,0.014587
2.075,0.65515,0.005,0.014745,0.021274,1.9363e-24,0,0.00011815,0.00071655,0.16489,0.014486
2.025,0.70519,0.005,0.01326,0.021233,-7.6581e-25,0,0.00012813,0.00085634,0.14962,0.014384
1.975,0.75523,0.005,0.011785,0.020932,7.4516e-25,0,0.0001359,0.0009847,0.13801,0.014287
1.925,0.80528,0.005,0.010301,0.020401,1.876e-24,0,0.00014166,0.0010994,0.12886,0.014194
1.875,0.85532,0.005,0.008786,0.019662,1.0948e-24,0,0.00014569,0.0012005,0.12136,0.01411
1.825,0.90536,0.005,0.0072224,0.018736,-8.5725e-25,0,0.00014826,0.001289,0.11502,0.014034
1.775,0.9554,0.005,0.0055969,0.017644,1.1718e-24,0,0.00014966,0.0013656,0.10959,0.013968
1.725,1.0054,0.005,0.0039015,0.016411,-2.2905e-25,0,0.00015013,0.0014311,0.1049,0.013911
1.675,1.0555,0.005,0.0021329,0.01506,-7.9225e-25,0,0.00014988,0.0014857,0.10089,0.013863
1.625,1.1055,0.005,0.00029133,0.013618,-5.4893e-25,0,0.00014911,0.0015292,0.097512,0.013825
1.575,1.1556,0.005,-0.0016202,0.01211,4.5754e-25,0,0.00014799,0.0015612,0.094792,0.013795
1.525,1.2056,0.005,-0.0035948,0.010561,1.3409e-25,0,0.00014665,0.0015813,0.092741,0.013774
1.475,1.2557,0.005,-0.0056235,0.0089954,5.8404e-25,0,0.0001452,0.0015885,0.09141,0.013761
1.425,1.3057,0.005,-0.0076959,0.007438,9.0618e-25,0,0.00014377,0.0015819,0.090885,0.013755
1.375,1.3557,0.005,-0.0098012,0.00591,5.956e-25,0,0.00014251,0.0015612,0.09128,0.013757
1.325,1.4058,0.005,-0.011929,0.0044308,9.7091e-25,0,0.00014158,0.0015263,0.092759,0.013765
1.275,1.4558,0.005,-0.014073,0.0030164,5.8258e-25,0,0.00014121,0.0014761,0.095665,0.013781
1.225,1.5059,0.005,-0.016231,0.0016788,-5.6358e-25,0,0.00014179,0.0014098,0.10057,0.013803
1.175,1.5559,0.005,-0.018412,0.0004252,-5.3431e-25,0,0.00014385,0.0013274,0.10837,0.013833
1.125,1.606,0.005,-0.020639,-0.00074147,4.8747e-25,0,0.00014825,0.0012321,0.12032,0.01387
1.075,1.656,0.005,-0.02295,-0.0018207,4.2448e-25,0,0.00015608,0.0011386,0.13708,0.013917
1.025,1.706,0.005,-0.025385,-0.0028114,8.8691e-25,0,0.00016843,0.0010673,0.1578,0.013975
0.975,1.7561,0.005,-0.027971,-0.0037044,2.6143e-25,0,0.00018638,0.0010231,0.18216,0.014047
0.925,1.8061,0.005,-0.030696,-0.0044717,2.0827e-24,0,0.00021073,0.0010051,0.20967,0.014135
0.875,1.8562,0.005,-0.033471,-0.0050582,-1.3175e-24,0,0.00024134,0.0010122,0.23843,0.01424
0.825,1.9062,0.005,-0.036112,-0.0053834,-1.3214e-24,0,0.00027731,0.0010401,0.26663,0.014363
0.775,1.9563,0.005,-0.038359,-0.0053541,-2.7186e-32,0,0.00031773,0.0010836,0.29322,0.014504
0.725,2.0063,0.005,-0.039916,-0.0048886,2.9303e-24,0,0.00036236,0.0011386,0.31826,0.014658
0.675,2.0563,0.005,-0.040531,-0.0039428,-1.2379e-24,0,0.00041085,0.0012034,0.34141,0.01482
0.625,2.1064,0.005,-0.040049,-0.0025362,5.8722e-25,0,0.0004624,0.001276,0.36238,0.01498
0.575,2.1564,0.005,-0.03845,-0.0007498,-4.0678e-24,0,0.00051478,0.0013518,0.38082,0.015132
0.525,2.2065,0.005,-0.035843,0.0013088,1.1458e-24,0,0.00056334,0.0014235,0.39575,0.015269
0.475,2.2565,0.005,-0.03244,0.0035597,-1.473e-24,0,0.00060121,0.0014823,0.40559,0.015386
0.425,2.3066,0.005,-0.028532,0.0059371,6.1616e-26,0,0.00062418,0.0015213,0.4103,0.015481
0.375,2.3566,0.005,-0.024431,0.0083552,1.2497e-24,0,0.00062987,0.0015348,0.4104,0.015547
0.325,2.4066,0.005,-0.020381,0.010747,-1.8713e-24,0,0.00061847,0.0015165,0.40782,0.015588
0.275,2.4567,0.005,-0.016542,0.013131,-1.0306e-24,0,0.00059186,0.0014568,0.40628,0.015607
0.225,2.5067,0.005,-0.013023,0.015631,2.0582e-24,0,0.00055201,0.0013394,0.41214,0.015609
0.175,2.5568,0.005,-0.0099481,0.018441,0,0,0.00049965,0.0011421,0.43749,0.015592
0.125,2.6068,0.005,-0.0076551,0.02183,7.7332e-38,0,0.00043405,0.00084328,0.51472,0.015554
0.075,2.6569,0.005,-0.0067545,0.026771,5.6632e-24,0,0.00035102,0.00044638,0.78636,0.015452
0.025,2.7069,0.005,-0.0060692,0.038434,2.0952e-23,0,0.00021048,8.1447e-05,2.5842,0.015108
2.775,0.024,0.005,0.0045064,-0.0038951,0,0,2.1888e-05,1.0304e-05,2.1243,0.014872
2.725,0.072,0.005,0.0049169,-0.0049837,-6.4307e-24,0,6.2913e-05,0.00013176,0.47747,0.014843
2.675,0.12,0.005,0.0048208,-0.0072936,1.2204e-24,0,6.6686e-05,0.00020827,0.32019,0.014811
2.625,0.168,0.005,0.0058228,-0.0083206,-5.0292e-25,0,5.2515e-05,0.00018424,0.28504,0.014787
2.575,0.216,0.005,0.0076794,-0.0071958,2.878e-38,0,3.5906e-05,0.00012806,0.28038,0.014775
2.525,0.264,0.005,0.010851,-0.0036936,-4.9257e-24,0,2.8125e-05,9.2489e-05,0.30409,0.014794
2.475,0.312,0.005,0.01495,0.0014554,-5.8261e-24,0,3.0629e-05,9.2288e-05,0.33189,0.014842
2.425,0.36,0.005,0.017909,0.0069199,1.133e-23,0,3.7236e-05,0.00011018,0.33796,0.014893
2.375,0.408,0.005,0.019332,0.011945,4.8869e-24,0,4.6015e-05,0.00014251,0.3229,0.014913
2.325,0.456,0.005,0.019317,0.015812,2.7259e-24,0,5.7002e-05,0.00019408,0.2937,0.014894
2.275,0.50502,0.005,0.018318,0.018463,-3.0453e-24,0,7.0299e-05,0.0002713,0.25912,0.01484
2.225,0.55506,0.005,0.016871,0.020206,-4.8588e-24,0,8.4628e-05,0.0003736,0.22652,0.014759
2.175,0.60511,0.005,0.015358,0.021291,7.4164e-25,0,9.8673e-05,0.00049656,0.19871,0.014663
2.125,0.65515,0.005,0.013886,0.021892,3.0877e-40,0,0.00011138,0.00063205,0.17622,0.01456
2.075,0.70519,0.005,0.012453,0.02211,1.0761e-24,0,0.00012212,0.00076992,0.15862,0.014455
2.025,0.75523,0.005,0.011042,0.022012,8.6836e-25,0,0.00013073,0.00090137,0.14504,0.014353
1.975,0.80528,0.005,0.0096348,0.021641,-7.2851e-25,0,0.00013729,0.0010213,0.13443,0.014256
1.925,0.85532,0.005,0.0082074,0.021027,-2.4372e-24,0,0.000142,0.001128,0.12589,0.014166
1.875,0.90536,0.005,0.0067363,0.020197,1.3603e-38,0,0.00014515,0.0012217,0.11881,0.014085
1.825,0.9554,0.005,0.0052034,0.019178,2.2402e-38,0,0.00014701,0.0013033,0.1128,0.014014
1.775,1.0054,0.005,0.0035967,0.017995,-1.1372e-24,0,0.00014784,0.0013733,0.10766,0.013952
1.725,1.0555,0.005,0.0019096,0.016676,-4.3132e-25,0,0.00014788,0.0014321,0.10326,0.0139
1.675,1.1055,0.005,0.00013977,0.015248,4.9965e-26,0,0.00014734,0.00148,0.099558,0.013858
1.625,1.1556,0.005,-0.0017119,0.01374,-5.7554e-25,0,0.00014639,0.0015165,0.096533,0.013825
1.575,1.2056,0.005,-0.0036402,0.012178,-1.3453e-25,0,0.00014518,0.0015414,0.09419,0.0138
1.525,1.2557,0.005,-0.0056373,0.010589,-4.405e-25,0,0.00014383,0.0015537,0.092572,0.013784
1.475,1.3057,0.005,-0.0076933,0.0089998,-3.8172e-25,0,0.00014247,0.0015527,0.091755,0.013775
1.425,1.3557,0.005,-0.009798,0.0074337,-7.2966e-25,0,0.00014122,0.0015375,0.091853,0.013773
1.375,1.4058,0.005,-0.01194,0.0059126,-3.8491e-25,0,0.00014026,0.0015081,0.093007,0.013778
1.325,1.4558,0.005,-0.014112,0.004455,-7.4104e-25,0,0.0001398,0.0014639,0.0955,0.013789
1.275,1.5059,0.005,-0.016311,0.0030754,-1.2756e-25,0,0.00014017,0.0014038,0.099854,0.013807
1.225,1.5559,0.005,-0.018543,0.0017839,-5.9501e-25,0,0.00014189,0.0013275,0.10688,0.013832
1.175,1.606,0.005,-0.020828,0.00058501,6.7079e-25,0,0.00014574,0.001237,0.11782,0.013864
1.125,1.656,0.005,-0.023205,-0.00051983,7.5828e-25,0,0.0001528,0.0011443,0.13354,0.013904
1.075,1.706,0.005,-0.025715,-0.0015295,-8.5248e-25,0,0.00016424,0.00107,0.1535,0.013954
1.025,1.7561,0.005,-0.028397,-0.0024373,5.9371e-25,0,0.0001813,0.0010209,0.17759,0.014017
0.975,1.8061,0.005,-0.031252,-0.003221,0,0,0.00020505,0.00099762,0.20554,0.014094
0.925,1.8562,0.005,-0.034213,-0.0038333,-2.3311e-24,0,0.00023552,0.0010005,0.23541,0.014188
0.875,1.9062,0.005,-0.037108,-0.0042013,1.211e-24,0,0.00027179,0.0010252,0.26511,0.0143
0.825,1.9563,0.005,-0.039677,-0.0042364,-2.5726e-32,0,0.00031266,0.0010661,0.29328,0.01443
0.775,2.0063,0.005,-0.041607,-0.003855,1.274e-24,0,0.00035753,0.0011191,0.31947,0.014574
0.725,2.0563,0.005,-0.042604,-0.0030037,-2.0201e-24,0,0.00040643,0.001182,0.34386,0.014728
0.675,2.1064,0.005,-0.042464,-0.001686,-1.0969e-38,0,0.00045879,0.0012535,0.36602,0.014885
0.625,2.1564,0.005,-0.041126,2.9508e-05,-1.635e-24,0,0.00051299,0.00133,0.38571,0.015036
0.575,2.2065,0.005,-0.038683,0.0020293,5.4594e-25,0,0.00056377,0.0014038,0.4016,0.015174
0.525,2.2565,0.005,-0.035344,0.0042028,-1.5112e-24,0,0.00060523,0.0014661,0.41283,0.015294
0.475,2.3066,0.005,-0.031392,0.0064666,-1.4324e-24,0,0.00063277,0.0015094,0.4192,0.015393
0.425,2.3566,0.005,-0.027139,0.0087456,2.6607e-24,0,0.00064339,0.0015284,0.42097,0.015467
0.375,2.4066,0.005,-0.022864,0.010968,1.1487e-32,0,0.00063669,0.0015181,0.4194,0.015517
0.325,2.4567,0.005,-0.018773,0.013116,-7.7159e-25,0,0.00061454,0.0014729,0.41723,0.015546
0.275,2.5067,0.005,-0.015006,0.01525,-5.5614e-26,0,0.00057977,0.0013837,0.41901,0.015556
0.225,2.5568,0.005,-0.011677,0.017506,9.0411e-25,0,0.00053489,0.0012389,0.43176,0.015549
0.175,2.6068,0.005,-0.0089668,0.020013,2.7926e-24,0,0.00048125,0.0010275,0.46835,0.015525
0.125,2.6569,0.005,-0.0075208,0.022943,1.1158e-24,0,0.00042075,0.00074695,0.56329,0.015475
0.075,2.7069,0.005,-0.0093905,0.028494,3.0841e-37,0,0.00035157,0.00040976,0.85798,0.015304
0.025,2.7569,0.005,-0.0087963,0.052124,7.8199e-23,0,0.00023008,8.5155e-05,2.7019,0.014437
2.825,0.024,0.005,0.0080535,-0.0029049,5.0705e-24,0,2.0511e-05,9.6553e-06,2.1243,0.014852
2.775,0.072,0.005,0.0075408,-0.0042799,-4.1492e-24,0,6.6524e-05,0.00013625,0.48826,0.014836
2.725,0.12,0.005,0.0068789,-0.0071013,1.4016e-24,0,7.989e-05,0.00023712,0.33691,0.014819
2.675,0.168,0.005,0.0071475,-0.0090092,-8.0919e-25,0,7.4267e-05,0.00023827,0.31169,0.014805
2.625,0.216,0.005,0.0084513,-0.0093806,1.3168e-24,0,5.9768e-05,0.0001954,0.30587,0.0148
2.575,0.264,0.005,0.010646,-0.0074111,2.7908e-24,0,4.4502e-05,0.00014474,0.30745,0.014813
2.525,0.312,0.005,0.013634,-0.0028102,-6.8671e-24,0,3.7154e-05,0.00011675,0.31823,0.014859
2.475,0.36,0.005,0.016202,0.0028999,0,0,3.9307e-05,0.00012022,0.32697,0.014916
2.425,0.408,0.005,0.017688,0.0085665,6.4285e-25,0,4.5688e-05,0.00014185,0.32209,0.014953
2.375,0.456,0.005,0.017947,0.013402,3.011e-24,0,5.4431e-05,0.00017347,0.30237,0.014952
2.325,0.50502,0.005,0.017178,0.017022,3.377e-24,0,6.5589e-05,0.0002231,0.27307,0.014912
2.275,0.55506,0.005,0.015839,0.019551,3.5856e-24,0,7.839e-05,0.00030055,0.24191,0.014838
2.225,0.60511,0.005,0.014366,0.021227,-4.3899e-24,0,9.1756e-05,0.00040845,0.21334,0.014744
2.175,0.65515,0.005,0.012929,0.022275,-4.568e-38,0,0.00010455,0.00054366,0.18909,0.014638
2.125,0.70519,0.005,0.01155,0.022831,-8.807e-25,0,0.00011585,0.00068407,0.16935,0.01453
2.075,0.75523,0.005,0.010209,0.022983,1.8436e-24,0,0.00012518,0.0008145,0.15369,0.014423
2.025,0.80528,0.005,0.0088855,0.022809,-8.2668e-25,0,0.00013252,0.00093768,0.14132,0.014321
1.975,0.85532,0.005,0.0075526,0.022349,2.0047e-24,0,0.00013795,0.0010495,0.13144,0.014226
1.925,0.90536,0.005,0.006183,0.021635,-2.2832e-39,0,0.00014173,0.0011488,0.12337,0.014139
1.875,0.9554,0.005,0.0047527,0.020702,-1.4414e-24,0,0.0001441,0.0012355,0.11663,0.014063
1.825,1.0054,0.005,0.0032455,0.01958,1.8189e-24,0,0.00014535,0.0013104,0.11092,0.013997
1.775,1.0555,0.005,0.0016512,0.018301,-1.775e-25,0,0.00014571,0.0013738,0.10606,0.013941
1.725,1.1055,0.005,-3.5387e-05,0.016893,6.6578e-26,0,0.00014542,0.001426,0.10197,0.013895
1.675,1.1556,0.005,-0.0018156,0.015388,-6.7904e-25,0,0.00014466,0.0014671,0.098603,0.013858
1.625,1.2056,0.005,-0.0036859,0.013814,-5.6755e-25,0,0.00014361,0.0014968,0.095942,0.01383
1.575,1.2557,0.005,-0.0056398,0.012201,2.1834e-25,0,0.00014237,0.0015143,0.094019,0.01381
1.525,1.3057,0.005,-0.0076687,0.010577,-2.9437e-25,0,0.00014109,0.0015187,0.092901,0.013798
1.475,1.3557,0.005,-0.0097624,0.0089683,-1.1191e-24,0,0.00013989,0.0015092,0.092692,0.013793
1.425,1.4058,0.005,-0.01191,0.0073992,-7.6479e-25,0,0.00013893,0.0014853,0.093535,0.013795
1.375,1.4558,0.005,-0.014102,0.005891,-7.6519e-25,0,0.0001384,0.001447,0.095648,0.013802
1.325,1.5059,0.005,-0.016335,0.0044608,-5.3824e-25,0,0.00013863,0.0013932,0.099503,0.013816
1.275,1.5559,0.005,-0.018612,0.003121,7.3586e-25,0,0.00014007,0.0013234,0.10585,0.013836
1.225,1.606,0.005,-0.020951,0.0018793,1.3642e-24,0,0.00014347,0.0012386,0.11583,0.013863
1.175,1.656,0.005,-0.023388,0.00073783,7.2854e-39,0,0.00014989,0.0011479,0.13057,0.013897
1.125,1.706,0.005,-0.02597,-0.0003018,-8.282e-25,0,0.00016048,0.001072,0.1497,0.01394
1.075,1.7561,0.005,-0.028739,-0.0012344,1.3539e-24,0,0.00017669,0.0010191,0.17338,0.013994
1.025,1.8061,0.005,-0.031715,-0.0020417,0,0,0.00019981,0.00099124,0.20158,0.014061
0.975,1.8562,0.005,-0.034847,-0.0026831,-1.0971e-24,0,0.00023015,0.00099034,0.2324,0.014144
0.925,1.9062,0.005,-0.037981,-0.0030923,-1.1683e-24,0,0.00026684,0.0010126,0.26353,0.014244
0.875,1.9563,0.005,-0.040859,-0.0031855,1.2543e-24,0,0.00030846,0.0010516,0.29332,0.014362
0.825,2.0063,0.005,-0.043154,-0.0028791,1.2018e-24,0,0.00035406,0.0011027,0.32108,0.014496
0.775,2.0563,0.005,-0.044539,-0.0021127,1.1327e-24,0,0.00040361,0.001164,0.34674,0.014641
0.725,2.1064,0.005,-0.044757,-0.00087779,-3.5918e-24,0,0.00045715,0.0012345,0.37029,0.014791
0.675,2.1564,0.005,-0.043701,0.00076917,1.6247e-24,0,0.00051308,0.0013116,0.3912,0.014939
0.625,2.2065,0.005,-0.041435,0.0027161,4.7655e-39,0,0.00056618,0.0013873,0.40812,0.015076
0.575,2.2565,0.005,-0.038166,0.0048409,2.3745e-25,0,0.00061126,0.0014528,0.42076,0.015198
0.525,2.3066,0.005,-0.03418,0.0070332,-1.4786e-24,0,0.00064327,0.0014998,0.42889,0.015301
0.475,2.3566,0.005,-0.029787,0.0092089,-2.8025e-24,0,0.00065866,0.0015224,0.43265,0.015381
0.425,2.4066,0.005,-0.025285,0.011299,-5.4185e-25,0,0.00065641,0.0015155,0.43313,0.015439
0.375,2.4567,0.005,-0.020915,0.013263,3.652e-24,0,0.00063807,0.0014742,0.43283,0.015476
0.325,2.5067,0.005,-0.016848,0.015119,1.7879e-24,0,0.00060693,0.0013918,0.43607,0.015497
0.275,2.5568,0.005,-0.0132,0.016945,-1.008e-38,0,0.00056677,0.0012594,0.45002,0.015501
0.225,2.6068,0.005,-0.010063,0.018849,8.427e-25,0,0.00052084,0.0010745,0.4847,0.015492
0.175,2.6569,0.005,-0.0076714,0.020807,8.1352e-25,0,0.00047189,0.00083768,0.56333,0.015475
0.125,2.7069,0.005,-0.0071606,0.022331,-1.2476e-38,0,0.00042828,0.00058352,0.73396,0.015432
0.075,2.7569,0.005,-0.0089816,0.020429,5.0324e-23,0,0.00035987,0.00031507,1.1422,0.015166
0.025,2.807,0.005,0.09391,0.040068,0,0,0.00029294,1.6239e-05,3.0487,0.01262
2.875,0.024,0.005,0.010284,-0.0020599,-1.8908e-24,0,1.7497e-05,8.2367e-06,2.1243,0.014826
2.825,0.072,0.005,0.0095732,-0.0032824,-3.0783e-24,0,6.6067e-05,0.00013329,0.49568,0.014817
2.775,0.12,0.005,0.0085501,-0.0060702,7.6208e-39,0,8.8104e-05,0.00025304,0.34818,0.014812
2.725,0.168,0.005,0.0083168,-0.0084961,-1.0769e-25,0,9.4273e-05,0.00027969,0.33706,0.014808
2.675,0.216,0.005,0.0089308,-0.0097572,-1.3538e-24,0,8.8751e-05,0.00025939,0.34216,0.014814
2.625,0.264,0.005,0.010349,-0.009596,-2.0635e-38,0,7.5509e-05,0.00021844,0.34567,0.01483
2.575,0.312,0.005,0.01251,-0.0066194,-9.7468e-39,0,5.9969e-05,0.00017715,0.33852,0.014872
2.525,0.36,0.005,0.014612,-0.001477,-1.9116e-24,0,5.0919e-05,0.00015371,0.33127,0.014934
2.475,0.408,0.005,0.016003,0.0045397,-1.8906e-24,0,5.0912e-05,0.00014472,0.32455,0.014987
2.425,0.456,0.005,0.016386,0.010188,-3.1534e-24,0,5.5342e-05,0.00015569,0.31049,0.015005
2.375,0.50502,0.005,0.015826,0.014827,-1.1612e-24,0,6.3422e-05,0.00018803,0.28656,0.014982
2.325,0.55506,0.005,0.014633,0.018298,-6.6555e-38,0,7.3866e-05,0.0002432,0.25785,0.014919
2.275,0.60511,0.005,0.013233,0.020724,2.2393e-24,0,8.5746e-05,0.00032583,0.22922,0.014828
2.225,0.65515,0.005,0.011849,0.022344,3.9686e-24,0,9.7983e-05,0.00043675,0.20356,0.014722
2.175,0.70519,0.005,0.010536,0.023335,-3.5359e-24,0,0.00010949,0.00057518,0.18187,0.014609
2.125,0.75523,0.005,0.0092725,0.023815,1.0418e-37,0,0.00011941,0.00072758,0.16413,0.014497
2.075,0.80528,0.005,0.0080367,0.023882,8.4475e-25,0,0.00012742,0.00085031,0.14985,0.014389
2.025,0.85532,0.005,0.0068096,0.02361,7.8356e-25,0,0.00013357,0.00096555,0.13833,0.014289
1.975,0.90536,0.005,0.0055521,0.02304,-6.0452e-25,0,0.00013799,0.0010698,0.12898,0.014197
1.925,0.9554,0.005,0.0042358,0.022213,-1.1348e-24,0,0.00014093,0.001162,0.12128,0.014115
1.875,1.0054,0.005,0.0028399,0.021166,6.7846e-25,0,0.00014263,0.0012421,0.11483,0.014044
1.825,1.0555,0.005,0.0013505,0.019935,-1.5732e-38,0,0.00014336,0.0013104,0.1094,0.013984
1.775,1.1055,0.005,-0.0002404,0.018554,-1.7769e-33,0,0.00014335,0.0013672,0.10485,0.013934
1.725,1.1556,0.005,-0.0019366,0.017056,-2.6268e-26,0,0.00014282,0.0014129,0.10108,0.013893
1.675,1.2056,0.005,-0.0037365,0.015473,-6.2926e-25,0,0.00014193,0.0014474,0.098057,0.013862
1.625,1.2557,0.005,-0.0056351,0.013836,7.0983e-39,0,0.00014083,0.00147,0.095802,0.01384
1.575,1.3057,0.005,-0.007625,0.012176,3.0369e-25,0,0.00013964,0.0014798,0.094363,0.013825
1.525,1.3557,0.005,-0.0096966,0.010521,-7.5203e-25,0,0.0001385,0.001476,0.093834,0.013817
1.475,1.4058,0.005,-0.011839,0.0088985,-4.4029e-25,0,0.00013756,0.0014579,0.094356,0.013815
1.425,1.4558,0.005,-0.014043,0.0073326,6.3554e-25,0,0.00013702,0.0014255,0.096115,0.01382
1.375,1.5059,0.005,-0.016302,0.0058432,-2.4727e-25,0,0.00013713,0.0013781,0.099507,0.01383
1.325,1.5559,0.005,-0.018618,0.0044459,6.0459e-25,0,0.00013836,0.0013149,0.10523,0.013846
1.275,1.606,0.005,-0.021005,0.0031501,8.1523e-25,0,0.00014138,0.0012366,0.11433,0.013868
1.225,1.656,0.005,-0.023499,0.001961,6.4175e-39,0,0.00014723,0.0011494,0.1281,0.013896
1.175,1.706,0.005,-0.026146,0.00088029,9.8845e-26,0,0.00015711,0.0010727,0.14647,0.013932
1.125,1.7561,0.005,-0.028997,-8.7748e-05,-1.1651e-24,0,0.00017249,0.0010171,0.16959,0.013978
1.075,1.8061,0.005,-0.032083,-0.0009276,4.8463e-25,0,0.00019497,0.00098544,0.19785,0.014036
1.025,1.8562,0.005,-0.035374,-0.001604,7.0054e-25,0,0.00022514,0.0009813,0.22943,0.014108
0.975,1.9062,0.005,-0.038732,-0.0020565,-1.8257e-24,0,0.00026228,0.0010015,0.26188,0.014196
0.925,1.9563,0.005,-0.041906,-0.0022056,1.128e-24,0,0.00030483,0.0010394,0.29327,0.014302
0.875,2.0063,0.005,-0.04456,-0.0019685,1.1226e-24,0,0.00035154,0.0010893,0.32273,0.014424
0.825,2.0563,0.005,-0.046334,-0.0012802,2.1246e-24,0,0.00040213,0.0011491,0.34996,0.014558
0.775,2.1064,0.005,-0.046924,-0.00012219,-2.4672e-24,0,0.0004571,0.0012188,0.37504,0.0147
0.725,2.1564,0.005,-0.046166,0.0014591,-1.5834e-24,0,0.00051468,0.0012959,0.39716,0.014843
0.675,2.2065,0.005,-0.044094,0.0033556,2.0017e-38,0,0.0005705,0.0013735,0.41536,0.014978
0.625,2.2565,0.005,-0.040904,0.0054413,2.0688e-39,0,0.00061946,0.0014424,0.42946,0.0151
0.575,2.3066,0.005,-0.036885,0.0075885,0,0,0.00065609,0.0014933,0.43935,0.015204
0.525,2.3566,0.005,-0.032361,0.0096969,-1.4603e-24,0,0.00067632,0.0015189,0.44527,0.015289
0.475,2.4066,0.005,-0.027637,0.011692,-3.4904e-24,0,0.00067855,0.0015138,0.44824,0.015353
0.425,2.4567,0.005,-0.022978,0.013523,-2.6634e-24,0,0.00066393,0.0014723,0.45095,0.015399
0.375,2.5067,0.005,-0.01858,0.015174,1.2658e-24,0,0.00063592,0.0013867,0.45858,0.015429
0.325,2.5568,0.005,-0.014566,0.016683,-1.1945e-24,0,0.00059949,0.0012498,0.47969,0.015444
0.275,2.6068,0.005,-0.010985,0.018121,-1.0835e-24,0,0.00056012,0.001048,0.53448,0.015449
0.225,2.6569,0.005,-0.0077541,0.019475,-7.5735e-25,0,0.00052446,0.00081787,0.64125,0.015448
0.175,2.7069,0.005,-0.0045776,0.020049,1.1318e-24,0,0.00050181,0.00056699,0.88505,0.015464
0.125,2.7569,0.005,0.00062258,0.015102,1.0456e-23,0,0.00050335,0.00035782,1.4067,0.015513
0.075,2.807,0.005,0.072786,0.015182,-3.4641e-23,0,0.00046462,4.9793e-05,4.0826,0.016134
0.025,2.86,0.005,0.45038,-0.0018337,5.3312e-26,0,0.00049798,0.00085015,0.069603,0.019527
2.925,0.024,0.005,0.011395,-0.0013627,1.3378e-24,0,1.3916e-05,6.5508e-06,2.1243,0.014802
2.875,0.072,0.005,0.010843,-0.0020176,-6.9189e-24,0,6.287e-05,0.00012464,0.5044,0.014796
2.825,0.12,0.005,0.0095621,-0.0045269,-2.6875e-24,0,9.1438e-05,0.00025711,0.35563,0.014796
2.775,0.168,0.005,0.0089857,-0.0069178,4.292e-25,0,0.00010901,0.00030489,0.35756,0.014798
2.725,0.216,0.005,0.0090328,-0.0088918,2.0462e-24,0,0.00011744,0.00030835,0.38086,0.01481
2.675,0.264,0.005,0.0098312,-0.0096413,-5.3081e-24,0,0.00011479,0.00028807,0.39849,0.014837
2.625,0.312,0.005,0.011194,-0.008576,1.2966e-26,0,0.00010201,0.00025825,0.39499,0.014877
2.575,0.36,0.005,0.012894,-0.0051512,-9.6949e-24,0,8.488e-05,0.00022522,0.37688,0.01494
2.525,0.408,0.005,0.014149,0.00020471,-1.5102e-24,0,7.2474e-05,0.00019012,0.35526,0.015007
2.475,0.456,0.005,0.014649,0.0062734,5.6838e-24,0,6.6779e-05,0.00016592,0.33236,0.015048
2.425,0.50502,0.005,0.014254,0.01183,1.8684e-24,0,6.7485e-05,0.00017602,0.30612,0.015045
2.375,0.55506,0.005,0.013221,0.016336,-5.8462e-25,0,7.3211e-05,0.00020987,0.27733,0.014997
2.325,0.60511,0.005,0.011926,0.019671,-5.9264e-25,0,8.202e-05,0.0002686,0.24795,0.014913
2.275,0.65515,0.005,0.010612,0.022006,1.0087e-24,0,9.2545e-05,0.00035392,0.22058,0.014808
2.225,0.70519,0.005,0.0093722,0.023555,-5.9934e-24,0,0.00010347,0.00046697,0.19673,0.014693
2.175,0.75523,0.005,0.0082079,0.024466,-2.4661e-24,0,0.00011363,0.00061086,0.17669,0.014576
2.125,0.80528,0.005,0.0070762,0.024838,9.6979e-25,0,0.00012217,0.00076209,0.16031,0.014462
2.075,0.85532,0.005,0.0059628,0.024793,1.6988e-24,0,0.00012892,0.00087741,0.14693,0.014355
2.025,0.90536,0.005,0.0048317,0.024399,0,0,0.00013398,0.00098515,0.136,0.014258
1.975,0.9554,0.005,0.0036424,0.023701,1.2492e-24,0,0.0001375,0.0010823,0.12704,0.014171
1.925,1.0054,0.005,0.0023708,0.022747,-1.4918e-24,0,0.0001397,0.0011677,0.11964,0.014094
1.875,1.0555,0.005,0.00099961,0.021578,5.1207e-25,0,0.00014084,0.0012413,0.11346,0.01403
1.825,1.1055,0.005,-0.00048237,0.020233,-7.4427e-25,0,0.00014115,0.001303,0.10833,0.013975
1.775,1.1556,0.005,-0.0020812,0.018748,6.7944e-39,0,0.00014086,0.0013535,0.10407,0.013932
1.725,1.2056,0.005,-0.0037974,0.017159,9.3541e-25,0,0.00014017,0.0013929,0.10063,0.013897
1.675,1.2557,0.005,-0.0056278,0.015499,8.4927e-25,0,0.00013921,0.0014206,0.097996,0.013872
1.625,1.3057,0.005,-0.007566,0.013802,-2.5777e-25,0,0.00013814,0.0014359,0.096205,0.013854
1.575,1.3557,0.005,-0.0096036,0.012098,6.5645e-25,0,0.00013708,0.0014379,0.095335,0.013844
1.525,1.4058,0.005,-0.01173,0.010418,1.3975e-24,0,0.00013618,0.0014258,0.095514,0.013839
1.475,1.4558,0.005,-0.013935,0.0087883,1.3901e-24,0,0.00013563,0.0013994,0.096924,0.013841
1.425,1.5059,0.005,-0.016211,0.0072317,1.531e-24,0,0.00013568,0.0013585,0.099879,0.013848
1.375,1.5559,0.005,-0.018559,0.005767,6.6455e-25,0,0.00013673,0.0013019,0.10502,0.013861
1.325,1.606,0.005,-0.020989,0.0044073,1.078e-24,0,0.00013943,0.0012303,0.11333,0.013878
1.275,1.656,0.005,-0.023534,0.0031586,-3.8322e-25,0,0.00014478,0.0011477,0.12614,0.013901
1.225,1.706,0.005,-0.026242,0.0020252,-8.3038e-25,0,0.00015401,0.0010716,0.14372,0.013931
1.175,1.7561,0.005,-0.029169,0.0010113,5.3359e-39,0,0.00016864,0.0010145,0.16624,0.013969
1.125,1.8061,0.005,-0.032356,0.00012882,3.1528e-25,0,0.00019048,0.0009798,0.19441,0.014018
1.075,1.8562,0.005,-0.035794,-0.00059059,-4.5028e-25,0,0.00022041,0.00097291,0.22654,0.01408
1.025,1.9062,0.005,-0.039363,-0.0010914,-3.2374e-39,0,0.00025798,0.00099155,0.26018,0.014157
0.975,1.9563,0.005,-0.04282,-0.0012977,-9.5543e-25,0,0.00030155,0.0010288,0.29312,0.01425
0.925,2.0063,0.005,-0.045823,-0.0011279,0,0,0.00034962,0.0010781,0.3243,0.014359
0.875,2.0563,0.005,-0.047987,-0.00051368,3.6117e-24,0,0.00040174,0.0011369,0.35337,0.014482
0.825,2.1064,0.005,-0.048958,0.00057163,-1.7223e-24,0,0.00045813,0.0012056,0.37999,0.014614
0.775,2.1564,0.005,-0.048517,0.0020906,1.3328e-38,0,0.00051753,0.0012825,0.40352,0.014749
0.725,2.2065,0.005,-0.046654,0.0039388,-1.1088e-24,0,0.00057652,0.0013621,0.42327,0.014879
0.675,2.2565,0.005,-0.043553,0.0059896,1.0304e-38,0,0.00062976,0.0014347,0.43895,0.014999
0.625,2.3066,0.005,-0.039507,0.008104,1.5321e-24,0,0.00067137,0.0014898,0.45063,0.015104
0.575,2.3566,0.005,-0.03485,0.010169,6.4208e-39,0,0.00069674,0.0015187,0.45877,0.015192
0.525,2.4066,0.005,-0.029908,0.012099,-1.468e-24,0,0.00070371,0.0015149,0.46452,0.015261
0.475,2.4567,0.005,-0.024958,0.013836,-1.4317e-24,0,0.00069301,0.001472,0.4708,0.015314
0.425,2.5067,0.005,-0.020214,0.015342,0,0,0.00066816,0.0013799,0.48422,0.015352
0.375,2.5568,0.005,-0.0158,0.016618,1.3847e-24,0,0.00063526,0.0012274,0.51757,0.015378
0.325,2.6068,0.005,-0.011738,0.017706,9.5436e-25,0,0.00060303,0.0010139,0.59479,0.015395
0.275,2.6569,0.005,-0.0077575,0.018574,1.2441e-24,0,0.00058393,0.00075803,0.77033,0.015409
0.225,2.7069,0.005,-0.0024907,0.018757,8.6733e-39,0,0.00059943,0.0005313,1.1282,0.015436
0.175,2.7569,0.005,0.0096989,0.015918,-1.2944e-31,0,0.00071351,0.00035462,1.9449,0.015538
0.125,2.807,0.005,0.08582,0.0053021,3.1659e-23,0,0.00083167,9.8259e-05,4.9638,0.016212
0.075,2.86,0.005,0.44707,-0.0015776,0,0,0.0005024,0.00047962,0.10056,0.020404
0.025,2.916,0.005,0.45546,-0.00066518,2.1566e-38,0,0.00050057,0.0035278,0.14189,0.019682
2.975,0.024,0.005,0.011795,-0.00079666,4.2092e-24,0,1.0618e-05,4.9984e-06,2.1243,0.014784
2.925,0.072,0.005,0.011482,-0.00081577,-1.9098e-24,0,5.8543e-05,0.00011325,0.51692,0.014781
2.875,0.12,0.005,0.0099188,-0.0026919,9.2758e-39,0,9.1693e-05,0.0002521,0.36371,0.01478
2.825,0.168,0.005,0.0089762,-0.0047044,7.3007e-25,0,0.00011837,0.00031458,0.37628,0.014782
2.775,0.216,0.005,0.0086379,-0.0067722,1.5328e-38,0,0.00014099,0.00033693,0.41847,0.014794
2.725,0.264,0.005,0.0088285,-0.0082797,-9.4996e-25,0,0.00015514,0.00034023,0.456,0.014824
2.675,0.312,0.005,0.0096058,-0.0084263,2.3926e-24,0,0.00015625,0.0003338,0.4681,0.014871
2.625,0.36,0.005,0.010808,-0.0067315,-5.9645e-25,0,0.00014378,0.00031429,0.45747,0.014936
2.575,0.408,0.005,0.01191,-0.0029596,8.6719e-39,0,0.00012394,0.00028735,0.43134,0.015007
2.525,0.456,0.005,0.012454,0.0022994,2.5176e-24,0,0.00010642,0.0002452,0.39838,0.015067
2.475,0.50502,0.005,0.012331,0.0082094,1.234e-25,0,9.1255e-05,0.00021428,0.35646,0.01509
2.425,0.55506,0.005,0.011525,0.013604,5.768e-38,0,8.4283e-05,0.00021579,0.31486,0.015064
2.375,0.60511,0.005,0.010393,0.017954,-1.2649e-24,0,8.4999e-05,0.0002448,0.27727,0.014993
2.325,0.65515,0.005,0.0091856,0.021164,3.2709e-38,0,9.0786e-05,0.00030127,0.24447,0.014893
2.275,0.70519,0.005,0.0080382,0.023403,7.9959e-24,0,9.9246e-05,0.00038571,0.21644,0.014778
2.225,0.75523,0.005,0.0069779,0.024857,-4.1294e-24,0,0.00010852,0.00050179,0.19289,0.014658
2.175,0.80528,0.005,0.0059806,0.025645,1.1578e-24,0,0.00011715,0.0006567,0.17358,0.014539
2.125,0.85532,0.005,0.0049975,0.025877,-2.0006e-24,0,0.00012427,0.0007872,0.15786,0.014425
2.075,0.90536,0.005,0.0040072,0.025695,1.6069e-24,0,0.00012983,0.00089566,0.14495,0.014321
2.025,0.9554,0.005,0.0029607,0.025157,-6.5115e-25,0,0.00013389,0.00099639,0.13438,0.014228
1.975,1.0054,0.005,0.001828,0.024317,1.1937e-24,0,0.0001366,0.0010867,0.1257,0.014147
1.925,1.0555,0.005,0.00058946,0.023226,1.0524e-24,0,0.00013818,0.0011656,0.11854,0.014078
1.875,1.1055,0.005,-0.00076929,0.021928,-1.5809e-25,0,0.00013884,0.0012325,0.11265,0.014019
1.825,1.1556,0.005,-0.0022565,0.020465,8.4263e-25,0,0.00013883,0.0012883,0.10777,0.013972
1.775,1.2056,0.005,-0.0038749,0.018875,-2.2434e-33,0,0.00013835,0.0013328,0.1038,0.013935
1.725,1.2557,0.005,-0.0056231,0.017195,2.2443e-25,0,0.00013756,0.0013657,0.10072,0.013906
1.675,1.3057,0.005,-0.0074963,0.015461,3.2238e-25,0,0.00013661,0.0013865,0.098525,0.013886
1.625,1.3557,0.005,-0.009487,0.013708,-4.0731e-25,0,0.00013564,0.0013944,0.097278,0.013874
1.575,1.4058,0.005,-0.011585,0.011966,6.5034e-26,0,0.0001348,0.0013885,0.097089,0.013867
1.525,1.4558,0.005,-0.01378,0.010267,1.0855e-24,0,0.00013427,0.0013683,0.098124,0.013866
1.475,1.5059,0.005,-0.016064,0.0086357,1.1936e-24,0,0.00013427,0.001334,0.10066,0.013871
1.425,1.5559,0.005,-0.018434,0.0070946,2.0061e-25,0,0.00013518,0.0012843,0.10525,0.01388
1.375,1.606,0.005,-0.020901,0.0056599,3.23e-25,0,0.0001376,0.0012194,0.11284,0.013894
1.325,1.656,0.005,-0.023492,0.0043417,-4.4328e-25,0,0.00014249,0.0011425,0.12473,0.013912
1.275,1.706,0.005,-0.026256,0.0031437,-1.848e-25,0,0.00015112,0.0010682,0.14147,0.013936
1.225,1.7561,0.005,-0.029252,0.0020713,7.3879e-39,0,0.00016503,0.0010106,0.1633,0.013968
1.175,1.8061,0.005,-0.032533,0.0011359,1.7231e-39,0,0.0001862,0.00097403,0.19117,0.014008
1.125,1.8562,0.005,-0.036107,0.00036409,-3.5149e-25,0,0.00021589,0.00096486,0.22376,0.01406
1.075,1.9062,0.005,-0.039873,-0.00019234,1.5356e-24,0,0.00025383,0.00098222,0.25842,0.014125
1.025,1.9563,0.005,-0.0436,-0.00046046,0,0,0.00029846,0.0010192,0.29284,0.014206
0.975,2.0063,0.005,-0.046944,-0.00035927,-9.9138e-25,0,0.00034807,0.0010685,0.32574,0.014302
0.925,2.0563,0.005,-0.049496,0.00018186,1.1732e-24,0,0.00040192,0.0011268,0.35668,0.014412
0.875,2.1064,0.005,-0.050856,0.0011964,1.86e-24,0,0.00045997,0.0011944,0.38512,0.014533
0.825,2.1564,0.005,-0.050747,0.002656,1.5193e-38,0,0.00052153,0.0012712,0.41026,0.014659
0.775,2.2065,0.005,-0.049111,0.0044581,-1.4859e-24,0,0.00058408,0.0013527,0.4318,0.014782
0.725,2.2565,0.005,-0.046111,0.0064768,-1.5182e-24,0,0.00064204,0.0014292,0.44924,0.014898
0.675,2.3066,0.005,-0.042041,0.0085641,-4.4828e-40,0,0.00068909,0.0014891,0.46276,0.015002
0.625,2.3566,0.005,-0.037254,0.010599,3.164e-25,0,0.00072006,0.001522,0.47312,0.01509
0.575,2.4066,0.005,-0.032089,0.012483,1.0092e-24,0,0.00073222,0.0015197,0.48183,0.015164
0.525,2.4567,0.005,-0.026843,0.014152,3.7192e-24,0,0.00072589,0.0014749,0.49217,0.015222
0.475,2.5067,0.005,-0.02174,0.015555,2.4941e-24,0,0.00070461,0.0013768,0.51178,0.015267
0.425,2.5568,0.005,-0.016902,0.016667,1.5646e-24,0,0.00067551,0.0012052,0.56048,0.015302
0.375,2.6068,0.005,-0.012297,0.017491,1.5808e-24,0,0.00065132,0.00098128,0.66375,0.015332
0.325,2.6569,0.005,-0.0075028,0.017968,-9.6322e-25,0,0.00065331,0.0007237,0.90274,0.015361
0.275,2.7069,0.005,-0.00039699,0.017517,1.6474e-24,0,0.00072608,0.00052926,1.3719,0.015398
0.225,2.7569,0.005,0.017513,0.01545,6.4791e-25,0,0.0010038,0.00039761,2.5245,0.015515
0.175,2.807,0.005,0.10447,0.0046394,5.0564e-25,0,0.0016726,0.00020517,5.8151,0.015745
0.125,2.86,0.005,0.44609,-0.0025467,-6.7825e-24,0,0.0005112,0.00042301,0.14084,0.01899
0.075,2.916,0.005,0.4561,-0.00022062,-8.5745e-24,0,0.00050575,0.0022399,0.22579,0.019057
0.025,2.972,0.005,0.45401,9.2952e-05,0,0,0.00057642,0.00015096,3.8183,0.020637
3.025,0.024,0.005,0.011714,-0.00035656,-6.4686e-25,0,8.474e-06,3.989e-06,2.1243,0.014772
2.975,0.072,0.005,0.011338,1.8844e-05,-2.9493e-24,0,5.4998e-05,0.00010307,0.53362,0.014771
2.925,0.12,0.005,0.0096072,-0.00092091,-9.1634e-25,0,9.2066e-05,0.00024252,0.37962,0.01477
2.875,0.168,0.005,0.0082385,-0.0022136,7.3247e-25,0,0.00012542,0.00031089,0.40343,0.014767
2.825,0.216,0.005,0.0074087,-0.0038427,-9.0251e-25,0,0.00015934,0.00034417,0.46297,0.014775
2.775,0.264,0.005,0.0070243,-0.0053483,3.3669e-24,0,0.00019057,0.00036754,0.51849,0.0148
2.725,0.312,0.005,0.007156,-0.0062043,-1.287e-24,0,0.0002123,0.00038826,0.5468,0.01485
2.675,0.36,0.005,0.0078092,-0.0058262,2.8423e-24,0,0.00021844,0.00039534,0.55252,0.014918
2.625,0.408,0.005,0.0088117,-0.0037535,-1.0127e-24,0,0.00020679,0.000385,0.53711,0.014995
2.575,0.456,0.005,0.0096129,-2.4066e-05,6.0348e-24,0,0.00018499,0.00036557,0.50602,0.015064
2.525,0.50502,0.005,0.0098337,0.0049621,-2.2686e-24,0,0.00015627,0.00033725,0.45799,0.015109
2.475,0.55506,0.005,0.0093925,0.010505,-2.6216e-24,0,0.00012694,0.00030537,0.39823,0.015109
2.425,0.60511,0.005,0.0085383,0.015578,4.9541e-38,0,0.00010814,0.00028788,0.34035,0.01506
2.375,0.65515,0.005,0.0075034,0.019717,-3.3781e-24,0,0.00010063,0.00030478,0.29006,0.014972
2.325,0.70519,0.005,0.0064756,0.022786,4.9588e-24,0,0.00010133,0.00035245,0.2496,0.014861
2.275,0.75523,0.005,0.0055445,0.024902,-4.605e-24,0,0.00010655,0.00043397,0.21777,0.01474
2.225,0.80528,0.005,0.0047115,0.026213,-2.5556e-24,0,0.00011351,0.00055504,0.19271,0.014617
2.175,0.85532,0.005,0.0039004,0.02683,-1.212e-24,0,0.00012028,0.00069608,0.17279,0.014498
2.125,0.90536,0.005,0.0030644,0.026905,2.7869e-24,0,0.00012594,0.00080235,0.15696,0.014387
2.075,0.9554,0.005,0.0021771,0.026563,0,0,0.00013035,0.00090448,0.14411,0.014288
2.025,1.0054,0.005,0.0012,0.025866,2.3266e-33,0,0.00013348,0.00099858,0.13367,0.014202
1.975,1.0555,0.005,0.0001098,0.024873,0,0,0.00013546,0.0010822,0.12517,0.014127
1.925,1.1055,0.005,-0.0011103,0.023638,1.2078e-24,0,0.00013649,0.0011548,0.11819,0.014065
1.875,1.1556,0.005,-0.0024706,0.022207,5.1539e-39,0,0.00013677,0.0012161,0.11247,0.014014
1.825,1.2056,0.005,-0.0039762,0.020623,-8.0092e-25,0,0.00013652,0.0012662,0.10782,0.013974
1.775,1.2557,0.005,-0.0056275,0.018928,-1.4693e-24,0,0.0001359,0.0013047,0.10417,0.013943
1.725,1.3057,0.005,-0.0074213,0.017159,-6.6123e-25,0,0.00013509,0.0013312,0.10148,0.013921
1.675,1.3557,0.005,-0.0093512,0.015355,-1.7079e-24,0,0.00013422,0.0013451,0.099788,0.013906
1.625,1.4058,0.005,-0.011408,0.01355,-1.1117e-24,0,0.00013345,0.0013454,0.099186,0.013898
1.575,1.4558,0.005,-0.013581,0.011777,-5.7619e-25,0,0.00013294,0.0013318,0.099817,0.013895
1.525,1.5059,0.005,-0.015862,0.010065,-6.2803e-25,0,0.00013292,0.0013042,0.10192,0.013897
1.475,1.5559,0.005,-0.018246,0.0084388,-1.1853e-24,0,0.00013372,0.0012617,0.10599,0.013904
1.425,1.606,0.005,-0.020741,0.0069191,-1.4354e-24,0,0.0001359,0.0012038,0.1129,0.013914
1.375,1.656,0.005,-0.023372,0.0055187,-8.1302e-25,0,0.00014038,0.001133,0.12391,0.013929
1.325,1.706,0.005,-0.026186,0.0042452,-7.9152e-25,0,0.00014842,0.0010619,0.13977,0.013948
1.275,1.7561,0.005,-0.029245,0.0031029,1.0201e-24,0,0.00016163,0.001005,0.16083,0.013973
1.225,1.8061,0.005,-0.032612,0.0021025,8.8741e-25,0,0.00018209,0.00096743,0.18822,0.014005
1.175,1.8562,0.005,-0.03631,0.0012683,-1.6846e-25,0,0.0002114,0.00095673,0.22096,0.014048
1.125,1.9062,0.005,-0.040261,0.00064723,9.0261e-25,0,0.00024967,0.00097316,0.25655,0.014103
1.075,1.9563,0.005,-0.044247,0.00031024,9.0048e-25,0,0.0002954,0.0010102,0.29242,0.014171
1.025,2.0063,0.005,-0.047922,0.00033812,-8.1991e-25,0,0.00034659,0.00106,0.32699,0.014254
0.975,2.0563,0.005,-0.05086,0.00080399,-1.015e-24,0,0.00040219,0.0011181,0.35971,0.014351
0.925,2.1064,0.005,-0.052616,0.0017473,1.182e-24,0,0.00046228,0.0011848,0.39017,0.014459
0.875,2.1564,0.005,-0.052852,0.0031484,-1.8441e-40,0,0.00052663,0.0012615,0.41745,0.014574
0.825,2.2065,0.005,-0.051458,0.0049064,6.4882e-25,0,0.00059311,0.001345,0.44099,0.014688
0.775,2.2565,0.005,-0.048571,0.0068952,-1.4677e-24,0,0.00065631,0.0014255,0.46042,0.014798
0.725,2.3066,0.005,-0.044485,0.0089584,-1.506e-24,0,0.00070937,0.0014904,0.47595,0.014898
0.675,2.3566,0.005,-0.039566,0.010969,-3.3617e-25,0,0.00074648,0.0015279,0.48856,0.014986
0.625,2.4066,0.005,-0.034175,0.012822,1.0463e-32,0,0.00076437,0.0015279,0.50026,0.015061
0.575,2.4567,0.005,-0.028623,0.01444,6.9099e-25,0,0.00076302,0.0014815,0.51503,0.015124
0.525,2.5067,0.005,-0.023143,0.015756,-8.0878e-25,0,0.00074599,0.001378,0.54137,0.015174
0.475,2.5568,0.005,-0.017851,0.01675,-3.3982e-24,0,0.00072133,0.0011966,0.60282,0.015217
0.425,2.6068,0.005,-0.012641,0.017388,7.8683e-25,0,0.00070545,0.00095554,0.73827,0.01526
0.375,2.6569,0.005,-0.006922,0.017505,1.4655e-24,0,0.00073294,0.00071871,1.0198,0.015303
0.325,2.7069,0.005,0.0021752,0.016485,-1.8849e-24,0,0.00088807,0.00053724,1.653,0.015354
0.275,2.7569,0.005,0.025006,0.014076,6.9868e-25,0,0.0013581,0.00044793,3.0319,0.015499
0.225,2.807,0.005,0.11993,0.004218,-8.7389e-38,0,0.0026803,0.00029973,6.4475,0.015806
0.175,2.86,0.005,0.44394,-0.0045341,7.1343e-24,0,0.00053007,0.00033992,0.19795,0.018081
0.125,2.916,0.005,0.45717,-0.00014252,-3.5334e-24,0,0.00051176,0.0017222,0.29716,0.018172
0.075,2.972,0.005,0.45407,-9.7418e-05,7.4899e-25,0,0.00066824,0.00016254,4.1112,0.019593
3.075,0.024,0.005,0.011337,-9.82e-05,-2.1789e-24,0,7.5365e-06,3.5477e-06,2.1243,0.014764
3.025,0.072,0.005,0.010706,0.00054563,-3.0387e-26,0,5.4438e-05,9.4798e-05,0.57426,0.014767
2.975,0.12,0.005,0.0086269,0.00056253,-1.1044e-40,0,9.8199e-05,0.00023131,0.42453,0.014767
2.925,0.168,0.005,0.0067434,0.00021605,8.3338e-25,0,0.00013728,0.00029784,0.46093,0.01476
2.875,0.216,0.005,0.0052206,-0.00051087,4.0848e-25,0,0.00017903,0.0003315,0.54006,0.014761
2.825,0.264,0.005,0.0042307,-0.001464,-1.0982e-24,0,0.00022372,0.00037341,0.59913,0.014779
2.775,0.312,0.005,0.0037309,-0.0023227,0,0,0.00026495,0.00041641,0.63629,0.014822
2.725,0.36,0.005,0.0038386,-0.0026042,4.6652e-38,0,0.00029569,0.00045153,0.65485,0.014889
2.675,0.408,0.005,0.0045062,-0.0017995,1.4657e-24,0,0.00030812,0.00047156,0.6534,0.014969
2.625,0.456,0.005,0.0054596,0.00033387,-1.1488e-24,0,0.00029927,0.00047358,0.63193,0.015046
2.575,0.50502,0.005,0.0062069,0.0038015,4.2436e-24,0,0.00026894,0.00045613,0.58962,0.015106
2.525,0.55506,0.005,0.0066129,0.0084659,0,0,0.00022157,0.00042024,0.52726,0.01513
2.475,0.60511,0.005,0.0061437,0.013191,-3.2523e-24,0,0.00017514,0.00038459,0.45539,0.015104
2.425,0.65515,0.005,0.0055141,0.017805,-8.5372e-38,0,0.00014076,0.00036822,0.38227,0.015036
2.375,0.70519,0.005,0.0047274,0.021628,-7.3477e-33,0,0.00012154,0.00038365,0.31681,0.014935
2.325,0.75523,0.005,0.0039557,0.024493,2.9654e-24,0,0.00011465,0.00043296,0.2648,0.014817
2.275,0.80528,0.005,0.0032757,0.026435,9.8499e-25,0,0.00011511,0.00050988,0.22576,0.014694
2.225,0.85532,0.005,0.0026508,0.027564,8.5076e-25,0,0.00011887,0.00060415,0.19676,0.014571
2.175,0.90536,0.005,0.0019925,0.027996,-3.2126e-24,0,0.00012341,0.00070493,0.17506,0.014455
2.125,0.9554,0.005,0.001277,0.027898,2.6374e-24,0,0.00012752,0.00080619,0.15817,0.01435
2.075,1.0054,0.005,0.00047305,0.02738,-7.0745e-25,0,0.00013074,0.00090242,0.14488,0.014258
2.025,1.0555,0.005,-0.00045168,0.026513,-2.4865e-25,0,0.00013296,0.00099002,0.1343,0.014179
1.975,1.1055,0.005,-0.0015161,0.025359,-7.8707e-25,0,0.00013428,0.0010683,0.12569,0.014112
1.925,1.1556,0.005,-0.0027331,0.023974,-8.518e-25,0,0.00013482,0.0011358,0.11871,0.014058
1.875,1.2056,0.005,-0.0041098,0.022405,7.1384e-26,0,0.00013478,0.0011919,0.11308,0.014015
1.825,1.2557,0.005,-0.0056484,0.0207,1.7827e-24,0,0.00013433,0.0012364,0.10864,0.013982
1.775,1.3057,0.005,-0.0073474,0.018901,-3.2638e-39,0,0.00013365,0.0012691,0.10531,0.013957
1.725,1.3557,0.005,-0.0092018,0.017046,-1.1376e-24,0,0.00013288,0.0012893,0.10306,0.013941
1.675,1.4058,0.005,-0.011204,0.015176,-5.3132e-25,0,0.00013217,0.0012962,0.10197,0.013931
1.625,1.4558,0.005,-0.013342,0.013326,6.0485e-25,0,0.00013169,0.0012893,0.10214,0.013927
1.575,1.5059,0.005,-0.015607,0.011528,1.3306e-24,0,0.00013166,0.0012686,0.10378,0.013927
1.525,1.5559,0.005,-0.017995,0.0098101,-7.3608e-39,0,0.00013237,0.0012333,0.10733,0.013932
1.475,1.606,0.005,-0.020509,0.008196,-9.4946e-25,0,0.00013435,0.0011827,0.11359,0.013939
1.425,1.656,0.005,-0.023173,0.0067026,-5.1715e-25,0,0.00013845,0.0011187,0.12376,0.013951
1.375,1.706,0.005,-0.026031,0.0053402,-8.1515e-25,0,0.00014594,0.0010522,0.1387,0.013966
1.325,1.7561,0.005,-0.029147,0.0041164,-1.1803e-24,0,0.00015843,0.00099703,0.15891,0.013985
1.275,1.8061,0.005,-0.032592,0.0030397,6.5003e-25,0,0.00017815,0.00095955,0.18566,0.014011
1.225,1.8562,0.005,-0.036404,0.0021312,1.2985e-26,0,0.00020694,0.00094798,0.2183,0.014044
1.175,1.9062,0.005,-0.040527,0.0014357,2.4503e-38,0,0.00024531,0.00096386,0.25451,0.014089
1.125,1.9563,0.005,-0.044758,0.0010207,-8.345e-25,0,0.00029196,0.0010012,0.29161,0.014145
1.075,2.0063,0.005,-0.048755,0.00096778,1.2727e-24,0,0.00034474,0.0010517,0.3278,0.014215
1.025,2.0563,0.005,-0.052075,0.001353,-7.2048e-25,0,0.00040232,0.0011101,0.36242,0.014298
0.975,2.1064,0.005,-0.054233,0.0022218,-1.2259e-24,0,0.00046487,0.0011766,0.3951,0.014393
0.925,2.1564,0.005,-0.054829,0.003563,2.3695e-24,0,0.0005326,0.0012533,0.42497,0.014495
0.875,2.2065,0.005,-0.053692,0.0052776,2.6113e-24,0,0.00060348,0.0013386,0.45083,0.014599
0.825,2.2565,0.005,-0.050931,0.0072381,-9.8071e-26,0,0.00067255,0.0014232,0.47256,0.014701
0.775,2.3066,0.005,-0.046832,0.0092799,1.3008e-24,0,0.00073234,0.0014935,0.49035,0.014796
0.725,2.3566,0.005,-0.041783,0.011268,-3.0308e-24,0,0.00077628,0.0015359,0.50543,0.014881
0.675,2.4066,0.005,-0.036162,0.013095,-1.5666e-24,0,0.00080055,0.0015389,0.52021,0.014956
0.625,2.4567,0.005,-0.030294,0.014674,1.6303e-24,0,0.00080486,0.0014914,0.53965,0.01502
0.575,2.5067,0.005,-0.024415,0.015916,-1.5688e-32,0,0.00079298,0.0013817,0.57393,0.015075
0.525,2.5568,0.005,-0.018621,0.016816,-2.5926e-24,0,0.0007738,0.0011961,0.64692,0.015127
0.475,2.6068,0.005,-0.012762,0.017286,-1.3003e-24,0,0.00076678,0.00094895,0.80803,0.015179
0.425,2.6569,0.005,-0.0059654,0.017103,4.4047e-24,0,0.00082055,0.00072063,1.1387,0.015235
0.375,2.7069,0.005,0.0051931,0.015574,-4.6554e-39,0,0.0010686,0.00056172,1.9024,0.015303
0.325,2.7569,0.005,0.032863,0.012725,5.0422e-24,0,0.0017825,0.00051557,3.4574,0.015468
0.275,2.807,0.005,0.13215,0.002346,9.7162e-38,0,0.0035006,0.00036291,6.7527,0.015861
0.225,2.86,0.005,0.44085,-0.0042116,0,0,0.00056278,0.00029725,0.273,0.018106
0.175,2.916,0.005,0.45747,-0.00031376,-7.0736e-39,0,0.00051908,0.001425,0.36427,0.017451
0.125,2.972,0.005,0.45372,-0.00035822,-7.3875e-25,0,0.00076128,0.00017349,4.388,0.018697
3.125,0.024,0.005,0.010802,8.7647e-05,-1.813e-38,0,7.8291e-06,3.6855e-06,2.1243,0.014759
3.075,0.072,0.005,0.0096791,0.00096424,8.3839e-25,0,5.8744e-05,9.2128e-05,0.63764,0.014766
3.025,0.12,0.005,0.0069866,0.0016544,3.491e-25,0,0.00011243,0.00022129,0.50805,0.01477
2.975,0.168,0.005,0.0044471,0.0024086,6.4513e-25,0,0.00015939,0.00027247,0.58498,0.014763
2.925,0.216,0.005,0.0022043,0.0028503,0,0,0.00020935,0.00031863,0.65703,0.014758
2.875,0.264,0.005,0.00034169,0.002908,2.1235e-38,0,0.00026603,0.00037039,0.71825,0.014766
2.825,0.312,0.005,-0.00080612,0.0026447,1.776e-24,0,0.00032372,0.00042624,0.75948,0.014799
2.775,0.36,0.005,-0.0012401,0.002368,1.4508e-24,0,0.00037565,0.00048159,0.78002,0.014859
2.725,0.408,0.005,-0.00092563,0.0024997,1.8498e-38,0,0.00041312,0.00052921,0.78064,0.014938
2.675,0.456,0.005,-1.9117e-05,0.0034968,3.0162e-38,0,0.00042758,0.00056115,0.76197,0.015019
2.625,0.50502,0.005,0.0010428,0.005566,-2.5331e-24,0,0.00041367,0.00057014,0.72556,0.015087
2.575,0.55506,0.005,0.0018728,0.0087966,3.2881e-39,0,0.00036961,0.00055026,0.67169,0.015129
2.525,0.60511,0.005,0.0026462,0.012323,-3.1985e-26,0,0.00030455,0.00050577,0.60215,0.015128
2.475,0.65515,0.005,0.0026398,0.01649,1.9016e-38,0,0.00023852,0.00045645,0.52255,0.015078
2.425,0.70519,0.005,0.0024769,0.020407,-2.0345e-24,0,0.00018473,0.00042182,0.43794,0.014996
2.375,0.75523,0.005,0.0020949,0.023746,2.5743e-24,0,0.00014977,0.00041846,0.3579,0.014888
2.325,0.80528,0.005,0.0016639,0.026283,-6.0731e-38,0,0.00013211,0.00045396,0.29101,0.014767
2.275,0.85532,0.005,0.001229,0.027986,-4.2653e-24,0,0.00012584,0.00051947,0.24225,0.014644
2.225,0.90536,0.005,0.00076859,0.028902,-6.3348e-25,0,0.0001254,0.00060609,0.20691,0.014524
2.175,0.9554,0.005,0.00024283,0.029137,2.4029e-24,0,0.00012721,0.0007009,0.1815,0.014413
2.125,1.0054,0.005,-0.00037159,0.028845,-2.4459e-24,0,0.00012946,0.00079586,0.16267,0.014315
2.075,1.0555,0.005,-0.0011109,0.028137,1.9298e-24,0,0.00013136,0.00088773,0.14797,0.014231
2.025,1.1055,0.005,-0.0020006,0.027088,-1.1344e-24,0,0.00013263,0.00097142,0.13653,0.01416
1.975,1.1556,0.005,-0.0030559,0.025765,1.1516e-24,0,0.00013326,0.0010454,0.12747,0.014103
1.925,1.2056,0.005,-0.004286,0.024224,0,0,0.00013334,0.0011083,0.12031,0.014057
1.875,1.2557,0.005,-0.0056949,0.022517,5.9378e-38,0,0.000133,0.0011597,0.11469,0.014021
1.825,1.3057,0.005,-0.0072825,0.020691,-4.381e-25,0,0.00013241,0.0011991,0.11042,0.013995
1.775,1.3557,0.005,-0.0090454,0.018789,2.8296e-25,0,0.00013171,0.0012261,0.10742,0.013978
1.725,1.4058,0.005,-0.010977,0.016854,0,0,0.00013105,0.0012399,0.10569,0.013967
1.675,1.4558,0.005,-0.013066,0.014924,-5.8821e-26,0,0.0001306,0.0012402,0.1053,0.013961
1.625,1.5059,0.005,-0.015304,0.013035,7.0896e-25,0,0.00013054,0.0012267,0.10642,0.01396
1.575,1.5559,0.005,-0.017683,0.011219,-8.9615e-26,0,0.00013118,0.0011987,0.10943,0.013963
1.525,1.606,0.005,-0.020207,0.0095018,-8.0248e-25,0,0.00013297,0.0011559,0.11504,0.013969
1.475,1.656,0.005,-0.022895,0.0079052,0,0,0.00013673,0.0010994,0.12437,0.013978
1.425,1.706,0.005,-0.02579,0.0064422,8.5192e-25,0,0.00014369,0.0010385,0.13836,0.013989
1.375,1.7561,0.005,-0.028957,0.0051225,3.3266e-39,0,0.00015548,0.00098632,0.15763,0.014004
1.325,1.8061,0.005,-0.032472,0.0039571,-3.6481e-25,0,0.00017438,0.00094997,0.18357,0.014023
1.275,1.8562,0.005,-0.036389,0.0029643,1.6886e-32,0,0.00020255,0.00093829,0.21587,0.014049
1.225,1.9062,0.005,-0.04067,0.0021826,-8.7564e-27,0,0.00024083,0.000954,0.25245,0.014084
1.175,1.9563,0.005,-0.045133,0.0016794,7.8334e-25,0,0.00028823,0.00099191,0.29058,0.014129
1.125,2.0063,0.005,-0.049442,0.0015358,1.2757e-38,0,0.00034254,0.0010434,0.3283,0.014186
1.075,2.0563,0.005,-0.05314,0.0018318,-6.4185e-25,0,0.00040222,0.0011025,0.36483,0.014256
1.025,2.1064,0.005,-0.055705,0.0026197,-5.3032e-25,0,0.00046748,0.0011692,0.39984,0.014336
0.975,2.1564,0.005,-0.056673,0.0038964,2.4104e-38,0,0.000539,0.0012462,0.43251,0.014424
0.925,2.2065,0.005,-0.055809,0.0055668,1.1877e-24,0,0.00061504,0.0013333,0.46128,0.014516
0.875,2.2565,0.005,-0.053185,0.007499,2.6125e-24,0,0.00069055,0.0014223,0.48551,0.014608
0.825,2.3066,0.005,-0.04908,0.0095218,-4.3594e-38,0,0.00075788,0.0014982,0.50585,0.014695
0.775,2.3566,0.005,-0.043898,0.011491,-1.4783e-24,0,0.00080954,0.0015459,0.52366,0.014776
0.725,2.4066,0.005,-0.038042,0.013292,0,0,0.00084103,0.0015523,0.54181,0.014848
0.675,2.4567,0.005,-0.031848,0.014836,6.9923e-25,0,0.00085181,0.0015048,0.56607,0.014913
0.625,2.5067,0.005,-0.02555,0.016033,-7.7551e-25,0,0.00084614,0.0013881,0.60959,0.014971
0.575,2.5568,0.005,-0.019227,0.016847,-7.3381e-25,0,0.00083394,0.0011999,0.69501,0.01503
0.525,2.6068,0.005,-0.012645,0.017133,-1.5903e-24,0,0.00083745,0.00095395,0.87788,0.015092
0.475,2.6569,0.005,-0.0046374,0.016718,-4.79e-24,0,0.00091839,0.0007311,1.2562,0.01516
0.425,2.7069,0.005,0.0086598,0.014808,2.251e-24,0,0.0012541,0.0005929,2.1152,0.01524
0.375,2.7569,0.005,0.040639,0.011518,-3.3517e-24,0,0.0022256,0.00056114,3.7781,0.015422
0.325,2.807,0.005,0.14375,0.00065651,8.3849e-24,0,0.0041716,0.00041337,6.8934,0.01577
0.275,2.86,0.005,0.43792,-0.004345,2.921e-24,0,0.00060857,0.00027673,0.36205,0.017937
0.225,2.916,0.005,0.45726,-0.00018657,-1.0684e-24,0,0.00052776,0.0012312,0.42866,0.017219
0.175,2.972,0.005,0.4529,-0.00070007,0,0,0.00085464,0.00018382,4.6493,0.018126
3.175,0.024,0.005,0.010174,0.00024181,5.2726e-25,0,9.6031e-06,4.5206e-06,2.1243,0.014753
3.125,0.072,0.005,0.0081946,0.0010949,1.6498e-24,0,7.0364e-05,9.6738e-05,0.72737,0.014766
3.075,0.12,0.005,0.0046204,0.0025682,1.3381e-38,0,0.00013941,0.00021699,0.64248,0.014776
3.025,0.168,0.005,0.0011445,0.0043063,-1.4341e-24,0,0.00019799,0.00026107,0.75838,0.014774
2.975,0.216,0.005,-0.002072,0.0060069,2.235e-25,0,0.00025947,0.00031062,0.83534,0.014764
2.925,0.264,0.005,-0.0046801,0.0073143,6.7939e-25,0,0.00031807,0.00036276,0.87681,0.014763
2.875,0.312,0.005,-0.0065633,0.0081222,-1.0516e-38,0,0.00037765,0.00041913,0.90104,0.014785
2.825,0.36,0.005,-0.0075167,0.0084801,-8.9098e-25,0,0.00043588,0.00047924,0.90953,0.014834
2.775,0.408,0.005,-0.007544,0.0086221,0,0,0.00048783,0.00053417,0.90407,0.014907
2.725,0.456,0.005,-0.0067689,0.0089815,2.0468e-24,0,0.0005264,0.00058378,0.88483,0.014989
2.675,0.50502,0.005,-0.0055563,0.010102,-3.3146e-24,0,0.00054486,0.00063523,0.85325,0.015063
2.625,0.55506,0.005,-0.0042065,0.012043,1.1372e-25,0,0.00053065,0.00065748,0.8071,0.015113
2.575,0.60511,0.005,-0.0029667,0.014374,0,0,0.0004813,0.00064353,0.74791,0.015131
2.525,0.65515,0.005,-0.0017749,0.017352,1.4156e-24,0,0.00040535,0.00059968,0.67595,0.0151
2.475,0.70519,0.005,-0.0010392,0.02048,-1.1588e-25,0,0.00032057,0.00054073,0.59286,0.015034
2.425,0.75523,0.005,-0.00061548,0.023512,-1.6401e-24,0,0.00024545,0.00048818,0.50279,0.014942
2.375,0.80528,0.005,-0.00047907,0.02618,9.3636e-33,0,0.00019056,0.00046188,0.41256,0.014831
2.325,0.85532,0.005,-0.00052172,0.028256,-7.8518e-38,0,0.00015759,0.00047429,0.33227,0.014711
2.275,0.90536,0.005,-0.00068712,0.029621,3.7231e-24,0,0.0001412,0.00052353,0.26971,0.01459
2.225,0.9554,0.005,-0.00096859,0.030259,-5.311e-24,0,0.0001345,0.00059776,0.225,0.014476
2.175,1.0054,0.005,-0.0013645,0.030253,3.8757e-24,0,0.00013249,0.00068513,0.19337,0.014373
2.125,1.0555,0.005,-0.0018933,0.029741,1.5607e-33,0,0.00013229,0.00077572,0.17053,0.014284
2.075,1.1055,0.005,-0.0025839,0.028824,7.1691e-25,0,0.00013256,0.00086316,0.15358,0.014209
2.025,1.1556,0.005,-0.0034554,0.027583,1.0554e-24,0,0.00013273,0.00094361,0.14066,0.014147
1.975,1.2056,0.005,-0.0045186,0.026083,0,0,0.00013261,0.0010138,0.1308,0.014099
1.925,1.2557,0.005,-0.0057787,0.024383,-1.5643e-24,0,0.0001322,0.0010727,0.12324,0.014061
1.875,1.3057,0.005,-0.0072367,0.022536,-6.8388e-25,0,0.00013158,0.0011198,0.11751,0.014034
1.825,1.3557,0.005,-0.0088907,0.02059,-4.7897e-25,0,0.00013088,0.0011543,0.11338,0.014015
1.775,1.4058,0.005,-0.010736,0.01859,1.1856e-24,0,0.00013022,0.0011758,0.11075,0.014004
1.725,1.4558,0.005,-0.012761,0.016579,1.5149e-24,0,0.00012975,0.0011837,0.10961,0.013998
1.675,1.5059,0.005,-0.014956,0.014595,7.6567e-27,0,0.00012966,0.0011778,0.11008,0.013996
1.625,1.5559,0.005,-0.017315,0.012675,-7.474e-25,0,0.00013021,0.0011577,0.11247,0.013998
1.575,1.606,0.005,-0.019838,0.010848,-8.5975e-25,0,0.00013183,0.0011229,0.11741,0.014003
1.525,1.656,0.005,-0.022541,0.0091387,7.2551e-25,0,0.00013528,0.0010746,0.12588,0.01401
1.475,1.706,0.005,-0.025465,0.0075644,1.5951e-24,0,0.00014172,0.0010205,0.13888,0.014018
1.425,1.7561,0.005,-0.028674,0.0061368,2.4303e-24,0,0.0001528,0.00097244,0.15713,0.014029
1.375,1.8061,0.005,-0.032251,0.0048673,2.459e-24,0,0.00017084,0.00093832,0.18207,0.014043
1.325,1.8562,0.005,-0.036263,0.0037767,4.7677e-25,0,0.00019823,0.00092733,0.21376,0.014062
1.275,1.9062,0.005,-0.04069,0.0029,-7.204e-39,0,0.00023625,0.00094337,0.25043,0.014088
1.225,1.9563,0.005,-0.045371,0.0022962,1.4641e-24,0,0.00028418,0.00098205,0.28938,0.014123
1.175,2.0063,0.005,-0.049979,0.0020507,-1.4305e-24,0,0.00033993,0.0010348,0.32851,0.014168
1.125,2.0563,0.005,-0.054049,0.0022461,1.0481e-24,0,0.00040178,0.001095,0.36692,0.014223
1.075,2.1064,0.005,-0.057025,0.0029433,-9.0489e-33,0,0.00046991,0.0011623,0.40429,0.014289
1.025,2.1564,0.005,-0.058379,0.0041475,-1.7696e-24,0,0.00054551,0.0012402,0.43987,0.014363
0.975,2.2065,0.005,-0.057803,0.0057706,2.3128e-25,0,0.00062737,0.0013292,0.47198,0.014441
0.925,2.2565,0.005,-0.05533,0.0076727,-1.8484e-39,0,0.00071005,0.0014225,0.49917,0.01452
0.875,2.3066,0.005,-0.051225,0.0096778,1.1366e-38,0,0.00078578,0.0015045,0.52228,0.014598
0.825,2.3566,0.005,-0.045909,0.01163,9.9199e-25,0,0.00084616,0.0015581,0.54308,0.014672
0.775,2.4066,0.005,-0.039809,0.013408,5.8201e-25,0,0.00088589,0.0015682,0.56492,0.01474
0.725,2.4567,0.005,-0.033274,0.014912,-2.3388e-24,0,0.00090418,0.0015213,0.59434,0.014803
0.675,2.5067,0.005,-0.026539,0.016066,-3.5603e-24,0,0.00090574,0.001401,0.64649,0.014863
0.625,2.5568,0.005,-0.019648,0.016797,1.3145e-24,0,0.0009022,0.0012088,0.74636,0.014927
0.575,2.6068,0.005,-0.012258,0.016909,4.1705e-25,0,0.00091879,0.00096964,0.94756,0.014999
0.525,2.6569,0.005,-0.002967,0.016267,-2.7893e-24,0,0.0010288,0.00075182,1.3684,0.015081
0.475,2.7069,0.005,0.012595,0.014076,-3.4021e-38,0,0.0014476,0.00063076,2.295,0.015173
0.425,2.7569,0.005,0.048324,0.010262,-1.0432e-24,0,0.0026459,0.00059697,4.0187,0.01536
0.375,2.807,0.005,0.15451,-0.00042793,6.437e-24,0,0.004723,0.00045667,6.9387,0.015663
0.325,2.86,0.005,0.43547,-0.0048228,-5.2602e-24,0,0.0006667,0.00027104,0.46283,0.017482
0.275,2.916,0.005,0.4571,4.089e-05,-4.1024e-25,0,0.00053771,0.0010967,0.4903,0.01705
0.225,2.972,0.005,0.45183,-0.0011104,-2.7154e-24,0,0.00094755,0.00019355,4.8955,0.017767
3.225,0.024,0.005,0.00935,0.00048361,0,0,1.3132e-05,6.1819e-06,2.1243,0.014744
3.175,0.072,0.005,0.0060853,0.0013598,4.7696e-24,0,9.1417e-05,0.00010635,0.85961,0.014764
3.125,0.12,0.005,0.0012562,0.0035599,-2.9814e-39,0,0.00018242,0.00021013,0.86812,0.01478
3.075,0.168,0.005,-0.0035288,0.0062738,-1.2111e-24,0,0.00026031,0.00026023,1.0003,0.014785
3.025,0.216,0.005,-0.0078171,0.009274,-5.2387e-25,0,0.00032488,0.00030801,1.0548,0.014776
2.975,0.264,0.005,-0.011414,0.012028,-3.6004e-25,0,0.00038339,0.00034745,1.0763,0.014769
2.925,0.312,0.005,-0.014074,0.014211,-1.8487e-39,0,0.00043752,0.00038513,1.0751,0.014781
2.875,0.36,0.005,-0.015582,0.015689,5.1296e-25,0,0.00049036,0.00043118,1.0602,0.014817
2.825,0.408,0.005,-0.015918,0.016455,0,0,0.0005422,0.00048364,1.0372,0.014879
2.775,0.456,0.005,-0.015198,0.016771,2.5934e-24,0,0.00059012,0.00054285,1.0074,0.014957
2.725,0.50502,0.005,-0.013793,0.017248,-3.429e-24,0,0.00062969,0.00061022,0.97141,0.015036
2.675,0.55506,0.005,-0.011963,0.018241,1.4003e-38,0,0.00064743,0.00068373,0.92489,0.015093
2.625,0.60511,0.005,-0.0099317,0.019541,-5.6922e-25,0,0.00063069,0.00072675,0.86782,0.015117
2.575,0.65515,0.005,-0.0079694,0.021132,3.2667e-24,0,0.00057802,0.00071968,0.80316,0.015104
2.525,0.70519,0.005,-0.0061525,0.02306,-1.6829e-24,0,0.00049676,0.00068061,0.72987,0.015051
2.475,0.75523,0.005,-0.0047115,0.025113,7.1506e-39,0,0.00040273,0.0006212,0.64831,0.014973
2.425,0.80528,0.005,-0.0036613,0.027164,4.6454e-24,0,0.00031293,0.00055928,0.55951,0.014875
2.375,0.85532,0.005,-0.0029823,0.029015,-6.14e-24,0,0.00024034,0.00051474,0.46691,0.014764
2.325,0.90536,0.005,-0.0026116,0.03047,1.7093e-24,0,0.00019075,0.00050363,0.37875,0.014649
2.275,0.9554,0.005,-0.0024902,0.031371,-1.7801e-24,0,0.00016178,0.0005308,0.30478,0.014535
2.225,1.0054,0.005,-0.0025761,0.031647,1.8811e-24,0,0.00014684,0.00058914,0.24924,0.014429
2.175,1.0555,0.005,-0.0028456,0.031351,-1.2918e-37,0,0.00013974,0.00066593,0.20985,0.014336
2.125,1.1055,0.005,-0.0033008,0.030585,6.3943e-25,0,0.0001364,0.00074923,0.18206,0.014257
2.075,1.1556,0.005,-0.0039579,0.02944,2.156e-38,0,0.00013466,0.00083188,0.16187,0.014192
2.025,1.2056,0.005,-0.004828,0.027992,-1.4549e-33,0,0.00013352,0.000908,0.14704,0.014141
1.975,1.2557,0.005,-0.0059161,0.026308,1.0599e-24,0,0.00013254,0.00097448,0.13601,0.014102
1.925,1.3057,0.005,-0.0072236,0.024446,1.1955e-24,0,0.00013159,0.0010301,0.12776,0.014073
1.875,1.3557,0.005,-0.0087491,0.022458,-1.7473e-38,0,0.00013069,0.0010728,0.12182,0.014054
1.825,1.4058,0.005,-0.01049,0.020395,-6.2774e-25,0,0.0001299,0.0011028,0.11779,0.014042
1.775,1.4558,0.005,-0.012433,0.018301,7.3362e-25,0,0.00012933,0.001119,0.11558,0.014036
1.725,1.5059,0.005,-0.014571,0.01622,8.1749e-25,0,0.00012915,0.0011215,0.11516,0.014034
1.675,1.5559,0.005,-0.016895,0.014191,-8.1842e-25,0,0.00012959,0.0011098,0.11677,0.014036
1.625,1.606,0.005,-0.019405,0.012246,-1.0318e-24,0,0.00013103,0.0010835,0.12093,0.01404
1.575,1.656,0.005,-0.022114,0.010416,2.1836e-38,0,0.00013417,0.0010441,0.1285,0.014046
1.525,1.706,0.005,-0.025058,0.0087201,9.6638e-25,0,0.00014011,0.00099775,0.14042,0.014053
1.475,1.7561,0.005,-0.028302,0.0071734,1.9128e-24,0,0.00015046,0.00095504,0.15754,0.01406
1.425,1.8061,0.005,-0.031932,0.005788,1.3601e-24,0,0.00016758,0.00092428,0.18131,0.01407
1.375,1.8562,0.005,-0.036027,0.0045828,8.7693e-25,0,0.00019405,0.00091484,0.21212,0.014083
1.325,1.9062,0.005,-0.040588,0.0035967,-8.1006e-25,0,0.00023156,0.00093168,0.24855,0.014101
1.275,1.9563,0.005,-0.045471,0.0028841,5.6902e-25,0,0.00027983,0.00097148,0.28804,0.014126
1.225,2.0063,0.005,-0.050365,0.0025225,-6.9869e-39,0,0.00033685,0.0010257,0.32842,0.014159
1.175,2.0563,0.005,-0.0548,0.0026043,-1.0356e-24,0,0.00040084,0.0010873,0.36864,0.014201
1.125,2.1064,0.005,-0.058189,0.0031976,5.0254e-25,0,0.00047195,0.0011556,0.40839,0.014252
1.075,2.1564,0.005,-0.059941,0.0043176,-7.1502e-25,0,0.00055184,0.0012346,0.44697,0.014311
1.025,2.2065,0.005,-0.05967,0.0058875,0,0,0.00064001,0.0013261,0.48261,0.014374
0.975,2.2565,0.005,-0.05736,0.0077557,-1.543e-38,0,0.00073091,0.0014236,0.51343,0.01444
0.925,2.3066,0.005,-0.053262,0.0097434,1.2145e-24,0,0.00081585,0.0015121,0.53955,0.014506
0.875,2.3566,0.005,-0.047812,0.011681,2.684e-24,0,0.00088603,0.0015722,0.56358,0.014571
0.825,2.4066,0.005,-0.041459,0.013436,1.2096e-24,0,0.00093513,0.0015867,0.58937,0.014633
0.775,2.4567,0.005,-0.034568,0.014902,2.3091e-24,0,0.00096217,0.0015404,0.62462,0.014693
0.725,2.5067,0.005,-0.027361,0.016003,-7.3698e-25,0,0.0009722,0.0014197,0.68481,0.014754
0.675,2.5568,0.005,-0.019843,0.016639,5.7785e-38,0,0.00097822,0.0012267,0.79744,0.014819
0.625,2.6068,0.005,-0.011586,0.016622,2.6464e-24,0,0.0010114,0.00099581,1.0156,0.014898
0.575,2.6569,0.005,-0.00094638,0.015743,-1.1109e-32,0,0.0011536,0.00078191,1.4753,0.014995
0.525,2.7069,0.005,0.016883,0.013269,-2.0501e-24,0,0.0016492,0.00067713,2.4355,0.015106
0.475,2.7569,0.005,0.056161,0.0090076,1.0087e-24,0,0.0030154,0.00064648,4.1741,0.015297
0.425,2.807,0.005,0.16448,-0.0012324,4.0696e-24,0,0.0051758,0.00049576,6.9248,0.015577
0.375,2.86,0.005,0.43291,-0.005235,4.3817e-24,0,0.00073656,0.00026837,0.57496,0.017074
0.325,2.916,0.005,0.45706,0.00015631,1.222e-24,0,0.00054907,0.0009969,0.55078,0.01672
0.275,2.972,0.005,0.45074,-0.0013616,-1.8311e-24,0,0.0010393,0.00020271,5.1272,0.01748
3.275,0.024,0.005,0.0080252,0.00098756,0,0,2.0021e-05,9.4248e-06,2.1243,0.014734
3.225,0.072,0.005,0.002972,0.0020653,2.8087e-24,0,0.00012355,0.00011475,1.0767,0.014761
3.175,0.12,0.005,-0.0038947,0.0051124,3.1091e-24,0,0.00024747,0.00020304,1.2188,0.014782
3.125,0.168,0.005,-0.01033,0.0092227,-3.4168e-25,0,0.00033191,0.00024774,1.291,0.014794
3.075,0.216,0.005,-0.016159,0.013548,-1.5933e-40,0,0.00039688,0.00026831,1.3153,0.014787
3.025,0.264,0.005,-0.02083,0.017856,-5.8489e-26,0,0.00045008,0.00029699,1.2981,0.014779
2.975,0.312,0.005,-0.024386,0.021648,-4.9541e-26,0,0.0004967,0.00033446,1.2614,0.01478
2.925,0.36,0.005,-0.02627,0.024433,5.5078e-25,0,0.00054015,0.00038054,1.2162,0.014804
2.875,0.408,0.005,-0.026741,0.026164,-1.941e-38,0,0.00058364,0.00043365,1.1694,0.014851
2.825,0.456,0.005,-0.025888,0.026914,-1.1049e-24,0,0.00062838,0.00049368,1.1236,0.014921
2.775,0.50502,0.005,-0.024135,0.027212,1.1971e-24,0,0.00067438,0.00056387,1.079,0.015002
2.725,0.55506,0.005,-0.02167,0.027417,-1.6405e-24,0,0.00071183,0.00064476,1.0302,0.015068
2.675,0.60511,0.005,-0.018736,0.027629,-5.3476e-25,0,0.00072833,0.00073732,0.97413,0.0151
2.625,0.65515,0.005,-0.01576,0.027945,9.1627e-25,0,0.00071021,0.00077912,0.91156,0.015093
2.575,0.70519,0.005,-0.012915,0.028503,-5.7962e-33,0,0.00065694,0.00077878,0.84355,0.015053
2.525,0.75523,0.005,-0.010362,0.029295,-1.6769e-24,0,0.00057504,0.00074692,0.76988,0.014987
2.475,0.80528,0.005,-0.0082402,0.030255,-2.518e-24,0,0.0004775,0.00069167,0.69036,0.0149
2.425,0.85532,0.005,-0.0065827,0.031276,-7.8341e-38,0,0.00037923,0.00062719,0.60465,0.014799
2.375,0.90536,0.005,-0.0053828,0.032221,2.1712e-24,0,0.0002937,0.00057134,0.51405,0.014692
2.325,0.9554,0.005,-0.004602,0.032933,1.2757e-24,0,0.00022936,0.00054115,0.42385,0.014584
2.275,1.0054,0.005,-0.0041844,0.033252,-1.3812e-24,0,0.00018733,0.00054619,0.34298,0.01448
2.225,1.0555,0.005,-0.0040696,0.033084,1.2223e-24,0,0.00016284,0.00058498,0.27836,0.014385
2.175,1.1055,0.005,-0.0042167,0.032438,-8.2483e-25,0,0.00014946,0.0006476,0.23078,0.014303
2.125,1.1556,0.005,-0.0046093,0.031379,0,0,0.00014217,0.00072132,0.1971,0.014236
2.075,1.2056,0.005,-0.0052477,0.029981,8.6735e-25,0,0.00013795,0.00079685,0.17312,0.014182
2.025,1.2557,0.005,-0.0061328,0.028313,1.8831e-24,0,0.00013523,0.00086775,0.15583,0.014141
1.975,1.3057,0.005,-0.0072632,0.026437,-5.5934e-25,0,0.00013325,0.00093008,0.14326,0.014112
1.925,1.3557,0.005,-0.0086366,0.02441,3.4517e-25,0,0.0001317,0.0009814,0.1342,0.014092
1.875,1.4058,0.005,-0.010251,0.022282,6.6612e-25,0,0.00013049,0.0010204,0.12788,0.01408
1.825,1.4558,0.005,-0.012094,0.020105,-6.5051e-26,0,0.00012964,0.0010458,0.12396,0.014075
1.775,1.5059,0.005,-0.014157,0.017923,-1.7751e-26,0,0.00012925,0.0010574,0.12223,0.014074
1.725,1.5559,0.005,-0.016431,0.015779,-9.5705e-25,0,0.00012949,0.0010546,0.12278,0.014076
1.675,1.606,0.005,-0.018914,0.013711,-2.815e-24,0,0.00013071,0.0010376,0.12597,0.01408
1.625,1.656,0.005,-0.021617,0.011751,-9.1746e-25,0,0.00013352,0.0010077,0.1325,0.014086
1.575,1.706,0.005,-0.024573,0.0099235,2.0896e-32,0,0.00013895,0.00097003,0.14324,0.014091
1.525,1.7561,0.005,-0.027845,0.0082469,0,0,0.00014857,0.00093386,0.15909,0.014097
1.475,1.8061,0.005,-0.031518,0.0067346,-8.3026e-25,0,0.00016471,0.00090758,0.18148,0.014104
1.425,1.8562,0.005,-0.035683,0.0054034,-1.8464e-24,0,0.00019012,0.00090059,0.2111,0.014112
1.375,1.9062,0.005,-0.040364,0.0042883,1.2419e-38,0,0.00022687,0.00091878,0.24692,0.014123
1.325,1.9563,0.005,-0.045435,0.0034528,3.7045e-25,0,0.00027515,0.00095997,0.28662,0.014139
1.275,2.0063,0.005,-0.050598,0.0029654,-8.9779e-25,0,0.00033324,0.001016,0.328,0.014161
1.225,2.0563,0.005,-0.055388,0.0029164,-5.6049e-25,0,0.00039926,0.0010793,0.36994,0.014191
1.175,2.1064,0.005,-0.059189,0.0033906,1.8576e-26,0,0.00047339,0.0011488,0.41207,0.014227
1.125,2.1564,0.005,-0.061353,0.0044111,-1.6302e-25,0,0.00055773,0.0012292,0.45372,0.01427
1.075,2.2065,0.005,-0.061405,0.005918,7.6214e-25,0,0.00065262,0.0013236,0.49305,0.014318
1.025,2.2565,0.005,-0.059273,0.0077464,9.2574e-25,0,0.00075261,0.0014258,0.52784,0.014368
0.975,2.3066,0.005,-0.05519,0.0097154,-1.3709e-38,0,0.00084793,0.0015206,0.55762,0.014421
0.925,2.3566,0.005,-0.049604,0.011637,-5.1088e-25,0,0.00092903,0.0015878,0.58509,0.014475
0.875,2.4066,0.005,-0.04299,0.013372,0,0,0.00098877,0.0016076,0.61505,0.014529
0.825,2.4567,0.005,-0.035731,0.014808,7.1291e-25,0,0.0010258,0.0015629,0.65634,0.014585
0.775,2.5067,0.005,-0.028038,0.015862,2.7829e-24,0,0.0010456,0.0014427,0.72478,0.014644
0.725,2.5568,0.005,-0.019848,0.0164,-3.4217e-24,0,0.0010628,0.0012525,0.84855,0.014712
0.675,2.6068,0.005,-0.010632,0.016257,5.8647e-40,0,0.0011142,0.0010289,1.0829,0.014795
0.625,2.6569,0.005,0.0014121,0.015146,2.3388e-38,0,0.0012955,0.00082414,1.572,0.014903
0.575,2.7069,0.005,0.021459,0.012417,-2.0452e-24,0,0.0018587,0.00072854,2.5512,0.015034
0.525,2.7569,0.005,0.063839,0.0078676,2.081e-24,0,0.0033477,0.0006883,4.2782,0.015241
0.475,2.807,0.005,0.17358,-0.0019431,8.3226e-24,0,0.0055432,0.00053154,6.8699,0.015503
0.425,2.86,0.005,0.4302,-0.0055183,4.6684e-24,0,0.00081766,0.00026988,0.69792,0.016798
0.375,2.916,0.005,0.45692,0.00019955,4.7407e-25,0,0.00056192,0.00091937,0.6112,0.016373
0.325,2.972,0.005,0.4497,-0.0015849,2.5783e-24,0,0.0011294,0.00021132,5.3448,0.017158
3.325,0.024,0.005,0.0059314,0.002072,-7.3356e-24,0,3.1277e-05,1.4723e-05,2.1243,0.014722
3.275,0.072,0.005,-0.0021158,0.0034703,6.5205e-24,0,0.00018372,0.00012067,1.5225,0.014759
3.225,0.12,0.005,-0.011842,0.0080855,1.3368e-24,0,0.00031232,0.00018788,1.591,0.014781
3.175,0.168,0.005,-0.020891,0.013936,0,0,0.00039491,0.00020817,1.5974,0.014797
3.125,0.216,0.005,-0.028487,0.019974,1.975e-25,0,0.00045316,0.00022915,1.5509,0.014792
3.075,0.264,0.005,-0.034407,0.02611,-2.4469e-25,0,0.0004985,0.00025931,1.4857,0.01478
3.025,0.312,0.005,-0.038284,0.031249,-6.4176e-25,0,0.00053578,0.00029944,1.411,0.014768
2.975,0.36,0.005,-0.040192,0.035236,6.326e-25,0,0.00056984,0.00034761,1.338,0.014778
2.925,0.408,0.005,-0.040337,0.037806,1.2788e-24,0,0.00060396,0.00040234,1.2709,0.014811
2.875,0.456,0.005,-0.039018,0.039123,1.4665e-24,0,0.00064075,0.00046289,1.2114,0.014869
2.825,0.50502,0.005,-0.036663,0.039606,1.6798e-24,0,0.00068289,0.00053131,1.1585,0.014946
2.775,0.55506,0.005,-0.033423,0.039429,-2.8009e-24,0,0.00072691,0.00060901,1.109,0.01502
2.725,0.60511,0.005,-0.029438,0.038698,-5.6333e-25,0,0.00076476,0.0006988,1.0578,0.015066
2.675,0.65515,0.005,-0.025275,0.037776,8.0886e-25,0,0.00078202,0.00078101,1.0013,0.015071
2.625,0.70519,0.005,-0.021265,0.036924,-5.428e-25,0,0.00076677,0.00081646,0.93913,0.01504
2.575,0.75523,0.005,-0.017555,0.036306,-2.4735e-38,0,0.0007177,0.00082329,0.87175,0.014984
2.525,0.80528,0.005,-0.014283,0.035932,7.5719e-33,0,0.00063941,0.00079986,0.7994,0.014907
2.475,0.85532,0.005,-0.011531,0.035769,3.5949e-25,0,0.00054264,0.00075126,0.72231,0.014817
2.425,0.90536,0.005,-0.0093191,0.035735,-2.9132e-24,0,0.00044074,0.0006886,0.64005,0.014719
2.375,0.9554,0.005,-0.0076442,0.035726,-3.9044e-33,0,0.00034685,0.00062721,0.55301,0.014618
2.325,1.0054,0.005,-0.0064789,0.035618,1.7342e-24,0,0.0002709,0.00058353,0.46425,0.01452
2.275,1.0555,0.005,-0.0057736,0.035269,6.814e-25,0,0.00021685,0.00056959,0.38072,0.014428
2.225,1.1055,0.005,-0.0054634,0.034578,2.0257e-32,0,0.00018239,0.00058848,0.30993,0.014346
2.175,1.1556,0.005,-0.0054953,0.03352,1.0819e-24,0,0.00016189,0.00063424,0.25525,0.014277
2.125,1.2056,0.005,-0.0058367,0.032128,-3.3638e-39,0,0.00014991,0.00069584,0.21544,0.014222
2.075,1.2557,0.005,-0.0064707,0.030451,1.3859e-38,0,0.0001427,0.00076285,0.18706,0.01418
2.025,1.3057,0.005,-0.007387,0.028548,-9.0975e-25,0,0.0001381,0.00082686,0.16701,0.01415
1.975,1.3557,0.005,-0.0085776,0.026471,0,0,0.00013495,0.00088363,0.15272,0.01413
1.925,1.4058,0.005,-0.010039,0.024274,-5.3646e-25,0,0.00013272,0.0009302,0.14268,0.014119
1.875,1.4558,0.005,-0.01176,0.022008,-8.924e-25,0,0.00013119,0.00096443,0.13603,0.014114
1.825,1.5059,0.005,-0.013727,0.019721,4.5705e-26,0,0.00013032,0.00098541,0.13225,0.014115
1.775,1.5559,0.005,-0.015933,0.017457,0,0,0.0001302,0.00099239,0.1312,0.014118
1.725,1.606,0.005,-0.018374,0.015258,-1.1024e-24,0,0.00013109,0.00098525,0.13305,0.014123
1.675,1.656,0.005,-0.021059,0.013159,-1.1352e-24,0,0.00013351,0.00096542,0.1383,0.014129
1.625,1.706,0.005,-0.024016,0.011191,1.1414e-24,0,0.00013841,0.00093735,0.14766,0.014135
1.575,1.7561,0.005,-0.027306,0.0093735,2.2391e-24,0,0.00014727,0.00090883,0.16204,0.014139
1.525,1.8061,0.005,-0.031014,0.0077231,-1.7367e-38,0,0.00016237,0.00088808,0.18283,0.014144
1.475,1.8562,0.005,-0.035238,0.0062554,-2.9693e-24,0,0.00018655,0.00088445,0.21093,0.014148
1.425,1.9062,0.005,-0.04002,0.0049994,-2.3736e-24,0,0.00022227,0.00090455,0.24572,0.014154
1.375,1.9563,0.005,-0.045263,0.004016,-7.5666e-25,0,0.00027023,0.00094741,0.28523,0.014162
1.325,2.0063,0.005,-0.050678,0.0033919,-6.9568e-25,0,0.00032906,0.0010054,0.3273,0.014174
1.275,2.0563,0.005,-0.055809,0.0031974,-1.0355e-24,0,0.00039696,0.0010707,0.37076,0.014192
1.225,2.1064,0.005,-0.060021,0.0035326,-1.06e-25,0,0.00047405,0.0011416,0.41523,0.014214
1.175,2.1564,0.005,-0.062605,0.0044353,1.0811e-25,0,0.00056295,0.0012237,0.46004,0.014241
1.125,2.2065,0.005,-0.063003,0.0058653,-3.5738e-33,0,0.00066487,0.0013213,0.5032,0.014273
1.075,2.2565,0.005,-0.061064,0.0076449,-7.6423e-25,0,0.00077473,0.0014289,0.54217,0.014307
1.025,2.3066,0.005,-0.057006,0.0095921,-4.2346e-25,0,0.00088172,0.0015305,0.5761,0.014345
0.975,2.3566,0.005,-0.051285,0.011499,-1.6801e-24,0,0.00097494,0.001605,0.60743,0.014386
0.925,2.4066,0.005,-0.044401,0.013215,-1.3129e-32,0,0.0010468,0.0016306,0.64196,0.01443
0.875,2.4567,0.005,-0.036751,0.014619,7.1746e-25,0,0.0010951,0.0015894,0.68899,0.014478
0.825,2.5067,0.005,-0.028549,0.015607,-1.3762e-24,0,0.0011258,0.0014709,0.76535,0.014534
0.775,2.5568,0.005,-0.019674,0.01607,-9.8594e-25,0,0.0011558,0.0012856,0.89903,0.014604
0.725,2.6068,0.005,-0.0094587,0.015822,-4.6376e-24,0,0.0012272,0.0010678,1.1494,0.014693
0.675,2.6569,0.005,0.0040573,0.014495,1.0776e-24,0,0.0014473,0.00087222,1.6593,0.014807
0.625,2.7069,0.005,0.026223,0.011562,0,0,0.0020756,0.00078427,2.6466,0.014956
0.575,2.7569,0.005,0.071336,0.0068491,5.9441e-32,0,0.0036503,0.00072587,4.346,0.015181
0.525,2.807,0.005,0.18191,-0.0025428,3.6685e-24,0,0.0058403,0.00056429,6.7874,0.015428
0.475,2.86,0.005,0.42745,-0.0057058,-3.9217e-24,0,0.00090938,0.00027518,0.83092,0.016574
0.425,2.916,0.005,0.45659,0.00023159,7.0618e-25,0,0.00057629,0.00085792,0.67173,0.016127
0.375,2.972,0.005,0.44862,-0.0018175,1.8017e-24,0,0.0012173,0.00021938,5.5488,0.016833
3.375,0.024,0.005,0.0019317,0.0022307,-6.3569e-40,0,5.2026e-05,2.4491e-05,2.1243,0.0147
3.325,0.072,0.005,-0.0097517,0.0062358,-2.6425e-25,0,0.00025348,0.00013067,1.9399,0.014762
3.275,0.12,0.005,-0.023834,0.012673,-1.5005e-25,0,0.00036464,0.00016329,1.9068,0.014779
3.225,0.168,0.005,-0.035792,0.021092,7.5275e-25,0,0.00043284,0.00018383,1.8117,0.014786
3.175,0.216,0.005,-0.045028,0.02925,2.8378e-24,0,0.00047881,0.00021102,1.6977,0.014772
3.125,0.264,0.005,-0.051421,0.036764,-8.1146e-25,0,0.0005139,0.00024695,1.5859,0.01474
3.075,0.312,0.005,-0.054999,0.042703,-2.2409e-24,0,0.00054287,0.00029381,1.4834,0.014718
3.025,0.36,0.005,-0.056286,0.047195,1.8959e-24,0,0.00056946,0.00034713,1.3936,0.014708
2.975,0.408,0.005,-0.055656,0.050315,1.9626e-24,0,0.00059646,0.00040545,1.3168,0.01473
2.925,0.456,0.005,-0.053535,0.052103,2.1302e-24,0,0.00062599,0.00046607,1.252,0.014776
2.875,0.50502,0.005,-0.050412,0.05295,1.9487e-24,0,0.00066086,0.00053133,1.1959,0.014847
2.825,0.55506,0.005,-0.04641,0.052915,2.2501e-24,0,0.00070209,0.00060277,1.1483,0.014925
2.775,0.60511,0.005,-0.041601,0.051941,-3.1064e-24,0,0.00074728,0.00067623,1.1051,0.014988
2.725,0.65515,0.005,-0.036335,0.050245,-1.2606e-38,0,0.00078739,0.00074246,1.0605,0.015013
2.675,0.70519,0.005,-0.031108,0.048205,4.1764e-25,0,0.00080935,0.00080128,1.0101,0.015
2.625,0.75523,0.005,-0.026194,0.04619,-8.6102e-25,0,0.00080187,0.00084166,0.95273,0.014958
2.575,0.80528,0.005,-0.02173,0.044366,1.8447e-24,0,0.00076098,0.00085575,0.88926,0.014894
2.525,0.85532,0.005,-0.017819,0.042814,2.2114e-24,0,0.00068979,0.00084116,0.82004,0.014815
2.475,0.90536,0.005,-0.01451,0.041518,2.046e-24,0,0.00059723,0.00080054,0.74603,0.014727
2.425,0.9554,0.005,-0.011816,0.040422,1.8566e-24,0,0.00049549,0.00074238,0.66743,0.014636
2.375,1.0054,0.005,-0.0097292,0.039445,-2.1157e-24,0,0.00039719,0.00067968,0.58438,0.014545
2.325,1.0555,0.005,-0.0082249,0.038479,2.7195e-24,0,0.00031299,0.00062756,0.49875,0.014459
2.275,1.1055,0.005,-0.0072589,0.037405,-1.9385e-24,0,0.00024889,0.00059894,0.41555,0.014381
2.225,1.1556,0.005,-0.0067704,0.036128,3.5156e-38,0,0.00020496,0.00059996,0.34162,0.014314
2.175,1.2056,0.005,-0.0067001,0.034604,-3.7312e-25,0,0.00017702,0.00062836,0.28172,0.014258
2.125,1.2557,0.005,-0.0070029,0.032836,-3.3108e-38,0,0.00015983,0.00067573,0.23653,0.014216
2.075,1.3057,0.005,-0.0076473,0.030854,4.3074e-26,0,0.00014918,0.00073197,0.20381,0.014186
2.025,1.3557,0.005,-0.0086113,0.028698,-1.796e-24,0,0.00014237,0.00078822,0.18063,0.014167
1.975,1.4058,0.005,-0.0098853,0.026413,-7.5403e-25,0,0.00013788,0.0008384,0.16445,0.014157
1.925,1.4558,0.005,-0.011453,0.024044,-3.6285e-27,0,0.00013489,0.00087916,0.15343,0.014154
1.875,1.5059,0.005,-0.0133,0.02164,-1.0497e-24,0,0.00013303,0.00090833,0.14645,0.014156
1.825,1.5559,0.005,-0.015416,0.019247,-1.0009e-24,0,0.00013221,0.0009245,0.143,0.014161
1.775,1.606,0.005,-0.017797,0.016908,8.8255e-25,0,0.00013255,0.00092734,0.14293,0.014168
1.725,1.656,0.005,-0.020448,0.014662,1.249e-24,0,0.00013444,0.00091809,0.14644,0.014175
1.675,1.706,0.005,-0.023396,0.012542,1.2841e-25,0,0.00013871,0.0009002,0.15409,0.014181
1.625,1.7561,0.005,-0.026694,0.010572,0,0,0.00014675,0.00088017,0.16673,0.014186
1.575,1.8061,0.005,-0.030428,0.0087721,-4.1841e-39,0,0.00016073,0.00086583,0.18564,0.014189
1.525,1.8562,0.005,-0.034698,0.0071563,-1.0786e-24,0,0.00018355,0.0008664,0.21185,0.014191
1.475,1.9062,0.005,-0.039563,0.0057499,8.0606e-38,0,0.00021794,0.00088898,0.24516,0.014193
1.425,1.9563,0.005,-0.044955,0.0046038,8.1051e-25,0,0.00026517,0.00093377,0.28398,0.014195
1.375,2.0063,0.005,-0.050606,0.0038096,6.3845e-25,0,0.00032437,0.00099391,0.32636,0.014199
1.325,2.0563,0.005,-0.05606,0.0034612,-1.2011e-25,0,0.00039386,0.0010613,0.3711,0.014205
1.275,2.1064,0.005,-0.060676,0.0036394,-1.0097e-25,0,0.00047381,0.001134,0.41781,0.014214
1.225,2.1564,0.005,-0.063691,0.0043997,-1.3486e-25,0,0.00056724,0.0012178,0.46581,0.014226
1.175,2.2065,0.005,-0.064456,0.0057358,-4.3062e-25,0,0.00067647,0.0013187,0.51297,0.014241
1.125,2.2565,0.005,-0.062728,0.0074538,2.4902e-25,0,0.0007969,0.0014324,0.55634,0.014258
1.075,2.3066,0.005,-0.058708,0.0093736,-4.7934e-25,0,0.00091674,0.0015417,0.59462,0.014278
1.025,2.3566,0.005,-0.052855,0.011265,-5.9677e-25,0,0.0010234,0.001624,0.63019,0.014305
0.975,2.4066,0.005,-0.045695,0.012964,0,0,0.0011087,0.0016564,0.66934,0.014337
0.925,2.4567,0.005,-0.037638,0.014338,7.1664e-25,0,0.0011698,0.0016196,0.72228,0.014377
0.875,2.5067,0.005,-0.028886,0.01527,-6.5608e-25,0,0.0012128,0.0015052,0.80575,0.014428
0.825,2.5568,0.005,-0.019297,0.015648,-4.1452e-25,0,0.0012572,0.001325,0.94885,0.014496
0.775,2.6068,0.005,-0.0080917,0.015301,-9.4503e-26,0,0.0013504,0.0011121,1.2143,0.01459
0.725,2.6569,0.005,0.0069263,0.013815,-2.5514e-24,0,0.0016095,0.00092506,1.7399,0.01471
0.675,2.7069,0.005,0.031099,0.01072,-1.0486e-37,0,0.0022973,0.00084282,2.7257,0.014872
0.625,2.7569,0.005,0.07861,0.0059329,4.9181e-38,0,0.0039287,0.00076106,4.3878,0.015114
0.575,2.807,0.005,0.18954,-0.0030251,3.9314e-25,0,0.0060767,0.00059432,6.6802,0.015351
0.525,2.86,0.005,0.4247,-0.0057494,1.3742e-24,0,0.0010115,0.0002842,0.97445,0.016364
0.475,2.916,0.005,0.45613,0.00025209,-1.9344e-38,0,0.00059218,0.00080856,0.73239,0.015951
0.425,2.972,0.005,0.44746,-0.0020334,0,0,0.0013025,0.00022693,5.7397,0.016562
3.425,0.024,0.005,-0.0048487,0.0026609,1.014e-23,0,0.00010682,5.0285e-05,2.1243,0.014642
3.375,0.072,0.005,-0.021837,0.01006,4.5788e-25,0,0.00031367,0.00013148,2.247,0.01475
3.325,0.12,0.005,-0.039418,0.018881,-6.3099e-25,0,0.00039865,0.00015212,2.0996,0.014771
3.275,0.168,0.005,-0.053348,0.029573,9.8933e-24,0,0.00044877,0.00017777,1.9178,0.014731
3.225,0.216,0.005,-0.062676,0.038775,3.6406e-24,0,0.00048147,0.00021475,1.7465,0.014692
3.175,0.264,0.005,-0.068388,0.046444,-2.4204e-24,0,0.00050666,0.00026176,1.6025,0.014633
3.125,0.312,0.005,-0.070914,0.052628,2.4917e-24,0,0.00052845,0.00031802,1.4844,0.014596
3.075,0.36,0.005,-0.07124,0.057486,3.9053e-38,0,0.00054888,0.0003779,1.3885,0.014575
3.025,0.408,0.005,-0.069872,0.061098,-2.6978e-24,0,0.00056999,0.00043494,1.3105,0.014581
2.975,0.456,0.005,-0.06718,0.063545,-2.3948e-24,0,0.00059262,0.00047527,1.2469,0.014618
2.925,0.50502,0.005,-0.063564,0.065106,-2.1473e-24,0,0.00061939,0.00051939,1.1925,0.01468
2.875,0.55506,0.005,-0.059106,0.065722,5.1057e-24,0,0.00065273,0.00056826,1.1487,0.014758
2.825,0.60511,0.005,-0.053851,0.065253,3.0091e-24,0,0.00069406,0.00062384,1.1126,0.014835
2.775,0.65515,0.005,-0.048069,0.063801,-2.6214e-24,0,0.00074108,0.00068615,1.0801,0.01489
2.725,0.70519,0.005,-0.042031,0.061495,-2.0096e-24,0,0.00078572,0.00075143,1.0456,0.014906
2.675,0.75523,0.005,-0.036032,0.058541,-6.6892e-38,0,0.0008155,0.0008116,1.0048,0.014889
2.625,0.80528,0.005,-0.030385,0.055412,-1.2129e-24,0,0.00081848,0.00085696,0.9551,0.014849
2.575,0.85532,0.005,-0.025315,0.052449,-2.7904e-38,0,0.00078848,0.00087841,0.89763,0.014787
2.525,0.90536,0.005,-0.020881,0.049751,1.8894e-24,0,0.00072695,0.0008727,0.83299,0.014713
2.475,0.9554,0.005,-0.017117,0.047354,3.5859e-33,0,0.00064127,0.0008406,0.76287,0.014633
2.425,1.0054,0.005,-0.014031,0.045225,1.7765e-24,0,0.00054259,0.00078854,0.6881,0.014553
2.375,1.0555,0.005,-0.011608,0.043289,1.4499e-24,0,0.00044309,0.00072744,0.60911,0.014476
2.325,1.1055,0.005,-0.0098238,0.041456,-7.8799e-25,0,0.00035375,0.00067091,0.52727,0.014405
2.275,1.1556,0.005,-0.00864,0.03963,-5.8501e-25,0,0.00028193,0.00063181,0.44622,0.014343
2.225,1.2056,0.005,-0.0080017,0.037725,4.7401e-25,0,0.00022971,0.00061809,0.37164,0.01429
2.175,1.2557,0.005,-0.007849,0.035689,1.6352e-38,0,0.00019457,0.00063038,0.30866,0.014249
2.125,1.3057,0.005,-0.0081297,0.03351,2.5134e-25,0,0.00017196,0.00066296,0.25938,0.01422
2.075,1.3557,0.005,-0.0088006,0.031196,8.8402e-25,0,0.00015756,0.00070701,0.22285,0.014202
2.025,1.4058,0.005,-0.0098357,0.028772,-1.7086e-24,0,0.00014829,0.00075381,0.19672,0.014193
1.975,1.4558,0.005,-0.01121,0.026268,9.4562e-25,0,0.00014227,0.00079669,0.17858,0.014192
1.925,1.5059,0.005,-0.012904,0.023724,3.2905e-24,0,0.00013844,0.00083136,0.16652,0.014197
1.875,1.5559,0.005,-0.014905,0.021185,3.9213e-39,0,0.00013627,0.00085506,0.15937,0.014205
1.825,1.606,0.005,-0.017203,0.018692,-2.4497e-24,0,0.00013564,0.00086694,0.15645,0.014214
1.775,1.656,0.005,-0.019802,0.016285,-1.3815e-24,0,0.00013673,0.00086763,0.1576,0.014224
1.725,1.706,0.005,-0.022725,0.014001,0,0,0.00014021,0.00085979,0.16307,0.014232
1.675,1.7561,0.005,-0.02602,0.011867,1.0353e-25,0,0.0001473,0.00084857,0.17358,0.014237
1.625,1.8061,0.005,-0.029769,0.0099039,-1.2571e-24,0,0.00016006,0.0008412,0.19027,0.01424
1.575,1.8562,0.005,-0.034073,0.0081272,-2.3841e-24,0,0.00018134,0.00084661,0.21419,0.014241
1.525,1.9062,0.005,-0.039004,0.0065583,1.1037e-24,0,0.00021411,0.00087215,0.24549,0.01424
1.475,1.9563,0.005,-0.044517,0.0052407,2.73e-24,0,0.00026017,0.00091909,0.28307,0.014237
1.425,2.0063,0.005,-0.05038,0.0042542,2.1599e-24,0,0.00031925,0.00098151,0.32527,0.014234
1.375,2.0563,0.005,-0.056137,0.0037214,1.1186e-24,0,0.00038999,0.0010513,0.37095,0.01423
1.325,2.1064,0.005,-0.061151,0.0037247,2.4282e-25,0,0.00047255,0.0011259,0.41972,0.014227
1.275,2.1564,0.005,-0.064602,0.0043195,1.5834e-25,0,0.00057043,0.0012113,0.47092,0.014224
1.225,2.2065,0.005,-0.065755,0.005539,-3.0343e-25,0,0.00068707,0.0013156,0.52225,0.014223
1.175,2.2565,0.005,-0.064261,0.0071785,3.9148e-25,0,0.00081873,0.0014358,0.57024,0.014221
1.125,2.3066,0.005,-0.060295,0.0090624,1.1511e-24,0,0.00095261,0.0015538,0.61309,0.014224
1.075,2.3566,0.005,-0.054314,0.010935,1.9233e-25,0,0.0010743,0.0016451,0.65301,0.014234
1.025,2.4066,0.005,-0.046873,0.012619,0,0,0.0011741,0.0016853,0.69669,0.014253
0.975,2.4567,0.005,-0.038399,0.013968,-1.9582e-24,0,0.0012494,0.0016546,0.75513,0.014283
0.925,2.5067,0.005,-0.029082,0.014853,-2.9537e-24,0,0.0013065,0.0015453,0.84547,0.014327
0.875,2.5568,0.005,-0.018748,0.015146,3.2231e-24,0,0.0013668,0.0013696,0.99797,0.014393
0.825,2.6068,0.005,-0.0065282,0.014684,2.2002e-24,0,0.0014831,0.0011615,1.2769,0.014488
0.775,2.6569,0.005,0.0099538,0.013106,-2.3397e-24,0,0.0017812,0.00098185,1.8141,0.014612
0.725,2.7069,0.005,0.036024,0.0099126,-1.9092e-24,0,0.0025223,0.00090358,2.7915,0.014784
0.675,2.7569,0.005,0.085628,0.0051027,-2.6243e-24,0,0.0041863,0.00079488,4.4104,0.015041
0.625,2.807,0.005,0.19654,-0.0034154,-2.2485e-24,0,0.0062669,0.00062287,6.5661,0.015273
0.575,2.86,0.005,0.42195,-0.0057441,1.2416e-24,0,0.0011249,0.00029565,1.1398,0.016172
0.525,2.916,0.005,0.45558,0.00025279,4.1866e-25,0,0.00060964,0.00076855,0.79323,0.015813
0.475,2.972,0.005,0.44623,-0.0022202,5.6623e-25,0,0.0013846,0.00023398,5.9179,0.016343
3.475,0.024,0.005,-0.01349,0.0045444,0,0,0.00016646,7.8362e-05,2.1243,0.014536
3.425,0.072,0.005,-0.037045,0.014161,1.6795e-24,0,0.00035207,0.00012548,2.4239,0.014701
3.375,0.12,0.005,-0.056503,0.025512,-1.5956e-24,0,0.00041893,0.00015337,2.1852,0.01472
3.325,0.168,0.005,-0.070325,0.036539,-4.9398e-24,0,0.00045386,0.00018742,1.9378,0.014612
3.275,0.216,0.005,-0.078517,0.045706,6.3487e-24,0,0.0004765,0.00023666,1.7316,0.014539
3.225,0.264,0.005,-0.082833,0.053385,-4.6489e-24,0,0.0004943,0.00029478,1.57,0.014464
3.175,0.312,0.005,-0.084465,0.059808,-1.0926e-37,0,0.00051005,0.00035305,1.4447,0.014407
3.125,0.36,0.005,-0.084099,0.065154,1.4825e-23,0,0.00052433,0.00038924,1.3471,0.014369
3.075,0.408,0.005,-0.082235,0.069448,3.4383e-24,0,0.00053941,0.0004246,1.2704,0.014356
3.025,0.456,0.005,-0.079204,0.07269,-6.714e-24,0,0.00055646,0.00045997,1.2098,0.014375
2.975,0.50502,0.005,-0.07533,0.075139,-3.9815e-24,0,0.000576,0.00049721,1.1585,0.014425
2.925,0.55506,0.005,-0.07068,0.076687,-4.0523e-24,0,0.00060041,0.00053679,1.1185,0.0145
2.875,0.60511,0.005,-0.065267,0.077154,-5.5284e-24,0,0.00063212,0.00058103,1.0879,0.014586
2.825,0.65515,0.005,-0.059266,0.07652,-1.1516e-38,0,0.00067251,0.0006321,1.0639,0.014667
2.775,0.70519,0.005,-0.052902,0.074794,-6.3124e-25,0,0.0007201,0.00069063,1.0427,0.014725
2.725,0.75523,0.005,-0.04638,0.072024,-2.631e-38,0,0.00076845,0.00075396,1.0192,0.014752
2.675,0.80528,0.005,-0.039928,0.068428,6.9605e-38,0,0.00080612,0.00081516,0.98891,0.014746
2.625,0.85532,0.005,-0.033795,0.064385,-2.1501e-24,0,0.00082026,0.00086465,0.94866,0.014715
2.575,0.90536,0.005,-0.028253,0.060357,-4.3445e-24,0,0.00080257,0.00089359,0.89815,0.014666
2.525,0.9554,0.005,-0.023422,0.056587,-7.1107e-24,0,0.0007523,0.0008962,0.83943,0.014604
2.475,1.0054,0.005,-0.019312,0.053145,-2.7041e-24,0,0.00067537,0.00087273,0.77386,0.014539
2.425,1.0555,0.005,-0.015927,0.050021,-2.8625e-38,0,0.00058191,0.00082766,0.70308,0.014475
2.375,1.1055,0.005,-0.013252,0.047159,1.183e-24,0,0.00048371,0.00077006,0.62814,0.014414
2.325,1.1556,0.005,-0.011261,0.04448,3.4827e-38,0,0.00039186,0.0007121,0.55029,0.01436
2.275,1.2056,0.005,-0.0099144,0.0419,-9.6248e-25,0,0.00031463,0.00066614,0.47233,0.014314
2.225,1.2557,0.005,-0.0091658,0.039346,-9.8553e-39,0,0.00025567,0.00064102,0.39885,0.014277
2.175,1.3057,0.005,-0.0089597,0.036771,-4.0775e-25,0,0.00021404,0.00063945,0.33473,0.014251
2.125,1.3557,0.005,-0.0092406,0.034152,2.7668e-25,0,0.00018614,0.00065803,0.28288,0.014235
2.075,1.4058,0.005,-0.0099628,0.031486,2.5048e-24,0,0.00016789,0.00068956,0.24347,0.014229
2.025,1.4558,0.005,-0.011087,0.028777,1.8995e-24,0,0.00015602,0.00072604,0.21489,0.01423
1.975,1.5059,0.005,-0.012584,0.026047,2.3852e-25,0,0.00014837,0.00076072,0.19503,0.014238
1.925,1.5559,0.005,-0.014432,0.023328,1.0897e-24,0,0.00014366,0.0007889,0.1821,0.014249
1.875,1.606,0.005,-0.016619,0.020655,1.587e-38,0,0.00014126,0.00080786,0.17485,0.014261
1.825,1.656,0.005,-0.019144,0.018068,-1.5337e-24,0,0.00014104,0.00081706,0.17262,0.014274
1.775,1.706,0.005,-0.022023,0.015602,1.5457e-24,0,0.00014339,0.00081817,0.17525,0.014285
1.725,1.7561,0.005,-0.025299,0.013287,1.517e-24,0,0.00014931,0.00081531,0.18314,0.014292
1.675,1.8061,0.005,-0.02905,0.011146,0,0,0.00016068,0.00081503,0.19715,0.014297
1.625,1.8562,0.005,-0.033374,0.0091937,-1.3326e-24,0,0.00018022,0.00082556,0.2183,0.014297
1.575,1.9062,0.005,-0.038352,0.007448,-1.1801e-24,0,0.00021106,0.00085432,0.24705,0.014294
1.525,1.9563,0.005,-0.043961,0.0059459,-1.5121e-25,0,0.0002555,0.00090354,0.28277,0.014288
1.475,2.0063,0.005,-0.05,0.0047582,7.8118e-25,0,0.00031391,0.0009683,0.32419,0.01428
1.425,2.0563,0.005,-0.056043,0.0039965,6.9466e-39,0,0.00038538,0.0010406,0.37035,0.014269
1.375,2.1064,0.005,-0.061435,0.0037994,3.9505e-26,0,0.00047026,0.0011171,0.42094,0.014254
1.325,2.1564,0.005,-0.065335,0.0042076,-2.9279e-25,0,0.00057232,0.0012042,0.47526,0.014235
1.275,2.2065,0.005,-0.066893,0.0052913,-4.8965e-26,0,0.00069638,0.0013117,0.53088,0.01422
1.225,2.2565,0.005,-0.065657,0.006826,-3.5367e-25,0,0.0008398,0.0014386,0.58377,0.0142
1.175,2.3066,0.005,-0.061765,0.0086635,-1.0028e-24,0,0.00098889,0.0015662,0.63141,0.014183
1.125,2.3566,0.005,-0.055666,0.010513,6.5128e-25,0,0.0011271,0.0016677,0.67582,0.014176
1.075,2.4066,0.005,-0.047942,0.012181,1.5976e-24,0,0.0012432,0.0017171,0.72399,0.014179
1.025,2.4567,0.005,-0.039041,0.013508,1.0926e-24,0,0.001334,0.0016936,0.78766,0.014196
0.975,2.5067,0.005,-0.029145,0.014359,-1.3414e-24,0,0.0014067,0.0015899,0.88476,0.014232
0.925,2.5568,0.005,-0.018044,0.014584,1.6534e-24,0,0.0014844,0.0014189,1.0461,0.014294
0.875,2.6068,0.005,-0.0047985,0.014007,1.6766e-24,0,0.0016241,0.0012154,1.3363,0.01439
0.825,2.6569,0.005,0.013095,0.012357,1.3257e-24,0,0.0019603,0.0010417,1.8818,0.014519
0.775,2.7069,0.005,0.040944,0.0091461,-1.8044e-24,0,0.002749,0.00096596,2.8458,0.014694
0.725,2.7569,0.005,0.092371,0.0043528,-1.2892e-24,0,0.0044261,0.00082785,4.4186,0.014962
0.675,2.807,0.005,0.20296,-0.003739,-2.6274e-24,0,0.00642,0.00065039,6.4517,0.01519
0.625,2.86,0.005,0.41922,-0.0057103,1.0968e-25,0,0.0012473,0.00030853,1.3258,0.015997
0.575,2.916,0.005,0.45496,0.0002375,6.524e-25,0,0.0006289,0.0007358,0.85472,0.015692
0.525,2.972,0.005,0.44497,-0.0023744,1.1004e-24,0,0.0014634,0.00024054,6.0838,0.016155
3.525,0.024,0.005,-0.024722,0.0065544,-1.3554e-23,0,0.00022527,6.3313e-05,2.7819,0.014396
3.475,0.072,0.005,-0.053287,0.017773,-1.1316e-23,0,0.00037998,0.00012639,2.5295,0.014588
3.425,0.12,0.005,-0.072529,0.0302,-1.1561e-23,0,0.00043174,0.00016272,2.2009,0.014577
3.375,0.168,0.005,-0.084957,0.041054,9.2037e-24,0,0.00045673,0.0002094,1.9079,0.014443
3.325,0.216,0.005,-0.091859,0.05009,7.1543e-38,0,0.00047317,0.000269,1.6817,0.014324
3.275,0.264,0.005,-0.095107,0.057851,-1.9281e-24,0,0.00048615,0.00032155,1.5119,0.014232
3.225,0.312,0.005,-0.095889,0.064602,-3.7934e-24,0,0.00049745,0.00035954,1.3836,0.014143
3.175,0.36,0.005,-0.094932,0.070392,1.1563e-24,0,0.00050827,0.00039531,1.2857,0.014079
3.125,0.408,0.005,-0.092668,0.075299,8.2135e-24,0,0.00051876,0.0004285,1.2107,0.014045
3.075,0.456,0.005,-0.089376,0.079303,-7.0247e-38,0,0.00053008,0.00045982,1.1528,0.014047
3.025,0.50502,0.005,-0.085327,0.082578,-4.3583e-24,0,0.00054312,0.0004917,1.1046,0.014082
2.975,0.55506,0.005,-0.080592,0.085062,0,0,0.000559,0.00052338,1.0681,0.01415
2.925,0.60511,0.005,-0.075192,0.086585,-4.7551e-24,0,0.00057995,0.00055691,1.0414,0.014242
2.875,0.65515,0.005,-0.069234,0.087072,4.5932e-24,0,0.00060832,0.00059486,1.0226,0.014345
2.825,0.70519,0.005,-0.062846,0.086443,7.3881e-24,0,0.00064589,0.00063978,1.0095,0.01444
2.775,0.75523,0.005,-0.056185,0.084624,6.7039e-24,0,0.0006922,0.00069307,0.99875,0.014514
2.725,0.80528,0.005,-0.049426,0.081616,5.8869e-24,0,0.00074245,0.00075316,0.98578,0.01456
2.675,0.85532,0.005,-0.042751,0.077584,9.5934e-26,0,0.00078641,0.00081422,0.96584,0.014576
2.625,0.90536,0.005,-0.036372,0.072873,-1.7807e-24,0,0.00081096,0.00086708,0.93528,0.014564
2.575,0.9554,0.005,-0.030535,0.06794,-3.4759e-24,0,0.00080575,0.00090248,0.89281,0.014535
2.525,1.0054,0.005,-0.025426,0.063191,2.3323e-24,0,0.00076753,0.0009132,0.84048,0.014494
2.475,1.0555,0.005,-0.021081,0.058773,-7.1518e-25,0,0.0007005,0.00089827,0.77984,0.014448
2.425,1.1055,0.005,-0.017494,0.054711,-1.2012e-24,0,0.0006138,0.00086056,0.71326,0.014403
2.375,1.1556,0.005,-0.014651,0.050968,0,0,0.00051875,0.00080761,0.64232,0.014361
2.325,1.2056,0.005,-0.012525,0.047475,6.7044e-26,0,0.00042652,0.00075033,0.56844,0.014326
2.275,1.2557,0.005,-0.011079,0.044159,7.2791e-39,0,0.00034597,0.00070039,0.49396,0.014297
2.225,1.3057,0.005,-0.010271,0.04096,-9.7375e-39,0,0.00028191,0.00066697,0.42268,0.014277
2.175,1.3557,0.005,-0.01005,0.037835,-6.8325e-25,0,0.00023481,0.00065415,0.35896,0.014265
2.125,1.4058,0.005,-0.010364,0.034763,-8.5148e-25,0,0.00020209,0.00066038,0.30602,0.014262
2.075,1.4558,0.005,-0.011161,0.031727,9.2416e-25,0,0.00018011,0.00068009,0.26483,0.014267
2.025,1.5059,0.005,-0.0124,0.028724,3.3645e-25,0,0.00016564,0.00070628,0.23452,0.014278
1.975,1.5559,0.005,-0.014049,0.025763,0,0,0.00015635,0.00073259,0.21342,0.014293
1.925,1.606,0.005,-0.016086,0.022868,-4.2174e-25,0,0.00015082,0.00075444,0.19992,0.014309
1.875,1.656,0.005,-0.018505,0.020067,0,0,0.00014838,0.00076947,0.19284,0.014326
1.825,1.706,0.005,-0.021315,0.017393,1.7243e-24,0,0.000149,0.00077784,0.19156,0.01434
1.775,1.7561,0.005,-0.024554,0.014874,3.1796e-24,0,0.00015337,0.0007824,0.19602,0.014351
1.725,1.8061,0.005,-0.02829,0.012534,1.6241e-24,0,0.00016305,0.00078865,0.20674,0.014358
1.675,1.8562,0.005,-0.032617,0.010387,-1.5026e-24,0,0.00018058,0.00080409,0.22458,0.014359
1.625,1.9062,0.005,-0.03762,0.0084472,2.4428e-38,0,0.00020914,0.000836,0.25017,0.014356
1.575,1.9563,0.005,-0.043298,0.006744,1.1323e-24,0,0.00025147,0.00088742,0.28337,0.014349
1.525,2.0063,0.005,-0.049479,0.0053414,0,0,0.00030861,0.00095447,0.32333,0.014337
1.475,2.0563,0.005,-0.055771,0.0043406,-1.0016e-24,0,0.00038022,0.0010293,0.36941,0.01432
1.425,2.1064,0.005,-0.061517,0.0038893,-1.7879e-25,0,0.00046691,0.0011079,0.42143,0.014295
1.375,2.1564,0.005,-0.065872,0.0040751,-1.1255e-24,0,0.00057283,0.0011965,0.47873,0.014262
1.325,2.2065,0.005,-0.067864,0.0050094,-3.3911e-25,0,0.00070405,0.0013069,0.53872,0.01423
1.275,2.2565,0.005,-0.066906,0.0064056,4.1645e-25,0,0.00085968,0.0014405,0.5968,0.014195
1.225,2.3066,0.005,-0.063117,0.0081831,-4.2517e-25,0,0.001025,0.0015783,0.64948,0.014158
1.175,2.3566,0.005,-0.056911,0.010004,-1.866e-24,0,0.0011814,0.0016913,0.69853,0.014132
1.125,2.4066,0.005,-0.048905,0.011655,-7.4696e-25,0,0.0013155,0.0017512,0.75118,0.014117
1.075,2.4567,0.005,-0.039573,0.012963,-7.1615e-25,0,0.0014234,0.0017361,0.81989,0.01412
1.025,2.5067,0.005,-0.029091,0.013787,-5.3159e-39,0,0.0015132,0.0016385,0.92349,0.014146
0.975,2.5568,0.005,-0.017212,0.013965,-1.0657e-24,0,0.0016098,0.0014724,1.0933,0.014202
0.925,2.6068,0.005,-0.0029369,0.013303,1.9459e-24,0,0.001773,0.0012733,1.3924,0.014296
0.875,2.6569,0.005,0.016271,0.011594,3.768e-24,0,0.0021425,0.0011036,1.9413,0.01443
0.825,2.7069,0.005,0.045809,0.0083563,1.6649e-24,0,0.0029748,0.001029,2.891,0.014604
0.775,2.7569,0.005,0.098852,0.0036804,-3.701e-24,0,0.0046513,0.00086066,4.4171,0.014876
0.725,2.807,0.005,0.20886,-0.0040155,1.7125e-24,0,0.0065428,0.00067701,6.3399,0.015104
0.675,2.86,0.005,0.41653,-0.0056589,-2.1141e-24,0,0.0013772,0.00032244,1.5312,0.015834
0.625,2.916,0.005,0.4543,0.00021058,0,0,0.00064989,0.00070875,0.91695,0.015582
0.575,2.972,0.005,0.44369,-0.0024971,1.0122e-24,0,0.0015385,0.00024664,6.2381,0.015983
3.575,0.024,0.005,-0.040441,0.0077165,2.2121e-23,0,0.00027994,5.6861e-05,3.1014,0.014101
3.525,0.072,0.005,-0.068674,0.019761,-1.1007e-23,0,0.00040441,0.00013289,2.632,0.01437
3.475,0.12,0.005,-0.086792,0.03236,-1.2507e-23,0,0.00044206,0.00017894,2.1783,0.01434
3.425,0.168,0.005,-0.097494,0.043288,7.3643e-24,0,0.00046111,0.00023632,1.8502,0.014205
3.375,0.216,0.005,-0.10318,0.052444,1.09e-23,0,0.00047418,0.00029417,1.612,0.014054
3.325,0.264,0.005,-0.10546,0.060347,-4.2551e-24,0,0.0004854,0.00033749,1.4383,0.013923
3.275,0.312,0.005,-0.10551,0.067358,-6.2939e-24,0,0.00049553,0.00037829,1.3099,0.013805
3.225,0.36,0.005,-0.10397,0.073514,-4.4944e-24,0,0.00050423,0.00041548,1.2136,0.013713
3.175,0.408,0.005,-0.10129,0.078861,-9.2089e-24,0,0.00051187,0.00044866,1.1409,0.013657
3.125,0.456,0.005,-0.097742,0.083447,-5.8061e-24,0,0.00051887,0.00047789,1.0857,0.013643
3.075,0.50502,0.005,-0.093536,0.087426,-4.7396e-24,0,0.00052636,0.00050596,1.0403,0.013665
3.025,0.55506,0.005,-0.088747,0.090732,-8.795e-25,0,0.00053499,0.00053145,1.0067,0.013721
2.975,0.60511,0.005,-0.083402,0.093231,-4.1284e-24,0,0.00054634,0.00055592,0.98277,0.013812
2.925,0.65515,0.005,-0.077579,0.094848,1.8048e-37,0,0.00056255,0.00058173,0.96702,0.013928
2.875,0.70519,0.005,-0.071357,0.095481,-1.4612e-32,0,0.0005861,0.00061173,0.95811,0.014052
2.825,0.75523,0.005,-0.064824,0.094989,-4.7471e-24,0,0.00061924,0.00064897,0.95418,0.014169
2.775,0.80528,0.005,-0.058085,0.093237,-7.4081e-24,0,0.00066251,0.00069561,0.95242,0.014268
2.725,0.85532,0.005,-0.051276,0.090166,-3.644e-24,0,0.00071261,0.00075111,0.94874,0.01434
2.675,0.90536,0.005,-0.044559,0.085886,2.9942e-24,0,0.00076074,0.00081074,0.93833,0.014384
2.625,0.9554,0.005,-0.038119,0.080708,2.3768e-24,0,0.00079402,0.00086587,0.91702,0.014402
2.575,1.0054,0.005,-0.032164,0.075065,5.6065e-24,0,0.00080049,0.00090665,0.88291,0.014399
2.525,1.0555,0.005,-0.026901,0.069445,9.0241e-24,0,0.0007744,0.00092529,0.83693,0.014385
2.475,1.1055,0.005,-0.022427,0.064141,1.929e-24,0,0.00071783,0.00091842,0.7816,0.014363
2.425,1.1556,0.005,-0.018732,0.059209,-6.2645e-25,0,0.00063883,0.00088804,0.71937,0.01434
2.375,1.2056,0.005,-0.015805,0.054639,-2.6645e-39,0,0.00054826,0.00084041,0.65237,0.01432
2.325,1.2557,0.005,-0.013618,0.050376,3.798e-26,0,0.00045729,0.00078526,0.58234,0.014304
2.275,1.3057,0.005,-0.01214,0.046357,-3.3003e-25,0,0.00037518,0.00073353,0.51147,0.014294
2.225,1.3557,0.005,-0.011329,0.042531,4.7196e-25,0,0.00030763,0.00069445,0.44298,0.01429
2.175,1.4058,0.005,-0.011141,0.038863,6.819e-25,0,0.00025623,0.00067296,0.38075,0.014293
2.125,1.4558,0.005,-0.011524,0.035335,-5.3652e-25,0,0.00021938,0.00066892,0.32796,0.014302
2.075,1.5059,0.005,-0.01243,0.031925,-3.3319e-24,0,0.00019404,0.00067822,0.2861,0.014317
2.025,1.5559,0.005,-0.013817,0.028623,-2.258e-24,0,0.00017714,0.00069496,0.2549,0.014337
1.975,1.606,0.005,-0.015654,0.025431,-3.0539e-24,0,0.00016636,0.00071351,0.23315,0.014358
1.925,1.656,0.005,-0.017927,0.022362,-1.8885e-24,0,0.00016022,0.00072989,0.21951,0.014379
1.875,1.706,0.005,-0.020637,0.019437,0,0,0.0001581,0.00074247,0.21294,0.014398
1.825,1.7561,0.005,-0.023812,0.016681,3.1521e-25,0,0.00016023,0.00075245,0.21294,0.014413
1.775,1.8061,0.005,-0.02751,0.014113,0,0,0.00016776,0.00076396,0.21959,0.014423
1.725,1.8562,0.005,-0.031819,0.011747,-3.4084e-24,0,0.00018292,0.00078349,0.23347,0.014428
1.675,1.9062,0.005,-0.036823,0.0095902,-1.6396e-24,0,0.0002088,0.00081801,0.25526,0.014426
1.625,1.9563,0.005,-0.042539,0.0076653,1.5418e-24,0,0.00024848,0.00087122,0.2852,0.014418
1.575,2.0063,0.005,-0.048827,0.0060276,6.8979e-25,0,0.0003037,0.0009403,0.32298,0.014404
1.525,2.0563,0.005,-0.055325,0.0047748,-7.5106e-25,0,0.00037476,0.0010176,0.36828,0.014382
1.475,2.1064,0.005,-0.061415,0.0040365,-1.47e-24,0,0.00046264,0.0010984,0.42121,0.014352
1.425,2.1564,0.005,-0.066195,0.0039715,8.4162e-25,0,0.00057196,0.0011885,0.48126,0.014309
1.375,2.2065,0.005,-0.068615,0.0046723,1.938e-25,0,0.00070986,0.0013011,0.54561,0.014258
1.325,2.2565,0.005,-0.068001,0.0059293,2.8338e-25,0,0.00087791,0.0014412,0.60916,0.014208
1.275,2.3066,0.005,-0.064349,0.0076305,-1.8193e-26,0,0.0010605,0.0015896,0.66717,0.01415
1.225,2.3566,0.005,-0.058054,0.0094143,-2.4111e-25,0,0.0012367,0.0017152,0.72102,0.014103
1.175,2.4066,0.005,-0.049771,0.011048,-4.8445e-25,0,0.0013906,0.0017871,0.77816,0.01407
1.125,2.4567,0.005,-0.040004,0.012339,9.5179e-39,0,0.0015175,0.0017817,0.8517,0.014057
1.075,2.5067,0.005,-0.028935,0.013139,4.4393e-25,0,0.0016257,0.0016909,0.96139,0.01407
1.025,2.5568,0.005,-0.016276,0.013288,0,0,0.0017427,0.0015297,1.1392,0.014117
0.975,2.6068,0.005,-0.00098083,0.012577,-2.3989e-24,0,0.0019297,0.0013347,1.4458,0.014207
0.925,2.6569,0.005,0.019474,0.010835,3.1004e-24,0,0.0023279,0.0011673,1.9943,0.014344
0.875,2.7069,0.005,0.050548,0.0075535,1.5169e-24,0,0.0031921,0.0010707,2.9281,0.014516
0.825,2.7569,0.005,0.10508,0.0030671,-2.2238e-24,0,0.0048656,0.00089411,4.4113,0.014781
0.775,2.807,0.005,0.21428,-0.0042661,-2.2962e-24,0,0.0066392,0.00070281,6.2314,0.015014
0.725,2.86,0.005,0.41387,-0.0055984,-8.9069e-25,0,0.0015135,0.00033713,1.7553,0.015677
0.675,2.916,0.005,0.45358,0.0001724,-8.9094e-25,0,0.00067257,0.00068627,0.98003,0.015479
0.625,2.972,0.005,0.4424,-0.0025902,0,0,0.0016099,0.00025229,6.3812,0.015824
3.625,0.024,0.005,-0.054444,0.0074345,-3.5516e-24,0,0.0003292,5.6957e-05,3.3633,0.013515
3.575,0.072,0.005,-0.082293,0.019808,-3.1621e-24,0,0.00042574,0.00014607,2.6491,0.013988
3.525,0.12,0.005,-0.099248,0.032868,1.363e-23,0,0.00045181,0.00019839,2.1332,0.013992
3.475,0.168,0.005,-0.10849,0.0438,1.3682e-23,0,0.00046721,0.00026324,1.7749,0.013872
3.425,0.216,0.005,-0.11291,0.053112,2.9568e-24,0,0.00048019,0.00031398,1.5294,0.013709
3.375,0.264,0.005,-0.11426,0.061224,-1.4785e-23,0,0.00049252,0.00036335,1.3555,0.013545
3.325,0.312,0.005,-0.11358,0.068425,-1.1885e-23,0,0.00050331,0.00040937,1.2295,0.013397
3.275,0.36,0.005,-0.11149,0.074829,6.6503e-24,0,0.00051189,0.00045042,1.1365,0.013283
3.225,0.408,0.005,-0.10841,0.08052,-4.9666e-24,0,0.00051813,0.00048558,1.067,0.013208
3.175,0.456,0.005,-0.1046,0.085551,-1.623e-23,0,0.0005225,0.00051481,1.0149,0.013176
3.125,0.50502,0.005,-0.10021,0.090073,-4.4745e-25,0,0.00052614,0.00054101,0.9725,0.013181
3.075,0.55506,0.005,-0.095348,0.094043,5.6839e-24,0,0.00052915,0.00056214,0.9413,0.013223
3.025,0.60511,0.005,-0.090035,0.097345,0,0,0.00053286,0.00057954,0.91945,0.013308
2.975,0.65515,0.005,-0.084332,0.099923,2.5235e-37,0,0.00053895,0.00059521,0.90547,0.013428
2.925,0.70519,0.005,-0.078297,0.1017,-5.7583e-24,0,0.00054958,0.00061169,0.89846,0.01357
2.875,0.75523,0.005,-0.071989,0.10253,5.5844e-38,0,0.0005674,0.00063233,0.89731,0.013721
2.825,0.80528,0.005,-0.065464,0.10225,-2.2964e-38,0,0.00059503,0.00066061,0.90072,0.013867
2.775,0.85532,0.005,-0.058793,0.10066,-3.2633e-24,0,0.00063391,0.0006994,0.90636,0.013996
2.725,0.90536,0.005,-0.052075,0.097653,4.0673e-24,0,0.00068212,0.00074913,0.91055,0.014102
2.675,0.9554,0.005,-0.045448,0.093271,2.5363e-24,0,0.00073235,0.00080612,0.90849,0.014182
2.625,1.0054,0.005,-0.039081,0.08778,2.1429e-24,0,0.00077237,0.00086236,0.89565,0.014235
2.575,1.0555,0.005,-0.033159,0.081617,-3.7353e-25,0,0.00078915,0.00090767,0.86942,0.014265
2.525,1.1055,0.005,-0.027874,0.075271,-1.2026e-24,0,0.00077461,0.00093347,0.82982,0.014281
2.475,1.1556,0.005,-0.023367,0.069168,-3.0735e-38,0,0.00072856,0.00093411,0.77995,0.014288
2.425,1.2056,0.005,-0.019655,0.063442,-1.368e-32,0,0.00065774,0.00091094,0.72205,0.01429
2.375,1.2557,0.005,-0.016724,0.058107,0,0,0.00057253,0.00086894,0.65888,0.014293
2.325,1.3057,0.005,-0.014551,0.053125,-1.9717e-25,0,0.00048403,0.00081685,0.59256,0.014298
2.275,1.3557,0.005,-0.013107,0.048444,3.8273e-26,0,0.0004018,0.00076494,0.52526,0.014306
2.225,1.4058,0.005,-0.012354,0.044021,4.7535e-25,0,0.00033218,0.00072233,0.45987,0.014319
2.175,1.4558,0.005,-0.01225,0.03983,7.6104e-39,0,0.00027768,0.00069451,0.39982,0.014336
2.125,1.5059,0.005,-0.012749,0.035857,1.4954e-24,0,0.00023757,0.00068238,0.34815,0.014356
2.075,1.5559,0.005,-0.013805,0.032079,1.1103e-24,0,0.00020941,0.00068305,0.30658,0.014381
2.025,1.606,0.005,-0.015384,0.028482,-3.2235e-24,0,0.00019045,0.00069178,0.2753,0.014408
1.975,1.656,0.005,-0.01746,0.025061,-2.0746e-24,0,0.00017847,0.00070391,0.25354,0.014434
1.925,1.706,0.005,-0.020027,0.021822,2.1341e-24,0,0.00017211,0.00071638,0.24024,0.014459
1.875,1.7561,0.005,-0.023104,0.018778,4.2281e-39,0,0.00017094,0.00072869,0.23459,0.014479
1.825,1.8061,0.005,-0.026736,0.015941,-3.8509e-24,0,0.00017559,0.00074329,0.23624,0.014494
1.775,1.8562,0.005,-0.031,0.01332,-3.7721e-24,0,0.00018784,0.00076541,0.24541,0.014502
1.725,1.9062,0.005,-0.035977,0.010917,1.0867e-37,0,0.00021056,0.00080146,0.26272,0.014503
1.675,1.9563,0.005,-0.041698,0.0087457,1.5145e-24,0,0.00024701,0.00085565,0.28868,0.014496
1.625,2.0063,0.005,-0.048053,0.0068486,2.4616e-24,0,0.00029959,0.00092623,0.32345,0.014481
1.575,2.0563,0.005,-0.054718,0.0053199,2.91e-24,0,0.00036935,0.0010058,0.3672,0.014457
1.525,2.1064,0.005,-0.061102,0.004287,-1.1365e-24,0,0.00045769,0.0010888,0.42037,0.014421
1.475,2.1564,0.005,-0.066284,0.0039303,-1.9472e-38,0,0.00056981,0.0011802,0.48279,0.014373
1.425,2.2065,0.005,-0.069185,0.0043018,5.0299e-25,0,0.00071394,0.0012946,0.55148,0.014307
1.375,2.2565,0.005,-0.068936,0.0054218,5.1871e-25,0,0.00089409,0.0014405,0.62068,0.014238
1.325,2.3066,0.005,-0.065457,0.0070166,-2.6558e-25,0,0.0010947,0.0015996,0.68434,0.014161
1.275,2.3566,0.005,-0.059099,0.0087532,8.423e-27,0,0.0012922,0.0017387,0.7432,0.014093
1.225,2.4066,0.005,-0.050548,0.010367,0,0,0.001468,0.001824,0.8048,0.014039
1.175,2.4567,0.005,-0.040345,0.011643,-7.0466e-25,0,0.0016156,0.0018298,0.88296,0.014009
1.125,2.5067,0.005,-0.028688,0.012423,5.1646e-25,0,0.0017437,0.0017467,0.99828,0.014008
1.075,2.5568,0.005,-0.01526,0.012552,1.2162e-24,0,0.0018817,0.0015904,1.1832,0.014044
1.025,2.6068,0.005,0.0010356,0.011821,-2.2196e-24,0,0.0020955,0.0014,1.4967,0.014126
0.975,2.6569,0.005,0.022683,0.010077,0,0,0.0025173,0.0012326,2.0423,0.014262
0.925,2.7069,0.005,0.055183,0.0068019,1.3585e-24,0,0.0034028,0.0011063,2.959,0.014432
0.875,2.7569,0.005,0.11111,0.002477,2.4643e-24,0,0.0050691,0.00092808,4.4037,0.014685
0.825,2.807,0.005,0.21928,-0.0045266,-7.0387e-24,0,0.0067116,0.00072755,6.1263,0.01492
0.775,2.86,0.005,0.41125,-0.005537,2.7594e-24,0,0.001655,0.00035236,1.9967,0.015525
0.725,2.916,0.005,0.45281,0.00012159,-5.516e-25,0,0.00069692,0.00066748,1.0441,0.015381
0.675,2.972,0.005,0.4411,-0.0026567,-1.7573e-24,0,0.0016775,0.00025753,6.5136,0.015676
3.675,0.024,0.005,-0.067495,0.0069357,-5.0553e-23,0,0.00037443,6.6709e-05,3.587,0.012723
3.625,0.072,0.005,-0.095231,0.018979,-2.1449e-23,0,0.00044312,0.00015823,2.6369,0.013386
3.575,0.12,0.005,-0.11062,0.032143,-9.4928e-24,0,0.0004602,0.00021588,2.0599,0.013497
3.525,0.168,0.005,-0.11826,0.043089,1.8236e-23,0,0.00047432,0.00028122,1.6866,0.013429
3.475,0.216,0.005,-0.12142,0.052484,-8.6467e-24,0,0.0004904,0.00034085,1.4387,0.013276
3.425,0.264,0.005,-0.12183,0.060763,-1.0696e-23,0,0.00050592,0.00039895,1.2681,0.013098
3.375,0.312,0.005,-0.12043,0.068125,5.2179e-24,0,0.00051907,0.00045264,1.1468,0.012932
3.325,0.36,0.005,-0.11782,0.074729,-1.0666e-37,0,0.00052891,0.00049972,1.0584,0.012798
3.275,0.408,0.005,-0.11435,0.08069,-6.7326e-39,0,0.00053525,0.00053895,0.99313,0.012705
3.225,0.456,0.005,-0.11027,0.086075,-1.1366e-23,0,0.0005384,0.00057004,0.9445,0.012656
3.175,0.50502,0.005,-0.1057,0.091015,-1.2014e-23,0,0.00053976,0.00059636,0.90509,0.012643
3.125,0.55506,0.005,-0.10072,0.095491,1.6753e-23,0,0.00053898,0.00061506,0.8763,0.012669
3.075,0.60511,0.005,-0.09539,0.09941,1.1141e-23,0,0.00053712,0.00062731,0.85623,0.012743
3.025,0.65515,0.005,-0.08975,0.10274,6.1734e-24,0,0.00053558,0.00063493,0.84352,0.012861
2.975,0.70519,0.005,-0.083848,0.10542,-8.9139e-33,0,0.00053609,0.00064033,0.83721,0.013012
2.925,0.75523,0.005,-0.077731,0.10735,4.1921e-24,0,0.00054083,0.00064632,0.83679,0.013184
2.875,0.80528,0.005,-0.07144,0.1084,5.8978e-24,0,0.00055253,0.00065649,0.84165,0.013366
2.825,0.85532,0.005,-0.065016,0.10835,3.9361e-37,0,0.00057413,0.00067487,0.85073,0.013545
2.775,0.90536,0.005,-0.058504,0.10698,-1.7937e-24,0,0.0006078,0.0007049,0.86225,0.013711
2.725,0.9554,0.005,-0.051973,0.10411,-2.8637e-24,0,0.00065286,0.00074795,0.87287,0.013857
2.675,1.0054,0.005,-0.045531,0.099731,2.4435e-24,0,0.00070349,0.00080132,0.87791,0.013977
2.625,1.0555,0.005,-0.039337,0.094059,2.0108e-24,0,0.00074831,0.00085764,0.87252,0.01407
2.575,1.1055,0.005,-0.03356,0.087512,-4.804e-24,0,0.00077376,0.00090659,0.85348,0.014139
2.525,1.1556,0.005,-0.028373,0.080591,1.8149e-24,0,0.00076975,0.00093839,0.82029,0.014188
2.475,1.2056,0.005,-0.023927,0.073786,2.6333e-24,0,0.00073384,0.00094629,0.77549,0.014226
2.425,1.2557,0.005,-0.020284,0.067346,-8.8015e-25,0,0.00067131,0.00093003,0.72182,0.014256
2.375,1.3057,0.005,-0.017427,0.061313,-1.3699e-26,0,0.00059195,0.0008937,0.66236,0.014283
2.325,1.3557,0.005,-0.015341,0.055669,-1.3501e-25,0,0.00050678,0.0008452,0.5996,0.014309
2.275,1.4058,0.005,-0.013998,0.050373,-2.0411e-25,0,0.00042555,0.00079427,0.53577,0.014336
2.225,1.4558,0.005,-0.013366,0.045392,5.2228e-25,0,0.00035511,0.00074984,0.47358,0.014364
2.175,1.5059,0.005,-0.013403,0.040709,5.9333e-39,0,0.00029865,0.00071771,0.41611,0.014394
2.125,1.5559,0.005,-0.01407,0.036313,1.0497e-24,0,0.00025619,0.00069956,0.36622,0.014426
2.075,1.606,0.005,-0.015328,0.032181,3.3378e-24,0,0.0002259,0.00069356,0.32572,0.014459
2.025,1.656,0.005,-0.017152,0.028299,2.2476e-24,0,0.00020541,0.00069608,0.29509,0.014492
1.975,1.706,0.005,-0.019528,0.024656,3.9807e-24,0,0.00019274,0.00070363,0.27392,0.014522
1.925,1.7561,0.005,-0.022465,0.021253,4.1601e-24,0,0.00018679,0.00071439,0.26147,0.014549
1.875,1.8061,0.005,-0.025995,0.01809,-2.3231e-24,0,0.00018751,0.00072919,0.25715,0.014569
1.825,1.8562,0.005,-0.030182,0.015166,-6.1847e-24,0,0.00019611,0.00075179,0.26085,0.014582
1.775,1.9062,0.005,-0.035101,0.012477,2.0063e-24,0,0.00021505,0.00078778,0.27298,0.014587
1.725,1.9563,0.005,-0.040789,0.010026,3.5265e-24,0,0.00024763,0.00084169,0.2942,0.014583
1.675,2.0063,0.005,-0.047167,0.0078421,1.8433e-24,0,0.00029679,0.00091283,0.32513,0.01457
1.625,2.0563,0.005,-0.053954,0.0060072,5.1509e-25,0,0.00036437,0.00099432,0.36646,0.014545
1.575,2.1064,0.005,-0.060593,0.0046562,2.3149e-24,0,0.00045235,0.0010794,0.41907,0.014505
1.525,2.1564,0.005,-0.066175,0.003963,2.181e-38,0,0.00056638,0.001172,0.48327,0.014451
1.475,2.2065,0.005,-0.069553,0.004003,-1.0968e-24,0,0.00071618,0.0012877,0.55617,0.014375
1.425,2.2565,0.005,-0.069718,0.0049023,-7.7124e-25,0,0.00090778,0.0014383,0.63115,0.014286
1.375,2.3066,0.005,-0.066438,0.0063579,1.833e-24,0,0.0011268,0.0016078,0.70082,0.014192
1.325,2.3566,0.005,-0.060048,0.008031,-1.0021e-24,0,0.0013472,0.0017612,0.76494,0.014102
1.275,2.4066,0.005,-0.051245,0.0096195,0,0,0.0015468,0.0018613,0.83103,0.014027
1.225,2.4567,0.005,-0.04061,0.010886,-2.8497e-25,0,0.0017172,0.0018798,0.91352,0.013977
1.175,2.5067,0.005,-0.028363,0.011647,-5.4561e-25,0,0.0018668,0.0018056,1.0339,0.01396
1.125,2.5568,0.005,-0.014183,0.01176,8.3992e-25,0,0.0020266,0.0016543,1.225,0.013983
1.075,2.6068,0.005,0.0030792,0.011034,4.7298e-25,0,0.0022649,0.0014672,1.5436,0.014055
1.025,2.6569,0.005,0.025869,0.0093162,-1.445e-24,0,0.0027108,0.0012996,2.0858,0.014186
0.975,2.7069,0.005,0.059711,0.0060931,3.2559e-24,0,0.00361,0.0011425,2.9863,0.014355
0.925,2.7569,0.005,0.11689,0.0018958,-2.0323e-24,0,0.0052602,0.00096225,4.3948,0.014598
0.875,2.807,0.005,0.22385,-0.004738,2.8476e-24,0,0.0067643,0.00075159,6.0262,0.014831
0.825,2.86,0.005,0.40869,-0.0054838,-2.6834e-24,0,0.0018002,0.00036793,2.2538,0.015379
0.775,2.916,0.005,0.452,5.6238e-05,2.944e-25,0,0.00072293,0.00065168,1.1093,0.015286
0.725,2.972,0.005,0.43979,-0.0027002,-5.9763e-25,0,0.0017411,0.00026237,6.636,0.015538
3.725,0.024,0.005,-0.079809,0.0064286,2.5324e-23,0,0.00041626,7.6325e-05,3.7822,0.0118
3.675,0.072,0.005,-0.10746,0.017895,7.4166e-38,0,0.00045496,0.00017056,2.6044,0.012597
3.625,0.12,0.005,-0.12119,0.030625,-1.0142e-23,0,0.00046577,0.00023535,1.9722,0.012846
3.575,0.168,0.005,-0.12716,0.041444,-1.7313e-23,0,0.0004824,0.00030357,1.5891,0.012866
3.525,0.216,0.005,-0.12902,0.050884,9.2069e-24,0,0.00050351,0.00037446,1.3446,0.012753
3.475,0.264,0.005,-0.12847,0.059268,5.8748e-24,0,0.0005239,0.00044389,1.1802,0.012582
3.425,0.312,0.005,-0.12637,0.06677,5.5769e-24,0,0.0005407,0.00050753,1.0654,0.012412
3.375,0.36,0.005,-0.12325,0.073556,2.8222e-23,0,0.00055291,0.00056263,0.98272,0.012265
3.325,0.408,0.005,-0.11942,0.079742,5.4539e-24,0,0.00056038,0.0006077,0.92213,0.012156
3.275,0.456,0.005,-0.11507,0.085406,-1.2763e-23,0,0.0005635,0.00064236,0.87723,0.01209
3.225,0.50502,0.005,-0.11029,0.090672,-1.2087e-25,0,0.00056383,0.00067047,0.84095,0.01206
3.175,0.55506,0.005,-0.10517,0.095529,2.0512e-37,0,0.00056078,0.00068855,0.81444,0.01207
3.125,0.60511,0.005,-0.099767,0.099906,-5.3529e-24,0,0.00055524,0.00069758,0.79594,0.012132
3.075,0.65515,0.005,-0.094124,0.10379,0,0,0.00054835,0.00069929,0.78416,0.012242
3.025,0.70519,0.005,-0.088285,0.10715,-4.7151e-24,0,0.00054154,0.00069582,0.77828,0.012394
2.975,0.75523,0.005,-0.082288,0.10992,-6.4552e-24,0,0.00053651,0.0006898,0.77778,0.012579
2.925,0.80528,0.005,-0.076171,0.11201,-2.217e-24,0,0.00053544,0.00068445,0.78229,0.012785
2.875,0.85532,0.005,-0.069964,0.11325,6.1784e-24,0,0.00054108,0.00068358,0.79153,0.013001
2.825,0.90536,0.005,-0.063697,0.11342,5.8452e-24,0,0.00055658,0.00069143,0.80497,0.013218
2.775,0.9554,0.005,-0.057397,0.11228,3.1562e-24,0,0.00058469,0.00071215,0.82102,0.013424
2.725,1.0054,0.005,-0.051111,0.1096,4.7757e-24,0,0.00062583,0.00074791,0.83678,0.013613
2.675,1.0555,0.005,-0.044924,0.1053,-1.8076e-24,0,0.00067558,0.00079695,0.8477,0.013777
2.625,1.1055,0.005,-0.038975,0.099533,-1.8165e-24,0,0.00072356,0.00085253,0.84872,0.013914
2.575,1.1556,0.005,-0.033426,0.092712,-2.6486e-24,0,0.000756,0.00090424,0.83607,0.014024
2.525,1.2056,0.005,-0.028434,0.085346,1.0991e-24,0,0.00076126,0.00094126,0.80876,0.01411
2.475,1.2557,0.005,-0.024144,0.077948,-1.4467e-24,0,0.0007348,0.00095589,0.76871,0.014181
2.425,1.3057,0.005,-0.020646,0.070873,8.4199e-26,0,0.00068034,0.00094604,0.71914,0.01424
2.375,1.3557,0.005,-0.017939,0.06421,-5.2629e-25,0,0.00060701,0.00091516,0.66328,0.014292
2.325,1.4058,0.005,-0.016008,0.057962,1.4357e-24,0,0.0005257,0.00087052,0.6039,0.01434
2.275,1.4558,0.005,-0.014833,0.052102,-1.1196e-24,0,0.00044633,0.00082137,0.5434,0.014385
2.225,1.5059,0.005,-0.014386,0.046608,1.5031e-24,0,0.00037609,0.00077643,0.48439,0.014428
2.175,1.5559,0.005,-0.014625,0.041471,-4.4285e-40,0,0.00031873,0.0007417,0.42972,0.01447
2.125,1.606,0.005,-0.015517,0.03668,-4.3189e-24,0,0.00027487,0.00071945,0.38205,0.014512
2.075,1.656,0.005,-0.017038,0.032216,2.3929e-24,0,0.00024323,0.00070875,0.34318,0.014552
2.025,1.706,0.005,-0.019174,0.028062,1.6836e-24,0,0.00022188,0.0007071,0.31379,0.01459
1.975,1.7561,0.005,-0.021923,0.024208,7.3606e-25,0,0.00020926,0.00071233,0.29376,0.014623
1.925,1.8061,0.005,-0.025311,0.020642,-5.594e-25,0,0.00020465,0.00072406,0.28263,0.01465
1.875,1.8562,0.005,-0.029385,0.017353,-4.9841e-32,0,0.00020858,0.0007446,0.28012,0.014669
1.825,1.9062,0.005,-0.034209,0.014327,2.3106e-24,0,0.00022299,0.00077855,0.28642,0.01468
1.775,1.9563,0.005,-0.039826,0.011554,2.0513e-24,0,0.00025098,0.00083051,0.3022,0.01468
1.725,2.0063,0.005,-0.046182,0.0090481,0,0,0.0002959,0.00090089,0.32845,0.014669
1.675,2.0563,0.005,-0.053037,0.006877,-5.2333e-24,0,0.00036036,0.00098351,0.3664,0.014645
1.625,2.1064,0.005,-0.059887,0.0051679,-4.5483e-24,0,0.00044698,0.0010705,0.41753,0.014604
1.575,2.1564,0.005,-0.065833,0.0041129,1.5755e-24,0,0.00056191,0.001164,0.48272,0.014544
1.525,2.2065,0.005,-0.069682,0.0038134,-2.6017e-26,0,0.00071631,0.0012803,0.55947,0.014461
1.475,2.2565,0.005,-0.070324,0.0044078,-1.0766e-24,0,0.00091851,0.0014345,0.64031,0.014354
1.425,2.3066,0.005,-0.067291,0.0056775,1.694e-25,0,0.0011562,0.0016139,0.71641,0.014244
1.375,2.3566,0.005,-0.0609,0.0072621,1.0176e-24,0,0.0014008,0.001782,0.7861,0.014133
1.325,2.4066,0.005,-0.05187,0.008814,-2.3197e-25,0,0.0016262,0.0018981,0.85674,0.014035
1.275,2.4567,0.005,-0.040816,0.010073,7.2114e-25,0,0.0018215,0.001931,0.94329,0.013963
1.225,2.5067,0.005,-0.027981,0.010829,5.9987e-25,0,0.0019943,0.0018671,1.0681,0.013928
1.175,2.5568,0.005,-0.013058,0.010927,-5.9007e-25,0,0.0021764,0.0017213,1.2644,0.013939
1.125,2.6068,0.005,0.0051255,0.010221,1.6261e-24,0,0.0024385,0.0015365,1.587,0.013999
1.075,2.6569,0.005,0.029013,0.0085524,-1.0264e-24,0,0.0029067,0.0013679,2.125,0.014121
1.025,2.7069,0.005,0.064122,0.005408,-1.0103e-24,0,0.0038138,0.0011793,3.0092,0.014285
0.975,2.7569,0.005,0.12242,0.0013272,-3.9282e-32,0,0.005438,0.00099604,4.3826,0.014519
0.925,2.807,0.005,0.22802,-0.0049054,2.6179e-24,0,0.0068011,0.00077505,5.931,0.014749
0.875,2.86,0.005,0.40617,-0.0054422,-1.5338e-24,0,0.0019479,0.0003836,2.5217,0.015244
0.825,2.916,0.005,0.45114,-2.5397e-05,-3.7894e-25,0,0.00075057,0.00063832,1.1758,0.015195
0.775,2.972,0.005,0.43848,-0.0027241,7.7799e-25,0,0.0018008,0.00026683,6.7488,0.015408
3.775,0.024,0.005,-0.091234,0.005946,2.3089e-23,0,0.00045511,8.5727e-05,3.9548,0.01079
3.725,0.072,0.005,-0.1189,0.016705,-2.1228e-23,0,0.00046252,0.00018065,2.5603,0.011679
3.675,0.12,0.005,-0.13103,0.028734,-9.1444e-24,0,0.00046883,0.00024956,1.8786,0.012055
3.625,0.168,0.005,-0.13538,0.039222,1.9148e-23,0,0.00049078,0.00032937,1.4901,0.012179
3.575,0.216,0.005,-0.13594,0.048589,9.4574e-24,0,0.00051875,0.00041446,1.2516,0.012134
3.525,0.264,0.005,-0.13445,0.057027,3.7979e-24,0,0.00054507,0.00049752,1.0956,0.011997
3.475,0.312,0.005,-0.13167,0.064639,2.5091e-24,0,0.00056639,0.0005731,0.98829,0.011837
3.425,0.36,0.005,-0.12805,0.07158,-1.3582e-23,0,0.00058171,0.00063787,0.91195,0.011687
3.375,0.408,0.005,-0.12384,0.077957,-4.7848e-37,0,0.00059105,0.00069021,0.85633,0.011567
3.325,0.456,0.005,-0.11921,0.083842,-9.2167e-38,0,0.00059496,0.00072982,0.81522,0.011487
3.275,0.50502,0.005,-0.11422,0.089356,-8.0729e-25,0,0.00059521,0.0007611,0.78204,0.011442
3.225,0.55506,0.005,-0.10892,0.0945,1.1818e-23,0,0.00059106,0.00078008,0.75769,0.011437
3.175,0.60511,0.005,-0.10339,0.099217,-2.4888e-38,0,0.00058331,0.00078767,0.74055,0.011485
3.125,0.65515,0.005,-0.097692,0.10351,-1.3642e-37,0,0.00057295,0.00078547,0.72944,0.011586
3.075,0.70519,0.005,-0.091851,0.10737,6.5223e-24,0,0.00056115,0.00077548,0.72362,0.011735
3.025,0.75523,0.005,-0.085906,0.11075,1.1189e-23,0,0.00054928,0.00076006,0.72268,0.011923
2.975,0.80528,0.005,-0.07989,0.1136,4.3054e-24,0,0.00053899,0.00074201,0.72639,0.012143
2.925,0.85532,0.005,-0.073831,0.11582,2.5418e-24,0,0.00053243,0.00072488,0.73451,0.012384
2.875,0.90536,0.005,-0.067755,0.11722,7.4385e-24,0,0.00053233,0.00071257,0.74706,0.012638
2.825,0.9554,0.005,-0.06168,0.1176,6.0917e-24,0,0.00054198,0.00070971,0.76366,0.012895
2.775,1.0054,0.005,-0.055625,0.11668,-1.1898e-32,0,0.00056456,0.0007209,0.78314,0.013145
2.725,1.0555,0.005,-0.04962,0.1142,-5.0637e-24,0,0.00060143,0.00074906,0.80292,0.013379
2.675,1.1055,0.005,-0.043734,0.11001,-4.375e-24,0,0.00064944,0.00079333,0.81863,0.01359
2.625,1.1556,0.005,-0.038083,0.10422,6.3213e-38,0,0.00069927,0.00084758,0.82502,0.013773
2.575,1.2056,0.005,-0.032826,0.097211,-6.814e-24,0,0.00073719,0.00090131,0.81791,0.013926
2.525,1.2557,0.005,-0.028105,0.0895,4.333e-24,0,0.00075035,0.00094287,0.79582,0.014052
2.475,1.3057,0.005,-0.024056,0.081615,3.2706e-24,0,0.00073241,0.00096352,0.76014,0.014156
2.425,1.3557,0.005,-0.020776,0.073981,1.2599e-24,0,0.00068555,0.0009595,0.71448,0.014245
2.375,1.4058,0.005,-0.018288,0.066757,-1.1867e-24,0,0.00061818,0.00093378,0.66202,0.014322
2.325,1.4558,0.005,-0.016581,0.059964,-2.1534e-32,0,0.00054106,0.00089308,0.60584,0.014391
2.275,1.5059,0.005,-0.015641,0.053592,-1.8309e-24,0,0.00046418,0.00084624,0.54851,0.014454
2.225,1.5559,0.005,-0.01544,0.047632,5.2864e-38,0,0.00039499,0.00080183,0.49261,0.014512
2.175,1.606,0.005,-0.015943,0.042085,-9.6909e-39,0,0.00033766,0.00076594,0.44084,0.014565
2.125,1.656,0.005,-0.017124,0.03693,-9.7161e-39,0,0.0002933,0.00074131,0.39565,0.014615
2.075,1.706,0.005,-0.018976,0.032156,-2.7175e-24,0,0.00026115,0.00072784,0.3588,0.014662
2.025,1.7561,0.005,-0.021496,0.027749,-6.7374e-24,0,0.00023982,0.00072425,0.33113,0.014703
1.975,1.8061,0.005,-0.024698,0.02369,-2.1507e-24,0,0.00022821,0.00072976,0.31272,0.014738
1.925,1.8562,0.005,-0.02862,0.019958,4.6045e-24,0,0.00022623,0.00074558,0.30343,0.014764
1.875,1.9062,0.005,-0.033313,0.016529,7.657e-24,0,0.00023517,0.00077531,0.30333,0.014781
1.825,1.9563,0.005,-0.03882,0.013381,2.3762e-24,0,0.00025778,0.00082341,0.31306,0.014787
1.775,2.0063,0.005,-0.045107,0.010511,0,0,0.00029759,0.00089135,0.33386,0.01478
1.725,2.0563,0.005,-0.051979,0.0079691,-1.6305e-24,0,0.0003579,0.00097397,0.36747,0.014759
1.675,2.1064,0.005,-0.058981,0.0058678,-5.2755e-24,0,0.00044207,0.0010625,0.41605,0.014718
1.625,2.1564,0.005,-0.065267,0.0043965,-2.5421e-24,0,0.00055672,0.0011567,0.48128,0.014655
1.575,2.2065,0.005,-0.0696,0.003741,1.6548e-24,0,0.00071438,0.0012728,0.56127,0.014565
1.525,2.2565,0.005,-0.0707,0.0039947,2.5146e-38,0,0.00092596,0.0014291,0.64795,0.014448
1.475,2.3066,0.005,-0.068005,0.0050086,-1.6385e-24,0,0.0011821,0.0016175,0.73087,0.014318
1.425,2.3566,0.005,-0.061656,0.0064631,1.5856e-24,0,0.0014521,0.0018004,0.80655,0.014187
1.375,2.4066,0.005,-0.052426,0.0079645,-1.1258e-38,0,0.0017053,0.0019338,0.88184,0.014066
1.325,2.4567,0.005,-0.040971,0.0092088,4.3628e-25,0,0.0019276,0.0019827,0.97223,0.013972
1.275,2.5067,0.005,-0.027564,0.0099748,2.8267e-26,0,0.0021253,0.0019307,1.1008,0.013915
1.225,2.5568,0.005,-0.011907,0.010078,-3.0072e-25,0,0.0023305,0.0017911,1.3012,0.01391
1.175,2.6068,0.005,0.0071449,0.0093947,-5.2193e-25,0,0.0026151,0.001608,1.6263,0.013961
1.125,2.6569,0.005,0.032089,0.0077736,1.4101e-24,0,0.0031039,0.0014371,2.1598,0.014067
1.075,2.7069,0.005,0.068407,0.0047413,-8.415e-25,0,0.0040138,0.0012163,3.0278,0.014224
1.025,2.7569,0.005,0.12769,0.00077867,7.8907e-25,0,0.0056025,0.0010292,4.3674,0.014449
0.975,2.807,0.005,0.23183,-0.005045,-2.2221e-25,0,0.0068243,0.00079789,5.8391,0.014674
0.925,2.86,0.005,0.40369,-0.0054126,7.9383e-25,0,0.0020972,0.00039932,2.7718,0.015126
0.875,2.916,0.005,0.45022,-0.00012183,5.9278e-39,0,0.00077978,0.00062696,1.2438,0.01511
0.825,2.972,0.005,0.43716,-0.0027314,-5.9037e-25,0,0.0018566,0.00027093,6.8526,0.015286
3.825,0.024,0.005,-0.10181,0.0054986,8.6304e-25,0,0.00049131,9.5003e-05,4.1091,0.0097311
3.775,0.072,0.005,-0.12949,0.015486,2.579e-23,0,0.00046747,0.00018622,2.5104,0.010675
3.725,0.12,0.005,-0.14017,0.026711,-8.4526e-24,0,0.00047143,0.00026396,1.786,0.011157
3.675,0.168,0.005,-0.14303,0.036716,-3.506e-25,0,0.00049978,0.00035821,1.3952,0.011386
3.625,0.216,0.005,-0.14239,0.045879,1.7365e-23,0,0.00053548,0.00045989,1.1644,0.011423
3.575,0.264,0.005,-0.13997,0.054285,2.1921e-24,0,0.00056837,0.00055875,1.0172,0.01134
3.525,0.312,0.005,-0.13652,0.061963,-2.3309e-24,0,0.00059466,0.00064787,0.91788,0.011206
3.475,0.36,0.005,-0.1324,0.06902,3.9429e-37,0,0.00061353,0.00072355,0.84795,0.011064
3.425,0.408,0.005,-0.12781,0.075545,-1.1454e-23,0,0.00062524,0.00078422,0.79727,0.01094
3.375,0.456,0.005,-0.12287,0.081604,-8.0941e-24,0,0.00063051,0.00082979,0.75985,0.010853
3.325,0.50502,0.005,-0.11762,0.087306,6.0309e-24,0,0.00063136,0.0008653,0.72965,0.010797
3.275,0.55506,0.005,-0.11211,0.092663,-1.1166e-25,0,0.00062699,0.00088646,0.7073,0.01078
3.225,0.60511,0.005,-0.10643,0.097627,-1.12e-23,0,0.00061812,0.00089412,0.69132,0.010817
3.175,0.65515,0.005,-0.10063,0.10221,-6.3394e-24,0,0.00060569,0.00088985,0.68067,0.010907
3.125,0.70519,0.005,-0.094734,0.10643,-4.9345e-24,0,0.00059069,0.00087548,0.6747,0.011049
3.075,0.75523,0.005,-0.088784,0.11026,4.3883e-37,0,0.00057423,0.00085317,0.67306,0.011235
3.025,0.80528,0.005,-0.082805,0.11366,4.3752e-24,0,0.00055764,0.00082544,0.67556,0.011461
2.975,0.85532,0.005,-0.076826,0.11658,-6.7522e-24,0,0.00054251,0.00079526,0.68219,0.011717
2.925,0.90536,0.005,-0.070872,0.11889,-1.0525e-23,0,0.00053093,0.00076618,0.69295,0.011995
2.875,0.9554,0.005,-0.06496,0.12044,-6.9932e-24,0,0.00052557,0.00074252,0.70782,0.012288
2.825,1.0054,0.005,-0.059103,0.12099,-9.4397e-24,0,0.0005298,0.00072906,0.7267,0.012587
2.775,1.0555,0.005,-0.053314,0.12027,5.8737e-24,0,0.00054714,0.00073074,0.74875,0.012882
2.725,1.1055,0.005,-0.047617,0.11798,3.6612e-37,0,0.00057971,0.00075128,0.77163,0.013163
2.675,1.1556,0.005,-0.042056,0.11393,8.1322e-38,0,0.0006255,0.00079061,0.79116,0.013423
2.625,1.2056,0.005,-0.036746,0.10816,-2.543e-32,0,0.00067622,0.00084317,0.802,0.013653
2.575,1.2557,0.005,-0.031826,0.10101,6.0989e-24,0,0.00071832,0.00089837,0.79958,0.01385
2.525,1.3057,0.005,-0.027439,0.093029,3.1452e-24,0,0.00073805,0.0009438,0.782,0.014016
2.475,1.3557,0.005,-0.023701,0.084752,1.614e-24,0,0.00072757,0.00096965,0.75034,0.014155
2.425,1.4058,0.005,-0.020709,0.076638,-3.5992e-38,0,0.00068764,0.00097094,0.70823,0.014273
2.375,1.4558,0.005,-0.018507,0.068919,4.8177e-25,0,0.00062599,0.00095001,0.65893,0.014376
2.325,1.5059,0.005,-0.017089,0.061641,-2.8995e-24,0,0.00055317,0.00091317,0.60576,0.014466
2.275,1.5559,0.005,-0.016447,0.054807,-1.4695e-24,0,0.00047921,0.00086901,0.55145,0.014546
2.225,1.606,0.005,-0.016555,0.048435,-2.2303e-24,0,0.00041179,0.00082594,0.49858,0.014617
2.175,1.656,0.005,-0.017381,0.042513,6.4716e-24,0,0.00035531,0.00079011,0.4497,0.01468
2.125,1.706,0.005,-0.018921,0.037026,4.5292e-24,0,0.00031134,0.00076468,0.40715,0.014738
2.075,1.7561,0.005,-0.021178,0.031968,-4.1064e-24,0,0.00027963,0.00075043,0.37263,0.01479
2.025,1.8061,0.005,-0.024159,0.02732,-1.356e-24,0,0.00025935,0.00074728,0.34706,0.014833
1.975,1.8562,0.005,-0.027891,0.023059,-6.6643e-25,0,0.00025005,0.00075602,0.33075,0.014868
1.925,1.9062,0.005,-0.032417,0.019152,2.978e-24,0,0.00025244,0.00077941,0.32389,0.014893
1.875,1.9563,0.005,-0.037775,0.015564,-5.4586e-32,0,0.00026877,0.00082167,0.3271,0.014905
1.825,2.0063,0.005,-0.04395,0.012279,-2.5786e-24,0,0.00030256,0.00088525,0.34178,0.014904
1.775,2.0563,0.005,-0.050786,0.0093249,-1.9558e-24,0,0.00035769,0.00096639,0.37013,0.014886
1.725,2.1064,0.005,-0.057883,0.0067975,-2.9326e-32,0,0.00043822,0.0010558,0.41505,0.014848
1.675,2.1564,0.005,-0.064453,0.0048722,2.1661e-24,0,0.00055128,0.0011505,0.47916,0.014785
1.625,2.2065,0.005,-0.069248,0.0037767,-7.6556e-25,0,0.00071055,0.0012654,0.56153,0.014691
1.575,2.2565,0.005,-0.070868,0.0036836,5.2872e-24,0,0.00093002,0.0014223,0.65387,0.014568
1.525,2.3066,0.005,-0.068552,0.0043806,-4.7003e-25,0,0.0012038,0.0016182,0.74395,0.014419
1.475,2.3566,0.005,-0.062308,0.0056598,-1.0991e-24,0,0.0015001,0.0018159,0.8261,0.014266
1.425,2.4066,0.005,-0.052919,0.0070837,3.0231e-24,0,0.0017829,0.0019673,0.90624,0.014121
1.375,2.4567,0.005,-0.041087,0.0083089,-5.2378e-25,0,0.0020344,0.0020339,1.0003,0.014003
1.325,2.5067,0.005,-0.027122,0.0090724,0,0,0.0022591,0.0019956,1.132,0.013924
1.275,2.5568,0.005,-0.01076,0.009242,0,0,0.002488,0.0018632,1.3353,0.013899
1.225,2.6068,0.005,0.0091198,0.0085658,-2.3863e-25,0,0.0027935,0.0016814,1.6614,0.013939
1.175,2.6569,0.005,0.03507,0.0069744,2.6481e-24,0,0.0033001,0.0014966,2.1906,0.014029
1.125,2.7069,0.005,0.072551,0.0040929,-2.5724e-24,0,0.00421,0.0012535,3.0423,0.014172
1.075,2.7569,0.005,0.1327,0.00025475,-1.8219e-24,0,0.0057543,0.0010618,4.3495,0.014387
1.025,2.807,0.005,0.23531,-0.0051712,1.7157e-24,0,0.0068366,0.00082019,5.7505,0.014604
0.975,2.86,0.005,0.40126,-0.0053977,8.2928e-25,0,0.0022473,0.0004151,3.0045,0.015023
0.925,2.916,0.005,0.44925,-0.00022877,1.0887e-25,0,0.00081051,0.00061739,1.3128,0.015034
0.875,2.972,0.005,0.43582,-0.0027245,7.5627e-25,0,0.0019086,0.0002747,6.9479,0.015174
3.875,0.024,0.005,-0.11157,0.0050863,-7.3349e-25,0,0.00052507,0.00010416,4.248,0.0086508
3.825,0.072,0.005,-0.13923,0.014292,-4.5473e-24,0,0.00047132,0.00019175,2.458,0.0096227
3.775,0.12,0.005,-0.14862,0.024696,1.2207e-23,0,0.00047452,0.00027939,1.6984,0.010184
3.725,0.168,0.005,-0.15018,0.03412,8.6906e-24,0,0.00050987,0.0003897,1.3084,0.010507
3.675,0.216,0.005,-0.14846,0.042974,5.816e-25,0,0.00055339,0.00050967,1.0858,0.01063
3.625,0.264,0.005,-0.14519,0.051252,-8.9552e-24,0,0.00059294,0.00062584,0.94743,0.010613
3.575,0.312,0.005,-0.14107,0.058927,-8.5584e-24,0,0.00062438,0.00072969,0.85568,0.010521
3.525,0.36,0.005,-0.13643,0.06605,8.0593e-24,0,0.00064703,0.00081713,0.79184,0.010399
3.475,0.408,0.005,-0.13143,0.072683,5.7889e-24,0,0.00066141,0.00088681,0.74584,0.010283
3.425,0.456,0.005,-0.12616,0.078874,-1.2094e-23,0,0.00066848,0.00093904,0.71188,0.010196
3.375,0.50502,0.005,-0.12063,0.084709,-6.2307e-24,0,0.00067043,0.00097951,0.68445,0.010135
3.325,0.55506,0.005,-0.11489,0.090212,6.0016e-24,0,0.00066645,0.0010038,0.66392,0.010109
3.275,0.60511,0.005,-0.10903,0.095355,-1.1698e-23,0,0.00065727,0.0010128,0.64894,0.010135
3.225,0.65515,0.005,-0.10309,0.10016,-6.2207e-24,0,0.00064376,0.0010081,0.63857,0.010215
3.175,0.70519,0.005,-0.097104,0.10463,4.9454e-24,0,0.00062684,0.00099139,0.63228,0.010347
3.125,0.75523,0.005,-0.091099,0.10878,6.5289e-24,0,0.00060745,0.00096457,0.62977,0.010527
3.075,0.80528,0.005,-0.085104,0.11257,4.3893e-24,0,0.00058669,0.00092989,0.63092,0.010752
3.025,0.85532,0.005,-0.079148,0.11598,2.6606e-24,0,0.0005658,0.00088996,0.63576,0.011014
2.975,0.90536,0.005,-0.073245,0.11893,0,0,0.00054632,0.00084784,0.64436,0.011308
2.925,0.9554,0.005,-0.067423,0.12132,-3.2696e-24,0,0.00053023,0.00080717,0.6569,0.011626
2.875,1.0054,0.005,-0.061696,0.12298,6.6978e-24,0,0.00052018,0.00077246,0.67341,0.011961
2.825,1.0555,0.005,-0.056075,0.12369,9.2909e-24,0,0.00051954,0.00074869,0.69393,0.012303
2.775,1.1055,0.005,-0.050571,0.12314,6.059e-24,0,0.00053207,0.00074122,0.71783,0.012643
2.725,1.1556,0.005,-0.045187,0.12103,-5.5151e-24,0,0.00056052,0.00075435,0.74304,0.012973
2.675,1.2056,0.005,-0.039983,0.1171,-6.2888e-24,0,0.0006039,0.00078882,0.76558,0.013281
2.625,1.2557,0.005,-0.035038,0.11137,7.9698e-38,0,0.00065487,0.00083955,0.78003,0.013559
2.575,1.3057,0.005,-0.030497,0.10414,-5.9769e-24,0,0.0007001,0.00089584,0.7815,0.013801
2.525,1.3557,0.005,-0.026489,0.095935,2.5386e-24,0,0.00072518,0.00094456,0.76774,0.014008
2.475,1.4058,0.005,-0.023121,0.087339,1.0927e-24,0,0.00072102,0.00097479,0.73967,0.014181
2.425,1.4558,0.005,-0.020485,0.078817,-9.1822e-27,0,0.00068726,0.00098083,0.70069,0.014329
2.375,1.5059,0.005,-0.01863,0.070668,1.4297e-24,0,0.00063093,0.00096425,0.65432,0.014456
2.325,1.5559,0.005,-0.017564,0.062955,2.9472e-25,0,0.00056238,0.00093113,0.60397,0.014567
2.275,1.606,0.005,-0.017285,0.05572,1.5671e-24,0,0.0004917,0.00088991,0.55253,0.014662
2.225,1.656,0.005,-0.017751,0.048978,1.1538e-24,0,0.00042662,0.00084885,0.50258,0.014744
2.175,1.706,0.005,-0.018969,0.042717,-1.1831e-31,0,0.00037175,0.00081417,0.45659,0.014818
2.125,1.7561,0.005,-0.020941,0.036928,1.9715e-24,0,0.00032906,0.0007895,0.41679,0.014882
2.075,1.8061,0.005,-0.023673,0.031606,1.2423e-23,0,0.00029884,0.00077651,0.38485,0.014937
2.025,1.8562,0.005,-0.027187,0.026729,5.9815e-24,0,0.00028089,0.00077647,0.36175,0.014982
1.975,1.9062,0.005,-0.031514,0.022262,-3.6088e-38,0,0.0002756,0.00079178,0.34807,0.015015
1.925,1.9563,0.005,-0.036691,0.018164,0,0,0.00028471,0.0008264,0.34451,0.015035
1.875,2.0063,0.005,-0.042712,0.014404,2.7655e-24,0,0.00031157,0.00088367,0.35259,0.015041
1.825,2.0563,0.005,-0.049462,0.010989,4.3413e-25,0,0.00036044,0.00096152,0.37487,0.015029
1.775,2.1064,0.005,-0.056598,0.0079949,-1.8016e-24,0,0.00043611,0.0010509,0.415,0.014994
1.725,2.1564,0.005,-0.063393,0.0055861,-1.0771e-38,0,0.00054616,0.0011458,0.47668,0.014933
1.675,2.2065,0.005,-0.06863,0.003983,-2.2865e-24,0,0.0007053,0.0012588,0.56031,0.014839
1.625,2.2565,0.005,-0.070776,0.003452,-1.9986e-24,0,0.00093067,0.0014146,0.65791,0.014711
1.575,2.3066,0.005,-0.0689,0.0037981,3.1452e-24,0,0.0012207,0.001616,0.7554,0.014548
1.525,2.3566,0.005,-0.06284,0.0048801,-1.2307e-24,0,0.0015436,0.0018277,0.84457,0.014372
1.475,2.4066,0.005,-0.053344,0.006191,2.5195e-24,0,0.0018578,0.0019979,0.92988,0.014203
1.425,2.4567,0.005,-0.041172,0.0073795,1.996e-39,0,0.0021407,0.0020836,1.0274,0.014059
1.375,2.5067,0.005,-0.026684,0.0081595,5.7223e-25,0,0.0023946,0.0020611,1.1618,0.013956
1.325,2.5568,0.005,-0.0096227,0.0083233,-2.9075e-25,0,0.0026485,0.0019374,1.3671,0.013909
1.275,2.6068,0.005,0.011042,0.007748,-8.6734e-25,0,0.002974,0.0017567,1.693,0.013932
1.225,2.6569,0.005,0.037947,0.0061918,1.2539e-24,0,0.0034939,0.0015416,2.2173,0.014007
1.175,2.7069,0.005,0.076552,0.0034568,-2.2847e-24,0,0.0044023,0.0012908,3.0538,0.01413
1.125,2.7569,0.005,0.13745,-0.00024439,5.1501e-25,0,0.0058943,0.0010937,4.3295,0.014335
1.075,2.807,0.005,0.23851,-0.0052943,1.1628e-24,0,0.0068405,0.00084208,5.665,0.014541
1.025,2.86,0.005,0.39887,-0.0054006,1.6282e-24,0,0.0023975,0.00043095,3.2197,0.014934
0.975,2.916,0.005,0.44822,-0.0003442,-7.9313e-25,0,0.00084268,0.00060943,1.3827,0.014967
0.925,2.972,0.005,0.43448,-0.0027052,-1.0412e-38,0,0.0019569,0.00027816,7.0353,0.015073
3.925,0.024,0.005,-0.12056,0.0047127,-6.1058e-25,0,0.0005566,0.00011318,4.3737,0.0075709
3.875,0.072,0.005,-0.14817,0.013156,-3.7057e-23,0,0.00047438,0.00019724,2.4051,0.0085507
3.825,0.12,0.005,-0.15643,0.02276,-2.5872e-23,0,0.00047847,0.00029568,1.6182,0.0091662
3.775,0.168,0.005,-0.15687,0.03156,1.0289e-23,0,0.00052108,0.00042315,1.2314,0.0095697
3.725,0.216,0.005,-0.15422,0.04003,-8.7977e-24,0,0.00057219,0.00056237,1.0175,0.0097724
3.675,0.264,0.005,-0.15017,0.048095,-1.5254e-23,0,0.00061813,0.00069655,0.88742,0.0098254
3.625,0.312,0.005,-0.14541,0.05569,-2.1131e-38,0,0.00065464,0.00081569,0.80257,0.0097841
3.575,0.36,0.005,-0.14025,0.062819,-7.9236e-24,0,0.00068117,0.00091534,0.74418,0.0096962
3.525,0.408,0.005,-0.13481,0.069506,3.02e-37,0,0.00069846,0.00099444,0.70237,0.0095997
3.475,0.456,0.005,-0.12919,0.075765,2.7805e-37,0,0.00070765,0.0010538,0.67153,0.0095214
3.425,0.50502,0.005,-0.12337,0.081692,-6.8961e-24,0,0.00071104,0.0010997,0.6466,0.0094605
3.375,0.55506,0.005,-0.11738,0.087315,5.9584e-24,0,0.00070791,0.0011278,0.62768,0.0094275
3.325,0.60511,0.005,-0.11132,0.092598,3.8479e-25,0,0.00069897,0.0011392,0.61354,0.0094443
3.275,0.65515,0.005,-0.10523,0.097566,5.247e-24,0,0.00068509,0.0011355,0.60334,0.0095134
3.225,0.70519,0.005,-0.099115,0.10223,1.1164e-23,0,0.00066713,0.0011182,0.59662,0.009635
3.175,0.75523,0.005,-0.093018,0.1066,6.3935e-24,0,0.00064598,0.0010891,0.59314,0.0098075
3.125,0.80528,0.005,-0.086958,0.11067,4.3609e-24,0,0.00062255,0.0010501,0.59285,0.010027
3.075,0.85532,0.005,-0.080962,0.11442,-5.8651e-38,0,0.00059789,0.0010035,0.59581,0.01029
3.025,0.90536,0.005,-0.075056,0.11781,3.8278e-24,0,0.00057317,0.00095187,0.60215,0.010591
2.975,0.9554,0.005,-0.069259,0.12077,1.0452e-23,0,0.00054984,0.00089837,0.61205,0.010924
2.925,1.0054,0.005,-0.063594,0.12319,1.706e-23,0,0.00052981,0.00084671,0.62573,0.011283
2.875,1.0555,0.005,-0.058062,0.12493,5.7837e-24,0,0.00051565,0.00080151,0.64335,0.011661
2.825,1.1055,0.005,-0.052687,0.12576,0,0,0.00051072,0.00076799,0.66501,0.012048
2.775,1.1556,0.005,-0.047466,0.12536,6.2158e-24,0,0.00051896,0.00075188,0.69022,0.012436
2.725,1.2056,0.005,-0.042431,0.12339,3.8943e-37,0,0.00054363,0.00075804,0.71715,0.012812
2.675,1.2557,0.005,-0.037584,0.1196,9.4255e-39,0,0.00058466,0.00078792,0.74202,0.013169
2.625,1.3057,0.005,-0.033034,0.1139,8.8687e-38,0,0.00063549,0.00083689,0.75935,0.013496
2.575,1.3557,0.005,-0.028902,0.1066,-6.6411e-24,0,0.00068303,0.00089405,0.76398,0.013783
2.525,1.4058,0.005,-0.025312,0.098223,-1.4847e-24,0,0.00071235,0.00094554,0.75338,0.014029
2.475,1.4558,0.005,-0.022364,0.089362,-1.6389e-24,0,0.00071343,0.00097951,0.72835,0.014237
2.425,1.5059,0.005,-0.020139,0.080501,3.4994e-38,0,0.00068498,0.00098963,0.69216,0.014414
2.375,1.5559,0.005,-0.018691,0.071974,-2.727e-25,0,0.0006335,0.00097691,0.64847,0.014564
2.325,1.606,0.005,-0.018043,0.063887,2.6049e-24,0,0.00056915,0.00094735,0.60078,0.014694
2.275,1.656,0.005,-0.018168,0.056297,1.7396e-24,0,0.00050198,0.00090926,0.55207,0.014804
2.225,1.706,0.005,-0.019059,0.049225,1.6277e-24,0,0.00043971,0.0008708,0.50495,0.014897
2.175,1.7561,0.005,-0.020737,0.042655,-4.8227e-24,0,0.0003872,0.00083837,0.46185,0.014979
2.125,1.8061,0.005,-0.023207,0.036592,-1.2733e-24,0,0.00034678,0.0008161,0.42492,0.015048
2.075,1.8562,0.005,-0.026481,0.031022,4.73e-24,0,0.00031928,0.00080666,0.39581,0.015105
2.025,1.9062,0.005,-0.030587,0.025917,-7.5924e-25,0,0.0003053,0.00081278,0.37562,0.015149
1.975,1.9563,0.005,-0.035555,0.021236,4.3179e-25,0,0.00030629,0.00083838,0.36533,0.015179
1.925,2.0063,0.005,-0.041388,0.016937,3.0991e-24,0,0.00032532,0.00088754,0.36654,0.015193
1.875,2.0563,0.005,-0.048005,0.013007,-4.4133e-39,0,0.00036689,0.00096016,0.38212,0.015187
1.825,2.1064,0.005,-0.055125,0.0095002,-4.3511e-24,0,0.00043644,0.0010481,0.4164,0.015158
1.775,2.1564,0.005,-0.062096,0.0065684,-5.5526e-24,0,0.00054206,0.0011429,0.4743,0.015099
1.725,2.2065,0.005,-0.067722,0.0044333,-9.4877e-25,0,0.00069918,0.0012534,0.55782,0.015006
1.675,2.2565,0.005,-0.070429,0.0033598,-7.1348e-24,0,0.00092814,0.0014064,0.65993,0.014876
1.625,2.3066,0.005,-0.06903,0.0033017,-1.5723e-24,0,0.0012324,0.0016111,0.76495,0.014702
1.575,2.3566,0.005,-0.063238,0.0041453,-1.2687e-38,0,0.0015819,0.0018356,0.86176,0.014506
1.525,2.4066,0.005,-0.053696,0.0053093,-1.2987e-32,0,0.0019288,0.0020246,0.95267,0.014315
1.475,2.4567,0.005,-0.041225,0.0064356,2.3152e-24,0,0.0022453,0.0021308,1.0537,0.014144
1.425,2.5067,0.005,-0.026245,0.0072172,-1.5568e-25,0,0.0025303,0.002126,1.1902,0.014014
1.375,2.5568,0.005,-0.0085414,0.0074189,1.334e-24,0,0.0028114,0.0020131,1.3966,0.013943
1.325,2.6068,0.005,0.012896,0.0069159,-3.6211e-25,0,0.0031565,0.0018339,1.7212,0.013945
1.275,2.6569,0.005,0.040723,0.005443,-1.3022e-24,0,0.0036867,0.0015864,2.2403,0.014002
1.225,2.7069,0.005,0.080413,0.0028307,3.941e-25,0,0.0045909,0.0013284,3.0627,0.014105
1.175,2.7569,0.005,0.14194,-0.00071791,-3.6848e-24,0,0.0060235,0.0011251,4.3078,0.014295
1.125,2.807,0.005,0.24144,-0.0054137,1.7934e-24,0,0.0068381,0.00086373,5.5824,0.014486
1.075,2.86,0.005,0.39652,-0.0053746,7.5381e-25,0,0.0025473,0.00044676,3.412,0.01486
1.025,2.916,0.005,0.44713,-0.00046755,-4.9787e-26,0,0.00087622,0.00060292,1.4533,0.01491
0.975,2.972,0.005,0.43311,-0.0026754,-9.9557e-25,0,0.0020016,0.00028132,7.1152,0.014985
3.975,0.024,0.005,-0.12885,0.004378,-1.7951e-23,0,0.00058611,0.00012207,4.4882,0.0065054
3.925,0.072,0.005,-0.15637,0.012093,1.3822e-23,0,0.00047683,0.00020265,2.353,0.0074815
3.875,0.12,0.005,-0.16363,0.020942,1.7959e-23,0,0.00048331,0.00031259,1.5461,0.0081305
3.825,0.168,0.005,-0.16314,0.029112,1.7549e-23,0,0.00053327,0.00045781,1.1648,0.0085959
3.775,0.216,0.005,-0.15971,0.037152,8.9219e-24,0,0.00059153,0.0006164,0.95965,0.0088678
3.725,0.264,0.005,-0.15497,0.044935,-7.7971e-24,0,0.00064344,0.00076843,0.83734,0.0089886
3.675,0.312,0.005,-0.1496,0.052376,-1.3149e-37,0,0.0006848,0.00090266,0.75865,0.0090044
3.625,0.36,0.005,-0.1439,0.059443,2.1618e-23,0,0.00071522,0.0010145,0.70501,0.0089596
3.575,0.408,0.005,-0.13803,0.066114,5.8454e-24,0,0.00073556,0.0011031,0.6668,0.0088921
3.525,0.456,0.005,-0.13205,0.072408,-1.9653e-23,0,0.00074708,0.0011698,0.63862,0.008829
3.475,0.50502,0.005,-0.12593,0.078408,-5.8298e-24,0,0.00075222,0.0012214,0.61586,0.0087715
3.425,0.55506,0.005,-0.11969,0.084119,6.0161e-24,0,0.00075026,0.0012539,0.59833,0.008735
3.375,0.60511,0.005,-0.11342,0.089511,-5.2525e-24,0,0.00074195,0.0012685,0.58488,0.0087447
3.325,0.65515,0.005,-0.10715,0.094604,5.2918e-38,0,0.00072818,0.0012669,0.57476,0.0088043
3.275,0.70519,0.005,-0.10089,0.099412,-6.0841e-24,0,0.0007098,0.0012507,0.56754,0.0089163
3.225,0.75523,0.005,-0.094669,0.10395,-1.2479e-23,0,0.00068765,0.0012213,0.56307,0.0090804
3.175,0.80528,0.005,-0.088514,0.10821,-4.3202e-24,0,0.00066259,0.0011804,0.56133,0.0092945
3.125,0.85532,0.005,-0.082444,0.1122,-6.5699e-24,0,0.00063552,0.00113,0.5624,0.0095554
3.075,0.90536,0.005,-0.07648,0.11588,2.9535e-24,0,0.00060739,0.0010722,0.56646,0.0098586
3.025,0.9554,0.005,-0.070646,0.11923,-6.9745e-33,0,0.00057932,0.0010098,0.57373,0.010199
2.975,1.0054,0.005,-0.064962,0.12217,-6.9402e-24,0,0.00055268,0.00094567,0.58443,0.010572
2.925,1.0555,0.005,-0.059457,0.12459,-6.9697e-24,0,0.00052928,0.00088384,0.59884,0.010973
2.875,1.1055,0.005,-0.054143,0.12636,-5.0677e-24,0,0.00051158,0.0008289,0.61718,0.011395
2.825,1.1556,0.005,-0.049005,0.12726,-6.721e-24,0,0.00050297,0.00078637,0.6396,0.011828
2.775,1.2056,0.005,-0.044101,0.12696,6.3351e-24,0,0.00050747,0.00076231,0.6657,0.012263
2.725,1.2557,0.005,-0.039402,0.12516,0,0,0.00052877,0.00076207,0.69386,0.012688
2.675,1.3057,0.005,-0.034938,0.12146,-4.4907e-24,0,0.00056768,0.00078787,0.72053,0.013094
2.625,1.3557,0.005,-0.030796,0.11579,-2.426e-33,0,0.00061821,0.00083531,0.7401,0.013467
2.575,1.4058,0.005,-0.027098,0.10843,-2.9815e-24,0,0.00066744,0.00089325,0.74721,0.013797
2.525,1.4558,0.005,-0.023961,0.099902,-4.2845e-24,0,0.00070004,0.0009471,0.73914,0.014083
2.475,1.5059,0.005,-0.021474,0.090816,5.9837e-24,0,0.00070531,0.00098418,0.71664,0.014326
2.425,1.5559,0.005,-0.019709,0.081671,9.4594e-38,0,0.00068134,0.00099772,0.68289,0.01453
2.375,1.606,0.005,-0.018725,0.072829,-2.299e-24,0,0.00063419,0.00098841,0.64163,0.014704
2.325,1.656,0.005,-0.018542,0.0644,2.6854e-24,0,0.00057395,0.00096225,0.59646,0.01485
2.275,1.706,0.005,-0.019119,0.056511,-3.0939e-24,0,0.00051045,0.00092748,0.55036,0.014972
2.225,1.7561,0.005,-0.020509,0.049136,3.4694e-24,0,0.00045152,0.0008923,0.50602,0.015077
2.175,1.8061,0.005,-0.02271,0.04229,2.2338e-24,0,0.00040218,0.00086332,0.46585,0.015166
2.125,1.8562,0.005,-0.025735,0.035971,-9.2692e-24,0,0.00036513,0.00084529,0.43195,0.015239
2.075,1.9062,0.005,-0.029605,0.030161,-6.9876e-24,0,0.00034188,0.00084206,0.406,0.015296
2.025,1.9563,0.005,-0.034346,0.024826,7.7185e-32,0,0.00033404,0.00085788,0.38938,0.015337
1.975,2.0063,0.005,-0.039966,0.019923,0,0,0.00034445,0.00089757,0.38376,0.01536
1.925,2.0563,0.005,-0.046411,0.015423,-6.4728e-24,0,0.00037775,0.00096307,0.39224,0.015362
1.875,2.1064,0.005,-0.05346,0.011356,-5.1713e-24,0,0.00043994,0.0010481,0.41976,0.01534
1.825,2.1564,0.005,-0.060553,0.0078535,5.4669e-38,0,0.00053968,0.0011422,0.47249,0.015286
1.775,2.2065,0.005,-0.06654,0.0051499,0,0,0.00069292,0.00125,0.55435,0.015194
1.725,2.2565,0.005,-0.069794,0.003504,0,0,0.00092283,0.0013985,0.65988,0.015063
1.675,2.3066,0.005,-0.068942,0.0029676,-5.0034e-24,0,0.0012387,0.0016038,0.77232,0.014883
1.625,2.3566,0.005,-0.063494,0.0034846,-3.694e-25,0,0.0016139,0.0018394,0.87741,0.014669
1.575,2.4066,0.005,-0.053967,0.0044596,-6.5639e-24,0,0.0019947,0.0020469,0.97451,0.014456
1.525,2.4567,0.005,-0.041246,0.0054994,1.4951e-24,0,0.0023467,0.0021745,1.0792,0.014258
1.475,2.5067,0.005,-0.025814,0.0062599,6.1881e-25,0,0.002665,0.0021891,1.2174,0.014101
1.425,2.5568,0.005,-0.0075015,0.006509,2.2659e-24,0,0.002975,0.0020891,1.4241,0.014002
1.375,2.6068,0.005,0.014663,0.0060859,3.0006e-24,0,0.0033409,0.0019128,1.7466,0.01398
1.325,2.6569,0.005,0.043392,0.0047036,3.144e-24,0,0.0038791,0.0016316,2.2599,0.014017
1.275,2.7069,0.005,0.084105,0.0022183,1.7042e-24,0,0.0047754,0.0013663,3.0694,0.0141
1.225,2.7569,0.005,0.14615,-0.0011584,-1.8533e-24,0,0.0061428,0.0011559,4.2849,0.014271
1.175,2.807,0.005,0.24411,-0.0055339,4.8187e-24,0,0.0068315,0.0008851,5.5027,0.014439
1.125,2.86,0.005,0.39419,-0.0053108,-2.2301e-25,0,0.0026964,0.00046255,3.5797,0.0148
1.075,2.916,0.005,0.44598,-0.00059681,2.0764e-25,0,0.00091105,0.00059774,1.5242,0.014867
1.025,2.972,0.005,0.43173,-0.0026368,4.2687e-25,0,0.0020428,0.0002842,7.1881,0.014909
4.025,0.024,0.005,-0.13649,0.0040743,-1.6522e-23,0,0.00061379,0.00013092,4.593,0.0054643
3.975,0.072,0.005,-0.1639,0.011112,-6.0537e-24,0,0.00047875,0.00020795,2.3022,0.0064269
3.925,0.12,0.005,-0.17027,0.019253,-5.3601e-38,0,0.000489,0.00032992,1.4822,0.0070967
3.875,0.168,0.005,-0.16901,0.026813,6.5714e-24,0,0.00054621,0.00049297,1.108,0.0076062
3.825,0.216,0.005,-0.16493,0.034404,1.4637e-23,0,0.0006111,0.00067042,0.91152,0.0079341
3.775,0.264,0.005,-0.15958,0.041855,2.3501e-23,0,0.0006685,0.00083942,0.79639,0.008117
3.725,0.312,0.005,-0.15364,0.049077,-6.972e-24,0,0.00071444,0.00098787,0.72321,0.0081915
3.675,0.36,0.005,-0.14744,0.05601,-1.9969e-23,0,0.00074866,0.0011112,0.67373,0.0081948
3.625,0.408,0.005,-0.14115,0.062622,-4.9271e-37,0,0.00077211,0.0012091,0.6386,0.0081613
3.575,0.456,0.005,-0.13482,0.068919,1.0595e-37,0,0.00078613,0.0012831,0.61266,0.0081179
3.525,0.50502,0.005,-0.1284,0.07496,-7.8158e-25,0,0.0007932,0.0013405,0.5917,0.0080689
3.475,0.55506,0.005,-0.1219,0.080737,5.7232e-24,0,0.00079266,0.0013778,0.57532,0.0080329
3.425,0.60511,0.005,-0.1154,0.086208,-5.7409e-24,0,0.00078528,0.0013962,0.56243,0.0080377
3.375,0.65515,0.005,-0.10893,0.091394,5.815e-24,0,0.00077197,0.0013977,0.55231,0.00809
3.325,0.70519,0.005,-0.10251,0.096307,4.8581e-24,0,0.00075359,0.0013838,0.5446,0.0081932
3.275,0.75523,0.005,-0.096143,0.10096,-4.5593e-24,0,0.00073098,0.0013558,0.53916,0.0083487
3.225,0.80528,0.005,-0.089864,0.10536,-4.2724e-24,0,0.00070497,0.0013152,0.53601,0.0085558
3.175,0.85532,0.005,-0.083689,0.10951,-6.4186e-24,0,0.00067638,0.0012636,0.53527,0.0088124
3.125,0.90536,0.005,-0.07764,0.1134,-3.3564e-40,0,0.00064607,0.0012028,0.53712,0.0091155
3.075,0.9554,0.005,-0.071736,0.11701,-3.3151e-24,0,0.00061493,0.0011349,0.54182,0.0094607
3.025,1.0054,0.005,-0.065998,0.1203,1.2523e-32,0,0.000584,0.0010626,0.54962,0.0098436
2.975,1.0555,0.005,-0.060444,0.12319,-2.8156e-24,0,0.00055456,0.00098887,0.5608,0.010259
2.925,1.1055,0.005,-0.055094,0.12559,-7.0176e-24,0,0.00052832,0.00091778,0.57565,0.010701
2.875,1.1556,0.005,-0.049972,0.12733,-2.8509e-37,0,0.00050771,0.00085404,0.59448,0.011166
2.825,1.2056,0.005,-0.045099,0.12826,-3.332e-24,0,0.00049603,0.00080344,0.61739,0.01165
2.775,1.2557,0.005,-0.040515,0.12804,-6.4436e-24,0,0.00049708,0.000772,0.64389,0.012135
2.725,1.3057,0.005,-0.036169,0.12635,4.21e-37,0,0.00051572,0.00076625,0.67305,0.012605
2.675,1.3557,0.005,-0.032088,0.12272,-1.8196e-25,0,0.00055288,0.0007886,0.70109,0.013057
2.625,1.4058,0.005,-0.028372,0.11707,1.1497e-37,0,0.00060308,0.00083489,0.72234,0.013475
2.575,1.4558,0.005,-0.025139,0.10965,-8.7274e-25,0,0.00065354,0.00089364,0.73132,0.013849
2.525,1.5059,0.005,-0.022489,0.10099,-2.8903e-25,0,0.00068859,0.00094951,0.72521,0.014173
2.475,1.5559,0.005,-0.020503,0.091707,1.5285e-24,0,0.0006971,0.00098913,0.70476,0.014448
2.425,1.606,0.005,-0.019236,0.08232,2.2987e-24,0,0.00067679,0.0010055,0.67309,0.01468
2.375,1.656,0.005,-0.018778,0.073178,-2.6527e-24,0,0.0006336,0.00099924,0.63408,0.014875
2.325,1.706,0.005,-0.019073,0.064495,-3.9634e-24,0,0.00057728,0.00097635,0.59127,0.015035
2.275,1.7561,0.005,-0.020189,0.056325,-7.959e-24,0,0.00051771,0.00094519,0.54773,0.015172
2.225,1.8061,0.005,-0.022127,0.04868,-3.8985e-24,0,0.0004627,0.00091409,0.50618,0.015286
2.175,1.8562,0.005,-0.024901,0.041581,2.6072e-24,0,0.00041745,0.00088999,0.46905,0.015379
2.125,1.9062,0.005,-0.028529,0.035018,1.2118e-24,0,0.00038516,0.00087845,0.43845,0.015453
2.075,1.9563,0.005,-0.033032,0.02897,3.3719e-24,0,0.00036818,0.00088462,0.4162,0.015508
2.025,2.0063,0.005,-0.038424,0.023401,7.9649e-24,0,0.00036945,0.00091409,0.40417,0.015543
1.975,2.0563,0.005,-0.04467,0.018276,3.3626e-26,0,0.00039365,0.00097087,0.40546,0.015554
1.925,2.1064,0.005,-0.0516,0.013605,-3.0167e-24,0,0.00044731,0.0010511,0.42556,0.01554
1.875,2.1564,0.005,-0.058752,0.009483,3.4291e-24,0,0.00053969,0.0011439,0.47181,0.015493
1.825,2.2065,0.005,-0.065066,0.0061556,1.6028e-24,0,0.00068723,0.0012488,0.55032,0.015404
1.775,2.2565,0.005,-0.068866,0.0039055,0,0,0.00091541,0.0013915,0.65786,0.015272
1.725,2.3066,0.005,-0.068613,0.002849,1.7724e-25,0,0.0012397,0.0015948,0.77733,0.015093
1.675,2.3566,0.005,-0.063587,0.0029392,-2.9351e-25,0,0.001639,0.001839,0.89121,0.014863
1.625,2.4066,0.005,-0.054148,0.0036672,4.9077e-25,0,0.0020542,0.002064,0.99526,0.014628
1.575,2.4567,0.005,-0.041232,0.0045888,-1.845e-24,0,0.0024435,0.0022135,1.1039,0.014404
1.525,2.5067,0.005,-0.025392,0.0053098,5.5762e-33,0,0.0027971,0.0022491,1.2437,0.014218
1.475,2.5568,0.005,-0.0065178,0.0055915,-1.2678e-24,0,0.0031377,0.0021637,1.4502,0.014092
1.425,2.6068,0.005,0.016345,0.0052443,1.2791e-24,0,0.0035258,0.0019922,1.7698,0.014039
1.375,2.6569,0.005,0.045945,0.0039679,6.5346e-25,0,0.0040711,0.0016765,2.2764,0.014054
1.325,2.7069,0.005,0.087637,0.0016119,2.686e-38,0,0.0049575,0.0014048,3.0753,0.014116
1.275,2.7569,0.005,0.15009,-0.0015727,1.4012e-24,0,0.0062532,0.0011857,4.2615,0.014267
1.225,2.807,0.005,0.24655,-0.0056594,1.2937e-24,0,0.0068209,0.00090607,5.4251,0.014403
1.175,2.86,0.005,0.39193,-0.0052916,6.2113e-25,0,0.0028445,0.00047861,3.7255,0.014752
1.125,2.916,0.005,0.44476,-0.00073162,0,0,0.00094705,0.00059382,1.5948,0.014839
1.075,2.972,0.005,0.43033,-0.00259,3.399e-25,0,0.0020807,0.00028682,7.2544,0.014848
4.075,0.024,0.005,-0.14355,0.0037772,1.5514e-23,0,0.00063983,0.00013644,4.6895,0.0044599
4.025,0.072,0.005,-0.17078,0.010214,-2.6091e-24,0,0.00048018,0.00021314,2.2529,0.0053933
3.975,0.12,0.005,-0.17639,0.017695,-3.1388e-23,0,0.00049548,0.00034748,1.4259,0.0060782
3.925,0.168,0.005,-0.17451,0.024678,-1.95e-23,0,0.0005597,0.00052808,1.0599,0.0066167
3.875,0.216,0.005,-0.16989,0.031822,-1.3315e-23,0,0.00063066,0.00072341,0.87179,0.0069878
3.825,0.264,0.005,-0.164,0.038907,-1.4738e-23,0,0.0006931,0.00090808,0.76326,0.0072255
3.775,0.312,0.005,-0.15755,0.045853,0,0,0.00074332,0.0010695,0.69505,0.0073559
3.725,0.36,0.005,-0.15091,0.052602,-6.3155e-24,0,0.00078119,0.0012032,0.64924,0.0074077
3.675,0.408,0.005,-0.14422,0.059121,-1.1723e-23,0,0.00080773,0.0013095,0.61681,0.0074098
3.625,0.456,0.005,-0.13754,0.065386,-1.3383e-23,0,0.0008243,0.0013905,0.59281,0.0073894
3.575,0.50502,0.005,-0.13082,0.071434,5.7257e-24,0,0.00083343,0.0014536,0.57336,0.0073538
3.525,0.55506,0.005,-0.12405,0.077246,1.7245e-23,0,0.00083452,0.0014957,0.55793,0.0073225
3.475,0.60511,0.005,-0.11732,0.082771,-5.4255e-24,0,0.0008283,0.0015185,0.54548,0.0073258
3.425,0.65515,0.005,-0.11064,0.088022,1.0736e-37,0,0.00081572,0.0015238,0.53533,0.0073725
3.375,0.70519,0.005,-0.10403,0.093012,5.7828e-24,0,0.00079765,0.0015132,0.52714,0.007468
3.325,0.75523,0.005,-0.097503,0.097752,2.8532e-37,0,0.00077495,0.001488,0.5208,0.0076151
3.275,0.80528,0.005,-0.091078,0.10225,-6.078e-24,0,0.00074843,0.0014495,0.51634,0.0078145
3.225,0.85532,0.005,-0.084774,0.10652,-6.2536e-24,0,0.00071893,0.001399,0.5139,0.0080652
3.175,0.90536,0.005,-0.07861,0.11054,7.3085e-38,0,0.00068721,0.0013378,0.51369,0.0083651
3.125,0.9554,0.005,-0.072606,0.11433,-6.7452e-24,0,0.00065409,0.0012677,0.51596,0.0087112
3.075,1.0054,0.005,-0.066782,0.11784,-3.7031e-24,0,0.00062039,0.0011908,0.52099,0.0090998
3.025,1.0555,0.005,-0.061158,0.12105,9.6809e-24,0,0.00058707,0.0011096,0.52908,0.0095267
2.975,1.1055,0.005,-0.055751,0.12388,2.2778e-37,0,0.00055531,0.0010273,0.54053,0.0099868
2.925,1.1556,0.005,-0.050577,0.12623,7.058e-24,0,0.00052676,0.00094801,0.55565,0.010475
2.875,1.2056,0.005,-0.045655,0.12799,1.6183e-24,0,0.00050391,0.00087662,0.57483,0.010986
2.825,1.2557,0.005,-0.041032,0.1288,-1.0173e-37,0,0.00048957,0.00081871,0.59798,0.011515
2.775,1.3057,0.005,-0.036744,0.12858,7.2793e-24,0,0.00048785,0.00078086,0.62476,0.01205
2.725,1.3557,0.005,-0.032747,0.12699,2.1646e-25,0,0.00050436,0.00077046,0.65462,0.012563
2.675,1.4058,0.005,-0.029064,0.1234,6.7143e-25,0,0.00054018,0.00079014,0.68365,0.013062
2.625,1.4558,0.005,-0.025811,0.11775,-5.2884e-24,0,0.00059013,0.00083576,0.70609,0.013526
2.575,1.5059,0.005,-0.023078,0.11027,-7.5627e-24,0,0.0006415,0.00089544,0.71641,0.01394
2.525,1.5559,0.005,-0.020953,0.10149,4.7708e-24,0,0.00067832,0.00095304,0.71175,0.014299
2.475,1.606,0.005,-0.019512,0.092043,4.9085e-25,0,0.0006892,0.00099469,0.69288,0.014605
2.425,1.656,0.005,-0.018801,0.08244,5.5665e-24,0,0.00067189,0.0010134,0.66301,0.014861
2.375,1.706,0.005,-0.018846,0.073061,3.412e-25,0,0.00063221,0.0010098,0.62605,0.015076
2.325,1.7561,0.005,-0.01971,0.064143,-6.1966e-24,0,0.00057977,0.00099023,0.58549,0.015254
2.275,1.8061,0.005,-0.021398,0.055716,-5.4385e-24,0,0.00052448,0.0009632,0.54452,0.015402
2.225,1.8562,0.005,-0.023926,0.047827,-8.6381e-24,0,0.00047413,0.00093725,0.50587,0.015523
2.175,1.9062,0.005,-0.027312,0.040486,4.505e-24,0,0.00043417,0.00091986,0.472,0.015619
2.125,1.9563,0.005,-0.031576,0.033684,4.5334e-24,0,0.00040844,0.0009176,0.44511,0.015692
2.075,2.0063,0.005,-0.036731,0.027398,-4.3671e-24,0,0.00040045,0.00093701,0.42738,0.015741
2.025,2.0563,0.005,-0.04276,0.021597,-3.8475e-24,0,0.00041503,0.0009839,0.42182,0.015765
1.975,2.1064,0.005,-0.049539,0.016276,3.7971e-25,0,0.0004592,0.0010577,0.43414,0.015759
1.925,2.1564,0.005,-0.056688,0.011503,0,0,0.00054279,0.001148,0.4728,0.01572
1.875,2.2065,0.005,-0.06327,0.0074904,4.0265e-24,0,0.0006828,0.0012501,0.54619,0.015639
1.825,2.2565,0.005,-0.06763,0.0045655,6.8011e-24,0,0.00090668,0.0013862,0.65409,0.015504
1.775,2.3066,0.005,-0.06801,0.0029998,5.1489e-25,0,0.0012359,0.0015848,0.77985,0.015329
1.725,2.3566,0.005,-0.063468,0.0025444,-1.2469e-25,0,0.0016565,0.0018348,0.90285,0.015091
1.675,2.4066,0.005,-0.054217,0.0029659,7.5475e-24,0,0.0021063,0.0020758,1.0147,0.014833
1.625,2.4567,0.005,-0.041175,0.0037209,-4.5244e-25,0,0.0025345,0.0022469,1.128,0.014582
1.575,2.5067,0.005,-0.024976,0.0043831,-6.131e-24,0,0.0029253,0.0023048,1.2693,0.014366
1.525,2.5568,0.005,-0.0055967,0.0046797,-1.5714e-25,0,0.0032976,0.0022355,1.4751,0.014212
1.475,2.6068,0.005,0.017938,0.0043772,-2.0807e-24,0,0.0037096,0.0020635,1.7922,0.014125
1.425,2.6569,0.005,0.048387,0.0032314,-3.2938e-24,0,0.0042624,0.0017215,2.2908,0.014112
1.375,2.7069,0.005,0.091009,0.0010086,-6.1336e-24,0,0.0051375,0.0014437,3.0816,0.014154
1.325,2.7569,0.005,0.15378,-0.0019813,-3.4398e-24,0,0.0063545,0.0012144,4.2362,0.014286
1.275,2.807,0.005,0.24885,-0.0057919,2.8842e-27,0,0.0068063,0.00092669,5.349,0.014388
1.225,2.86,0.005,0.3897,-0.0053579,-7.5248e-25,0,0.002988,0.0005026,3.8457,0.01472
1.175,2.916,0.005,0.44349,-0.00087401,4.7342e-26,0,0.00098413,0.0005911,1.6649,0.014822
1.125,2.972,0.005,0.42891,-0.0025346,0,0,0.0021153,0.0002892,7.3145,0.014801
4.125,0.024,0.005,-0.15005,0.0034859,1.3527e-23,0,0.00066434,0.00013903,4.7785,0.0035011
4.075,0.072,0.005,-0.17703,0.0093919,-2.2526e-24,0,0.00048148,0.00021826,2.206,0.0043953
4.025,0.12,0.005,-0.18204,0.01627,-4.2145e-24,0,0.00050267,0.00036512,1.3767,0.0050836
3.975,0.168,0.005,-0.17966,0.022711,-4.0543e-24,0,0.00057354,0.00056272,1.0192,0.00564
3.925,0.216,0.005,-0.17458,0.029423,3.2087e-37,0,0.00065006,0.00077472,0.83909,0.0060431
3.875,0.264,0.005,-0.16823,0.036118,-2.1535e-23,0,0.00071709,0.00097356,0.73657,0.0063274
3.825,0.312,0.005,-0.16135,0.042751,-6.8533e-24,0,0.00077129,0.0011464,0.67281,0.0065077
3.775,0.36,0.005,-0.15431,0.049287,1.8822e-23,0,0.00081261,0.0012893,0.63029,0.0066041
3.725,0.408,0.005,-0.14726,0.055675,2.8282e-38,0,0.00084215,0.0014029,0.60028,0.0066418
3.675,0.456,0.005,-0.14026,0.061871,-1.0809e-23,0,0.00086129,0.0014901,0.578,0.0066472
3.625,0.50502,0.005,-0.13323,0.067893,-6.4004e-24,0,0.00087257,0.0015584,0.5599,0.0066279
3.575,0.55506,0.005,-0.12619,0.073707,-5.563e-24,0,0.00087541,0.0016053,0.54531,0.006605
3.525,0.60511,0.005,-0.11921,0.079259,-1.0678e-23,0,0.00087055,0.0016326,0.53324,0.00661
3.475,0.65515,0.005,-0.11231,0.084551,-5.5592e-24,0,0.00085891,0.0016421,0.52305,0.0066533
3.425,0.70519,0.005,-0.1055,0.089593,-5.6424e-24,0,0.0008414,0.0016356,0.51443,0.0067424
3.375,0.75523,0.005,-0.098793,0.094393,-5.6817e-37,0,0.00081887,0.0016142,0.50728,0.0068817
3.325,0.80528,0.005,-0.092205,0.098961,5.9147e-24,0,0.00079217,0.0015792,0.50164,0.0070731
3.275,0.85532,0.005,-0.085752,0.10331,9.9662e-24,0,0.00076212,0.0015314,0.49767,0.0073169
3.225,0.90536,0.005,-0.079452,0.10743,9.8673e-24,0,0.00072952,0.0014721,0.49556,0.0076119
3.175,0.9554,0.005,-0.073323,0.11133,3.3106e-24,0,0.0006951,0.0014025,0.4956,0.007956
3.125,1.0054,0.005,-0.067386,0.11499,3.0153e-24,0,0.0006596,0.0013243,0.49806,0.0083463
3.075,1.0555,0.005,-0.061658,0.1184,0,0,0.00062377,0.0012395,0.50326,0.0087794
3.025,1.1055,0.005,-0.056161,0.12151,4.6032e-24,0,0.00058849,0.0011505,0.5115,0.0092514
2.975,1.1556,0.005,-0.050913,0.12425,-7.0839e-24,0,0.00055488,0.0010607,0.5231,0.0097578
2.925,1.2056,0.005,-0.04593,0.12653,-1.0345e-23,0,0.00052448,0.00097418,0.53838,0.010293
2.875,1.2557,0.005,-0.041228,0.12819,3.7921e-37,0,0.00049969,0.00089594,0.55772,0.010853
2.825,1.3057,0.005,-0.036827,0.12899,1.4263e-24,0,0.00048358,0.00083206,0.58119,0.011424
2.775,1.3557,0.005,-0.03281,0.12863,6.3833e-24,0,0.00047965,0.00078878,0.60809,0.012004
2.725,1.4058,0.005,-0.029183,0.1271,-2.249e-37,0,0.00049467,0.00077474,0.63849,0.012567
2.675,1.4558,0.005,-0.025929,0.12353,-8.9648e-25,0,0.00052951,0.0007925,0.66815,0.013114
2.625,1.5059,0.005,-0.023147,0.11785,-1.4373e-24,0,0.00057941,0.00083806,0.69137,0.013621
2.575,1.5559,0.005,-0.020932,0.1103,-7.2352e-24,0,0.00063142,0.00089881,0.70251,0.014074
2.525,1.606,0.005,-0.01936,0.10141,4.6847e-24,0,0.00066938,0.00095792,0.69879,0.014467
2.475,1.656,0.005,-0.018491,0.091822,1.2168e-24,0,0.00068196,0.0010012,0.68115,0.014801
2.425,1.706,0.005,-0.018362,0.082048,-3.5798e-24,0,0.00066708,0.0010218,0.65283,0.015082
2.375,1.7561,0.005,-0.019002,0.072466,4.3768e-24,0,0.00063057,0.0010208,0.61774,0.015314
2.325,1.8061,0.005,-0.02046,0.063314,9.7307e-24,0,0.00058218,0.0010047,0.57943,0.015507
2.275,1.8562,0.005,-0.022755,0.05466,-3.7902e-40,0,0.00053169,0.0009826,0.54111,0.015664
2.225,1.9062,0.005,-0.025906,0.04654,4.7154e-24,0,0.00048698,0.00096328,0.50554,0.015789
2.175,1.9563,0.005,-0.029933,0.038964,8.2112e-24,0,0.00045389,0.000955,0.47528,0.015886
2.125,2.0063,0.005,-0.034851,0.031925,9.4449e-24,0,0.00043717,0.00096553,0.45278,0.015953
2.075,2.0563,0.005,-0.040656,0.025404,4.0365e-24,0,0.00044207,0.0010022,0.44109,0.015991
2.025,2.1064,0.005,-0.047261,0.019391,-3.6935e-24,0,0.00047607,0.0010681,0.44571,0.015998
1.975,2.1564,0.005,-0.054361,0.013938,0,0,0.00054968,0.0011548,0.476,0.015968
1.925,2.2065,0.005,-0.061138,0.0092154,0,0,0.00068027,0.0012539,0.54252,0.015895
1.875,2.2565,0.005,-0.066034,0.0055305,1.5897e-37,0,0.00089731,0.001383,0.64881,0.015766
1.825,2.3066,0.005,-0.067072,0.0033729,8.7584e-25,0,0.0012285,0.0015751,0.77994,0.015589
1.775,2.3566,0.005,-0.063114,0.0023337,5.809e-38,0,0.0016664,0.0018272,0.91198,0.015353
1.725,2.4066,0.005,-0.054139,0.0023879,-2.6315e-24,0,0.0021497,0.0020821,1.0325,0.015072
1.675,2.4567,0.005,-0.041059,0.0029184,3.8402e-25,0,0.0026182,0.0022742,1.1513,0.014795
1.625,2.5067,0.005,-0.024562,0.003488,-2.5685e-24,0,0.0030484,0.002355,1.2945,0.014548
1.575,2.5568,0.005,-0.0047202,0.0037813,1.5062e-25,0,0.0034543,0.0023037,1.4995,0.014361
1.525,2.6068,0.005,0.019444,0.0035125,-6.3583e-25,0,0.0038904,0.0021146,1.8144,0.014241
1.475,2.6569,0.005,0.050717,0.0024862,-2.4185e-24,0,0.0044538,0.0017671,2.3078,0.014195
1.425,2.7069,0.005,0.094214,0.00040422,-7.3316e-25,0,0.0053144,0.0014829,3.0885,0.014216
1.375,2.7569,0.005,0.15724,-0.0023931,1.4023e-24,0,0.0064476,0.0012421,4.2088,0.014325
1.325,2.807,0.005,0.25101,-0.005931,2.7975e-24,0,0.0067891,0.00094707,5.2743,0.014402
1.275,2.86,0.005,0.38747,-0.0054745,-3.3816e-27,0,0.0031226,0.00053603,3.9365,0.01471
1.225,2.916,0.005,0.44216,-0.0010216,-1.08e-39,0,0.0010224,0.00058953,1.7342,0.014812
1.175,2.972,0.005,0.42748,-0.0024717,-1.8136e-25,0,0.0021469,0.00029135,7.3689,0.014767
4.175,0.024,0.005,-0.15605,0.0032191,0,0,0.00068744,0.00014142,4.8609,0.0025904
4.125,0.072,0.005,-0.1828,0.0086483,5.8953e-37,0,0.00048374,0.00022351,2.1643,0.0034436
4.075,0.12,0.005,-0.18728,0.014982,1.2065e-23,0,0.00051052,0.00038268,1.334,0.0041214
4.025,0.168,0.005,-0.18448,0.020909,9.4391e-24,0,0.00058759,0.00059654,0.985,0.0046862
3.975,0.216,0.005,-0.17901,0.027208,-1.4017e-38,0,0.00066918,0.00082391,0.8122,0.0051113
3.925,0.264,0.005,-0.17228,0.033494,2.6801e-37,0,0.00074039,0.0010354,0.71509,0.0054337
3.875,0.312,0.005,-0.16504,0.039805,6.7098e-24,0,0.00079824,0.0012181,0.6553,0.0056555
3.825,0.36,0.005,-0.15765,0.046106,-4.9397e-26,0,0.00084281,0.0013688,0.61572,0.0057909
3.775,0.408,0.005,-0.15028,0.052329,5.7776e-24,0,0.00087523,0.0014888,0.58788,0.0058626
3.725,0.456,0.005,-0.14297,0.058418,-1.1517e-23,0,0.00089691,0.0015813,0.56719,0.0058948
3.675,0.50502,0.005,-0.13565,0.06438,-1.1689e-23,0,0.00091039,0.0016542,0.55034,0.0058942
3.625,0.55506,0.005,-0.12833,0.070169,1.5523e-26,0,0.0009151,0.0017055,0.53654,0.0058821
3.575,0.60511,0.005,-0.12109,0.075717,-5.434e-24,0,0.00091173,0.0017371,0.52485,0.0058912
3.525,0.65515,0.005,-0.11396,0.081025,5.4467e-24,0,0.00090122,0.0017511,0.51466,0.0059335
3.475,0.70519,0.005,-0.10694,0.086096,4.6801e-24,0,0.00088445,0.001749,0.50568,0.0060177
3.425,0.75523,0.005,-0.10004,0.090934,5.6198e-24,0,0.0008623,0.0017321,0.49783,0.00615
3.375,0.80528,0.005,-0.093272,0.095549,5.7593e-24,0,0.00083564,0.0017013,0.49116,0.0063336
3.325,0.85532,0.005,-0.086656,0.099949,2.0968e-37,0,0.00080532,0.0016576,0.48584,0.0065698
3.275,0.90536,0.005,-0.080206,0.10414,-2.5639e-24,0,0.00077214,0.0016018,0.48206,0.0068586
3.225,0.9554,0.005,-0.073937,0.10812,6.4967e-33,0,0.00073686,0.0015348,0.48009,0.0071987
3.175,1.0054,0.005,-0.067866,0.11188,1.5942e-23,0,0.00070015,0.0014579,0.48023,0.007588
3.125,1.0555,0.005,-0.062014,0.11542,5.2859e-24,0,0.00066269,0.0013726,0.48278,0.0080237
3.075,1.1055,0.005,-0.056397,0.1187,0,0,0.00062515,0.0012809,0.48806,0.0085026
3.025,1.1556,0.005,-0.051038,0.1217,7.0393e-24,0,0.00058832,0.0011852,0.49639,0.0090208
2.975,1.2056,0.005,-0.045956,0.12434,3.6737e-37,0,0.00055326,0.0010889,0.50809,0.0095741
2.925,1.2557,0.005,-0.041165,0.12652,-4.8887e-37,0,0.00052145,0.00099611,0.52349,0.010157
2.875,1.3057,0.005,-0.036696,0.1281,7.6184e-38,0,0.00049521,0.00091206,0.54295,0.010763
2.825,1.3557,0.005,-0.032569,0.1288,-7.08e-24,0,0.00047769,0.00084308,0.5666,0.011384
2.775,1.4058,0.005,-0.028795,0.12837,6.7984e-25,0,0.00047263,0.00079589,0.59383,0.012004
2.725,1.4558,0.005,-0.025549,0.12673,9.2959e-25,0,0.00048645,0.000779,0.62446,0.012622
2.675,1.5059,0.005,-0.022724,0.12313,-1.6777e-23,0,0.00052087,0.0007958,0.65452,0.013214
2.625,1.5559,0.005,-0.02043,0.11739,2.034e-24,0,0.00057094,0.00084193,0.67814,0.013763
2.575,1.606,0.005,-0.018758,0.10974,-6.4913e-24,0,0.00062344,0.00090401,0.68964,0.014253
2.525,1.656,0.005,-0.017766,0.10075,1.2037e-23,0,0.00066203,0.00096443,0.68644,0.014678
2.475,1.706,0.005,-0.017498,0.091023,3.4504e-24,0,0.0006757,0.0010089,0.66971,0.015039
2.425,1.7561,0.005,-0.017983,0.081104,-7.706e-24,0,0.0006628,0.0010312,0.64274,0.015341
2.375,1.8061,0.005,-0.019248,0.071345,-3.3111e-24,0,0.00062944,0.0010328,0.60946,0.01559
2.325,1.8562,0.005,-0.021332,0.061992,9.2284e-24,0,0.00058542,0.0010209,0.57344,0.015793
2.275,1.9062,0.005,-0.024263,0.053127,7.4715e-24,0,0.00054051,0.0010048,0.53791,0.015956
2.225,1.9563,0.005,-0.02806,0.044784,-2.0226e-31,0,0.0005028,0.00099419,0.50574,0.016083
2.175,2.0063,0.005,-0.032744,0.036977,-8.8254e-24,0,0.00047875,0.00099812,0.47966,0.016176
2.125,2.0563,0.005,-0.038322,0.029703,4.7938e-24,0,0.00047456,0.0010255,0.46278,0.016233
2.075,2.1064,0.005,-0.044742,0.022963,4.3104e-24,0,0.00049813,0.0010823,0.46026,0.016254
2.025,2.1564,0.005,-0.051764,0.016801,-3.6782e-24,0,0.00056087,0.0011641,0.48182,0.016236
1.975,2.2065,0.005,-0.058684,0.011355,0,0,0.00068045,0.0012602,0.53997,0.016173
1.925,2.2565,0.005,-0.064035,0.0069043,-8.2631e-24,0,0.00088782,0.0013822,0.64234,0.016054
1.875,2.3066,0.005,-0.065779,0.0039158,-2.4043e-24,0,0.0012175,0.001566,0.77746,0.015877
1.825,2.3566,0.005,-0.062457,0.0023231,-3.24e-24,0,0.0016686,0.001817,0.91833,0.015641
1.775,2.4066,0.005,-0.053877,0.0019585,3.0511e-33,0,0.0021836,0.0020832,1.0482,0.015345
1.725,2.4567,0.005,-0.040855,0.0022071,-3.9003e-38,0,0.0026934,0.0022949,1.1736,0.015043
1.675,2.5067,0.005,-0.024135,0.002638,5.4491e-24,0,0.003165,0.0023987,1.3195,0.014764
1.625,2.5568,0.005,-0.0038814,0.0028989,-2.2957e-24,0,0.0036068,0.0023671,1.5238,0.014543
1.575,2.6068,0.005,0.020878,0.0026686,-6.105e-25,0,0.0040686,0.0021641,1.8364,0.014389
1.525,2.6569,0.005,0.05295,0.0017293,-1.1329e-24,0,0.0046441,0.0018126,2.3269,0.014308
1.475,2.7069,0.005,0.097246,-0.0002087,-1.5976e-24,0,0.0054872,0.0015219,3.0984,0.014303
1.425,2.7569,0.005,0.16049,-0.0028111,2.0969e-24,0,0.0065343,0.001269,4.1815,0.014387
1.375,2.807,0.005,0.25304,-0.0060786,3.4368e-24,0,0.0067704,0.00096733,5.201,0.014441
1.325,2.86,0.005,0.38524,-0.0056239,1.245e-24,0,0.0032484,0.00056903,4.002,0.014719
1.275,2.916,0.005,0.44075,-0.0011705,9.987e-26,0,0.0010618,0.00058909,1.8024,0.014812
1.225,2.972,0.005,0.42602,-0.002411,-3.298e-25,0,0.0021756,0.00029329,7.4179,0.014744
4.225,0.024,0.005,-0.1616,0.0029795,-1.182e-23,0,0.00070922,0.00014364,4.9374,0.0017291
4.175,0.072,0.005,-0.1881,0.0079792,-3.4272e-24,0,0.00048682,0.00022882,2.1275,0.0025388
4.125,0.12,0.005,-0.19213,0.013815,3.2272e-24,0,0.00051893,0.00040005,1.2972,0.0031987
4.075,0.168,0.005,-0.18899,0.019271,2.0954e-23,0,0.00060172,0.00062933,0.95613,0.0037635
4.025,0.216,0.005,-0.18319,0.025162,1.4522e-23,0,0.00068793,0.00087076,0.79004,0.0042012
3.975,0.264,0.005,-0.17614,0.031045,1.4128e-23,0,0.00076293,0.0010934,0.69777,0.004553
3.925,0.312,0.005,-0.16861,0.037038,1.2069e-23,0,0.00082412,0.0012847,0.6415,0.0048067
3.875,0.36,0.005,-0.16094,0.043083,-3.2822e-25,0,0.0008717,0.0014419,0.60453,0.0049753
3.825,0.408,0.005,-0.15327,0.04911,-1.1596e-23,0,0.00090689,0.0015672,0.57867,0.0050782
3.775,0.456,0.005,-0.14567,0.055059,-1.2254e-25,0,0.00093108,0.0016642,0.55946,0.0051364
3.725,0.50502,0.005,-0.13807,0.060928,-6.2249e-27,0,0.00094678,0.0017411,0.54378,0.0051555
3.675,0.55506,0.005,-0.13047,0.06666,-5.3525e-24,0,0.00095344,0.0017963,0.53078,0.0051561
3.625,0.60511,0.005,-0.12298,0.07218,-1.0469e-23,0,0.0009517,0.001832,0.5195,0.0051712
3.575,0.65515,0.005,-0.1156,0.077478,-8.5199e-38,0,0.00094245,0.0018502,0.50937,0.0052141
3.525,0.70519,0.005,-0.10836,0.082554,4.6115e-24,0,0.00092659,0.0018527,0.50013,0.0052952
3.475,0.75523,0.005,-0.10125,0.087411,0,0,0.00090498,0.0018405,0.49171,0.0054214
3.425,0.80528,0.005,-0.094296,0.092053,-5.613e-24,0,0.00087852,0.0018145,0.48417,0.0055975
3.375,0.85532,0.005,-0.087507,0.096487,-2.1471e-37,0,0.0008481,0.0017754,0.47769,0.005826
3.325,0.90536,0.005,-0.080895,0.10072,1.8764e-37,0,0.00081456,0.0017241,0.47245,0.0061077
3.275,0.9554,0.005,-0.074473,0.10475,6.3866e-33,0,0.00077867,0.0016612,0.46874,0.0064423
3.225,1.0054,0.005,-0.068258,0.10858,-2.8967e-24,0,0.00074113,0.0015876,0.46681,0.0068283
3.175,1.0555,0.005,-0.062266,0.11221,-1.3082e-23,0,0.00070255,0.0015044,0.467,0.0072638
3.125,1.1055,0.005,-0.056515,0.11561,0,0,0.00066352,0.001413,0.4696,0.007746
3.075,1.1556,0.005,-0.051024,0.11876,6.9405e-24,0,0.00062465,0.0013152,0.47495,0.0082718
3.025,1.2056,0.005,-0.045814,0.12163,7.1154e-24,0,0.00058666,0.0012137,0.48335,0.0088374
2.975,1.2557,0.005,-0.040906,0.12414,7.2551e-24,0,0.00055051,0.0011118,0.49515,0.0094387
2.925,1.3057,0.005,-0.03632,0.12622,-6.0399e-24,0,0.00051767,0.0010137,0.51066,0.01007
2.875,1.3557,0.005,-0.032089,0.12769,-1.4089e-25,0,0.00049043,0.0009249,0.53025,0.010724
2.825,1.4058,0.005,-0.028254,0.12829,4.2051e-25,0,0.00047196,0.00085183,0.55405,0.011394
2.775,1.4558,0.005,-0.024762,0.12775,-9.9528e-25,0,0.00046638,0.00080188,0.58161,0.012063
2.725,1.5059,0.005,-0.02187,0.12591,-1.5431e-24,0,0.00047964,0.00078324,0.61238,0.012725
2.675,1.5559,0.005,-0.019478,0.12223,-4.2481e-24,0,0.00051432,0.00080024,0.6427,0.013362
2.625,1.606,0.005,-0.017695,0.11638,0,0,0.00056487,0.0008477,0.66635,0.013951
2.575,1.656,0.005,-0.016587,0.10862,7.0013e-27,0,0.00061772,0.00091134,0.67781,0.014477
2.525,1.706,0.005,-0.0162,0.0995,1.9153e-24,0,0.00065653,0.00097293,0.6748,0.014933
2.475,1.7561,0.005,-0.016558,0.089654,4.0052e-24,0,0.00067085,0.0010184,0.65871,0.015318
2.425,1.8061,0.005,-0.017683,0.079603,3.1639e-25,0,0.00065972,0.0010423,0.63297,0.015638
2.375,1.8562,0.005,-0.019596,0.069691,-1.2912e-24,0,0.00062967,0.0010468,0.6015,0.0159
2.325,1.9062,0.005,-0.02233,0.060157,7.2361e-24,0,0.00059062,0.00104,0.56789,0.016111
2.275,1.9563,0.005,-0.025913,0.051089,-1.0529e-31,0,0.00055246,0.0010318,0.53543,0.016277
2.225,2.0063,0.005,-0.03037,0.042526,-3.6365e-24,0,0.00052363,0.0010325,0.50714,0.016402
2.175,2.0563,0.005,-0.035722,0.034488,-9.2962e-24,0,0.00051169,0.0010524,0.48623,0.016485
2.125,2.1064,0.005,-0.041953,0.026995,-1.8637e-23,0,0.00052524,0.0011,0.47749,0.016525
2.075,2.1564,0.005,-0.048881,0.020099,-4.109e-24,0,0.00057659,0.0011757,0.49043,0.016522
2.025,2.2065,0.005,-0.055905,0.013913,6.6776e-24,0,0.000684,0.0012685,0.53921,0.016471
1.975,2.2565,0.005,-0.061648,0.0086962,8.8533e-24,0,0.0008792,0.0013838,0.63534,0.016362
1.925,2.3066,0.005,-0.064124,0.0048332,1.539e-24,0,0.0012025,0.0015573,0.77215,0.016191
1.875,2.3566,0.005,-0.061499,0.0025725,-3.4252e-38,0,0.0016631,0.0018046,0.9216,0.015953
1.825,2.4066,0.005,-0.053405,0.0016985,0,0,0.0022074,0.0020794,1.0616,0.01565
1.775,2.4567,0.005,-0.040531,0.0016118,3.3515e-24,0,0.0027586,0.0023091,1.1947,0.015326
1.725,2.5067,0.005,-0.023672,0.0018525,-1.7366e-25,0,0.0032737,0.002435,1.3444,0.015017
1.675,2.5568,0.005,-0.0030652,0.0020414,1.4676e-25,0,0.0037538,0.0024242,1.5485,0.014759
1.625,2.6068,0.005,0.022249,0.0018331,-1.3186e-24,0,0.0042432,0.0022121,1.8586,0.01457
1.575,2.6569,0.005,0.055073,0.00096954,4.9708e-24,0,0.0048326,0.0018581,2.3482,0.014455
1.525,2.7069,0.005,0.1001,-0.00083033,-2.6761e-38,0,0.0056546,0.0015605,3.1106,0.014421
1.475,2.7569,0.005,0.16353,-0.0032371,2.7254e-32,0,0.0066145,0.0012948,4.1527,0.014475
1.425,2.807,0.005,0.25492,-0.0062369,2.8077e-24,0,0.006751,0.00098759,5.1288,0.014505
1.375,2.86,0.005,0.38303,-0.0057894,2.0534e-38,0,0.0033652,0.00060158,4.0465,0.014751
1.325,2.916,0.005,0.43926,-0.0013204,-5.7235e-26,0,0.0011021,0.00058968,1.869,0.014828
1.275,2.972,0.005,0.42454,-0.002383,0,0,0.0022015,0.00029503,7.462,0.014735
4.275,0.024,0.005,-0.16673,0.002763,-1.3443e-39,0,0.00072979,0.00014571,5.0086,0.00091765
4.225,0.072,0.005,-0.193,0.0073741,-1.2108e-23,0,0.00049055,0.00023415,2.095,0.0016831
4.175,0.12,0.005,-0.19662,0.012755,-1.9765e-23,0,0.00052775,0.00041714,1.2652,0.0023196
4.125,0.168,0.005,-0.19319,0.017788,1.1589e-23,0,0.00061585,0.00066098,0.93173,0.0028775
4.075,0.216,0.005,-0.18712,0.023278,7.2939e-24,0,0.00070625,0.00091516,0.77172,0.0033202
4.025,0.264,0.005,-0.17982,0.028778,1.4295e-36,0,0.00078468,0.0011476,0.68376,0.0036915
3.975,0.312,0.005,-0.17206,0.034451,2.8503e-37,0,0.00084889,0.0013462,0.6306,0.0039688
3.925,0.36,0.005,-0.16414,0.040227,-5.3385e-24,0,0.00089927,0.0015089,0.59597,0.0041646
3.875,0.408,0.005,-0.15622,0.046036,-5.5677e-24,0,0.00093708,0.0016386,0.5719,0.0042945
3.825,0.456,0.005,-0.14836,0.051815,-1.0814e-23,0,0.00096374,0.0017394,0.55408,0.0043767
3.775,0.50502,0.005,-0.14049,0.05756,1.5851e-23,0,0.00098171,0.0018196,0.53952,0.0044153
3.725,0.55506,0.005,-0.13261,0.063206,2.1143e-23,0,0.00099039,0.0018783,0.52729,0.0044294
3.675,0.60511,0.005,-0.12486,0.06867,-2.0962e-37,0,0.00099037,0.0019176,0.51646,0.0044519
3.625,0.65515,0.005,-0.11723,0.073935,-5.2366e-24,0,0.00098251,0.0019399,0.50647,0.0044969
3.575,0.70519,0.005,-0.10976,0.078994,-7.4079e-25,0,0.00096768,0.0019468,0.49707,0.004576
3.525,0.75523,0.005,-0.10244,0.083848,1.0841e-24,0,0.00094675,0.0019392,0.48821,0.0046972
3.475,0.80528,0.005,-0.095286,0.088499,-9.4762e-24,0,0.00092063,0.0019181,0.47996,0.0048663
3.425,0.85532,0.005,-0.088314,0.092951,-3.7222e-24,0,0.00089024,0.0018841,0.47251,0.005087
3.375,0.90536,0.005,-0.081531,0.097209,6.8745e-24,0,0.00085647,0.0018378,0.46604,0.0053611
3.325,0.9554,0.005,-0.07495,0.10128,9.1221e-24,0,0.00082013,0.0017797,0.46082,0.0056889
3.275,1.0054,0.005,-0.068582,0.10515,2.8448e-24,0,0.00078196,0.0017106,0.45711,0.00607
3.225,1.0555,0.005,-0.062443,0.10883,1.0119e-32,0,0.00074257,0.0016312,0.45522,0.0065029
3.175,1.1055,0.005,-0.056546,0.11231,0,0,0.00070252,0.0015424,0.45546,0.0069855
3.125,1.1556,0.005,-0.050912,0.11557,0,0,0.0006623,0.0014457,0.45813,0.0075153
3.075,1.2056,0.005,-0.045559,0.11858,-1.4708e-24,0,0.00062245,0.0013427,0.46357,0.008089
3.025,1.2557,0.005,-0.040508,0.1213,-1.0899e-37,0,0.00058361,0.0012363,0.47208,0.0087031
2.975,1.3057,0.005,-0.035784,0.12368,3.8872e-37,0,0.00054672,0.0011296,0.48399,0.009353
2.925,1.3557,0.005,-0.031413,0.12562,1.1131e-25,0,0.00051321,0.0010272,0.49965,0.010033
2.875,1.4058,0.005,-0.027425,0.12695,7.4357e-24,0,0.00048537,0.00093448,0.5194,0.010737
2.825,1.4558,0.005,-0.023878,0.12741,7.2552e-24,0,0.00046646,0.0008584,0.5434,0.011458
2.775,1.5059,0.005,-0.020707,0.12673,1.9922e-24,0,0.00046088,0.00080677,0.57127,0.012175
2.725,1.5559,0.005,-0.01817,0.12473,6.2903e-24,0,0.00047452,0.00078789,0.60227,0.01288
2.675,1.606,0.005,-0.01623,0.12085,-2.6301e-24,0,0.00050993,0.00080609,0.63259,0.01356
2.625,1.656,0.005,-0.014973,0.11484,-4.2734e-24,0,0.00056128,0.00085564,0.65598,0.014187
2.575,1.706,0.005,-0.014449,0.10694,5.2409e-24,0,0.00061445,0.00092112,0.66707,0.014746
2.525,1.7561,0.005,-0.014686,0.097685,-3.2058e-24,0,0.00065319,0.00098381,0.66394,0.015229
2.475,1.8061,0.005,-0.015692,0.08772,-9.11e-24,0,0.00066792,0.0010302,0.64832,0.015635
2.425,1.8562,0.005,-0.017475,0.077546,0,0,0.00065859,0.0010558,0.62377,0.01597
2.375,1.9062,0.005,-0.020053,0.067491,3.5722e-24,0,0.00063231,0.0010642,0.59418,0.016242
2.325,1.9563,0.005,-0.023449,0.057785,-1.089e-31,0,0.00059921,0.0010639,0.56322,0.016458
2.275,2.0063,0.005,-0.027692,0.04852,3.3501e-24,0,0.00056939,0.0010658,0.53425,0.016624
2.225,2.0563,0.005,-0.032819,0.039735,1.4943e-23,0,0.00055205,0.0010811,0.51063,0.016741
2.175,2.1064,0.005,-0.03886,0.031475,-1.3576e-37,0,0.0005568,0.0011205,0.49691,0.016807
2.125,2.1564,0.005,-0.045694,0.023824,-4.5285e-24,0,0.00059675,0.0011892,0.50183,0.016823
2.075,2.2065,0.005,-0.052792,0.016894,4.7484e-24,0,0.00069132,0.0012785,0.54074,0.016786
2.025,2.2565,0.005,-0.058885,0.0109,2.8885e-24,0,0.00087246,0.001388,0.62859,0.01669
1.975,2.3066,0.005,-0.062029,0.0062138,6.4654e-24,0,0.0011852,0.0015502,0.76451,0.016528
1.925,2.3566,0.005,-0.060222,0.0031352,5.2306e-24,0,0.0016502,0.0017907,0.92153,0.016291
1.875,2.4066,0.005,-0.052693,0.0016439,2.1803e-25,0,0.0022206,0.0020713,1.0721,0.015985
1.825,2.4567,0.005,-0.04006,0.0011589,1.1751e-25,0,0.002813,0.0023173,1.2139,0.015643
1.775,2.5067,0.005,-0.023146,0.0011542,-3.5114e-24,0,0.003373,0.0024643,1.3687,0.015305
1.725,2.5568,0.005,-0.0022515,0.0012256,0,0,0.003894,0.0024736,1.5742,0.015013
1.675,2.6068,0.005,0.023564,0.0010113,-6.0145e-25,0,0.0044132,0.0022584,1.8819,0.014787
1.625,2.6569,0.005,0.057094,0.00021158,-3.5171e-24,0,0.0050184,0.0019038,2.3721,0.014638
1.575,2.7069,0.005,0.10277,-0.0014522,-4.931e-39,0,0.0058146,0.0015977,3.1237,0.014572
1.525,2.7569,0.005,0.16636,-0.0036698,1.2069e-24,0,0.0066889,0.0013198,4.1244,0.014591
1.475,2.807,0.005,0.25666,-0.0064078,6.7754e-25,0,0.0067311,0.0010078,5.0575,0.014595
1.425,2.86,0.005,0.38084,-0.0059544,1.1817e-25,0,0.0034733,0.00063371,4.0736,0.014806
1.375,2.916,0.005,0.43767,-0.0014764,0,0,0.0011431,0.0005912,1.9334,0.014863
1.325,2.972,0.005,0.42302,-0.0023186,-1.4429e-25,0,0.0022248,0.00029658,7.5013,0.014746
4.325,0.024,0.005,-0.17149,0.0025672,-1.7852e-25,0,0.00074925,0.00014764,5.0749,0.00015576
4.275,0.072,0.005,-0.19752,0.006826,-1.3201e-24,0,0.00049481,0.00023948,2.0662,0.00087673
4.225,0.12,0.005,-0.20078,0.011791,-4.9912e-24,0,0.00053689,0.00043391,1.2373,0.0014864
4.175,0.168,0.005,-0.19711,0.016438,-2.206e-23,0,0.0006299,0.00069142,0.91102,0.0020316
4.125,0.216,0.005,-0.19081,0.021542,-6.8649e-24,0,0.00072409,0.00095716,0.7565,0.0024734
4.075,0.264,0.005,-0.18333,0.026685,-2.1424e-24,0,0.00080562,0.0011982,0.67238,0.0028549
4.025,0.312,0.005,-0.17538,0.032043,1.3587e-24,0,0.00087257,0.0014029,0.62198,0.0031483
3.975,0.36,0.005,-0.16726,0.03754,-8.3741e-38,0,0.00092552,0.0015702,0.58943,0.0033649
3.925,0.408,0.005,-0.15912,0.043113,-5.1289e-24,0,0.00096585,0.0017034,0.567,0.0035173
3.875,0.456,0.005,-0.15101,0.0487,-5.2176e-24,0,0.00099492,0.0018074,0.55047,0.0036206
3.825,0.50502,0.005,-0.14289,0.054294,7.1752e-38,0,0.0010152,0.0018905,0.53698,0.0036772
3.775,0.55506,0.005,-0.13475,0.059827,1.5043e-23,0,0.0010259,0.0019522,0.52552,0.0037049
3.725,0.60511,0.005,-0.12673,0.065208,1.0578e-23,0,0.0010277,0.0019949,0.51517,0.0037356
3.675,0.65515,0.005,-0.11885,0.070415,0,0,0.0010214,0.002021,0.50538,0.0037838
3.625,0.70519,0.005,-0.11114,0.075436,-5.162e-24,0,0.0010077,0.0020321,0.4959,0.0038619
3.575,0.75523,0.005,-0.1036,0.080266,-5.2343e-24,0,0.00098755,0.002029,0.48671,0.0039789
3.525,0.80528,0.005,-0.096243,0.084907,-3.9436e-24,0,0.00096187,0.0020127,0.4779,0.0041416
3.475,0.85532,0.005,-0.089081,0.089361,-5.4793e-24,0,0.00093161,0.0019836,0.46965,0.0043546
3.425,0.90536,0.005,-0.082123,0.09363,-9.0302e-24,0,0.0008977,0.0019424,0.46216,0.0046206
3.375,0.9554,0.005,-0.075376,0.097718,-8.9221e-24,0,0.00086101,0.0018895,0.45567,0.0049408
3.325,1.0054,0.005,-0.06885,0.10162,-6.0227e-24,0,0.00082233,0.0018255,0.45046,0.0053155
3.275,1.0555,0.005,-0.062557,0.10534,6.2342e-24,0,0.0007823,0.0017509,0.44679,0.0057438
3.225,1.1055,0.005,-0.05651,0.10887,2.1546e-24,0,0.00074147,0.0016664,0.44497,0.0062243
3.175,1.1556,0.005,-0.050726,0.1122,-6.6803e-24,0,0.00070031,0.0015727,0.4453,0.006755
3.125,1.2056,0.005,-0.045221,0.11531,-1.4273e-24,0,0.00065924,0.0014712,0.44809,0.0073332
3.075,1.2557,0.005,-0.040017,0.11817,1.3515e-37,0,0.00061872,0.0013638,0.45366,0.0079559
3.025,1.3057,0.005,-0.035137,0.12074,7.8932e-24,0,0.00057935,0.0012531,0.46233,0.0086193
2.975,1.3557,0.005,-0.030606,0.12296,8.3916e-26,0,0.00054201,0.0011425,0.47441,0.0093186
2.925,1.4058,0.005,-0.026455,0.12474,8.4828e-24,0,0.00050816,0.0010365,0.49026,0.010049
2.875,1.4558,0.005,-0.022715,0.1259,-8.6185e-24,0,0.00048011,0.00094093,0.51025,0.010802
2.825,1.5059,0.005,-0.019458,0.1262,-3.2892e-24,0,0.00046123,0.00086287,0.53453,0.011573
2.775,1.5559,0.005,-0.01664,0.12533,-6.9747e-24,0,0.00045624,0.00081084,0.56268,0.012337
2.725,1.606,0.005,-0.014479,0.12311,5.8355e-32,0,0.00047099,0.00079301,0.59393,0.013088
2.675,1.656,0.005,-0.013006,0.119,6.9397e-24,0,0.00050783,0.00081366,0.62412,0.013807
2.625,1.706,0.005,-0.012291,0.11278,-4.1843e-24,0,0.00056036,0.00086612,0.64698,0.01447
2.575,1.7561,0.005,-0.012372,0.1047,-4.3865e-24,0,0.00061384,0.00093373,0.65741,0.015059
2.525,1.8061,0.005,-0.013252,0.095305,1.2487e-23,0,0.00065237,0.00099756,0.65396,0.015565
2.475,1.8562,0.005,-0.01492,0.08522,-1.0603e-23,0,0.00066749,0.001045,0.63873,0.015989
2.425,1.9062,0.005,-0.017371,0.074927,-9.5013e-25,0,0.00066032,0.001073,0.6154,0.016335
2.375,1.9563,0.005,-0.020618,0.064735,-9.6119e-24,0,0.00063863,0.0010863,0.58791,0.016614
2.325,2.0063,0.005,-0.024677,0.054864,-1.1508e-23,0,0.00061282,0.0010945,0.55993,0.01683
2.275,2.0563,0.005,-0.02959,0.045395,-7.4102e-24,0,0.00059347,0.0011091,0.53506,0.01699
2.225,2.1064,0.005,-0.035432,0.036389,-5.4984e-24,0,0.00059144,0.0011425,0.51769,0.017093
2.175,2.1564,0.005,-0.042172,0.027971,4.7794e-24,0,0.00062082,0.0012036,0.51582,0.017136
2.125,2.2065,0.005,-0.049335,0.020292,1.253e-23,0,0.00070239,0.0012892,0.54485,0.017118
2.075,2.2565,0.005,-0.055733,0.013522,8.2189e-24,0,0.00086834,0.0013941,0.62287,0.017036
2.025,2.3066,0.005,-0.059506,0.0080019,2.1742e-25,0,0.001167,0.0015453,0.7552,0.016886
1.975,2.3566,0.005,-0.058543,0.00407,-3.3533e-24,0,0.0016305,0.0017761,0.91805,0.016656
1.925,2.4066,0.005,-0.051704,0.0018544,3.89e-24,0,0.0022228,0.0020595,1.0793,0.016346
1.875,2.4567,0.005,-0.039413,0.00088122,-4.0807e-24,0,0.0028554,0.00232,1.2308,0.015991
1.825,2.5067,0.005,-0.022529,0.00056825,-3.8915e-24,0,0.0034618,0.0024871,1.3919,0.015629
1.775,2.5568,0.005,-0.0014208,0.00047257,1.6639e-25,0,0.0040257,0.002516,1.6,0.015303
1.725,2.6068,0.005,0.024835,0.00021625,-6.0031e-25,0,0.004579,0.0023039,1.9094,0.015041
1.675,2.6569,0.005,0.059004,-0.00053724,-9.4033e-24,0,0.0051987,0.0019484,2.3975,0.014857
1.625,2.7069,0.005,0.10526,-0.0020668,-5.0829e-24,0,0.0059658,0.0016333,3.1361,0.014756
1.575,2.7569,0.005,0.169,-0.0041045,1.4711e-24,0,0.0067579,0.0013439,4.0977,0.014737
1.525,2.807,0.005,0.25825,-0.0065915,2.5342e-24,0,0.0067106,0.001028,4.987,0.014714
1.475,2.86,0.005,0.37866,-0.0061192,1.7046e-38,0,0.003573,0.00066543,4.087,0.014889
1.425,2.916,0.005,0.43598,-0.0016402,-9.8495e-26,0,0.0011843,0.00059353,1.9953,0.014923
1.375,2.972,0.005,0.42145,-0.0022529,0,0,0.0022455,0.00029796,7.5363,0.014787
4.375,0.024,0.005,-0.17591,0.0023899,3.1411e-37,0,0.00076767,0.00014944,5.137,-0.00055745
4.325,0.072,0.005,-0.20171,0.0063286,-1.1623e-24,0,0.00049951,0.00024478,2.0406,0.00011961
4.275,0.12,0.005,-0.20463,0.010914,5.0761e-24,0,0.00054623,0.0004503,1.213,0.0007001
4.225,0.168,0.005,-0.20075,0.015209,-3.914e-24,0,0.00064381,0.00072065,0.89338,0.0012281
4.175,0.216,0.005,-0.19428,0.019949,-1.2875e-23,0,0.00074145,0.00099682,0.74381,0.0016639
4.125,0.264,0.005,-0.18665,0.024757,2.1993e-24,0,0.00082576,0.0012453,0.66309,0.0020477
4.075,0.312,0.005,-0.17856,0.029805,4.2923e-24,0,0.00089518,0.0014552,0.61514,0.0023508
4.025,0.36,0.005,-0.17028,0.03502,1.0077e-23,0,0.00095052,0.0016263,0.58446,0.0025822
3.975,0.408,0.005,-0.16194,0.040346,1.0488e-23,0,0.00099322,0.0017625,0.56353,0.0027521
3.925,0.456,0.005,-0.15362,0.045723,3.6036e-37,0,0.0010247,0.0018691,0.54822,0.0028729
3.875,0.50502,0.005,-0.14526,0.051143,4.8632e-24,0,0.0010472,0.0019546,0.53575,0.0029454
3.825,0.55506,0.005,-0.13686,0.056536,-1.0213e-23,0,0.0010601,0.0020191,0.52504,0.0029859
3.775,0.60511,0.005,-0.12858,0.06181,-9.4369e-24,0,0.0010638,0.0020649,0.51518,0.0030248
3.725,0.65515,0.005,-0.12046,0.066935,5.0207e-24,0,0.001059,0.0020946,0.50562,0.0030769
3.675,0.70519,0.005,-0.1125,0.071895,4.3577e-24,0,0.0010466,0.0021096,0.49613,0.0031547
3.625,0.75523,0.005,-0.10473,0.076682,-5.1109e-24,0,0.0010274,0.0021109,0.48669,0.0032683
3.575,0.80528,0.005,-0.097168,0.081294,-3.8805e-24,0,0.0010022,0.0020992,0.47744,0.0034251
3.525,0.85532,0.005,-0.089811,0.085732,8.9571e-24,0,0.00097215,0.0020749,0.46854,0.0036304
3.475,0.90536,0.005,-0.082671,0.089999,8.8368e-24,0,0.00093817,0.0020386,0.46021,0.0038881
3.425,0.9554,0.005,-0.075754,0.094093,4.3015e-25,0,0.00090119,0.0019908,0.45268,0.0041999
3.375,1.0054,0.005,-0.069068,0.098016,3.1177e-24,0,0.00086205,0.001932,0.44621,0.0045669
3.325,1.0555,0.005,-0.062619,0.10176,-8.5237e-24,0,0.00082146,0.0018625,0.44104,0.0049889
3.275,1.1055,0.005,-0.056419,0.10533,-8.4184e-24,0,0.00078,0.001783,0.43747,0.0054652
3.225,1.1556,0.005,-0.050481,0.10871,-6.5386e-24,0,0.00073811,0.0016938,0.43578,0.0059941
3.175,1.2056,0.005,-0.044821,0.11188,-1.3889e-24,0,0.00069619,0.0015958,0.43627,0.0065737
3.125,1.2557,0.005,-0.039458,0.11483,-1.1567e-37,0,0.00065458,0.0014902,0.43925,0.0072013
3.075,1.3057,0.005,-0.034413,0.11753,5.4313e-25,0,0.00061367,0.0013789,0.44503,0.0078737
3.025,1.3557,0.005,-0.029712,0.11994,7.3953e-24,0,0.00057402,0.0012646,0.45392,0.0085871
2.975,1.4058,0.005,-0.025383,0.12198,-1.5253e-23,0,0.00053651,0.0011507,0.46624,0.0093368
2.925,1.4558,0.005,-0.02146,0.12358,1.0532e-24,0,0.00050261,0.001042,0.48236,0.010117
2.875,1.5059,0.005,-0.017976,0.12455,-1.6748e-24,0,0.00047471,0.00094438,0.50267,0.01092
2.825,1.5559,0.005,-0.015018,0.12465,-1.2177e-23,0,0.00045641,0.00086556,0.52729,0.011738
2.775,1.606,0.005,-0.012567,0.12357,1.3094e-23,0,0.00045261,0.00081435,0.55579,0.01255
2.725,1.656,0.005,-0.010812,0.12107,-3.1518e-37,0,0.00046925,0.00079898,0.58731,0.013345
2.675,1.706,0.005,-0.0098275,0.11668,-9.5498e-24,0,0.00050824,0.0008234,0.61724,0.014103
2.625,1.7561,0.005,-0.0096768,0.11021,-4.0736e-24,0,0.00056235,0.00087959,0.63933,0.014799
2.575,1.8061,0.005,-0.01038,0.10191,1.0013e-23,0,0.0006162,0.00094967,0.64886,0.015413
2.525,1.8562,0.005,-0.011916,0.092365,-1.2417e-24,0,0.00065453,0.0010148,0.64498,0.015939
2.475,1.9062,0.005,-0.014253,0.082157,5.58e-24,0,0.00067032,0.0010638,0.63014,0.016376
2.425,1.9563,0.005,-0.017373,0.071745,1.1592e-23,0,0.00066601,0.0010951,0.6082,0.01673
2.375,2.0063,0.005,-0.021283,0.061417,1.4212e-23,0,0.00065004,0.0011149,0.58307,0.01701
2.325,2.0563,0.005,-0.026016,0.05137,6.5174e-24,0,0.00063313,0.0011335,0.55855,0.017221
2.275,2.1064,0.005,-0.031665,0.041704,-4.0497e-24,0,0.00062721,0.0011637,0.53898,0.017369
2.225,2.1564,0.005,-0.03829,0.032543,-6.9272e-25,0,0.00064748,0.0012179,0.53164,0.017453
2.175,2.2065,0.005,-0.045517,0.024092,-4.587e-24,0,0.00071656,0.0012995,0.55143,0.017462
2.125,2.2565,0.005,-0.05219,0.016552,-1.4275e-24,0,0.00086715,0.0014012,0.61887,0.017396
2.075,2.3066,0.005,-0.056532,0.010203,5.0353e-24,0,0.0011491,0.0015425,0.74496,0.01726
2.025,2.3566,0.005,-0.05642,0.0053895,-6.4659e-24,0,0.0016055,0.0017616,0.91136,0.017041
1.975,2.4066,0.005,-0.050376,0.0023794,-5.3197e-24,0,0.0022138,0.0020444,1.0829,0.016734
1.925,2.4567,0.005,-0.038551,0.00081784,-4.4e-24,0,0.0028847,0.0023174,1.2448,0.016369
1.875,2.5067,0.005,-0.021792,0.00012441,4.2518e-24,0,0.0035388,0.0025039,1.4133,0.015986
1.825,2.5568,0.005,-0.00054949,-0.00019282,-4.0909e-24,0,0.0041483,0.0025517,1.6257,0.015629
1.775,2.6068,0.005,0.026072,-0.00053565,-5.9011e-25,0,0.0047369,0.0023471,1.938,0.015332
1.725,2.6569,0.005,0.060798,-0.0012653,-2.1042e-32,0,0.0053695,0.0019906,2.4242,0.015112
1.675,2.7069,0.005,0.10758,-0.0026686,2.4372e-24,0,0.0061084,0.0016672,3.1481,0.014974
1.625,2.7569,0.005,0.17145,-0.0045378,8.2722e-25,0,0.0068218,0.001367,4.0721,0.014916
1.575,2.807,0.005,0.25969,-0.0067855,3.6459e-24,0,0.0066893,0.001048,4.9169,0.014864
1.525,2.86,0.005,0.37648,-0.0062845,3.0663e-24,0,0.0036645,0.00069673,4.0896,0.015
1.475,2.916,0.005,0.4342,-0.0018104,7.2125e-25,0,0.0012257,0.00059651,2.0548,0.01501
1.425,2.972,0.005,0.41983,-0.002193,5.0382e-25,0,0.0022639,0.00029918,7.5671,0.014853
4.425,0.024,0.005,-0.18002,0.0022293,7.926e-24,0,0.00078515,0.00015113,5.1953,-0.0012233
4.375,0.072,0.005,-0.20558,0.0058766,1.0253e-24,0,0.00050457,0.00025005,2.0179,-0.00058915
4.325,0.12,0.005,-0.20821,0.010115,1.1503e-23,0,0.00055573,0.00046631,1.1918,-3.9326e-05
4.275,0.168,0.005,-0.20415,0.014087,8.9786e-24,0,0.00065754,0.00074868,0.87827,0.00046818
4.225,0.216,0.005,-0.19754,0.01849,1.2295e-23,0,0.0007583,0.0010343,0.73316,0.00089348
4.175,0.264,0.005,-0.1898,0.022981,1.3148e-24,0,0.00084511,0.0012893,0.65548,0.0012736
4.125,0.312,0.005,-0.18159,0.027726,0,0,0.00091677,0.0015036,0.6097,0.0015806
4.075,0.36,0.005,-0.17318,0.032661,-4.2543e-24,0,0.00097432,0.0016778,0.58072,0.0018212
4.025,0.408,0.005,-0.16468,0.037732,5.0673e-37,0,0.0010193,0.0018163,0.56117,0.0020037
3.975,0.456,0.005,-0.15617,0.042886,2.3866e-25,0,0.001053,0.0019251,0.547,0.0021381
3.925,0.50502,0.005,-0.14758,0.048114,1.7064e-37,0,0.0010778,0.0020127,0.5355,0.002224
3.875,0.55506,0.005,-0.13894,0.053347,4.634e-24,0,0.0010929,0.0020796,0.52553,0.0022757
3.825,0.60511,0.005,-0.13041,0.058489,-1.4398e-23,0,0.0010986,0.0021284,0.51617,0.0023224
3.775,0.65515,0.005,-0.12203,0.063509,-1.3287e-23,0,0.0010955,0.0021615,0.50685,0.0023785
3.725,0.70519,0.005,-0.11383,0.068387,-8.5003e-33,0,0.0010845,0.0021804,0.49738,0.0024566
3.675,0.75523,0.005,-0.10584,0.07311,4.0445e-24,0,0.0010662,0.0021859,0.48776,0.0025671
3.625,0.80528,0.005,-0.098055,0.077675,7.614e-33,0,0.0010417,0.0021786,0.47814,0.0027183
3.575,0.85532,0.005,-0.090501,0.08208,-3.5569e-24,0,0.0010119,0.0021588,0.46871,0.0029162
3.525,0.90536,0.005,-0.083177,0.086328,-2.0654e-24,0,0.00097785,0.0021272,0.45969,0.0031652
3.475,0.9554,0.005,-0.076088,0.090417,5.5272e-24,0,0.00094061,0.0020842,0.45131,0.0034681
3.425,1.0054,0.005,-0.069238,0.094344,5.4211e-24,0,0.00090105,0.0020303,0.4438,0.0038264
3.375,1.0555,0.005,-0.062633,0.098107,5.9321e-24,0,0.00085994,0.001966,0.4374,0.0042407
3.325,1.1055,0.005,-0.056279,0.1017,-4.0836e-24,0,0.00081789,0.0018916,0.43237,0.0047107
3.275,1.1556,0.005,-0.050187,0.10511,6.3947e-24,0,0.00077538,0.0018075,0.42898,0.0052355
3.225,1.2056,0.005,-0.044371,0.10834,1.3557e-24,0,0.00073279,0.0017141,0.4275,0.0058135
3.175,1.2557,0.005,-0.038847,0.11135,6.8935e-24,0,0.00069041,0.0016122,0.42823,0.0064427
3.125,1.3057,0.005,-0.033635,0.11414,-1.1283e-37,0,0.00064852,0.0015031,0.43147,0.0071204
3.075,1.3557,0.005,-0.028759,0.11667,-7.3503e-24,0,0.00060747,0.0013884,0.43752,0.0078433
3.025,1.4058,0.005,-0.024245,0.11889,7.6173e-24,0,0.00056778,0.001271,0.44671,0.0086074
2.975,1.4558,0.005,-0.020126,0.12075,1.6665e-23,0,0.00053035,0.0011545,0.45935,0.009408
2.925,1.5059,0.005,-0.016439,0.12214,-1.4667e-23,0,0.00049668,0.0010438,0.47585,0.010239
2.875,1.5559,0.005,-0.013225,0.1229,7.9136e-24,0,0.00046936,0.00094523,0.49656,0.011092
2.825,1.606,0.005,-0.010577,0.12277,-3.0449e-24,0,0.00045211,0.0008667,0.52164,0.011957
2.775,1.656,0.005,-0.0085064,0.12143,-3.5476e-37,0,0.00045021,0.00081769,0.55059,0.012815
2.725,1.706,0.005,-0.007187,0.11861,1.7279e-23,0,0.00046957,0.00080632,0.58236,0.013652
2.675,1.7561,0.005,-0.0067166,0.11389,-1.5132e-23,0,0.00051147,0.00083587,0.61189,0.014446
2.625,1.8061,0.005,-0.0071533,0.10711,0,0,0.00056755,0.00089662,0.63299,0.01517
2.575,1.8562,0.005,-0.0084947,0.098586,4.9017e-24,0,0.00062192,0.00096954,0.64146,0.015806
2.525,1.9062,0.005,-0.010693,0.088871,-5.8274e-24,0,0.00066026,0.0010363,0.63712,0.016346
2.475,1.9563,0.005,-0.013696,0.078538,3.6729e-25,0,0.00067732,0.0010875,0.62281,0.016791
2.425,2.0063,0.005,-0.017476,0.067998,1.423e-37,0,0.0006768,0.0011234,0.60247,0.017147
2.375,2.0563,0.005,-0.022071,0.057521,1.238e-23,0,0.00066771,0.0011511,0.58007,0.017423
2.325,2.1064,0.005,-0.027565,0.047345,7.2267e-24,0,0.00066172,0.0011819,0.5599,0.017627
2.275,2.1564,0.005,-0.034062,0.037544,-1.0249e-23,0,0.00067483,0.00123,0.54863,0.017761
2.225,2.2065,0.005,-0.041332,0.028289,1.0261e-26,0,0.00073268,0.0013074,0.5604,0.017811
2.175,2.2565,0.005,-0.048239,0.019964,-5.2133e-24,0,0.00086871,0.0014078,0.61707,0.017768
2.125,2.3066,0.005,-0.053097,0.012807,-1.1226e-23,0,0.0011326,0.0015417,0.73465,0.017647
2.075,2.3566,0.005,-0.053818,0.0071017,5.0827e-24,0,0.0015766,0.0017481,0.90187,0.017442
2.025,2.4066,0.005,-0.048651,0.0032429,-1.6107e-38,0,0.0021943,0.0020269,1.0826,0.017142
1.975,2.4567,0.005,-0.037422,0.0010091,2.8636e-25,0,0.0028998,0.0023098,1.2554,0.016772
1.925,2.5067,0.005,-0.020902,-0.0001459,1.3727e-23,0,0.0036019,0.0025149,1.4322,0.016372
1.875,2.5568,0.005,0.00038333,-0.00074463,2.0378e-25,0,0.0042578,0.0025819,1.6491,0.015989
1.825,2.6068,0.005,0.027284,-0.0012219,-4.5527e-24,0,0.0048823,0.0023859,1.9645,0.015659
1.775,2.6569,0.005,0.062485,-0.0019578,-1.0031e-24,0,0.005529,0.0020298,2.4499,0.015403
1.725,2.7069,0.005,0.10974,-0.0032524,1.4045e-38,0,0.0062416,0.001699,3.1571,0.015226
1.675,2.7569,0.005,0.17371,-0.0049667,-2.0025e-24,0,0.0068807,0.0013894,4.0472,0.015129
1.625,2.807,0.005,0.26097,-0.006986,-1.2793e-24,0,0.0066676,0.001068,4.8477,0.015046
1.575,2.86,0.005,0.37432,-0.0064498,-9.0071e-25,0,0.0037482,0.00072757,4.0835,0.01514
1.525,2.916,0.005,0.4323,-0.0019859,-1.5026e-39,0,0.0012674,0.00060002,2.1123,0.015127
1.475,2.972,0.005,0.41816,-0.0021379,5.7019e-25,0,0.0022801,0.00030025,7.594,0.014944
4.475,0.024,0.005,-0.18385,0.0020837,-1.0959e-25,0,0.00080174,0.00015271,5.25,-0.0018433
4.425,0.072,0.005,-0.20917,0.0054651,-1.8122e-24,0,0.00050993,0.00025527,1.9976,-0.0012508
4.375,0.12,0.005,-0.21153,0.0093848,-2.741e-24,0,0.00056532,0.00048191,1.1731,-0.00073246
4.325,0.168,0.005,-0.20732,0.013064,1.5357e-23,0,0.00067106,0.00077555,0.86528,-0.00024787
4.275,0.216,0.005,-0.20059,0.017152,-2.7761e-24,0,0.00077465,0.0010697,0.72419,0.00016352
4.225,0.264,0.005,-0.19277,0.021344,3.1972e-24,0,0.00086371,0.0013304,0.6492,0.00053535
4.175,0.312,0.005,-0.18448,0.025798,3.6075e-24,0,0.0009374,0.0015485,0.60537,0.00084121
4.125,0.36,0.005,-0.17596,0.030455,4.9857e-24,0,0.00099699,0.0017251,0.57793,0.0010861
4.075,0.408,0.005,-0.16732,0.035269,-4.8339e-24,0,0.0010441,0.0018656,0.55966,0.0012764
4.025,0.456,0.005,-0.15864,0.040191,-8.0843e-24,0,0.00108,0.001976,0.54657,0.0014206
3.975,0.50502,0.005,-0.14984,0.045213,-5.0719e-25,0,0.0011071,0.0020655,0.536,0.0015169
3.925,0.55506,0.005,-0.14097,0.050266,4.4339e-24,0,0.0011244,0.0021346,0.52675,0.0015781
3.875,0.60511,0.005,-0.13219,0.055257,3.9342e-25,0,0.0011321,0.0021861,0.51787,0.0016315
3.825,0.65515,0.005,-0.12357,0.06015,-4.7731e-24,0,0.0011309,0.0022226,0.50881,0.0016911
3.775,0.70519,0.005,-0.11513,0.064924,8.271e-33,0,0.0011213,0.0022453,0.49938,0.0017696
3.725,0.75523,0.005,-0.1069,0.069564,2.0455e-37,0,0.0011041,0.002255,0.48961,0.0018774
3.675,0.80528,0.005,-0.098903,0.074064,0,0,0.0010802,0.002252,0.47967,0.0020233
3.625,0.85532,0.005,-0.091147,0.07842,-7.0644e-41,0,0.0010508,0.0022367,0.46978,0.0022139
3.575,0.90536,0.005,-0.083638,0.082633,-5.2074e-24,0,0.0010168,0.0022095,0.46019,0.0024541
3.525,0.9554,0.005,-0.076376,0.086701,-2.9563e-24,0,0.00097928,0.0021709,0.4511,0.0027475
3.475,1.0054,0.005,-0.069363,0.090622,-1.114e-23,0,0.00093931,0.0021215,0.44275,0.0030961
3.425,1.0555,0.005,-0.062601,0.09439,-2.3609e-24,0,0.00089767,0.002062,0.43534,0.0035013
3.375,1.1055,0.005,-0.056094,0.097999,6.0077e-24,0,0.00085504,0.0019926,0.42912,0.0039633
3.325,1.1556,0.005,-0.04985,0.10144,5.1151e-38,0,0.00081194,0.0019136,0.42431,0.0044818
3.275,1.2056,0.005,-0.043878,0.1047,-5.1752e-24,0,0.00076877,0.0018253,0.42118,0.0050557
3.225,1.2557,0.005,-0.038195,0.10777,6.7646e-24,0,0.00072579,0.0017281,0.42,0.0056835
3.175,1.3057,0.005,-0.032816,0.11062,4.9999e-25,0,0.00068322,0.0016227,0.42105,0.0063629
3.125,1.3557,0.005,-0.027764,0.11323,-2.95e-26,0,0.0006413,0.0015103,0.42463,0.0070913
3.075,1.4058,0.005,-0.023064,0.11558,9.7583e-25,0,0.00060031,0.0013927,0.43104,0.0078652
3.025,1.4558,0.005,-0.018746,0.11762,-9.9274e-24,0,0.0005608,0.0012728,0.44061,0.0086807
2.975,1.5059,0.005,-0.014844,0.11927,6.3278e-24,0,0.00052365,0.0011542,0.45368,0.0095324
2.925,1.5559,0.005,-0.011404,0.12044,-4.7222e-24,0,0.00049057,0.0010423,0.47063,0.010414
2.875,1.606,0.005,-0.0084734,0.12095,3.0807e-24,0,0.00046418,0.00094371,0.49187,0.011316
2.825,1.656,0.005,-0.0061504,0.12055,7.6309e-24,0,0.00044858,0.00086678,0.51752,0.012227
2.775,1.706,0.005,-0.0044789,0.11891,-1.1895e-23,0,0.00044936,0.00082141,0.54706,0.013131
2.725,1.7561,0.005,-0.0036235,0.11572,5.0623e-37,0,0.00047233,0.00081574,0.57901,0.014007
2.675,1.8061,0.005,-0.0036956,0.11062,3.4099e-25,0,0.00051787,0.00085176,0.608,0.014833
2.625,1.8562,0.005,-0.0047415,0.10351,1.205e-37,0,0.00057633,0.00091783,0.62793,0.015581
2.575,1.9062,0.005,-0.006732,0.094724,6.1389e-24,0,0.00063148,0.00099404,0.63527,0.016233
2.525,1.9563,0.005,-0.0095924,0.084837,5.5297e-24,0,0.00067031,0.0010631,0.63054,0.016782
2.475,2.0063,0.005,-0.013251,0.074362,5.7074e-24,0,0.00068936,0.0011174,0.61695,0.017228
2.425,2.0563,0.005,-0.017727,0.063699,-1.4744e-23,0,0.00069343,0.0011585,0.59854,0.017582
2.375,2.1064,0.005,-0.023122,0.053129,-1.5895e-23,0,0.0006924,0.0011947,0.57955,0.017853
2.325,2.1564,0.005,-0.029475,0.042839,-6.308e-24,0,0.00070133,0.001182,0.56617,0.018044
2.275,2.2065,0.005,-0.036696,0.032903,-4.866e-24,0,0.00074823,0.0012185,0.57128,0.018149
2.225,2.2565,0.005,-0.043882,0.023701,1.4738e-23,0,0.00087216,0.0014118,0.61778,0.018144
2.175,2.3066,0.005,-0.049187,0.015779,3.2987e-24,0,0.0011179,0.0015416,0.72512,0.01804
2.125,2.3566,0.005,-0.050709,0.0092021,-2.1888e-24,0,0.0015453,0.0017359,0.89021,0.017851
2.075,2.4066,0.005,-0.046482,0.0044581,5.0799e-24,0,0.0021653,0.0020078,1.0784,0.017564
2.025,2.4567,0.005,-0.035971,0.0014833,0,0,0.0029002,0.0022976,1.2622,0.017195
1.975,2.5067,0.005,-0.019816,-0.00021134,-4.6956e-24,0,0.0036489,0.0025199,1.448,0.016784
1.925,2.5568,0.005,0.0014083,-0.0011581,4.8704e-24,0,0.0043519,0.0026062,1.6698,0.016379
1.875,2.6068,0.005,0.028495,-0.0018205,1.085e-24,0,0.0050145,0.0024204,1.9889,0.016019
1.825,2.6569,0.005,0.064081,-0.0025998,6.4865e-24,0,0.005677,0.0020659,2.4741,0.015728
1.775,2.7069,0.005,0.11174,-0.0038118,-3.0221e-24,0,0.0063655,0.0017289,3.1641,0.015513
1.725,2.7569,0.005,0.17579,-0.0053878,-1.2112e-24,0,0.0069349,0.001411,4.0225,0.015375
1.675,2.807,0.005,0.2621,-0.0071895,-9.7094e-25,0,0.0066458,0.0010879,4.7795,0.01526
1.625,2.86,0.005,0.37217,-0.0066131,-1.093e-24,0,0.0038244,0.00075794,4.0699,0.015311
1.575,2.916,0.005,0.43031,-0.0021655,-9.6008e-25,0,0.0013095,0.00060394,2.1682,0.015273
1.525,2.972,0.005,0.41644,-0.0020863,0,0,0.0022941,0.00030117,7.6173,0.015062
4.525,0.024,0.005,-0.18742,0.0019517,-9.1124e-26,0,0.00081753,0.00015421,5.3015,-0.0024192
4.475,0.072,0.005,-0.2125,0.0050899,-8.0217e-25,0,0.00051555,0.00026044,1.9795,-0.0018669
4.425,0.12,0.005,-0.21461,0.0087177,-5.7119e-24,0,0.00057496,0.00049711,1.1566,-0.0013803
4.375,0.168,0.005,-0.21027,0.012129,7.5366e-24,0,0.00068434,0.00080129,0.85405,-0.00092028
4.325,0.216,0.005,-0.20345,0.015923,1.2965e-23,0,0.00079051,0.0011032,0.71657,-0.00052534
4.275,0.264,0.005,-0.19558,0.019834,2.9086e-24,0,0.0008816,0.0013689,0.644,-0.00016532
4.225,0.312,0.005,-0.18722,0.024008,3.3085e-24,0,0.00095714,0.0015901,0.60192,0.00013516
4.175,0.36,0.005,-0.17862,0.028393,0,0,0.0010186,0.0017688,0.57588,0.00037994
4.125,0.408,0.005,-0.16986,0.032951,4.606e-24,0,0.0010677,0.0019107,0.55881,0.00057397
4.075,0.456,0.005,-0.16102,0.037635,-3.9547e-24,0,0.0011058,0.0020225,0.54674,0.00072412
4.025,0.50502,0.005,-0.15204,0.04244,-4.5146e-24,0,0.0011351,0.0021135,0.53707,0.00082787
3.975,0.55506,0.005,-0.14294,0.0473,4.2304e-24,0,0.0011546,0.0021847,0.52852,0.00089624
3.925,0.60511,0.005,-0.13393,0.052122,-7.9331e-38,0,0.0011645,0.0022388,0.52012,0.00095506
3.875,0.65515,0.005,-0.12506,0.05687,4.6324e-24,0,0.0011651,0.0022786,0.51131,0.0010176
3.825,0.70519,0.005,-0.11638,0.06152,8.6726e-24,0,0.001157,0.0023051,0.50192,0.0010961
3.775,0.75523,0.005,-0.10792,0.066057,1.2405e-23,0,0.001141,0.002319,0.49201,0.0012013
3.725,0.80528,0.005,-0.099705,0.070473,4.7997e-24,0,0.0011179,0.0023204,0.48177,0.001342
3.675,0.85532,0.005,-0.091748,0.074763,-1.4989e-38,0,0.0010888,0.0023094,0.47148,0.0015253
3.625,0.90536,0.005,-0.084052,0.078925,8.2251e-24,0,0.0010549,0.0022864,0.46138,0.0017566
3.575,0.9554,0.005,-0.076617,0.082959,5.8039e-24,0,0.0010172,0.002252,0.4517,0.0020399
3.525,1.0054,0.005,-0.069442,0.08686,8.0351e-24,0,0.00097681,0.0022068,0.44264,0.0023782
3.475,1.0555,0.005,-0.062524,0.090622,1.982e-37,0,0.00093464,0.0021514,0.43442,0.0027731
3.425,1.1055,0.005,-0.055867,0.094238,8.4436e-38,0,0.00089142,0.0020865,0.42723,0.0032255
3.375,1.1556,0.005,-0.049472,0.097696,2.0167e-37,0,0.00084773,0.0020123,0.42127,0.0037356
3.325,1.2056,0.005,-0.043348,0.10099,-7.659e-24,0,0.00080398,0.001929,0.41678,0.004303
3.275,1.2557,0.005,-0.037507,0.10409,-6.6299e-24,0,0.00076046,0.0018369,0.414,0.0049265
3.225,1.3057,0.005,-0.031964,0.107,-4.8521e-25,0,0.00071737,0.0017361,0.4132,0.0056045
3.175,1.3557,0.005,-0.026738,0.10968,-2.199e-26,0,0.00067486,0.0016275,0.41465,0.0063347
3.125,1.4058,0.005,-0.021853,0.11212,-1.4986e-23,0,0.0006331,0.0015122,0.41866,0.0071143
3.075,1.4558,0.005,-0.017336,0.11428,-6.7295e-24,0,0.00059237,0.0013921,0.42552,0.0079398
3.025,1.5059,0.005,-0.013222,0.1161,6.3737e-24,0,0.0005532,0.0012701,0.43557,0.0088068
2.975,1.5559,0.005,-0.0095469,0.11754,8.258e-24,0,0.00051665,0.0011503,0.44915,0.0097098
2.925,1.606,0.005,-0.0063645,0.11846,-1.1459e-23,0,0.0004844,0.001038,0.46668,0.010641
2.875,1.656,0.005,-0.0037307,0.1187,8.3624e-24,0,0.00045944,0.00094043,0.48854,0.011592
2.825,1.706,0.005,-0.0017512,0.11799,-1.8471e-31,0,0.00044617,0.0008665,0.51491,0.01255
2.775,1.7561,0.005,-0.00050089,0.11599,1.2778e-23,0,0.00045047,0.0008266,0.54497,0.013495
2.725,1.8061,0.005,-0.00014001,0.11239,-6.4861e-24,0,0.00047783,0.00082819,0.57695,0.014407
2.675,1.8562,0.005,-0.00078524,0.10687,-5.174e-24,0,0.00052765,0.00087171,0.60531,0.01526
2.625,1.9062,0.005,-0.0024615,0.099388,6.5183e-24,0,0.00058912,0.00094395,0.62411,0.016026
2.575,1.9563,0.005,-0.005106,0.09034,6.5924e-24,0,0.00064546,0.001024,0.63035,0.016688
2.525,2.0063,0.005,-0.00862,0.080259,-6.6242e-24,0,0.00068534,0.0010958,0.62541,0.017237
2.475,2.0563,0.005,-0.01298,0.069668,1.3412e-23,0,0.00070681,0.0011533,0.61284,0.017682
2.425,2.1064,0.005,-0.018287,0.058902,8.311e-38,0,0.00071581,0.0011649,0.59697,0.018034
2.375,2.1564,0.005,-0.024494,0.048249,-6.806e-24,0,0.00072563,0.0011262,0.58348,0.018293
2.325,2.2065,0.005,-0.031551,0.037805,9.1585e-24,0,0.00076321,0.0011317,0.58356,0.018459
2.275,2.2565,0.005,-0.039016,0.027732,-5.441e-24,0,0.00087506,0.0013097,0.62068,0.018508
2.225,2.3066,0.005,-0.044791,0.019041,-3.5097e-24,0,0.0011049,0.0015406,0.71717,0.018432
2.175,2.3566,0.005,-0.04707,0.011663,2.432e-24,0,0.0015131,0.0017249,0.87719,0.018263
2.125,2.4066,0.005,-0.043823,0.0060259,-1.3393e-24,0,0.0021283,0.0019877,1.0707,0.017993
2.075,2.4567,0.005,-0.034146,0.0022577,-5.5195e-25,0,0.0028861,0.0022816,1.265,0.017632
2.025,2.5067,0.005,-0.018485,-4.6184e-05,-1.007e-23,0,0.0036784,0.0025193,1.4601,0.017216
1.975,2.5568,0.005,0.0025629,-0.0014087,-5.2964e-24,0,0.0044301,0.0026249,1.6877,0.016794
1.925,2.6068,0.005,0.029732,-0.0023125,3.9698e-24,0,0.0051326,0.0024507,2.0107,0.016409
1.875,2.6569,0.005,0.065608,-0.0031773,3.5284e-32,0,0.005813,0.0020992,2.4961,0.016085
1.825,2.7069,0.005,0.11361,-0.0043391,1.1717e-24,0,0.0064806,0.0017569,3.1695,0.015833
1.775,2.7569,0.005,0.1777,-0.005795,2.5193e-24,0,0.0069845,0.001432,3.9979,0.015655
1.725,2.807,0.005,0.26307,-0.0073929,1.1213e-24,0,0.0066241,0.0011078,4.7123,0.015508
1.675,2.86,0.005,0.37001,-0.0067715,1.1757e-24,0,0.0038934,0.0007878,4.0501,0.015513
1.625,2.916,0.005,0.42821,-0.0023359,1.5216e-25,0,0.0013517,0.0006082,2.2224,0.015449
1.575,2.972,0.005,0.41467,-0.0020391,-1.0087e-25,0,0.0023061,0.00030195,7.6372,0.015207
4.575,0.024,0.005,-0.19076,0.0018321,-6.0967e-24,0,0.00083257,0.00015562,5.3501,-0.0029529
4.525,0.072,0.005,-0.21559,0.0047472,4.0515e-24,0,0.00052138,0.00026555,1.9634,-0.0024392
4.475,0.12,0.005,-0.21747,0.0081069,-1.3772e-24,0,0.00058462,0.00051191,1.142,-0.0019843
4.425,0.168,0.005,-0.21302,0.011274,-1.3222e-23,0,0.00069738,0.00082598,0.8443,-0.0015498
4.375,0.216,0.005,-0.20612,0.014794,2.5179e-24,0,0.00080588,0.0011349,0.71008,-0.001173
4.325,0.264,0.005,-0.19821,0.018441,9.9703e-24,0,0.0008988,0.0014051,0.63968,-0.00082752
4.275,0.312,0.005,-0.18982,0.022346,-1.7545e-37,0,0.00097602,0.0016289,0.59918,-0.00053566
4.225,0.36,0.005,-0.18114,0.026468,-4.4499e-24,0,0.0010392,0.0018092,0.57443,-0.00029461
4.175,0.408,0.005,-0.17228,0.030772,0,0,0.0010903,0.0019522,0.55847,-0.00010059
4.125,0.456,0.005,-0.16331,0.035216,6.0128e-25,0,0.0011304,0.0020651,0.54738,5.2103e-05
4.075,0.50502,0.005,-0.15415,0.039798,4.3592e-24,0,0.0011618,0.0021573,0.53856,0.00016027
4.025,0.55506,0.005,-0.14484,0.044453,4.0259e-24,0,0.0011836,0.0022303,0.53069,0.00023355
3.975,0.60511,0.005,-0.1356,0.049091,-1.2551e-23,0,0.0011955,0.002287,0.52276,0.00029612
3.925,0.65515,0.005,-0.12649,0.053677,-4.4795e-24,0,0.0011981,0.00233,0.5142,0.00036054
3.875,0.70519,0.005,-0.11757,0.058185,4.5091e-24,0,0.0011916,0.0023604,0.50484,0.00043867
3.825,0.75523,0.005,-0.10889,0.062601,-4.5656e-24,0,0.0011769,0.0023786,0.49478,0.00054101
3.775,0.80528,0.005,-0.10046,0.066914,7.0867e-33,0,0.0011547,0.0023844,0.48427,0.00067647
3.725,0.85532,0.005,-0.092299,0.071121,-8.1979e-39,0,0.0011261,0.0023778,0.47359,0.00085239
3.675,0.90536,0.005,-0.084418,0.075218,0,0,0.0010923,0.002359,0.46302,0.0010746
3.625,0.9554,0.005,-0.076811,0.079202,0,0,0.0010544,0.0023285,0.45282,0.0013475
3.575,1.0054,0.005,-0.069475,0.08307,2.5677e-24,0,0.0010136,0.0022871,0.44317,0.0016746
3.525,1.0555,0.005,-0.062405,0.086815,7.7424e-24,0,0.00097085,0.0022355,0.43428,0.0020581
3.475,1.1055,0.005,-0.055599,0.090428,-1.9649e-24,0,0.00092701,0.0021745,0.42631,0.0024995
3.425,1.1556,0.005,-0.049058,0.093896,-5.9453e-24,0,0.0008827,0.0021045,0.41943,0.0029995
3.375,1.2056,0.005,-0.042785,0.097207,6.2099e-24,0,0.00083836,0.0020258,0.41384,0.0035581
3.325,1.2557,0.005,-0.03679,0.10035,-6.4891e-24,0,0.00079432,0.0019385,0.40976,0.0041747
3.275,1.3057,0.005,-0.031085,0.1033,-6.7817e-24,0,0.00075076,0.0018427,0.40741,0.0048482
3.225,1.3557,0.005,-0.025689,0.10604,-1.8117e-26,0,0.0007078,0.0017388,0.40707,0.0055769
3.175,1.4058,0.005,-0.020621,0.10854,9.6362e-25,0,0.00066554,0.0016272,0.409,0.0063582
3.125,1.4558,0.005,-0.01591,0.11079,-2.0666e-24,0,0.00062412,0.0015093,0.41351,0.0071895
3.075,1.5059,0.005,-0.011584,0.11275,-6.5727e-24,0,0.0005838,0.001387,0.42091,0.0080667
3.025,1.5559,0.005,-0.0076794,0.11436,3.1525e-37,0,0.00054524,0.0012635,0.43153,0.0089854
2.975,1.606,0.005,-0.004241,0.11555,8.5477e-24,0,0.00050949,0.001143,0.44573,0.0099392
2.925,1.656,0.005,-0.001327,0.11621,1.252e-23,0,0.00047848,0.0010313,0.46394,0.010921
2.875,1.706,0.005,0.00099463,0.11614,3.9375e-24,0,0.00045566,0.00093693,0.48633,0.011919
2.825,1.7561,0.005,0.0026082,0.11508,-1.0609e-23,0,0.00044547,0.00086759,0.51346,0.012921
2.775,1.8061,0.005,0.0034096,0.11267,1.9254e-23,0,0.00045421,0.00083454,0.54426,0.013905
2.725,1.8562,0.005,0.0032421,0.10861,8.7247e-26,0,0.00048679,0.00084485,0.57619,0.014849
2.675,1.9062,0.005,0.0019948,0.10262,-3.2242e-24,0,0.00054121,0.00089654,0.60366,0.015722
2.625,1.9563,0.005,-0.00032892,0.094766,-1.3844e-31,0,0.00060611,0.00097542,0.62138,0.016499
2.575,2.0063,0.005,-0.0036284,0.085429,-1.0371e-23,0,0.00066441,0.00106,0.6268,0.017161
2.525,2.0563,0.005,-0.0078458,0.075192,-6.5803e-24,0,0.00070542,0.0011342,0.62193,0.01771
2.475,2.1064,0.005,-0.013024,0.064481,-7.2437e-24,0,0.00072881,0.0011182,0.61108,0.018154
2.425,2.1564,0.005,-0.019102,0.053606,1.6377e-38,0,0.00074504,0.0010755,0.59948,0.018497
2.375,2.2065,0.005,-0.025983,0.04279,1.3811e-23,0,0.00077755,0.0010688,0.59661,0.018733
2.325,2.2565,0.005,-0.033502,0.032145,1.5428e-23,0,0.00087468,0.0011717,0.62482,0.018845
2.275,2.3066,0.005,-0.039927,0.022478,-8.7703e-24,0,0.0010931,0.0015364,0.71149,0.01881
2.225,2.3566,0.005,-0.042887,0.014424,-7.8253e-24,0,0.0014807,0.0017143,0.86371,0.018666
2.175,2.4066,0.005,-0.040638,0.007929,-8.7963e-24,0,0.0020852,0.0019673,1.0599,0.01842
2.125,2.4567,0.005,-0.031897,0.0033376,3.8172e-24,0,0.0028586,0.0022623,1.2636,0.018074
2.075,2.5067,0.005,-0.016862,0.00036757,-5.1738e-24,0,0.00369,0.0025133,1.4682,0.01766
2.025,2.5568,0.005,0.0038899,-0.0014745,-5.1899e-24,0,0.0044917,0.002638,1.7027,0.017228
1.975,2.6068,0.005,0.031029,-0.0026789,-5.1256e-24,0,0.0052356,0.0024768,2.0295,0.016823
1.925,2.6569,0.005,0.067091,-0.0036771,-9.1661e-24,0,0.0059365,0.0021297,2.5153,0.016471
1.875,2.7069,0.005,0.11535,-0.0048241,-2.1736e-24,0,0.0065866,0.0017832,3.1732,0.016185
1.825,2.7569,0.005,0.17945,-0.0061823,-2.2288e-32,0,0.0070297,0.0014522,3.973,0.015968
1.775,2.807,0.005,0.26389,-0.007591,2.144e-24,0,0.0066026,0.0011277,4.6463,0.015788
1.725,2.86,0.005,0.36785,-0.006922,1.0279e-24,0,0.0039555,0.00081715,4.0251,0.015747
1.675,2.916,0.005,0.42602,-0.0025025,-1.5378e-25,0,0.0013938,0.00061273,2.2748,0.015653
1.625,2.972,0.005,0.41283,-0.0019974,-1.3339e-24,0,0.0023161,0.00030261,7.6538,0.015382
4.625,0.024,0.005,-0.19388,0.0017238,1.9772e-37,0,0.00084691,0.00015695,5.3961,-0.0034464
4.575,0.072,0.005,-0.21847,0.0044338,-6.3216e-25,0,0.00052739,0.0002706,1.949,-0.0029696
4.525,0.12,0.005,-0.22013,0.0075469,1.2342e-24,0,0.00059426,0.00052631,1.1291,-0.002546
4.475,0.168,0.005,-0.21557,0.010491,4.6316e-24,0,0.00071015,0.00084967,0.8358,-0.0021374
4.425,0.216,0.005,-0.20862,0.013754,-8.9173e-24,0,0.00082077,0.001165,0.70452,-0.00178
4.375,0.264,0.005,-0.20068,0.017154,-4.8294e-24,0,0.00091536,0.0014391,0.63606,-0.0014509
4.325,0.312,0.005,-0.19226,0.020805,-1.4626e-24,0,0.0009941,0.0016652,0.597,-0.0011701
4.275,0.36,0.005,-0.18353,0.024671,-7.5617e-38,0,0.0010589,0.0018467,0.57343,-0.00093576
4.225,0.408,0.005,-0.17459,0.028726,0,0,0.0011117,0.0019905,0.55851,-0.00074487
4.175,0.456,0.005,-0.16549,0.032931,0,0,0.0011538,0.0021041,0.54835,-0.0005927
4.125,0.50502,0.005,-0.15617,0.037285,4.762e-24,0,0.0011873,0.0021973,0.54037,-0.00048292
4.075,0.55506,0.005,-0.14666,0.041727,3.8224e-24,0,0.0012113,0.0022719,0.53316,-0.00040708
4.025,0.60511,0.005,-0.1372,0.04617,-3.8553e-24,0,0.0012254,0.0023311,0.52568,-0.00034252
3.975,0.65515,0.005,-0.12786,0.050579,-4.3147e-24,0,0.0012299,0.0023772,0.51736,-0.00027743
3.925,0.70519,0.005,-0.11871,0.05493,-7.4745e-33,0,0.0012252,0.0024116,0.50803,-0.00020046
3.875,0.75523,0.005,-0.1098,0.059207,1.0615e-37,0,0.0012118,0.0024341,0.49782,-0.00010137
3.825,0.80528,0.005,-0.10115,0.063402,-4.4918e-24,0,0.0011905,0.0024446,0.48702,2.8679e-05
3.775,0.85532,0.005,-0.092798,0.06751,-1.881e-24,0,0.0011625,0.0024425,0.47595,0.00019712
3.725,0.90536,0.005,-0.084733,0.071525,-1.72e-24,0,0.0011289,0.0024279,0.46495,0.00041003
3.675,0.9554,0.005,-0.076957,0.075446,2.7739e-24,0,0.0010908,0.0024013,0.45426,0.00067225
3.625,1.0054,0.005,-0.069463,0.079267,2.5104e-24,0,0.0010496,0.0023635,0.44409,0.00098755
3.575,1.0555,0.005,-0.062243,0.082982,0,0,0.0010063,0.0023153,0.43463,0.0013587
3.525,1.1055,0.005,-0.055293,0.08658,5.5318e-24,0,0.00096184,0.0022577,0.42602,0.0017878
3.475,1.1556,0.005,-0.048608,0.090049,4.488e-37,0,0.00091685,0.0021913,0.41841,0.0022759
3.425,1.2056,0.005,-0.042191,0.093374,-2.5014e-24,0,0.00087189,0.0021165,0.41195,0.0028237
3.375,1.2557,0.005,-0.036047,0.096539,-6.341e-24,0,0.00082729,0.0020336,0.40681,0.003431
3.325,1.3057,0.005,-0.030185,0.099526,-6.18e-24,0,0.00078326,0.0019425,0.40322,0.0040972
3.275,1.3557,0.005,-0.024622,0.10231,6.9441e-24,0,0.00073991,0.0018434,0.40139,0.004821
3.225,1.4058,0.005,-0.019377,0.10488,0,0,0.00069729,0.0017364,0.40158,0.0056006
3.175,1.4558,0.005,-0.014474,0.10721,1.0141e-24,0,0.00065546,0.0016221,0.40408,0.0064335
3.125,1.5059,0.005,-0.0099411,0.10926,-1.757e-23,0,0.00061452,0.0015018,0.40918,0.0073165
3.075,1.5559,0.005,-0.0058116,0.11099,-1.2866e-23,0,0.00057486,0.0013779,0.4172,0.0082456
3.025,1.606,0.005,-0.0021257,0.11237,1.4637e-23,0,0.00053707,0.0012534,0.42849,0.0092155
2.975,1.656,0.005,0.0010672,0.1133,-2.134e-23,0,0.00050267,0.0011341,0.44324,0.01022
2.925,1.706,0.005,0.0036996,0.11366,4.4742e-24,0,0.00047334,0.0010239,0.46231,0.01125
2.875,1.7561,0.005,0.0056895,0.11326,0,0,0.00045312,0.00093278,0.48578,0.012294
2.825,1.8061,0.005,0.0069107,0.1118,7.9873e-24,0,0.00044707,0.00086997,0.5139,0.013337
2.775,1.8562,0.005,0.0072305,0.10894,7.2325e-24,0,0.00046152,0.00084614,0.54544,0.014357
2.725,1.9062,0.005,0.006498,0.10437,-6.1455e-24,0,0.00050043,0.00086706,0.57716,0.015325
2.675,1.9563,0.005,0.0046205,0.097895,1.4224e-23,0,0.00056011,0.00092805,0.60353,0.016212
2.625,2.0063,0.005,0.0016396,0.08963,-3.2041e-24,0,0.0006281,0.0010132,0.61993,0.01699
2.575,2.0563,0.005,-0.0023689,0.080047,-9.0057e-24,0,0.00068816,0.0011015,0.62477,0.017651
2.525,2.1064,0.005,-0.007371,0.069649,-1.3079e-25,0,0.00072897,0.0010756,0.62072,0.018202
2.475,2.1564,0.005,-0.01329,0.05877,-7.8514e-24,0,0.00075643,0.0010306,0.61298,0.01864
2.425,2.2065,0.005,-0.020021,0.047725,-7.4989e-24,0,0.00078951,0.0010176,0.60958,0.018959
2.375,2.2565,0.005,-0.027431,0.036737,1.6941e-24,0,0.00087289,0.0010807,0.63024,0.019144
2.325,2.3066,0.005,-0.034481,0.026159,9.8427e-24,0,0.0010781,0.0013884,0.70744,0.019165
2.275,2.3566,0.005,-0.038185,0.017394,-4.8532e-24,0,0.0014487,0.0017028,0.85076,0.019049
2.225,2.4066,0.005,-0.036899,0.010129,-5.0067e-24,0,0.0020374,0.0019467,1.0466,0.018836
2.175,2.4567,0.005,-0.029178,0.0047144,5.1148e-24,0,0.0028192,0.0022403,1.2584,0.018512
2.125,2.5067,0.005,-0.014895,0.0010382,5.504e-24,0,0.0036841,0.0025026,1.4721,0.018107
2.075,2.5568,0.005,0.0054342,-0.0013386,5.2259e-24,0,0.0045354,0.0026462,1.7139,0.017673
2.025,2.6068,0.005,0.032424,-0.002902,-3.8531e-24,0,0.0053228,0.002499,2.0448,0.017255
1.975,2.6569,0.005,0.068557,-0.0040846,7.891e-24,0,0.0060469,0.0021579,2.5312,0.016882
1.925,2.7069,0.005,0.11699,-0.0052571,0,0,0.0066835,0.0018081,3.1753,0.016565
1.875,2.7569,0.005,0.18105,-0.0065401,-2.9633e-24,0,0.0070705,0.0014719,3.9475,0.016312
1.825,2.807,0.005,0.26457,-0.0077798,-1.2419e-25,0,0.0065814,0.0011475,4.5814,0.0161
1.775,2.86,0.005,0.36568,-0.0070615,1.9603e-24,0,0.0040113,0.00084595,3.9958,0.016013
1.725,2.916,0.005,0.42373,-0.0026655,1.6431e-24,0,0.0014358,0.00061747,2.3253,0.015888
1.675,2.972,0.005,0.41094,-0.0019589,-1.1263e-38,0,0.0023244,0.00030315,7.6675,0.015585
4.675,0.024,0.005,-0.19681,0.0016256,4.9918e-24,0,0.00086061,0.00015821,5.4397,-0.0039017
4.625,0.072,0.005,-0.22115,0.0041465,-4.5711e-24,0,0.00053356,0.00027558,1.9361,-0.00346
4.575,0.12,0.005,-0.22261,0.0070332,2.1941e-24,0,0.00060387,0.00054032,1.1176,-0.003067
4.525,0.168,0.005,-0.21795,0.0097733,1.5014e-24,0,0.00072267,0.00087242,0.82835,-0.0026846
4.475,0.216,0.005,-0.21096,0.012797,1.8881e-24,0,0.00083521,0.0011936,0.69972,-0.002347
4.425,0.264,0.005,-0.203,0.015965,-1.8173e-24,0,0.00093128,0.0014712,0.63302,-0.0020356
4.375,0.312,0.005,-0.19455,0.019374,-1.6356e-37,0,0.0010114,0.0016991,0.59526,-0.0017677
4.325,0.36,0.005,-0.18578,0.022995,3.9069e-24,0,0.0010777,0.0018816,0.57279,-0.0015423
4.275,0.408,0.005,-0.17677,0.026806,-3.1505e-24,0,0.0011322,0.0020259,0.55886,-0.001357
4.225,0.456,0.005,-0.16757,0.030775,-1.099e-23,0,0.0011761,0.00214,0.54959,-0.001208
4.175,0.50502,0.005,-0.15809,0.034899,-1.4553e-37,0,0.0012117,0.0022339,0.5424,-0.0010992
4.125,0.55506,0.005,-0.1484,0.039123,7.7252e-24,0,0.0012378,0.0023099,0.53584,-0.001023
4.075,0.60511,0.005,-0.13872,0.043362,4.4215e-25,0,0.001254,0.0023713,0.52881,-0.0009583
4.025,0.65515,0.005,-0.12916,0.047583,4.1389e-24,0,0.0012605,0.0024207,0.52071,-0.00089388
3.975,0.70519,0.005,-0.11978,0.051763,3.0066e-24,0,0.0012575,0.002459,0.51139,-0.00081895
3.925,0.75523,0.005,-0.11064,0.055887,4.2415e-24,0,0.0012456,0.0024861,0.50102,-0.00072367
3.875,0.80528,0.005,-0.10179,0.059948,4.3251e-24,0,0.0012254,0.0025013,0.48992,-0.00059935
3.825,0.85532,0.005,-0.093241,0.06394,-4.4333e-24,0,0.001198,0.0025039,0.47846,-0.0004386
3.775,0.90536,0.005,-0.084996,0.067859,-1.352e-37,0,0.0011646,0.0024938,0.46702,-0.0002352
3.725,0.9554,0.005,-0.077054,0.071702,-2.699e-24,0,0.0011265,0.0024711,0.45586,1.5953e-05
3.675,1.0054,0.005,-0.069405,0.075463,-7.3601e-24,0,0.0010849,0.0024368,0.44523,0.00031894
3.625,1.0555,0.005,-0.062041,0.079134,-8.0743e-24,0,0.0010411,0.0023918,0.43527,0.00067699
3.575,1.1055,0.005,-0.05495,0.082707,-1.8809e-24,0,0.0009959,0.0023371,0.42613,0.0010926
3.525,1.1556,0.005,-0.048127,0.086167,5.6137e-24,0,0.00095022,0.0022737,0.41792,0.0015673
3.475,1.2056,0.005,-0.04157,0.089498,2.4488e-24,0,0.00090458,0.0022022,0.41076,0.0021023
3.425,1.2557,0.005,-0.035282,0.092682,6.1838e-24,0,0.00085937,0.0021229,0.40481,0.002698
3.375,1.3057,0.005,-0.029269,0.0957,6.0416e-24,0,0.00081484,0.002036,0.40021,0.0033542
3.325,1.3557,0.005,-0.023545,0.09853,-1.3634e-23,0,0.00077109,0.0019414,0.39717,0.0040702
3.275,1.4058,0.005,-0.018127,0.10115,7.6347e-24,0,0.00072816,0.0018391,0.39593,0.0048446
3.225,1.4558,0.005,-0.013037,0.10354,6.5398e-24,0,0.00068605,0.0017293,0.39673,0.0056754
3.175,1.5059,0.005,-0.0083018,0.10567,-1.422e-23,0,0.00064478,0.0016125,0.39987,0.0065599
3.125,1.5559,0.005,-0.0039522,0.10751,2.2259e-24,0,0.00060457,0.0014904,0.40565,0.0074948
3.075,1.606,0.005,-2.5171e-05,0.10902,-1.1552e-23,0,0.0005658,0.0013655,0.41434,0.0084752
3.025,1.656,0.005,0.0034338,0.11014,1.5951e-23,0,0.00052912,0.001241,0.42637,0.0094957
2.975,1.706,0.005,0.0063691,0.11079,-1.1586e-37,0,0.00049602,0.0011219,0.44214,0.010549
2.925,1.7561,0.005,0.008704,0.11083,-5.023e-24,0,0.00046896,0.0010144,0.4623,0.011627
2.875,1.8061,0.005,0.01034,0.11005,1.1434e-23,0,0.00045231,0.00092872,0.48702,0.012715
2.825,1.8562,0.005,0.011137,0.10814,2.8262e-37,0,0.00045168,0.00087486,0.51629,0.013795
2.775,1.9062,0.005,0.010938,0.10477,1.4151e-23,0,0.00047322,0.00086275,0.5485,0.014844
2.725,1.9563,0.005,0.0096021,0.099658,-7.1588e-24,0,0.00051957,0.00089607,0.57983,0.01583
2.675,2.0063,0.005,0.0070701,0.092663,-1.9214e-23,0,0.00058497,0.00096703,0.60492,0.016721
2.625,2.0563,0.005,0.0033758,0.084033,-3.9443e-38,0,0.00065527,0.001057,0.61996,0.017498
2.575,2.1064,0.005,-0.0013915,0.07421,0,0,0.00071455,0.0010335,0.62484,0.018163
2.525,2.1564,0.005,-0.0071067,0.063573,-8.397e-24,0,0.00075708,0.00099142,0.6228,0.018708
2.475,2.2065,0.005,-0.013669,0.052499,5.9191e-24,0,0.00079627,0.00097428,0.6212,0.01912
2.425,2.2565,0.005,-0.020952,0.041301,-3.6892e-24,0,0.00087044,0.001018,0.63675,0.019389
2.375,2.3066,0.005,-0.028335,0.030189,-1.3831e-23,0,0.0010578,0.0012378,0.7039,0.019484
2.325,2.3566,0.005,-0.032971,0.020491,4.6014e-24,0,0.0014174,0.0016886,0.83939,0.019405
2.275,2.4066,0.005,-0.03261,0.01257,1.1204e-23,0,0.0019866,0.0019257,1.0316,0.019226
2.225,2.4567,0.005,-0.025957,0.0063646,8.4383e-25,0,0.0027694,0.0022163,1.2496,0.018936
2.175,2.5067,0.005,-0.01254,0.001964,4.8593e-24,0,0.003663,0.0024879,1.4723,0.01855
2.125,2.5568,0.005,0.0072403,-0.00099127,4.1719e-25,0,0.0045605,0.0026497,1.7211,0.018121
2.075,2.6068,0.005,0.033956,-0.0029661,4.7436e-24,0,0.0053934,0.0025176,2.0561,0.017698
2.025,2.6569,0.005,0.070043,-0.0043868,2.7179e-32,0,0.0061438,0.0021838,2.5434,0.01731
1.975,2.7069,0.005,0.11854,-0.0056255,0,0,0.006771,0.0018318,3.1756,0.016969
1.925,2.7569,0.005,0.18251,-0.0068618,0,0,0.0071071,0.0014911,3.9216,0.016683
1.875,2.807,0.005,0.26509,-0.0079493,9.4444e-25,0,0.0065607,0.0011673,4.5177,0.01644
1.825,2.86,0.005,0.3635,-0.0071857,-2.7626e-25,0,0.0040611,0.00087425,3.963,0.016308
1.775,2.916,0.005,0.42135,-0.0028219,1.6692e-24,0,0.0014775,0.00062239,2.3739,0.01615
1.725,2.972,0.005,0.409,-0.0019226,1.4893e-24,0,0.0023309,0.00030358,7.6783,0.015815
4.725,0.024,0.005,-0.19955,0.0015365,-3.553e-26,0,0.00087372,0.00015941,5.481,-0.0043207
4.675,0.072,0.005,-0.22364,0.0038825,-1.0047e-24,0,0.00053986,0.0002805,1.9246,-0.0039124
4.625,0.12,0.005,-0.22492,0.0065617,-3.0356e-24,0,0.00061343,0.00055397,1.1073,-0.0035492
4.575,0.168,0.005,-0.22017,0.009114,-1.3487e-24,0,0.00073491,0.00089429,0.82178,-0.0031928
4.525,0.216,0.005,-0.21314,0.011915,-5.4954e-24,0,0.00084919,0.0012209,0.69555,-0.0028752
4.475,0.264,0.005,-0.20517,0.014866,2.0113e-24,0,0.00094661,0.0015015,0.63044,-0.0025824
4.425,0.312,0.005,-0.19671,0.018046,6.0135e-24,0,0.001028,0.001731,0.59388,-0.0023285
4.375,0.36,0.005,-0.1879,0.021433,2.6498e-24,0,0.0010957,0.0019141,0.57242,-0.0021135
4.325,0.408,0.005,-0.17882,0.025008,0,0,0.0011517,0.0020587,0.55942,-0.0019359
4.275,0.456,0.005,-0.16953,0.028743,-2.6164e-25,0,0.0011973,0.002173,0.551,-0.0017922
4.225,0.50502,0.005,-0.15991,0.032638,-3.4258e-24,0,0.0012348,0.0022673,0.5446,-0.0016864
4.175,0.55506,0.005,-0.15004,0.03664,-7.9626e-39,0,0.001263,0.0023446,0.53866,-0.001612
4.125,0.60511,0.005,-0.14016,0.040669,3.918e-24,0,0.0012813,0.0024081,0.53205,-0.0015489
4.075,0.65515,0.005,-0.13038,0.044693,3.9533e-24,0,0.0012898,0.0024606,0.52417,-0.0014866
4.025,0.70519,0.005,-0.12078,0.048691,-6.8785e-33,0,0.0012886,0.0025028,0.51485,-0.0014147
3.975,0.75523,0.005,-0.11143,0.05265,-4.066e-24,0,0.0012782,0.0025346,0.5043,-0.0013239
3.925,0.80528,0.005,-0.10237,0.056563,6.403e-33,0,0.0012592,0.0025547,0.49289,-0.0012057
3.875,0.85532,0.005,-0.093627,0.060426,8.1765e-38,0,0.0012326,0.0025623,0.48104,-0.001053
3.825,0.90536,0.005,-0.085206,0.064234,4.3889e-24,0,0.0011995,0.0025568,0.46915,-0.0008593
3.775,0.9554,0.005,-0.077102,0.067985,2.6166e-24,0,0.0011614,0.0025384,0.45754,-0.00061955
3.725,1.0054,0.005,-0.069304,0.071673,-9.4826e-24,0,0.0011195,0.0025076,0.44644,-0.00032935
3.675,1.0555,0.005,-0.061798,0.075289,-1.9051e-23,0,0.0010751,0.0024656,0.43603,1.486e-05
3.625,1.1055,0.005,-0.054572,0.078823,-1.2183e-23,0,0.0010292,0.0024136,0.42643,0.00041589
3.575,1.1556,0.005,-0.047617,0.082262,-5.4337e-24,0,0.0009828,0.0023527,0.41773,0.00087594
3.525,1.2056,0.005,-0.040926,0.085589,3.323e-24,0,0.00093644,0.0022838,0.41003,0.0013965
3.475,1.2557,0.005,-0.034499,0.088785,2.6886e-37,0,0.00089058,0.0022075,0.40343,0.0019785
3.425,1.3057,0.005,-0.02834,0.091827,1.3342e-24,0,0.00084548,0.0021241,0.39805,0.0026222
3.375,1.3557,0.005,-0.022461,0.094694,6.6785e-24,0,0.0008013,0.0020335,0.39406,0.0033275
3.325,1.4058,0.005,-0.016875,0.097364,4.5259e-25,0,0.00075804,0.0019355,0.39165,0.0040936
3.275,1.4558,0.005,-0.011604,0.099811,-1.9396e-24,0,0.00071571,0.0018302,0.39105,0.0049187
3.225,1.5059,0.005,-0.0066725,0.10201,2.3446e-23,0,0.00067426,0.0017177,0.39254,0.0058007
3.175,1.5559,0.005,-0.0021086,0.10394,-1.6925e-23,0,0.00063378,0.0015988,0.3964,0.0067368
3.125,1.606,0.005,0.0020525,0.10555,2.8231e-24,0,0.00059456,0.0014758,0.40288,0.0077228
3.075,1.656,0.005,0.0057694,0.10682,3.4732e-37,0,0.00055661,0.0013494,0.41248,0.0087538
3.025,1.706,0.005,0.0089917,0.10767,-8.2818e-24,0,0.00052112,0.0012246,0.42553,0.0098244
2.975,1.7561,0.005,0.011656,0.10801,1.3519e-23,0,0.00048986,0.001107,0.44251,0.010926
2.925,1.8061,0.005,0.013674,0.10769,2.4872e-24,0,0.00046584,0.001004,0.46398,0.012049
2.875,1.8562,0.005,0.014929,0.10649,-1.6607e-23,0,0.00045393,0.00092606,0.49017,0.013177
2.825,1.9062,0.005,0.015262,0.1041,1.4528e-23,0,0.00046022,0.00088385,0.52069,0.01429
2.775,1.9563,0.005,0.014502,0.10017,-7.1512e-24,0,0.00049034,0.00088595,0.55347,0.015361
2.725,2.0063,0.005,0.012526,0.094461,1.1436e-23,0,0.00054501,0.00093298,0.58416,0.016355
2.675,2.0563,0.005,0.0092764,0.086976,-3.753e-37,0,0.00061557,0.0010128,0.6078,0.017246
2.625,2.1064,0.005,0.0048402,0.077992,-1.4095e-23,0,0.00068525,0.00098954,0.62199,0.018028
2.575,2.1564,0.005,-0.00062064,0.067845,-1.1793e-24,0,0.00074468,0.00095399,0.62787,0.018688
2.525,2.2065,0.005,-0.0069731,0.056969,-7.1704e-25,0,0.00079492,0.00093747,0.63017,0.019205
2.475,2.2565,0.005,-0.014106,0.045726,1.0052e-23,0,0.00086602,0.00096791,0.64334,0.019568
2.425,2.3066,0.005,-0.021611,0.034371,5.2433e-24,0,0.0010337,0.0011286,0.70045,0.019751
2.375,2.3566,0.005,-0.027204,0.023781,-2.9192e-24,0,0.0013818,0.001584,0.82872,0.01973
2.325,2.4066,0.005,-0.027798,0.015203,6.1621e-24,0,0.001934,0.0019038,1.0159,0.01958
2.275,2.4567,0.005,-0.022216,0.0082531,7.6895e-41,0,0.0027109,0.0021906,1.2375,0.019333
2.225,2.5067,0.005,-0.0097598,0.0031323,-4.9739e-24,0,0.0036263,0.0024694,1.4685,0.018976
2.175,2.5568,0.005,0.0093479,-0.00042961,-1.7595e-25,0,0.0045647,0.0026483,1.7236,0.018563
2.125,2.6068,0.005,0.035668,-0.0028599,7.0343e-25,0,0.0054465,0.0025329,2.0631,0.018143
2.075,2.6569,0.005,0.071581,-0.0045682,5.0011e-24,0,0.0062266,0.0022079,2.5519,0.017748
2.025,2.7069,0.005,0.12005,-0.0059206,2.2982e-24,0,0.006849,0.0018545,3.1738,0.01739
1.975,2.7569,0.005,0.18384,-0.0071357,0,0,0.0071394,0.0015102,3.8954,0.017076
1.925,2.807,0.005,0.26549,-0.0081006,1.728e-24,0,0.0065404,0.001187,4.4553,0.016805
1.875,2.86,0.005,0.36132,-0.0072903,3.0316e-24,0,0.0041055,0.00090197,3.9275,0.016631
1.825,2.916,0.005,0.4189,-0.002968,-1.8277e-24,0,0.0015186,0.00062744,2.4203,0.016439
1.775,2.972,0.005,0.40701,-0.0018875,-1.7799e-24,0,0.0023359,0.0003039,7.6865,0.016072
4.775,0.024,0.005,-0.20213,0.0014553,-2.6657e-26,0,0.00088626,0.00016054,5.5204,-0.0047054
4.725,0.072,0.005,-0.22597,0.0036394,-8.9759e-25,0,0.00054627,0.00028536,1.9143,-0.004329
4.675,0.12,0.005,-0.22707,0.0061292,-3.6857e-24,0,0.00062292,0.00056727,1.0981,-0.0039943
4.625,0.168,0.005,-0.22223,0.0085072,3.5768e-24,0,0.00074689,0.00091534,0.81596,-0.0036635
4.575,0.216,0.005,-0.21517,0.011102,1.5505e-24,0,0.00086273,0.0012469,0.69191,-0.003366
4.525,0.264,0.005,-0.2072,0.013851,1.8375e-24,0,0.00096135,0.0015302,0.62824,-0.003092
4.475,0.312,0.005,-0.19873,0.016815,2.1515e-24,0,0.0010439,0.001761,0.59277,-0.002853
4.425,0.36,0.005,-0.1899,0.019978,2.4436e-24,0,0.0011128,0.0019446,0.57226,-0.0026495
4.375,0.408,0.005,-0.18076,0.023325,3.3841e-24,0,0.0011702,0.0020891,0.56014,-0.0024806
4.325,0.456,0.005,-0.17137,0.026831,1.1345e-24,0,0.0012175,0.0022034,0.55254,-0.0023438
4.275,0.50502,0.005,-0.16163,0.030499,-2.9314e-25,0,0.0012567,0.0022979,0.54689,-0.002243
4.225,0.55506,0.005,-0.15159,0.034279,-3.6767e-24,0,0.0012869,0.0023762,0.54156,-0.0021722
4.175,0.60511,0.005,-0.14151,0.038093,-1.0333e-23,0,0.0013072,0.0024417,0.53536,-0.0021124
4.125,0.65515,0.005,-0.13151,0.041913,-8.1551e-38,0,0.0013176,0.0024971,0.52767,-0.0020536
4.075,0.70519,0.005,-0.1217,0.04572,7.103e-24,0,0.0013183,0.0025433,0.51835,-0.0019858
4.025,0.75523,0.005,-0.11214,0.049504,-4.3906e-38,0,0.0013095,0.0025797,0.50761,-0.0019002
3.975,0.80528,0.005,-0.10288,0.053257,-8.9096e-25,0,0.0012918,0.002605,0.49588,-0.0017887
3.925,0.85532,0.005,-0.093953,0.056978,5.2286e-24,0,0.001266,0.0026179,0.48362,-0.0016443
3.875,0.90536,0.005,-0.085363,0.060663,2.7349e-24,0,0.0012335,0.0026173,0.47127,-0.0014606
3.825,0.9554,0.005,-0.077103,0.064309,0,0,0.0011954,0.0026033,0.4592,-0.0012326
3.775,1.0054,0.005,-0.06916,0.06791,4.5397e-24,0,0.0011533,0.0025762,0.44766,-0.00095558
3.725,1.0555,0.005,-0.061519,0.071459,4.748e-24,0,0.0011083,0.0025373,0.43682,-0.00062583
3.675,1.1055,0.005,-0.054164,0.074943,-8.1874e-24,0,0.0010618,0.0024878,0.4268,-0.00024017
3.625,1.1556,0.005,-0.047081,0.078349,4.6368e-38,0,0.0010146,0.0024291,0.41769,0.00020395
3.575,1.2056,0.005,-0.040261,0.081662,-1.1638e-24,0,0.00096749,0.0023624,0.40955,0.00070853
3.525,1.2557,0.005,-0.033702,0.084859,-1.1673e-23,0,0.00092092,0.0022884,0.40244,0.0012749
3.475,1.3057,0.005,-0.027404,0.087919,-4.3395e-25,0,0.00087521,0.0022076,0.39645,0.001904
3.425,1.3557,0.005,-0.021375,0.090817,6.5189e-24,0,0.00083053,0.0021202,0.39171,0.002596
3.375,1.4058,0.005,-0.015628,0.093529,-4.4159e-25,0,0.00078692,0.0020262,0.38838,0.0033505
3.325,1.4558,0.005,-0.010182,0.09603,-9.4688e-25,0,0.00074432,0.001925,0.38666,0.0041665
3.275,1.5059,0.005,-0.0050593,0.098295,-1.0714e-23,0,0.00070274,0.0018169,0.38678,0.0050424
3.225,1.5559,0.005,-0.000287,0.1003,8.1268e-24,0,0.00066223,0.0017023,0.38901,0.0059756
3.175,1.606,0.005,0.0041012,0.102,2.7065e-24,0,0.00062264,0.0015816,0.39368,0.0069623
3.125,1.656,0.005,0.0080675,0.10338,-1.3569e-23,0,0.00058415,0.0014563,0.40112,0.0079988
3.075,1.706,0.005,0.011566,0.10438,3.9661e-24,0,0.00054728,0.001329,0.41179,0.0090801
3.025,1.7561,0.005,0.014541,0.10494,-4.6383e-24,0,0.00051336,0.0012049,0.42606,0.010199
2.975,1.8061,0.005,0.016919,0.10495,5.3255e-24,0,0.00048459,0.0010903,0.44444,0.011347
2.925,1.8562,0.005,0.018596,0.10425,8.5568e-24,0,0.00046462,0.00099388,0.46748,0.012511
2.875,1.9062,0.005,0.019436,0.10259,-6.603e-24,0,0.00045891,0.00092648,0.49533,0.013675
2.825,1.9563,0.005,0.019258,0.099645,1.4734e-23,0,0.00047383,0.0008988,0.52718,0.014815
2.775,2.0063,0.005,0.017889,0.0951,-7.3732e-24,0,0.00051389,0.00091718,0.5603,0.015898
2.725,2.0563,0.005,0.0152,0.088814,-1.3193e-23,0,0.00057672,0.00097741,0.59004,0.016895
2.675,2.1064,0.005,0.011214,0.080852,3.3059e-31,0,0.00064909,0.00094921,0.61246,0.017793
2.625,2.1564,0.005,0.0060949,0.071437,-8.8879e-24,0,0.00071874,0.00091574,0.62668,0.01857
2.575,2.2065,0.005,-3.5673e-06,0.060981,-9.0354e-24,0,0.00078266,0.00090329,0.63539,0.0192
2.525,2.2565,0.005,-0.0069419,0.049896,5.128e-24,0,0.00085701,0.00092638,0.64884,0.019666
2.475,2.3066,0.005,-0.014438,0.038481,-5.9224e-24,0,0.0010083,0.0010503,0.69743,0.019948
2.425,2.3566,0.005,-0.020782,0.027288,3.1704e-24,0,0.0013394,0.0014267,0.81791,0.020009
2.375,2.4066,0.005,-0.022445,0.017977,0,0,0.0018803,0.0018798,1.0003,0.019894
2.325,2.4567,0.005,-0.017956,0.010347,-9.7967e-25,0,0.0026458,0.0021634,1.223,0.019693
2.275,2.5067,0.005,-0.0065287,0.0045209,-3.0022e-25,0,0.0035758,0.0024477,1.4609,0.019375
2.225,2.5568,0.005,0.011796,0.00034122,1.3085e-25,0,0.0045495,0.0026424,1.7217,0.018986
2.175,2.6068,0.005,0.0376,-0.0025781,-7.6195e-38,0,0.0054813,0.002545,2.0657,0.01858
2.125,2.6569,0.005,0.073208,-0.0046183,-5.311e-25,0,0.0062948,0.0022305,2.5561,0.018188
2.075,2.7069,0.005,0.12152,-0.0061275,7.0903e-25,0,0.0069171,0.0018764,3.1698,0.01782
2.025,2.7569,0.005,0.18507,-0.0073582,4.1334e-24,0,0.0071674,0.0015289,3.8688,0.017487
1.975,2.807,0.005,0.26574,-0.0082121,3.4676e-24,0,0.0065206,0.0012072,4.3939,0.01719
1.925,2.86,0.005,0.35912,-0.0073707,8.369e-25,0,0.0041449,0.00092922,3.8899,0.016976
1.875,2.916,0.005,0.41636,-0.0031001,-1.9686e-24,0,0.0015591,0.00063259,2.4646,0.016752
1.825,2.972,0.005,0.40496,-0.0018529,-1.8099e-24,0,0.0023393,0.00030412,7.6921,0.016354
4.825,0.024,0.005,-0.20456,0.0013812,-3.7436e-24,0,0.00089829,0.00016163,5.5578,-0.0050577
4.775,0.072,0.005,-0.22814,0.0034152,3.0501e-24,0,0.00055279,0.00029016,1.9051,-0.0047117
4.725,0.12,0.005,-0.22908,0.0057332,1.718e-24,0,0.00063235,0.00058023,1.0898,-0.0044043
4.675,0.168,0.005,-0.22415,0.0079472,-8.7111e-24,0,0.00075859,0.00093563,0.81078,-0.0040984
4.625,0.216,0.005,-0.21707,0.010351,1.7816e-24,0,0.00087583,0.0012717,0.6887,-0.0038208
4.575,0.264,0.005,-0.2091,0.012912,3.3603e-24,0,0.00097551,0.0015575,0.62633,-0.0035658
4.525,0.312,0.005,-0.20062,0.015673,-5.4071e-38,0,0.0010591,0.0017894,0.59187,-0.003342
4.475,0.36,0.005,-0.19176,0.018624,-3.1345e-24,0,0.0011291,0.0019731,0.57224,-0.0031505
4.425,0.408,0.005,-0.18258,0.021752,-2.5126e-24,0,0.0011878,0.0021174,0.56096,-0.0029913
4.375,0.456,0.005,-0.17311,0.025035,-5.8183e-24,0,0.0012365,0.0022314,0.55416,-0.0028623
4.325,0.50502,0.005,-0.16324,0.028479,-3.6474e-24,0,0.0012775,0.0023259,0.54923,-0.0027677
4.275,0.55506,0.005,-0.15303,0.032036,4.0857e-25,0,0.0013094,0.0024049,0.54449,-0.0027021
4.225,0.60511,0.005,-0.14276,0.035634,-6.6369e-24,0,0.0013317,0.0024721,0.53868,-0.0026472
4.175,0.65515,0.005,-0.13256,0.039246,-3.5587e-24,0,0.001344,0.0025304,0.53117,-0.0025932
4.125,0.70519,0.005,-0.12253,0.042855,4.8685e-25,0,0.0013466,0.0025805,0.52182,-0.0025307
4.075,0.75523,0.005,-0.11277,0.046454,-1.3922e-38,0,0.0013394,0.0026217,0.51089,-0.0024511
4.025,0.80528,0.005,-0.10332,0.050039,-2.946e-24,0,0.001323,0.0026523,0.49882,-0.0023468
3.975,0.85532,0.005,-0.094219,0.053608,-7.7691e-24,0,0.0012983,0.0026706,0.48615,-0.002211
3.925,0.90536,0.005,-0.085465,0.057158,0,0,0.0012664,0.0026753,0.47335,-0.0020377
3.875,0.9554,0.005,-0.077056,0.060687,-2.4314e-24,0,0.0012285,0.002666,0.4608,-0.0018216
3.825,1.0054,0.005,-0.068975,0.06419,8.8543e-26,0,0.0011862,0.002643,0.44881,-0.0015582
3.775,1.0555,0.005,-0.061205,0.067658,2.0166e-23,0,0.0011408,0.0026072,0.43756,-0.0012434
3.725,1.1055,0.005,-0.053726,0.071081,1.3e-23,0,0.0010936,0.0025603,0.42715,-0.0008738
3.675,1.1556,0.005,-0.046523,0.074444,1.9419e-38,0,0.0010457,0.0025036,0.41767,-0.0004466
3.625,1.2056,0.005,-0.039581,0.07773,-1.0661e-23,0,0.00099777,0.0024386,0.40916,4.0641e-05
3.575,1.2557,0.005,-0.032896,0.080918,5.6443e-24,0,0.00095044,0.0023664,0.40165,0.00058977
3.525,1.3057,0.005,-0.026465,0.083987,6.4042e-24,0,0.00090405,0.0022876,0.3952,0.0012021
3.475,1.3557,0.005,-0.020293,0.086909,-1.2691e-23,0,0.00085882,0.0022027,0.38989,0.0018783
3.425,1.4058,0.005,-0.014391,0.089659,1.293e-24,0,0.00081479,0.0021117,0.38584,0.0026185
3.375,1.4558,0.005,-0.0087752,0.092209,-7.1438e-24,0,0.00077192,0.0020143,0.38322,0.0034223
3.325,1.5059,0.005,-0.0034678,0.094535,-1.956e-23,0,0.00073022,0.0019104,0.38224,0.0042884
3.275,1.5559,0.005,0.0015061,0.096607,7.9469e-24,0,0.00068966,0.0018001,0.38312,0.0052146
3.225,1.606,0.005,0.0061149,0.098396,8.1052e-24,0,0.00064988,0.0016826,0.38624,0.0061979
3.175,1.656,0.005,0.010323,0.099873,3.1784e-24,0,0.00061106,0.0015592,0.39189,0.0072349
3.125,1.706,0.005,0.014088,0.101,-1.222e-23,0,0.00057353,0.0014322,0.40045,0.0083215
3.075,1.7561,0.005,0.01736,0.10172,-8.5668e-24,0,0.00053804,0.0013048,0.41235,0.0094514
3.025,1.8061,0.005,0.020074,0.10196,1.8872e-23,0,0.00050621,0.0011826,0.42804,0.010617
2.975,1.8562,0.005,0.022144,0.10161,8.6776e-24,0,0.0004808,0.001073,0.44808,0.011808
2.925,1.9062,0.005,0.023451,0.10048,-8.5451e-24,0,0.00046618,0.00098566,0.47297,0.01301
2.875,1.9563,0.005,0.023833,0.098303,-8.1945e-24,0,0.00046844,0.00093194,0.50265,0.014204
2.825,2.0063,0.005,0.023087,0.094752,-7.3099e-24,0,0.00049371,0.00092152,0.53575,0.015361
2.775,2.0563,0.005,0.021024,0.089594,-1.0658e-24,0,0.00054412,0.00095657,0.56882,0.016452
2.725,2.1064,0.005,0.017603,0.082731,8.4925e-24,0,0.00061197,0.00091538,0.5976,0.017457
2.675,2.1564,0.005,0.012937,0.074224,-8.7293e-24,0,0.0006861,0.00088154,0.61948,0.01835
2.625,2.2065,0.005,0.0071723,0.064404,6.2287e-24,0,0.00075894,0.00086922,0.63524,0.019096
2.575,2.2565,0.005,0.0004718,0.053678,-8.1585e-25,0,0.00084018,0.00088952,0.65205,0.019674
2.525,2.3066,0.005,-0.0069251,0.042382,-1.5904e-23,0,0.00098139,0.00098926,0.69477,0.020062
2.475,2.3566,0.005,-0.01376,0.030949,-1.6473e-23,0,0.0012898,0.001297,0.806,0.020222
2.425,2.4066,0.005,-0.016575,0.020838,-6.6495e-24,0,0.0018237,0.0018517,0.98491,0.020164
2.375,2.4567,0.005,-0.013179,0.012625,-5.6015e-24,0,0.0025753,0.0021347,1.2064,0.020004
2.325,2.5067,0.005,-0.002832,0.0061051,-4.4979e-24,0,0.0035134,0.0024231,1.45,0.019736
2.275,2.5568,0.005,0.014615,0.0013078,-4.2413e-24,0,0.0045165,0.0026322,1.7158,0.019382
2.225,2.6068,0.005,0.039789,-0.0021213,2.338e-25,0,0.0054977,0.0025544,2.0639,0.018999
2.175,2.6569,0.005,0.074961,-0.0045312,-3.6576e-24,0,0.0063477,0.0022519,2.5556,0.018619
2.125,2.7069,0.005,0.12299,-0.0062369,-1.2093e-24,0,0.0069749,0.0018979,3.1631,0.018251
2.075,2.7569,0.005,0.18621,-0.0075154,2.6271e-24,0,0.0071909,0.0015477,3.8413,0.017904
2.025,2.807,0.005,0.2659,-0.0083064,7.5682e-25,0,0.0065017,0.0012264,4.334,0.01759
1.975,2.86,0.005,0.35692,-0.0074222,-1.7687e-24,0,0.00418,0.00095586,3.8509,0.017341
1.925,2.916,0.005,0.41377,-0.0032158,-1.0756e-26,0,0.0015988,0.00063783,2.5066,0.017085
1.875,2.972,0.005,0.40287,-0.0018176,0,0,0.0023413,0.00030425,7.6954,0.016658
4.875,0.024,0.005,-0.20685,0.0013133,1.2005e-37,0,0.00090984,0.00016266,5.5935,-0.0053793
4.825,0.072,0.005,-0.23017,0.0032083,-7.1298e-25,0,0.00055939,0.00029492,1.8968,-0.0050623
4.775,0.12,0.005,-0.23094,0.0053712,1.0841e-37,0,0.00064169,0.00059288,1.0823,-0.0047807
4.725,0.168,0.005,-0.22593,0.0074285,1.504e-37,0,0.00077003,0.00095521,0.80614,-0.0044989
4.675,0.216,0.005,-0.21884,0.0096587,-2.9174e-24,0,0.00088851,0.0012955,0.68585,-0.0042413
4.625,0.264,0.005,-0.21087,0.012043,0,0,0.00098912,0.0015834,0.62467,-0.0040051
4.575,0.312,0.005,-0.20239,0.014614,-1.0775e-24,0,0.0010736,0.0018161,0.59113,-0.0037967
4.525,0.36,0.005,-0.19351,0.017366,-4.4862e-38,0,0.0011446,0.0019999,0.57233,-0.0036177
4.475,0.408,0.005,-0.18428,0.020285,-2.9172e-24,0,0.0012044,0.0021437,0.56184,-0.0034684
4.425,0.456,0.005,-0.17473,0.023354,-5.1176e-24,0,0.0012545,0.0022571,0.5558,-0.0033474
4.375,0.50502,0.005,-0.16474,0.026577,3.5565e-25,0,0.001297,0.0023514,0.55158,-0.0032596
4.325,0.55506,0.005,-0.15437,0.029911,5.7273e-24,0,0.0013306,0.0024308,0.5474,-0.0032004
4.275,0.60511,0.005,-0.14392,0.03329,3.264e-25,0,0.0013546,0.0024995,0.54196,-0.003152
4.225,0.65515,0.005,-0.13351,0.036691,-2.674e-38,0,0.0013688,0.0025605,0.53461,-0.0031041
4.175,0.70519,0.005,-0.12329,0.040099,-3.4222e-24,0,0.0013732,0.0026145,0.52522,-0.0030479
4.125,0.75523,0.005,-0.11333,0.043508,-6.414e-24,0,0.0013677,0.0026605,0.51409,-0.0029752
4.075,0.80528,0.005,-0.1037,0.046917,-2.8122e-24,0,0.0013528,0.0026965,0.50169,-0.0028787
4.025,0.85532,0.005,-0.094424,0.050324,-7.38e-24,0,0.0013292,0.0027205,0.4886,-0.0027519
3.975,0.90536,0.005,-0.085515,0.05373,-2.5146e-24,0,0.0012981,0.0027308,0.47533,-0.0025892
3.925,0.9554,0.005,-0.076963,0.057133,0,0,0.0012606,0.0027266,0.46232,-0.0023853
3.875,1.0054,0.005,-0.068752,0.060526,-4.2508e-24,0,0.0012182,0.0027079,0.44987,-0.0021356
3.825,1.0555,0.005,-0.06086,0.063903,-6.7778e-24,0,0.0011725,0.0026757,0.4382,-0.0018362
3.775,1.1055,0.005,-0.053264,0.067253,9.142e-24,0,0.0011247,0.0026314,0.42742,-0.0014833
3.725,1.1556,0.005,-0.045946,0.070561,1.3845e-24,0,0.001076,0.0025767,0.4176,-0.0010739
3.675,1.2056,0.005,-0.03889,0.073809,-6.2105e-24,0,0.0010273,0.0025132,0.40877,-0.00060514
3.625,1.2557,0.005,-0.032085,0.076978,5.3778e-37,0,0.00097917,0.0024422,0.40093,-7.4787e-05
3.575,1.3057,0.005,-0.025527,0.080045,8.1321e-25,0,0.00093205,0.0023649,0.39412,0.0005189
3.525,1.3557,0.005,-0.019218,0.082982,6.1573e-24,0,0.00088619,0.0022818,0.38838,0.0011771
3.475,1.4058,0.005,-0.013168,0.085762,3.5882e-37,0,0.00084167,0.0021931,0.38379,0.0019005
3.425,1.4558,0.005,-0.0073901,0.088356,-1.8027e-24,0,0.00079847,0.0020986,0.38048,0.002689
3.375,1.5059,0.005,-0.0019041,0.090738,7.4376e-24,0,0.00075659,0.0019983,0.37863,0.0035421
3.325,1.5559,0.005,0.0032649,0.092875,-1.5435e-23,0,0.00071591,0.0018918,0.37844,0.0044575
3.275,1.606,0.005,0.0080877,0.094743,-2.9165e-24,0,0.00067607,0.001778,0.38023,0.0054332
3.225,1.656,0.005,0.01253,0.09631,3.0429e-24,0,0.0006371,0.0016576,0.38435,0.0064663
3.175,1.706,0.005,0.016553,0.09754,-3.6272e-24,0,0.00059923,0.0015321,0.39112,0.007553
3.125,1.7561,0.005,0.020109,0.098394,-4.2403e-24,0,0.00056292,0.001404,0.40094,0.0086881
3.075,1.8061,0.005,0.023143,0.098813,4.8801e-24,0,0.00052922,0.0012775,0.41427,0.0098648
3.025,1.8562,0.005,0.025578,0.098715,1.1054e-31,0,0.00050018,0.0011588,0.43163,0.011074
2.975,1.9062,0.005,0.027316,0.097968,2.8187e-37,0,0.00047925,0.0010565,0.45361,0.012305
2.925,1.9563,0.005,0.028213,0.096363,6.73e-24,0,0.00047163,0.00098132,0.48061,0.01354
2.875,2.0063,0.005,0.028074,0.093625,2.001e-37,0,0.00048375,0.00094446,0.51219,0.014756
2.825,2.0563,0.005,0.026656,0.089449,7.5825e-24,0,0.00052037,0.00094654,0.54625,0.015926
2.775,2.1064,0.005,0.023888,0.083659,-1.3379e-23,0,0.00057869,0.00088997,0.57908,0.017027
2.725,2.1564,0.005,0.019786,0.07615,2.8833e-24,0,0.00065125,0.00085336,0.6073,0.018028
2.675,2.2065,0.005,0.014461,0.067132,-8.7501e-24,0,0.00072925,0.00083946,0.62986,0.018889
2.625,2.2565,0.005,0.0080723,0.056951,5.8423e-24,0,0.00081533,0.00085541,0.65138,0.019583
2.575,2.3066,0.005,0.00084795,0.045959,7.1278e-24,0,0.00095035,0.0009379,0.69171,0.020084
2.525,2.3566,0.005,-0.0062556,0.034525,-1.5371e-24,0,0.0012372,0.0011947,0.79383,0.020353
2.475,2.4066,0.005,-0.010159,0.023809,-2.579e-24,0,0.0017588,0.0017132,0.96889,0.020376
2.425,2.4567,0.005,-0.0079019,0.015041,-1.7238e-37,0,0.0025003,0.0021037,1.1885,0.020257
2.375,2.5067,0.005,0.0013401,0.0078638,3.5437e-24,0,0.0034397,0.0023958,1.4358,0.020049
2.325,2.5568,0.005,0.017831,0.0024534,3.6942e-24,0,0.0044698,0.0026184,1.707,0.01974
2.275,2.6068,0.005,0.042267,-0.0014977,-3.6311e-24,0,0.0054953,0.002561,2.0577,0.019389
2.225,2.6569,0.005,0.076875,-0.0043033,3.8313e-24,0,0.0063848,0.0022725,2.5502,0.019032
2.175,2.7069,0.005,0.12448,-0.0062434,3.6808e-24,0,0.0070221,0.0019193,3.1532,0.018674
2.125,2.7569,0.005,0.18727,-0.0075972,-2.1011e-24,0,0.00721,0.0015666,3.8128,0.018323
2.075,2.807,0.005,0.26592,-0.0083285,2.6768e-24,0,0.0064834,0.0012466,4.2752,0.017997
2.025,2.86,0.005,0.35472,-0.007441,0,0,0.0042111,0.00098212,3.8109,0.017717
1.975,2.916,0.005,0.41112,-0.0033132,-4.7392e-26,0,0.0016375,0.00064314,2.5461,0.017433
1.925,2.972,0.005,0.40075,-0.0017811,2.2144e-24,0,0.002342,0.00030429,7.6965,0.016981
4.925,0.024,0.005,-0.20902,0.001251,3.039e-24,0,0.00092093,0.00016364,5.6276,-0.0056722
4.875,0.072,0.005,-0.23207,0.0030174,3.168e-25,0,0.00056608,0.00029962,1.8893,-0.0053824
4.825,0.12,0.005,-0.23268,0.0050381,1.4307e-24,0,0.00065094,0.00060524,1.0755,-0.0051253
4.775,0.168,0.005,-0.2276,0.0069465,2.7063e-24,0,0.0007812,0.00097412,0.80195,-0.0048665
4.725,0.216,0.005,-0.22048,0.0090192,2.3221e-24,0,0.00090078,0.0013183,0.6833,-0.0046291
4.675,0.264,0.005,-0.21252,0.011239,1.4087e-24,0,0.0010022,0.0016081,0.6232,-0.0044113
4.625,0.312,0.005,-0.20404,0.013633,1.6637e-24,0,0.0010874,0.0018414,0.5905,-0.0042184
4.575,0.36,0.005,-0.19514,0.016196,2.6741e-24,0,0.0011593,0.002025,0.57248,-0.004052
4.525,0.408,0.005,-0.18587,0.018919,-2.1436e-24,0,0.0012201,0.0021682,0.56275,-0.0039128
4.475,0.456,0.005,-0.17624,0.021783,-5.0052e-24,0,0.0012714,0.0022808,0.55744,-0.0037998
4.425,0.50502,0.005,-0.16614,0.024792,0,0,0.0013152,0.0023745,0.55389,-0.0037182
4.375,0.55506,0.005,-0.15561,0.027903,-3.1198e-25,0,0.0013503,0.0024541,0.55025,-0.0036658
4.325,0.60511,0.005,-0.14497,0.031061,-2.522e-24,0,0.001376,0.002524,0.54516,-0.0036253
4.275,0.65515,0.005,-0.13437,0.034248,-2.533e-38,0,0.0013919,0.0025875,0.53794,-0.0035854
4.225,0.70519,0.005,-0.12395,0.037452,-3.9127e-25,0,0.001398,0.0026452,0.52851,-0.0035365
4.175,0.75523,0.005,-0.11381,0.040668,5.2753e-25,0,0.0013943,0.002696,0.51717,-0.0034714
4.125,0.80528,0.005,-0.104,0.043895,2.6772e-24,0,0.001381,0.0027376,0.50445,-0.0033832
4.075,0.85532,0.005,-0.094567,0.047136,6.983e-24,0,0.0013587,0.0027675,0.49094,-0.0032659
4.025,0.90536,0.005,-0.085513,0.050391,4.7975e-24,0,0.0013284,0.0027837,0.47721,-0.003114
3.975,0.9554,0.005,-0.076828,0.053658,2.2253e-24,0,0.0012914,0.002785,0.46372,-0.0029224
3.925,1.0054,0.005,-0.068494,0.056933,1.1919e-23,0,0.0012492,0.0027711,0.45081,-0.0026868
3.875,1.0555,0.005,-0.060487,0.060209,3.6365e-33,0,0.0012033,0.0027427,0.43873,-0.0024031
3.825,1.1055,0.005,-0.052782,0.063474,-1.0295e-23,0,0.001155,0.0027012,0.42758,-0.0020674
3.775,1.1556,0.005,-0.045356,0.066715,4.6136e-24,0,0.0011056,0.0026486,0.41744,-0.0016764
3.725,1.2056,0.005,-0.038191,0.069916,1.0852e-23,0,0.0010561,0.0025865,0.40831,-0.0012271
3.675,1.2557,0.005,-0.031273,0.073054,5.2236e-24,0,0.0010072,0.0025166,0.4002,-0.00071675
3.625,1.3057,0.005,-0.024596,0.076108,-1.1148e-23,0,0.00095926,0.0024402,0.3931,-0.00014327
3.575,1.3557,0.005,-0.018158,0.07905,8.4744e-27,0,0.0009127,0.0023582,0.38703,0.00049498
3.525,1.4058,0.005,-0.011966,0.081852,1.2728e-23,0,0.00086762,0.0022711,0.38203,0.0011992
3.475,1.4558,0.005,-0.0060319,0.084483,6.8038e-24,0,0.00082402,0.0021788,0.37819,0.0019697
3.425,1.5059,0.005,-0.0003742,0.086916,-6.9538e-24,0,0.0007819,0.0020814,0.37566,0.0028065
3.375,1.5559,0.005,0.0049834,0.089116,7.4788e-24,0,0.00074097,0.0019779,0.37463,0.0037078
3.325,1.606,0.005,0.010013,0.091057,-1.5337e-23,0,0.00070107,0.0018677,0.37536,0.004672
3.275,1.656,0.005,0.014683,0.092707,1.0781e-23,0,0.00066208,0.0017507,0.37817,0.0056968
3.225,1.706,0.005,0.018955,0.094035,4.6069e-24,0,0.00062407,0.0016277,0.38342,0.006779
3.175,1.7561,0.005,0.022787,0.095004,-4.0492e-24,0,0.00058735,0.0015005,0.39145,0.0079139
3.125,1.8061,0.005,0.026126,0.095567,0,0,0.00055259,0.0013722,0.40271,0.0090959
3.075,1.8562,0.005,0.028905,0.095663,1.3943e-23,0,0.00052123,0.0012478,0.41771,0.010317
3.025,1.9062,0.005,0.031039,0.095196,-5.9164e-24,0,0.00049592,0.0011348,0.43702,0.011567
2.975,1.9563,0.005,0.032407,0.094012,1.0968e-23,0,0.00048094,0.0010427,0.46124,0.012833
2.925,2.0063,0.005,0.032831,0.091905,-1.4035e-23,0,0.00048218,0.00098299,0.49053,0.014094
2.875,2.0563,0.005,0.032054,0.088556,-2.1541e-37,0,0.00050548,0.00093488,0.52393,0.015327
2.825,2.1064,0.005,0.029975,0.083733,-7.632e-24,0,0.00055206,0.00087357,0.55866,0.016509
2.775,2.1564,0.005,0.026529,0.077229,8.4208e-24,0,0.00061824,0.00083243,0.59144,0.017607
2.725,2.2065,0.005,0.021751,0.069112,1.4349e-23,0,0.00069674,0.00081539,0.62,0.018578
2.675,2.2565,0.005,0.015775,0.059628,8.2755e-24,0,0.00078646,0.00082713,0.64672,0.019388
2.625,2.3066,0.005,0.0088088,0.049101,-1.2158e-23,0,0.00091672,0.00089571,0.68735,0.020006
2.575,2.3566,0.005,0.0016067,0.037869,4.0841e-24,0,0.0011811,0.0011121,0.78117,0.020391
2.525,2.4066,0.005,-0.003139,0.026836,8.3516e-24,0,0.0016866,0.0015838,0.95172,0.020514
2.475,2.4567,0.005,-0.0020855,0.017501,2.9322e-24,0,0.0024221,0.0020696,1.1703,0.02045
2.425,2.5067,0.005,0.0059843,0.0097642,2.6967e-24,0,0.0033584,0.0023666,1.4191,0.020301
2.375,2.5568,0.005,0.021456,0.0037611,-7.6891e-26,0,0.0044091,0.0026015,1.6948,0.020048
2.325,2.6068,0.005,0.045054,-0.00071634,3.3004e-24,0,0.0054719,0.0025637,2.0458,0.01974
2.275,2.6569,0.005,0.078983,-0.003936,-6.6088e-24,0,0.0064058,0.0022923,2.5398,0.019415
2.225,2.7069,0.005,0.12604,-0.0061422,-4.0533e-25,0,0.0070584,0.0019409,3.14,0.019078
2.175,2.7569,0.005,0.18828,-0.0076026,9.4391e-33,0,0.0072243,0.0015858,3.783,0.018733
2.125,2.807,0.005,0.26588,-0.0083074,2.7532e-24,0,0.0064656,0.001267,4.2173,0.0184
2.075,2.86,0.005,0.35252,-0.0074222,4.2805e-25,0,0.0042388,0.0010078,3.7704,0.0181
2.025,2.916,0.005,0.40844,-0.0033875,0,0,0.0016752,0.00064851,2.5831,0.017792
1.975,2.972,0.005,0.3986,-0.0017395,-1.8306e-25,0,0.0023414,0.00030425,7.6956,0.017319
4.975,0.024,0.005,-0.21106,0.0011936,-2.7229e-24,0,0.00093159,0.00016458,5.6603,-0.0059377
4.925,0.072,0.005,-0.23384,0.0028413,-5.6324e-25,0,0.00057284,0.00030429,1.8826,-0.0056741
4.875,0.12,0.005,-0.2343,0.0047302,1.2046e-24,0,0.00066011,0.00061732,1.0693,-0.0054399
4.825,0.168,0.005,-0.22914,0.0065002,5.7167e-24,0,0.00079211,0.00099241,0.79816,-0.0052031
4.775,0.216,0.005,-0.22202,0.0084284,2.4277e-24,0,0.00091262,0.0013401,0.681,-0.0049857
4.725,0.264,0.005,-0.21406,0.010493,2.5826e-24,0,0.0010147,0.0016316,0.62188,-0.0047858
4.675,0.312,0.005,-0.20558,0.012722,2.4363e-24,0,0.0011005,0.0018654,0.58997,-0.0046084
4.625,0.36,0.005,-0.19667,0.015109,-7.0412e-25,0,0.0011732,0.0020486,0.57267,-0.004455
4.575,0.408,0.005,-0.18735,0.017648,0,0,0.0012349,0.0021909,0.56365,-0.0043257
4.525,0.456,0.005,-0.17765,0.020322,-4.3833e-24,0,0.0012872,0.0023025,0.55904,-0.0042202
4.475,0.50502,0.005,-0.16743,0.023126,-5.1586e-24,0,0.0013321,0.0023953,0.55613,-0.0041444
4.425,0.55506,0.005,-0.15673,0.026015,0,0,0.0013685,0.0024747,0.553,-0.0040976
4.375,0.60511,0.005,-0.14591,0.028947,-2.8409e-24,0,0.0013956,0.0025456,0.54823,-0.0040653
4.325,0.65515,0.005,-0.13513,0.031917,2.9217e-24,0,0.0014131,0.0026114,0.54113,-0.0040352
4.275,0.70519,0.005,-0.12453,0.034915,3.0135e-24,0,0.0014209,0.0026728,0.53163,-0.0039958
4.225,0.75523,0.005,-0.11421,0.037936,2.2036e-37,0,0.001419,0.0027283,0.52009,-0.003939
4.175,0.80528,0.005,-0.10424,0.04098,5.0809e-33,0,0.0014073,0.0027754,0.50705,-0.0038597
4.125,0.85532,0.005,-0.094652,0.044051,2.4241e-24,0,0.0013864,0.0028114,0.49315,-0.0037521
4.075,0.90536,0.005,-0.085462,0.047149,3.4093e-24,0,0.0013573,0.0028339,0.47896,-0.0036112
4.025,0.9554,0.005,-0.076653,0.050274,-3.5497e-24,0,0.0013211,0.002841,0.46499,-0.0034323
3.975,1.0054,0.005,-0.068205,0.053423,-1.9365e-24,0,0.0012792,0.0028323,0.45163,-0.003211
3.925,1.0555,0.005,-0.060091,0.056588,5.6448e-24,0,0.0012331,0.0028082,0.43912,-0.0029432
3.875,1.1055,0.005,-0.052283,0.059759,3.0276e-24,0,0.0011845,0.00277,0.42761,-0.002625
3.825,1.1556,0.005,-0.044756,0.062923,1.2695e-24,0,0.0011345,0.0027196,0.41715,-0.002253
3.775,1.2056,0.005,-0.037489,0.066064,9.3533e-24,0,0.0010842,0.002659,0.40775,-0.0018237
3.725,1.2557,0.005,-0.030466,0.069161,4.2964e-24,0,0.0010344,0.00259,0.39939,-0.0013344
3.675,1.3057,0.005,-0.023676,0.072191,-1.0332e-23,0,0.00098572,0.0025142,0.39206,-0.00078251
3.625,1.3557,0.005,-0.017115,0.075128,-5.739e-24,0,0.00093842,0.0024328,0.38573,-0.00016589
3.575,1.4058,0.005,-0.010789,0.077942,-5.7496e-24,0,0.0008927,0.0023465,0.38043,0.00051699
3.525,1.4558,0.005,-0.0047059,0.080602,-1.7159e-32,0,0.00084858,0.0022557,0.3762,0.0012672
3.475,1.5059,0.005,0.0011165,0.083079,-1.3456e-24,0,0.00080619,0.0021606,0.37314,0.0020848
3.425,1.5559,0.005,0.0066557,0.085336,7.2298e-24,0,0.00076491,0.0020593,0.37145,0.0029687
3.375,1.606,0.005,0.011885,0.087347,7.4337e-24,0,0.00072486,0.0019521,0.37133,0.0039179
3.325,1.656,0.005,0.016775,0.089077,2.7929e-24,0,0.00068587,0.0018384,0.37307,0.0049305
3.275,1.706,0.005,0.02129,0.090496,-1.4508e-23,0,0.00064786,0.0017184,0.37701,0.0060036
3.225,1.7561,0.005,0.025388,0.09157,8.1065e-24,0,0.00061098,0.0015931,0.38352,0.0071334
3.175,1.8061,0.005,0.02902,0.092258,-3.8902e-24,0,0.00057565,0.0014648,0.39298,0.0083148
3.125,1.8562,0.005,0.032126,0.092511,4.388e-38,0,0.00054286,0.0013374,0.4059,0.0095415
3.075,1.9062,0.005,0.034627,0.092264,5.6663e-24,0,0.00051458,0.001217,0.42282,0.010804
3.025,1.9563,0.005,0.036417,0.091405,-8.8438e-24,0,0.00049423,0.0011121,0.4444,0.012091
2.975,2.0063,0.005,0.037347,0.08976,8.8235e-24,0,0.00048693,0.0010282,0.47114,0.013386
2.925,2.0563,0.005,0.037209,0.087087,-7.3745e-24,0,0.00049846,0.00093391,0.50284,0.014668
2.875,2.1064,0.005,0.035815,0.083083,1.679e-23,0,0.00053292,0.00086522,0.53783,0.015916
2.825,2.1564,0.005,0.033076,0.077529,-8.2499e-24,0,0.00058982,0.00081931,0.57331,0.017097
2.775,2.2065,0.005,0.028938,0.070344,1.6651e-31,0,0.00066461,0.00079781,0.6066,0.018168
2.725,2.2565,0.005,0.023476,0.061659,-1.3921e-23,0,0.00075515,0.00080491,0.63837,0.019089
2.675,2.3066,0.005,0.016871,0.051736,-4.5076e-37,0,0.00088283,0.00086318,0.68086,0.019825
2.625,2.3566,0.005,0.0097161,0.040878,0,0,0.0011279,0.0010483,0.76906,0.020329
2.575,2.4066,0.005,0.0043309,0.02981,1.9071e-24,0,0.0016065,0.0014742,0.9327,0.020565
2.525,2.4567,0.005,0.0042246,0.019981,3.1517e-38,0,0.002337,0.0020234,1.1509,0.020578
2.475,2.5067,0.005,0.0111,0.011767,-1.7929e-24,0,0.0032704,0.002335,1.4006,0.020486
2.425,2.5568,0.005,0.025499,0.0052057,9.7851e-26,0,0.004336,0.0025819,1.6794,0.020296
2.375,2.6068,0.005,0.048173,0.00021224,4.335e-26,0,0.0054297,0.0025632,2.0291,0.020042
2.325,2.6569,0.005,0.081313,-0.0034346,6.2208e-24,0,0.0064103,0.0023113,2.5245,0.019758
2.275,2.7069,0.005,0.12769,-0.0059322,-3.1158e-25,0,0.0070834,0.0019627,3.1233,0.019453
2.225,2.7569,0.005,0.18928,-0.0075291,3.6318e-25,0,0.0072338,0.0016055,3.7518,0.019124
2.175,2.807,0.005,0.26577,-0.0082432,4.1132e-26,0,0.0064485,0.0012872,4.1605,0.018795
2.125,2.86,0.005,0.35034,-0.0073639,-2.7673e-24,0,0.0042637,0.0010332,3.7297,0.018479
2.075,2.916,0.005,0.40573,-0.0034337,0,0,0.0017117,0.00065397,2.6175,0.018154
2.025,2.972,0.005,0.39643,-0.0016934,-2.3617e-24,0,0.0023396,0.00030414,7.6927,0.017666
5.025,0.024,0.005,-0.213,0.0011407,-2.3291e-27,0,0.00094186,0.00016549,5.6915,-0.0061765
4.975,0.072,0.005,-0.2355,0.0026786,-5.0375e-25,0,0.00057968,0.00030892,1.8765,-0.0059387
4.925,0.12,0.005,-0.23581,0.0044462,-5.0618e-24,0,0.00066918,0.00062915,1.0636,-0.0057264
4.875,0.168,0.005,-0.23058,0.0060877,2.9546e-24,0,0.00080276,0.0010101,0.79471,-0.0055104
4.825,0.216,0.005,-0.22345,0.0078816,5.3784e-24,0,0.00092407,0.0013611,0.67891,-0.0053127
4.775,0.264,0.005,-0.2155,0.0098025,1.1849e-24,0,0.0010267,0.0016541,0.62069,-0.0051303
4.725,0.312,0.005,-0.20702,0.011876,1.406e-24,0,0.0011131,0.0018882,0.58949,-0.0049681
4.675,0.36,0.005,-0.19809,0.014098,-1.618e-24,0,0.0011863,0.0020708,0.57286,-0.0048277
4.625,0.408,0.005,-0.18874,0.016469,-2.2939e-24,0,0.0012488,0.0022121,0.56452,-0.0047084
4.575,0.456,0.005,-0.17896,0.018964,7.6146e-25,0,0.0013018,0.0023223,0.56057,-0.00461
4.525,0.50502,0.005,-0.16862,0.02157,-3.4264e-25,0,0.0013476,0.0024138,0.55826,-0.0045412
4.475,0.55506,0.005,-0.15776,0.024243,0,0,0.001385,0.0024927,0.55561,-0.0045003
4.425,0.60511,0.005,-0.14676,0.02695,-5.1476e-24,0,0.0014133,0.0025643,0.55113,-0.0044736
4.375,0.65515,0.005,-0.13579,0.029697,-9.6476e-38,0,0.0014323,0.0026323,0.54413,-0.004452
4.325,0.70519,0.005,-0.12501,0.032487,5.3428e-24,0,0.0014418,0.0026971,0.53457,-0.004424
4.275,0.75523,0.005,-0.11453,0.035314,2.494e-24,0,0.0014416,0.0027573,0.52282,-0.0043776
4.225,0.80528,0.005,-0.1044,0.038174,2.9904e-24,0,0.0014317,0.00281,0.50948,-0.0043075
4.175,0.85532,0.005,-0.09468,0.041073,5.2939e-39,0,0.0014124,0.0028522,0.49519,-0.00421
4.125,0.90536,0.005,-0.085364,0.044011,9.1124e-38,0,0.0013846,0.0028811,0.48057,-0.0040805
4.075,0.9554,0.005,-0.076441,0.04699,4.0181e-33,0,0.0013493,0.0028945,0.46614,-0.0039144
4.025,1.0054,0.005,-0.067887,0.050006,-3.502e-24,0,0.0013079,0.0028915,0.45232,-0.0037075
3.975,1.0555,0.005,-0.059673,0.053052,-1.0677e-23,0,0.001262,0.0028721,0.4394,-0.0034557
3.925,1.1055,0.005,-0.05177,0.056121,-2.8778e-24,0,0.0012131,0.0028376,0.42751,-0.0031553
3.875,1.1556,0.005,-0.04415,0.059198,-1.7446e-24,0,0.0011626,0.0027897,0.41674,-0.0028025
3.825,1.2056,0.005,-0.036789,0.062269,-1.9009e-24,0,0.0011116,0.0027307,0.40707,-0.002394
3.775,1.2557,0.005,-0.029667,0.065314,-9.5244e-24,0,0.001061,0.0026626,0.39849,-0.0019265
3.725,1.3057,0.005,-0.022771,0.06831,9.5372e-24,0,0.0010115,0.0025873,0.39095,-0.0013972
3.675,1.3557,0.005,-0.016096,0.07123,-5.5243e-24,0,0.00096342,0.0025062,0.38442,-0.00080358
3.625,1.4058,0.005,-0.0096414,0.074046,6.4758e-37,0,0.00091698,0.0024202,0.37889,-0.00014377
3.575,1.4558,0.005,-0.003417,0.076726,-8.3867e-25,0,0.00087226,0.0023299,0.37437,0.00058385
3.525,1.5059,0.005,0.0025628,0.079238,4.1693e-24,0,0.00082935,0.0022359,0.37093,0.0013797
3.475,1.5559,0.005,0.0082768,0.081547,1.6061e-37,0,0.0007878,0.0021366,0.36872,0.0022433
3.425,1.606,0.005,0.0137,0.083622,2.2017e-24,0,0.0007475,0.0020317,0.36793,0.0031742
3.375,1.656,0.005,0.018802,0.085428,-2.678e-24,0,0.00070844,0.0019209,0.3688,0.0041708
3.325,1.706,0.005,0.023551,0.086935,-1.2683e-31,0,0.00067047,0.001804,0.37166,0.0052307
3.275,1.7561,0.005,0.027907,0.088108,6.5478e-37,0,0.00063357,0.0016812,0.37685,0.0063508
3.225,1.8061,0.005,0.03182,0.08891,4.2491e-24,0,0.00059797,0.0015541,0.38476,0.0075266
3.175,1.8562,0.005,0.035232,0.089309,-8.4264e-24,0,0.00056435,0.0014257,0.39585,0.0087533
3.125,1.9062,0.005,0.03807,0.08924,1.4112e-23,0,0.00053409,0.0013006,0.41066,0.010022
3.075,1.9563,0.005,0.040252,0.088629,-1.4949e-23,0,0.00050985,0.0011649,0.42983,0.011322
3.025,2.0063,0.005,0.041649,0.087343,6.6337e-24,0,0.00049589,0.001043,0.45403,0.01264
2.975,2.0563,0.005,0.0421,0.085189,-1.8874e-24,0,0.00049784,0.0009429,0.48352,0.013959
2.925,2.1064,0.005,0.041389,0.081868,-8.9814e-24,0,0.00052089,0.00086527,0.51762,0.015257
2.875,2.1564,0.005,0.039367,0.077149,1.9783e-37,0,0.00056727,0.00081392,0.55421,0.016507
2.825,2.2065,0.005,0.035932,0.070873,-1.6245e-31,0,0.00063529,0.00078715,0.59075,0.017665
2.775,2.2565,0.005,0.031078,0.063037,-6.9702e-25,0,0.00072357,0.00078899,0.62688,0.018689
2.725,2.3066,0.005,0.024935,0.053818,1.7338e-23,0,0.00084848,0.00083867,0.67197,0.019539
2.675,2.3566,0.005,0.017977,0.043473,-3.829e-24,0,0.0010787,0.00099937,0.75675,0.020164
2.625,2.4066,0.005,0.012154,0.032584,-1.5536e-24,0,0.0015307,0.0013809,0.9143,0.020517
2.575,2.4567,0.005,0.010984,0.022511,2.1963e-27,0,0.0022467,0.0019313,1.1308,0.020625
2.525,2.5067,0.005,0.016697,0.013826,6.5407e-25,0,0.0031761,0.0023006,1.3806,0.020599
2.475,2.5568,0.005,0.02996,0.0067537,-3.1976e-24,0,0.0042525,0.0025598,1.6613,0.020476
2.425,2.6068,0.005,0.051642,0.0012703,2.5408e-40,0,0.0053709,0.0025605,2.0085,0.020283
2.375,2.6569,0.005,0.08389,-0.0028073,6.2015e-33,0,0.0063984,0.0023298,2.5044,0.020052
2.325,2.7069,0.005,0.12945,-0.0056153,2.2584e-25,0,0.0070966,0.0019851,3.1031,0.019789
2.275,2.7569,0.005,0.19027,-0.007374,5.1373e-33,0,0.0072382,0.001626,3.7189,0.019487
2.225,2.807,0.005,0.2656,-0.0081153,2.6962e-26,0,0.0064319,0.001308,4.1046,0.019172
2.175,2.86,0.005,0.34818,-0.0072626,-1.7835e-26,0,0.004286,0.0010582,3.689,0.018848
2.125,2.916,0.005,0.40301,-0.0034505,0,0,0.0017471,0.00065952,2.6491,0.018511
2.075,2.972,0.005,0.39425,-0.0016423,0,0,0.0023368,0.00030395,7.688,0.018017
5.075,0.024,0.005,-0.21483,0.0010931,2.1418e-24,0,0.00095175,0.00016635,5.7214,-0.0063896
5.025,0.072,0.005,-0.23705,0.0025284,2.0287e-24,0,0.00058658,0.00031352,1.871,-0.0061759
4.975,0.12,0.005,-0.23722,0.0041841,1.5386e-24,0,0.00067816,0.00064073,1.0584,-0.0059866
4.925,0.168,0.005,-0.23192,0.005706,-6.015e-24,0,0.00081315,0.0010273,0.79155,-0.0057902
4.875,0.216,0.005,-0.22478,0.0073748,-2.8836e-24,0,0.00093511,0.0013813,0.67699,-0.0056114
4.825,0.264,0.005,-0.21684,0.009161,3.0974e-24,0,0.0010381,0.0016755,0.61959,-0.0054461
4.775,0.312,0.005,-0.20836,0.011089,4.3967e-38,0,0.0011249,0.0019098,0.58905,-0.005299
4.725,0.36,0.005,-0.19942,0.013159,1.4656e-37,0,0.0011987,0.0020917,0.57305,-0.0051711
4.675,0.408,0.005,-0.19004,0.015374,1.5025e-37,0,0.0012617,0.0022317,0.56535,-0.005062
4.625,0.456,0.005,-0.18019,0.017697,-4.0107e-24,0,0.0013153,0.0023403,0.56202,-0.0049723
4.575,0.50502,0.005,-0.16972,0.02011,2.2067e-24,0,0.0013616,0.0024303,0.56027,-0.0049132
4.525,0.55506,0.005,-0.1587,0.022584,4.7691e-24,0,0.0013997,0.002466,0.55803,-0.0048804
4.475,0.60511,0.005,-0.1475,0.025078,-2.3982e-24,0,0.0014289,0.0025272,0.55381,-0.004859
4.425,0.65515,0.005,-0.13635,0.027598,-2.5749e-24,0,0.0014492,0.0026283,0.5469,-0.0048416
4.375,0.70519,0.005,-0.1254,0.030167,-5.0302e-24,0,0.0014604,0.0027181,0.53727,-0.0048202
4.325,0.75523,0.005,-0.11476,0.0328,-2.3648e-24,0,0.001462,0.0027829,0.52533,-0.0047862
4.275,0.80528,0.005,-0.1045,0.035479,9.1148e-33,0,0.0014539,0.0028413,0.51171,-0.0047266
4.225,0.85532,0.005,-0.094653,0.038206,1.9545e-37,0,0.0014364,0.0028898,0.49707,-0.0046394
4.175,0.90536,0.005,-0.085222,0.040984,-9.5421e-25,0,0.0014101,0.0029253,0.48204,-0.0045214
4.125,0.9554,0.005,-0.076193,0.043812,1.2309e-24,0,0.0013759,0.0029453,0.46716,-0.0043682
4.075,1.0054,0.005,-0.067542,0.04669,-6.9552e-33,0,0.0013353,0.0029484,0.4529,-0.0041758
4.025,1.0555,0.005,-0.059237,0.049613,4.1729e-37,0,0.0012898,0.0029343,0.43955,-0.0039402
3.975,1.1055,0.005,-0.051247,0.052571,-3.6814e-24,0,0.0012408,0.0029039,0.42729,-0.0036576
3.925,1.1556,0.005,-0.043541,0.055553,-2.7833e-24,0,0.0011899,0.002859,0.41621,-0.0033243
3.875,1.2056,0.005,-0.036092,0.058545,-1.796e-32,0,0.0011384,0.0028019,0.40628,-0.0029368
3.825,1.2557,0.005,-0.028879,0.061527,-3.791e-37,0,0.001087,0.0027348,0.39748,-0.0024917
3.775,1.3057,0.005,-0.021885,0.064478,1.4619e-23,0,0.0010367,0.0026598,0.38976,-0.0019858
3.725,1.3557,0.005,-0.015102,0.067371,-1.5852e-26,0,0.00098778,0.0025787,0.38306,-0.0014165
3.675,1.4058,0.005,-0.0085283,0.070179,2.1028e-37,0,0.00094057,0.0024926,0.37735,-0.00078115
3.625,1.4558,0.005,-0.0021695,0.072869,-8.1945e-25,0,0.00089515,0.0024023,0.37261,-7.8002e-05
3.575,1.5059,0.005,0.0039604,0.075407,-3.7501e-24,0,0.0008516,0.0023086,0.36888,0.00069385
3.525,1.5559,0.005,0.0098417,0.077759,7.3635e-38,0,0.00080961,0.0022103,0.36628,0.0015346
3.475,1.606,0.005,0.01545,0.079892,2.1159e-24,0,0.00076906,0.0021072,0.36497,0.002444
3.425,1.656,0.005,0.020758,0.08177,2.5697e-24,0,0.00072985,0.0019987,0.36515,0.0034212
3.375,1.706,0.005,0.025733,0.083362,7.4299e-24,0,0.00069187,0.0018846,0.36712,0.0044641
3.325,1.7561,0.005,0.030337,0.084629,-2.2468e-23,0,0.00065502,0.0017646,0.3712,0.00557
3.275,1.8061,0.005,0.034519,0.085543,1.6106e-23,0,0.00061934,0.0016394,0.37778,0.0067361
3.225,1.8562,0.005,0.038219,0.086072,4.6273e-24,0,0.00058525,0.0015112,0.38727,0.0079571
3.175,1.9062,0.005,0.041376,0.086163,-1.2031e-23,0,0.00055363,0.0013459,0.40022,0.0092258
3.125,1.9563,0.005,0.043926,0.085756,5.8429e-24,0,0.00052661,0.0011943,0.41723,0.010532
3.075,2.0063,0.005,0.04577,0.084746,-2.2109e-23,0,0.00050774,0.0010645,0.43903,0.011864
3.025,2.0563,0.005,0.046752,0.082978,9.3816e-24,0,0.000502,0.00095774,0.46618,0.013208
2.975,2.1064,0.005,0.046685,0.080223,-7.5109e-24,0,0.00051501,0.00087342,0.49864,0.014545
2.925,2.1564,0.005,0.045373,0.076216,9.2778e-24,0,0.00055079,0.00081569,0.53512,0.015848
2.875,2.2065,0.005,0.04267,0.070773,8.8984e-24,0,0.00061025,0.00078351,0.57352,0.017079
2.825,2.2565,0.005,0.038495,0.063789,7.6506e-24,0,0.00069361,0.00077957,0.61302,0.018195
2.775,2.3066,0.005,0.03291,0.055334,-2.0935e-23,0,0.00081456,0.00082141,0.66085,0.019152
2.725,2.3566,0.005,0.026279,0.045603,9.567e-24,0,0.0010324,0.00096342,0.74376,0.019894
2.675,2.4066,0.005,0.020254,0.03504,-6.2858e-24,0,0.0014591,0.001308,0.89599,0.020366
2.625,2.4567,0.005,0.018192,0.024831,1.2561e-24,0,0.0021556,0.0018444,1.1102,0.020577
2.575,2.5067,0.005,0.022665,0.015866,0,0,0.0030783,0.0022638,1.3598,0.020631
2.525,2.5568,0.005,0.034876,0.0083563,-2.4632e-25,0,0.0041603,0.0025351,1.6411,0.020585
2.475,2.6068,0.005,0.055465,0.0024334,-2.7722e-24,0,0.0052995,0.0025581,1.9855,0.020457
2.425,2.6569,0.005,0.086731,-0.0020667,-1.766e-24,0,0.0063704,0.0023478,2.4797,0.020288
2.375,2.7069,0.005,0.13136,-0.0051947,-4.3973e-25,0,0.007098,0.0020082,3.0792,0.020075
2.325,2.7569,0.005,0.1913,-0.0071365,-1.5526e-25,0,0.0072372,0.0016473,3.6841,0.019811
2.275,2.807,0.005,0.26539,-0.007926,-4.2729e-24,0,0.0064157,0.0013294,4.0495,0.01952
2.225,2.86,0.005,0.34605,-0.0071154,2.1882e-24,0,0.0043064,0.001083,3.6486,0.019199
2.175,2.916,0.005,0.4003,-0.0034373,3.3505e-25,0,0.0017813,0.00066519,2.6778,0.018857
2.125,2.972,0.005,0.39209,-0.0015856,-4.6581e-24,0,0.002333,0.0003037,7.6818,0.018363
5.125,0.024,0.005,-0.21657,0.0010506,4.1094e-26,0,0.00096128,0.00016718,5.7501,-0.0065806
5.075,0.072,0.005,-0.23851,0.0023927,-3.9929e-24,0,0.00059355,0.0003181,1.8659,-0.0063867
5.025,0.12,0.005,-0.23854,0.0039412,-4.4882e-25,0,0.00068704,0.0006521,1.0536,-0.0062207
4.975,0.168,0.005,-0.23317,0.0053526,6.0507e-25,0,0.00082329,0.0010439,0.78864,-0.0060442
4.925,0.216,0.005,-0.22602,0.0069046,-3.606e-24,0,0.00094576,0.0014007,0.67522,-0.0058833
4.875,0.264,0.005,-0.21808,0.0085645,-2.0033e-24,0,0.0010491,0.001696,0.61856,-0.0057346
4.825,0.312,0.005,-0.20961,0.010358,-1.8526e-24,0,0.0011362,0.0019302,0.58863,-0.0056026
4.775,0.36,0.005,-0.20066,0.012287,-3.2618e-24,0,0.0012102,0.0021113,0.57322,-0.0054869
4.725,0.408,0.005,-0.19124,0.014353,6.6713e-38,0,0.0012736,0.0022498,0.56611,-0.0053873
4.675,0.456,0.005,-0.18133,0.01651,6.66e-38,0,0.0013277,0.0023567,0.56337,-0.0053103
4.625,0.50502,0.005,-0.17073,0.018743,1.3997e-25,0,0.0013744,0.0023846,0.56213,-0.0052619
4.575,0.55506,0.005,-0.15954,0.021034,4.4249e-24,0,0.001413,0.002399,0.56025,-0.0052396
4.525,0.60511,0.005,-0.14816,0.023333,1.1357e-25,0,0.0014428,0.0024527,0.55621,-0.005225
4.475,0.65515,0.005,-0.13682,0.025641,6.6539e-38,0,0.001464,0.0025443,0.54937,-0.0052106
4.425,0.70519,0.005,-0.12571,0.027984,-4.8061e-24,0,0.0014765,0.0026719,0.5397,-0.0051918
4.375,0.75523,0.005,-0.11493,0.030398,-7.2654e-24,0,0.00148,0.0028052,0.5276,-0.0051642
4.325,0.80528,0.005,-0.10454,0.032896,-2.5924e-24,0,0.0014739,0.0028691,0.51372,-0.0051166
4.275,0.85532,0.005,-0.094574,0.035454,-2.0546e-24,0,0.0014584,0.002924,0.49876,-0.0050403
4.225,0.90536,0.005,-0.085037,0.038071,-1.9341e-24,0,0.0014338,0.0029663,0.48335,-0.0049339
4.175,0.9554,0.005,-0.075913,0.040748,-4.7233e-24,0,0.001401,0.0029932,0.46806,-0.0047937
4.125,1.0054,0.005,-0.067173,0.043485,-3.0756e-24,0,0.0013614,0.0030029,0.45336,-0.0046158
4.075,1.0555,0.005,-0.058786,0.046278,2.94e-33,0,0.0013164,0.0029945,0.43959,-0.0043963
4.025,1.1055,0.005,-0.050716,0.04912,3.4541e-24,0,0.0012676,0.0029688,0.42697,-0.0041315
3.975,1.1556,0.005,-0.042932,0.052,1.076e-24,0,0.0012165,0.0029273,0.41557,-0.0038178
3.925,1.2056,0.005,-0.035403,0.054903,-3.9633e-24,0,0.0011644,0.0028725,0.40538,-0.0034515
3.875,1.2557,0.005,-0.028106,0.057814,3.0986e-24,0,0.0011125,0.0028066,0.39638,-0.0030291
3.825,1.3057,0.005,-0.021021,0.060709,-8.9459e-24,0,0.0010613,0.002732,0.38848,-0.0025474
3.775,1.3557,0.005,-0.014138,0.063565,5.039e-24,0,0.0010116,0.0026507,0.38163,-0.0020031
3.725,1.4058,0.005,-0.0074527,0.066353,-1.1674e-23,0,0.00096357,0.0025643,0.37577,-0.0013935
3.675,1.4558,0.005,-0.00096715,0.069043,6.7207e-24,0,0.00091737,0.0024736,0.37087,-0.00071639
3.625,1.5059,0.005,0.0053051,0.071598,-1.3584e-23,0,0.00087307,0.0023794,0.36693,2.9499e-05
3.575,1.5559,0.005,0.011346,0.073984,-6.4246e-24,0,0.00083051,0.0022814,0.36404,0.00084497
3.525,1.606,0.005,0.017133,0.076168,8.7035e-24,0,0.00078959,0.0021792,0.36232,0.0017303
3.475,1.656,0.005,0.022639,0.078112,-2.4673e-24,0,0.00075016,0.0020725,0.36196,0.002685
3.425,1.706,0.005,0.027832,0.079783,-2.9124e-24,0,0.00071211,0.0019606,0.36321,0.0037075
3.375,1.7561,0.005,0.032675,0.081142,1.0854e-23,0,0.00067528,0.0018432,0.36637,0.0047952
3.325,1.8061,0.005,0.037114,0.082166,-3.88e-24,0,0.00063963,0.0017204,0.3718,0.005947
3.275,1.8562,0.005,0.041087,0.082813,8.8881e-32,0,0.00060526,0.0015677,0.37992,0.0071578
3.225,1.9062,0.005,0.044558,0.083052,1.0808e-37,0,0.00057279,0.0013874,0.39122,0.0084207
3.175,1.9563,0.005,0.047464,0.082813,5.6571e-24,0,0.00054386,0.0012282,0.40633,0.0097265
3.125,2.0063,0.005,0.049716,0.082025,-9.2991e-24,0,0.00052133,0.0010916,0.42594,0.011066
3.075,2.0563,0.005,0.051191,0.080567,1.3607e-23,0,0.00050958,0.00097823,0.45078,0.012425
3.025,2.1064,0.005,0.051715,0.078256,-9.7142e-24,0,0.00051409,0.00088856,0.48123,0.013789
2.975,2.1564,0.005,0.051083,0.074854,-1.7323e-23,0,0.00053993,0.00082407,0.51675,0.015133
2.925,2.2065,0.005,0.04911,0.070143,-7.699e-24,0,0.00059007,0.0007863,0.5558,0.016422
2.875,2.2565,0.005,0.045661,0.063968,9.0352e-24,0,0.00066662,0.00077668,0.59758,0.017616
2.825,2.3066,0.005,0.040713,0.056298,-8.1608e-24,0,0.00078217,0.00081116,0.64786,0.018669
2.775,2.3566,0.005,0.034526,0.04725,6.6841e-24,0,0.00098869,0.000938,0.72995,0.019522
2.725,2.4066,0.005,0.028482,0.037149,1.1452e-23,0,0.0013921,0.001253,0.87765,0.020113
2.675,2.4567,0.005,0.025729,0.027016,-4.0164e-25,0,0.0020656,0.0017704,1.089,0.020433
2.625,2.5067,0.005,0.029131,0.017873,1.7352e-38,0,0.0029774,0.0022253,1.338,0.020575
2.575,2.5568,0.005,0.040109,0.010004,-1.1876e-25,0,0.0040607,0.0025082,1.619,0.020613
2.525,2.6068,0.005,0.059695,0.0036592,-6.7352e-25,0,0.0052175,0.0025567,1.9604,0.02056
2.475,2.6569,0.005,0.089835,-0.001225,7.5266e-34,0,0.0063252,0.0023652,2.4496,0.020457
2.425,2.7069,0.005,0.13343,-0.004676,2.9125e-38,0,0.0070874,0.0020321,3.0517,0.020303
2.375,2.7569,0.005,0.19236,-0.006818,-1.8207e-24,0,0.0072305,0.0016697,3.6472,0.020087
2.325,2.807,0.005,0.26517,-0.0076761,1.9023e-24,0,0.0063997,0.0013515,3.9949,0.019829
2.275,2.86,0.005,0.34396,-0.0069221,0,0,0.0043251,0.0011076,3.6086,0.019522
2.225,2.916,0.005,0.39762,-0.0033924,0,0,0.0018142,0.00067101,2.7037,0.019183
2.175,2.972,0.005,0.38996,-0.0015231,5.1809e-25,0,0.0023283,0.0003034,7.6741,0.018698
5.175,0.024,0.005,-0.21823,0.0010133,2.6375e-26,0,0.00097043,0.00016797,5.7775,-0.0067517
5.125,0.072,0.005,-0.23989,0.0022705,-1.6021e-24,0,0.00060055,0.00032265,1.8613,-0.0065754
5.075,0.12,0.005,-0.23976,0.0037132,7.6212e-25,0,0.00069583,0.00066326,1.0491,-0.0064287
5.025,0.168,0.005,-0.23433,0.005025,5.5371e-25,0,0.00083318,0.0010601,0.78595,-0.0062734
4.975,0.216,0.005,-0.22717,0.006468,3.2434e-24,0,0.00095603,0.0014193,0.67357,-0.0061301
4.925,0.264,0.005,-0.21924,0.0080098,-1.4464e-24,0,0.0010595,0.0017156,0.6176,-0.0059971
4.875,0.312,0.005,-0.21077,0.0096753,-9.56e-38,0,0.0011468,0.0019496,0.58821,-0.0058798
4.825,0.36,0.005,-0.20181,0.011477,1.7203e-24,0,0.0012211,0.0021297,0.57335,-0.0057766
4.775,0.408,0.005,-0.19237,0.0134,-1.4858e-24,0,0.0012846,0.0022664,0.56682,-0.0056874
4.725,0.456,0.005,-0.18237,0.015394,-3.5456e-24,0,0.001339,0.0023514,0.56461,-0.0056239
4.675,0.50502,0.005,-0.17164,0.017468,0,0,0.0013859,0.0023289,0.56383,-0.0055876
4.625,0.55506,0.005,-0.16027,0.019578,-9.5233e-26,0,0.001425,0.0023379,0.56221,-0.0055749
4.575,0.60511,0.005,-0.14871,0.021687,-2.1423e-24,0,0.0014552,0.0023876,0.55829,-0.0055661
4.525,0.65515,0.005,-0.13722,0.023809,7.2992e-38,0,0.001477,0.002474,0.55147,-0.0055562
4.475,0.70519,0.005,-0.12594,0.025954,2.2253e-24,0,0.0014905,0.0025918,0.54177,-0.0055413
4.425,0.75523,0.005,-0.11502,0.028144,4.5319e-24,0,0.0014956,0.0027413,0.52959,-0.0055161
4.375,0.80528,0.005,-0.10452,0.03043,4.4559e-24,0,0.0014916,0.0028935,0.51551,-0.0054773
4.325,0.85532,0.005,-0.094447,0.032818,2.4992e-24,0,0.0014781,0.0029547,0.50027,-0.005413
4.275,0.90536,0.005,-0.084814,0.035275,3.6451e-24,0,0.0014555,0.0030039,0.48452,-0.0053182
4.225,0.9554,0.005,-0.075603,0.037801,2.7244e-24,0,0.0014243,0.003038,0.46884,-0.0051908
4.175,1.0054,0.005,-0.066783,0.040395,-1.544e-24,0,0.0013859,0.0030545,0.45373,-0.0050273
4.125,1.0555,0.005,-0.058321,0.043055,3.2346e-37,0,0.0013417,0.0030525,0.43955,-0.0048239
4.075,1.1055,0.005,-0.05018,0.045776,2.4101e-24,0,0.0012933,0.003032,0.42656,-0.0045769
4.025,1.1556,0.005,-0.042325,0.048547,6.9132e-24,0,0.0012423,0.0029946,0.41484,-0.0042827
3.975,1.2056,0.005,-0.034724,0.051356,-6.6509e-24,0,0.0011899,0.0029424,0.4044,-0.0039377
3.925,1.2557,0.005,-0.027349,0.054186,-2.7553e-37,0,0.0011373,0.002878,0.39518,-0.0035383
3.875,1.3057,0.005,-0.020182,0.057017,-2.7047e-25,0,0.0010855,0.002804,0.38712,-0.003081
3.825,1.3557,0.005,-0.013206,0.059825,-4.7114e-24,0,0.0010349,0.0027226,0.38012,-0.0025624
3.775,1.4058,0.005,-0.0064168,0.062583,5.1824e-24,0,0.00098605,0.0026355,0.37413,-0.0019796
3.725,1.4558,0.005,0.00018703,0.065261,7.8114e-25,0,0.00093907,0.0025442,0.3691,-0.0013297
3.675,1.5059,0.005,0.0065938,0.067824,-1.4106e-23,0,0.0008939,0.002449,0.365,-0.00061136
3.625,1.5559,0.005,0.012787,0.070235,-6.1378e-24,0,0.00085065,0.0023505,0.36191,0.00017686
3.575,1.606,0.005,0.018745,0.072461,-1.9555e-24,0,0.00080922,0.0022485,0.35989,0.0010357
3.525,1.656,0.005,0.024441,0.074463,1.5693e-23,0,0.00076948,0.0021428,0.3591,0.0019652
3.475,1.706,0.005,0.029843,0.076208,-2.7943e-24,0,0.00073126,0.0020326,0.35977,0.0029642
3.425,1.7561,0.005,0.034916,0.077655,7.436e-25,0,0.0006944,0.0019173,0.36217,0.0040304
3.375,1.8061,0.005,0.039602,0.078782,3.8189e-24,0,0.00065879,0.0017969,0.36663,0.0051634
3.325,1.8562,0.005,0.043844,0.079546,1.2261e-23,0,0.00062427,0.0016174,0.37356,0.0063597
3.275,1.9062,0.005,0.047618,0.079914,8.4411e-24,0,0.00059131,0.001433,0.38344,0.0076119
3.225,1.9563,0.005,0.050864,0.079828,-2.0417e-24,0,0.00056108,0.0012669,0.39686,0.0089123
3.175,2.0063,0.005,0.053504,0.079226,-2.7827e-24,0,0.00053588,0.001124,0.41451,0.010251
3.125,2.0563,0.005,0.055431,0.078021,-6.5741e-24,0,0.00051948,0.0010045,0.43718,0.011618
3.075,2.1064,0.005,0.056496,0.076067,2.8105e-31,0,0.00051698,0.00090919,0.4655,0.012998
3.025,2.1564,0.005,0.056502,0.073163,-7.3669e-37,0,0.00053392,0.00083868,0.4995,0.01437
2.975,2.2065,0.005,0.055238,0.069086,7.463e-24,0,0.00057474,0.00079482,0.5383,0.015705
2.925,2.2565,0.005,0.052528,0.063649,1.507e-36,0,0.00064335,0.00077986,0.58133,0.016963
2.875,2.3066,0.005,0.048277,0.056749,1.1508e-23,0,0.00075224,0.00080764,0.63351,0.018099
2.825,2.3566,0.005,0.042634,0.048419,-1.2019e-36,0,0.00094796,0.00092177,0.71537,0.019053
2.775,2.4066,0.005,0.036735,0.038874,2.3873e-24,0,0.0013297,0.0012122,0.8593,0.019758
2.725,2.4567,0.005,0.033476,0.028982,-4.6582e-24,0,0.001978,0.0017108,1.0674,0.020192
2.675,2.5067,0.005,0.035902,0.019781,-1.9504e-25,0,0.0028744,0.0021854,1.3153,0.020428
2.625,2.5568,0.005,0.045745,0.011655,-1.0669e-24,0,0.0039552,0.0024793,1.5953,0.02055
2.575,2.6068,0.005,0.064185,0.0049439,-3.8219e-25,0,0.0051254,0.0025566,1.933,0.020585
2.525,2.6569,0.005,0.093267,-0.00030718,-8.0482e-25,0,0.0062631,0.0023824,2.4143,0.020557
2.475,2.7069,0.005,0.13567,-0.0040644,-8.0774e-27,0,0.0070644,0.0020568,3.0204,0.020465
2.425,2.7569,0.005,0.1935,-0.0064224,1.4046e-24,0,0.0072178,0.0016931,3.6083,0.020306
2.375,2.807,0.005,0.26496,-0.007368,1.4275e-24,0,0.0063837,0.0013743,3.9409,0.020091
2.325,2.86,0.005,0.34193,-0.0066838,-2.2084e-25,0,0.0043425,0.0011322,3.5692,0.019808
2.275,2.916,0.005,0.39498,-0.0033155,0,0,0.0018459,0.000677,2.7266,0.019482
2.225,2.972,0.005,0.38787,-0.0014541,4.1804e-24,0,0.0023229,0.00030304,7.6651,0.019014
5.225,0.024,0.005,-0.21981,0.00097943,2.7844e-26,0,0.0009793,0.00016873,5.804,-0.0069024
5.175,0.072,0.005,-0.24117,0.0021584,1.0798e-24,0,0.00060757,0.00032719,1.8569,-0.006745
5.125,0.12,0.005,-0.2409,0.003497,1.1721e-24,0,0.00070452,0.00067424,1.0449,-0.0066152
5.075,0.168,0.005,-0.2354,0.004719,3.3709e-24,0,0.00084285,0.0010758,0.78345,-0.006478
5.025,0.216,0.005,-0.22824,0.006062,6.8798e-25,0,0.00096593,0.0014373,0.67204,-0.0063529
4.975,0.264,0.005,-0.22031,0.007494,2.3283e-24,0,0.0010695,0.0017343,0.61668,-0.0062354
4.925,0.312,0.005,-0.21185,0.0090401,2.5233e-24,0,0.0011567,0.0019679,0.5878,-0.0061315
4.875,0.36,0.005,-0.20289,0.01072,2.7405e-24,0,0.0012311,0.0021469,0.57345,-0.0060404
4.825,0.408,0.005,-0.19341,0.012507,1.6335e-24,0,0.0012948,0.0022819,0.56745,-0.0059646
4.775,0.456,0.005,-0.18332,0.014351,-3.4201e-24,0,0.0013492,0.0023058,0.56574,-0.0059134
4.725,0.50502,0.005,-0.17244,0.016267,-3.9236e-24,0,0.0013965,0.0022755,0.56533,-0.0058907
4.675,0.55506,0.005,-0.1609,0.018198,0,0,0.0014357,0.0022808,0.5639,-0.0058842
4.625,0.60511,0.005,-0.14918,0.020126,-2.1457e-24,0,0.0014661,0.0023291,0.56002,-0.0058805
4.575,0.65515,0.005,-0.13753,0.022073,2.1971e-24,0,0.0014883,0.0024133,0.55318,-0.0058751
4.525,0.70519,0.005,-0.12612,0.024048,2.232e-24,0,0.0015026,0.0025261,0.54344,-0.0058645
4.475,0.75523,0.005,-0.11506,0.026056,2.2536e-24,0,0.001509,0.0026646,0.53121,-0.0058441
4.425,0.80528,0.005,-0.10444,0.028122,3.9219e-24,0,0.0015068,0.0028309,0.51703,-0.0058104
4.375,0.85532,0.005,-0.094277,0.030304,1.8369e-24,0,0.0014957,0.0029819,0.50158,-0.0057575
4.325,0.90536,0.005,-0.084557,0.0326,-1.018e-24,0,0.0014751,0.0030381,0.48555,-0.0056748
4.275,0.9554,0.005,-0.075266,0.034975,-2.5268e-24,0,0.0014459,0.0030794,0.46952,-0.00556
4.225,1.0054,0.005,-0.066375,0.037425,4.1077e-24,0,0.001409,0.0031033,0.45402,-0.0054106
4.175,1.0555,0.005,-0.057846,0.039951,1.295e-24,0,0.0013658,0.003108,0.43945,-0.0052231
4.125,1.1055,0.005,-0.049641,0.042546,0,0,0.001318,0.0030934,0.42609,-0.0049937
4.075,1.1556,0.005,-0.041723,0.045204,9.4138e-25,0,0.0012672,0.0030605,0.41405,-0.004719
4.025,1.2056,0.005,-0.034056,0.047912,3.4786e-24,0,0.0012147,0.0030115,0.40335,-0.0043952
3.975,1.2557,0.005,-0.026613,0.050654,-5.0314e-25,0,0.0011617,0.0029491,0.39392,-0.0040188
3.925,1.3057,0.005,-0.019369,0.053411,3.6297e-37,0,0.0011092,0.0028759,0.38569,-0.0035861
3.875,1.3557,0.005,-0.012309,0.056162,-5.4208e-26,0,0.0010578,0.0027944,0.37856,-0.0030937
3.825,1.4058,0.005,-0.0054231,0.058881,3.8946e-25,0,0.0010081,0.0027066,0.37246,-0.0025381
3.775,1.4558,0.005,0.0012906,0.061537,-1.2199e-23,0,0.00096027,0.0026144,0.3673,-0.0019165
3.725,1.5059,0.005,0.0078238,0.064097,1.9e-23,0,0.00091423,0.002518,0.36308,-0.0012271
3.675,1.5559,0.005,0.014161,0.066524,-1.1687e-23,0,0.00087017,0.0024182,0.35984,-0.00046775
3.625,1.606,0.005,0.020282,0.068783,-1.0344e-23,0,0.0008281,0.0023158,0.35759,0.00036253
3.575,1.656,0.005,0.02616,0.070836,-4.1142e-24,0,0.00078791,0.0022103,0.35648,0.0012643
3.525,1.706,0.005,0.031764,0.072646,-6.6781e-24,0,0.00074943,0.0021011,0.35669,0.0022369
3.475,1.7561,0.005,0.037057,0.074175,-3.8679e-24,0,0.00071245,0.0019875,0.35847,0.0032788
3.425,1.8061,0.005,0.041981,0.0754,7.1612e-24,0,0.00067684,0.0018691,0.36212,0.0043895
3.375,1.8562,0.005,0.046488,0.076276,-8.2546e-32,0,0.00064227,0.0016699,0.36804,0.0055671
3.325,1.9062,0.005,0.050554,0.076762,-3.5844e-24,0,0.00060901,0.0014809,0.37668,0.0068042
3.275,1.9563,0.005,0.054129,0.076817,-8.7772e-24,0,0.00057792,0.00131,0.38861,0.0080939
3.225,2.0063,0.005,0.057137,0.076383,1.5054e-23,0,0.00055081,0.0011611,0.40451,0.009427
3.175,2.0563,0.005,0.059485,0.07539,-3.2983e-24,0,0.00053085,0.0010358,0.42518,0.010794
3.125,2.1064,0.005,0.061046,0.073728,-6.7754e-24,0,0.00052267,0.00093468,0.4514,0.012181
3.075,2.1564,0.005,0.061641,0.071232,3.0865e-24,0,0.00053187,0.00085849,0.48359,0.013572
3.025,2.2065,0.005,0.061052,0.067694,-1.0249e-23,0,0.00056387,0.00080865,0.52148,0.014939
2.975,2.2565,0.005,0.059072,0.062912,-1.3168e-23,0,0.00062408,0.00078839,0.56489,0.016247
2.925,2.3066,0.005,0.05555,0.05674,-3.2771e-24,0,0.0007254,0.00081034,0.61833,0.017453
2.875,2.3566,0.005,0.05053,0.049134,0,0,0.00091049,0.00091381,0.70019,0.018497
2.825,2.4066,0.005,0.04492,0.040203,-6.8729e-24,0,0.0012719,0.0011836,0.84099,0.019307
2.775,2.4567,0.005,0.041339,0.030675,6.3621e-25,0,0.0018939,0.0016633,1.0457,0.019853
2.725,2.5067,0.005,0.042911,0.021547,2.8686e-24,0,0.002771,0.002145,1.2918,0.020191
2.675,2.5568,0.005,0.051703,0.013276,-1.5872e-24,0,0.0038454,0.0024486,1.5705,0.020398
2.625,2.6068,0.005,0.069028,0.0062632,-1.8305e-25,0,0.0050245,0.0025541,1.9036,0.020519
2.575,2.6569,0.005,0.09685,0.00065997,-8.8459e-26,0,0.0061863,0.0024,2.375,0.02058
2.525,2.7069,0.005,0.13817,-0.0033843,-2.6794e-25,0,0.0070289,0.0020832,2.9853,0.020559
2.475,2.7569,0.005,0.19471,-0.0059543,-9.8113e-25,0,0.0071988,0.0017179,3.567,0.020459
2.425,2.807,0.005,0.26477,-0.0070055,1.6584e-25,0,0.0063674,0.001398,3.8871,0.020297
2.375,2.86,0.005,0.33997,-0.0064031,-2.5061e-24,0,0.0043589,0.0011567,3.5303,0.020049
2.325,2.916,0.005,0.39241,-0.0032081,0,0,0.0018765,0.00068321,2.7465,0.019745
2.275,2.972,0.005,0.38584,-0.0013785,0,0,0.0023167,0.00030264,7.6551,0.019303
5.275,0.024,0.005,-0.22132,0.00094773,2.8644e-26,0,0.00098785,0.00016946,5.8294,-0.0070338
5.225,0.072,0.005,-0.24239,0.0020488,-1.7467e-25,0,0.00061461,0.00033173,1.8528,-0.0068953
5.175,0.12,0.005,-0.24195,0.0032952,-1.2899e-24,0,0.00071312,0.00068506,1.041,-0.0067858
5.125,0.168,0.005,-0.2364,0.0044299,1.2745e-24,0,0.00085229,0.0010911,0.78112,-0.0066613
5.075,0.216,0.005,-0.22923,0.0056828,-2.4652e-38,0,0.00097546,0.0014546,0.67059,-0.0065522
5.025,0.264,0.005,-0.22131,0.0070132,9.2039e-38,0,0.0010789,0.0017521,0.6158,-0.0064507
4.975,0.312,0.005,-0.21284,0.00845,9.2822e-25,0,0.0011661,0.0019852,0.58738,-0.0063599
4.925,0.36,0.005,-0.20388,0.010013,-1.4074e-24,0,0.0012404,0.0021628,0.57351,-0.0062794
4.875,0.408,0.005,-0.19436,0.011666,0,0,0.0013042,0.0022961,0.568,-0.0062184
4.825,0.456,0.005,-0.18418,0.013375,6.6937e-26,0,0.0013586,0.0022604,0.56674,-0.0061798
4.775,0.50502,0.005,-0.17314,0.015133,-4.382e-26,0,0.001406,0.0022234,0.56661,-0.0061689
4.725,0.55506,0.005,-0.16143,0.016888,0,0,0.0014452,0.0022269,0.56529,-0.0061684
4.675,0.60511,0.005,-0.14956,0.018647,-3.9937e-24,0,0.0014756,0.0022748,0.56139,-0.0061695
4.625,0.65515,0.005,-0.13777,0.020429,1.8271e-37,0,0.001498,0.0023577,0.5545,-0.0061688
4.575,0.70519,0.005,-0.12623,0.022244,4.1009e-24,0,0.0015129,0.0024686,0.54471,-0.0061627
4.525,0.75523,0.005,-0.11505,0.024097,9.4679e-38,0,0.0015204,0.0026018,0.53243,-0.006147
4.475,0.80528,0.005,-0.10432,0.02599,-4.0059e-24,0,0.0015199,0.0027553,0.51823,-0.0061183
4.425,0.85532,0.005,-0.094062,0.027953,-3.9043e-24,0,0.0015108,0.0029317,0.50267,-0.0060732
4.375,0.90536,0.005,-0.084269,0.030052,-6.0612e-38,0,0.0014927,0.0030687,0.48642,-0.006004
4.325,0.9554,0.005,-0.074906,0.032273,-8.4626e-25,0,0.0014655,0.0031175,0.4701,-0.0059019
4.275,1.0054,0.005,-0.065949,0.034579,-2.4918e-25,0,0.0014304,0.0031488,0.45425,-0.0057661
4.225,1.0555,0.005,-0.057362,0.036968,8.1919e-38,0,0.0013885,0.0031607,0.43931,-0.0055942
4.175,1.1055,0.005,-0.049101,0.039437,1.05e-24,0,0.0013416,0.0031525,0.42558,-0.0053822
4.125,1.1556,0.005,-0.041127,0.041977,-2.995e-24,0,0.0012912,0.0031248,0.41322,-0.0051267
4.075,1.2056,0.005,-0.033402,0.044579,-6.7935e-25,0,0.0012388,0.0030796,0.40226,-0.0048239
4.025,1.2557,0.005,-0.025897,0.047227,0,0,0.0011856,0.0030196,0.39262,-0.0044704
3.975,1.3057,0.005,-0.018585,0.049904,-7.9059e-24,0,0.0011325,0.0029476,0.38423,-0.0040624
3.925,1.3557,0.005,-0.011447,0.052589,2.7598e-33,0,0.0010805,0.0028662,0.37696,-0.0035963
3.875,1.4058,0.005,-0.0044731,0.055259,3.8597e-24,0,0.0010299,0.0027778,0.37075,-0.0030685
3.825,1.4558,0.005,0.0023421,0.057883,2.8132e-24,0,0.00098108,0.0026843,0.36548,-0.0024759
3.775,1.5059,0.005,0.0089932,0.06043,1.4749e-23,0,0.00093415,0.0025865,0.36117,-0.0018162
3.725,1.5559,0.005,0.015466,0.062862,4.1045e-24,0,0.00088923,0.0024853,0.3578,-0.0010872
3.675,1.606,0.005,0.021741,0.065145,-9.4346e-24,0,0.00084641,0.0023816,0.35539,-0.00028715
3.625,1.656,0.005,0.027793,0.067239,6.3287e-37,0,0.00080564,0.0022756,0.35403,0.00058477
3.575,1.706,0.005,0.033592,0.069107,8.9828e-24,0,0.00076676,0.0021667,0.35388,0.0015285
3.525,1.7561,0.005,0.039095,0.070712,-2.9827e-24,0,0.00072955,0.0020542,0.35515,0.0025432
3.475,1.8061,0.005,0.044248,0.072026,-3.6342e-24,0,0.00069386,0.0019323,0.35813,0.0036285
3.425,1.8562,0.005,0.049014,0.07301,-3.5955e-24,0,0.00065926,0.0017243,0.36319,0.0047837
3.375,1.9062,0.005,0.053365,0.07361,1.2619e-23,0,0.00062582,0.0015306,0.37076,0.0060018
3.325,1.9563,0.005,0.057257,0.073795,5.0695e-24,0,0.00059416,0.0013562,0.38139,0.0072756
3.275,2.0063,0.005,0.060617,0.073516,-1.822e-23,0,0.00056569,0.0012021,0.39574,0.0085974
3.225,2.0563,0.005,0.063362,0.072709,-3.4689e-24,0,0.00054304,0.0010711,0.4146,0.009958
3.175,2.1064,0.005,0.065381,0.071291,-9.9426e-24,0,0.00053032,0.00096438,0.43881,0.011346
3.125,2.1564,0.005,0.066518,0.069132,-6.8268e-24,0,0.00053294,0.00088268,0.46908,0.012745
3.075,2.2065,0.005,0.066563,0.066049,1.0409e-23,0,0.00055688,0.00082716,0.50563,0.014134
3.025,2.2565,0.005,0.065287,0.061839,1.0391e-23,0,0.00060872,0.00080166,0.54873,0.01548
2.975,2.3066,0.005,0.0625,0.056333,3.5609e-37,0,0.00070198,0.00081858,0.6028,0.016741
2.925,2.3566,0.005,0.058157,0.049432,-4.4691e-24,0,0.00087655,0.0009133,0.68466,0.017862
2.875,2.4066,0.005,0.052958,0.041144,1.041e-23,0,0.0012187,0.0011657,0.82279,0.018767
2.825,2.4567,0.005,0.049228,0.032068,-8.1455e-25,0,0.0018141,0.0016269,1.024,0.01942
2.775,2.5067,0.005,0.050092,0.023128,-3.8215e-24,0,0.0026686,0.0021045,1.2681,0.019862
2.725,2.5568,0.005,0.057922,0.014819,2.3675e-24,0,0.0037333,0.0024165,1.5449,0.020159
2.675,2.6068,0.005,0.074177,0.0075931,-1.558e-24,0,0.0049169,0.0025532,1.8729,0.020363
2.625,2.6569,0.005,0.10079,0.0016909,-1.2323e-33,0,0.0060976,0.0024142,2.3327,0.020509
2.575,2.7069,0.005,0.14073,-0.002666,3.3011e-26,0,0.0069817,0.0021083,2.9468,0.020578
2.525,2.7569,0.005,0.19608,-0.0054435,-1.2584e-25,0,0.0071729,0.0017445,3.5234,0.020543
2.475,2.807,0.005,0.26462,-0.0065947,-7.4861e-25,0,0.0063505,0.0014226,3.8335,0.02044
2.425,2.86,0.005,0.33809,-0.0060835,9.0409e-26,0,0.0043746,0.0011814,3.4921,0.020237
2.375,2.916,0.005,0.38992,-0.003072,0,0,0.0019059,0.00068966,2.7635,0.019965
2.325,2.972,0.005,0.38389,-0.0012961,0,0,0.0023101,0.00030221,7.6441,0.019558
5.325,0.024,0.005,-0.22275,0.00091811,2.8742e-26,0,0.0009961,0.00017016,5.8539,-0.0071468
5.275,0.072,0.005,-0.24353,0.0019424,-3.3008e-25,0,0.00062169,0.00033628,1.8488,-0.0070264
5.225,0.12,0.005,-0.2429,0.0031127,-3.4339e-25,0,0.00072165,0.00069575,1.0372,-0.0069374
5.175,0.168,0.005,-0.23733,0.0041603,-2.9616e-24,0,0.00086153,0.001106,0.77895,-0.0068261
5.125,0.216,0.005,-0.23016,0.0053263,5.5352e-25,0,0.00098464,0.0014713,0.66924,-0.0067306
5.075,0.264,0.005,-0.22223,0.0065633,7.2606e-25,0,0.0010879,0.0017691,0.61494,-0.0066434
5.025,0.312,0.005,-0.21376,0.0079005,0,0,0.0011748,0.0020016,0.58696,-0.0065663
4.975,0.36,0.005,-0.20481,0.0093521,-1.0404e-24,0,0.0012489,0.0021775,0.57353,-0.0064968
4.925,0.408,0.005,-0.19523,0.010876,-1.3572e-24,0,0.0013126,0.0022834,0.56847,-0.0064495
4.875,0.456,0.005,-0.18494,0.012454,-1.4676e-24,0,0.001367,0.0022146,0.56758,-0.0064246
4.825,0.50502,0.005,-0.17374,0.014059,-7.1627e-26,0,0.0014144,0.0021733,0.56766,-0.0064221
4.775,0.55506,0.005,-0.16187,0.015651,1.8151e-24,0,0.0014534,0.0021767,0.56634,-0.006428
4.725,0.60511,0.005,-0.14986,0.017251,-1.884e-24,0,0.0014836,0.0022248,0.56239,-0.0064342
4.675,0.65515,0.005,-0.13794,0.018877,-1.9086e-24,0,0.0015061,0.002307,0.55543,-0.0064381
4.625,0.70519,0.005,-0.12629,0.02054,-1.9505e-24,0,0.0015216,0.0024162,0.5456,-0.0064366
4.575,0.75523,0.005,-0.115,0.022245,1.2839e-25,0,0.00153,0.0025471,0.5333,-0.0064259
4.525,0.80528,0.005,-0.10417,0.023994,3.5493e-33,0,0.001531,0.0026943,0.51906,-0.0064026
4.475,0.85532,0.005,-0.093817,0.025788,-2.0275e-24,0,0.0015239,0.0028561,0.50349,-0.006363
4.425,0.90536,0.005,-0.083946,0.027667,-3.587e-24,0,0.0015081,0.0030378,0.48713,-0.0063039
4.375,0.9554,0.005,-0.074527,0.029701,7.4373e-25,0,0.0014833,0.003152,0.47059,-0.0062169
4.325,1.0054,0.005,-0.065511,0.031861,1.2634e-24,0,0.0014501,0.003191,0.45444,-0.0060947
4.275,1.0555,0.005,-0.056871,0.034112,-3.5307e-24,0,0.0014099,0.0032105,0.43915,-0.0059376
4.225,1.1055,0.005,-0.048561,0.036451,-1.5972e-24,0,0.0013641,0.0032091,0.42506,-0.0057427
4.175,1.1556,0.005,-0.040538,0.038871,3.5796e-24,0,0.0013144,0.0031872,0.41238,-0.0055061
4.125,1.2056,0.005,-0.032763,0.041363,-1.0115e-37,0,0.0012622,0.0031465,0.40115,-0.0052242
4.075,1.2557,0.005,-0.025203,0.043912,-4.1742e-25,0,0.0012089,0.0030894,0.39131,-0.0048933
4.025,1.3057,0.005,-0.01783,0.046503,3.5881e-24,0,0.0011555,0.003019,0.38275,-0.0045098
3.975,1.3557,0.005,-0.010623,0.049115,-8.4421e-26,0,0.0011028,0.0029381,0.37535,-0.0040699
3.925,1.4058,0.005,-0.0035679,0.051726,9.1528e-39,0,0.0010514,0.0028492,0.36903,-0.0035701
3.875,1.4558,0.005,0.0033408,0.054309,3.9932e-24,0,0.0010017,0.0027544,0.36366,-0.0030069
3.825,1.5059,0.005,0.010101,0.056832,-1.0187e-23,0,0.00095378,0.0026549,0.35925,-0.0023777
3.775,1.5559,0.005,0.016701,0.059261,1.5717e-23,0,0.00090796,0.0025519,0.35579,-0.00168
3.725,1.606,0.005,0.023121,0.061558,1.4838e-23,0,0.0008643,0.0024467,0.35325,-0.00091162
3.675,1.656,0.005,0.029339,0.063684,-2.0976e-24,0,0.00082282,0.0023395,0.35171,-7.1264e-05
3.625,1.706,0.005,0.035323,0.065602,-2.4714e-24,0,0.00078339,0.0022302,0.35127,0.00084143
3.575,1.7561,0.005,0.041029,0.067275,-2.8627e-24,0,0.00074585,0.0021181,0.35214,0.0018264
3.525,1.8061,0.005,0.046402,0.068671,1.0122e-23,0,0.00070996,0.0019867,0.35456,0.0028834
3.475,1.8562,0.005,0.051419,0.069755,3.8186e-24,0,0.00067528,0.0017789,0.35889,0.0040125
3.425,1.9062,0.005,0.05605,0.070466,-3.5327e-24,0,0.00064173,0.0015817,0.36555,0.0052078
3.375,1.9563,0.005,0.060247,0.070775,-4.8664e-24,0,0.0006097,0.0014042,0.37505,0.0064615
3.325,2.0063,0.005,0.063946,0.070639,-5.3718e-24,0,0.00058027,0.0012462,0.38802,0.0077671
3.275,2.0563,0.005,0.067067,0.070003,9.4257e-24,0,0.00055559,0.0011098,0.40524,0.0091163
3.225,2.1064,0.005,0.069513,0.068797,1.346e-23,0,0.00053926,0.0009975,0.42759,0.010498
3.175,2.1564,0.005,0.071149,0.066919,-1.6769e-23,0,0.00053638,0.00091045,0.45594,0.011899
3.125,2.2065,0.005,0.071782,0.064218,6.7002e-24,0,0.00055313,0.00084969,0.49089,0.013299
3.075,2.2565,0.005,0.071178,0.060503,6.586e-24,0,0.00059697,0.00081912,0.5332,0.014671
3.025,2.3066,0.005,0.069113,0.055594,-1.6405e-23,0,0.00068203,0.00083156,0.58735,0.015975
2.975,2.3566,0.005,0.065476,0.049358,4.762e-24,0,0.00084624,0.00091944,0.66905,0.017159
2.925,2.4066,0.005,0.060783,0.041718,-1.6771e-23,0,0.0011703,0.0011574,0.80482,0.018148
2.875,2.4567,0.005,0.057058,0.033153,1.7275e-37,0,0.0017388,0.0016006,1.0025,0.0189
2.825,2.5067,0.005,0.057369,0.024489,1.8419e-26,0,0.0025685,0.0020644,1.2442,0.019444
2.775,2.5568,0.005,0.064348,0.01624,5.4462e-38,0,0.0036202,0.0023835,1.5189,0.019833
2.725,2.6068,0.005,0.079584,0.008891,1.7489e-37,0,0.0048042,0.0025545,1.8415,0.020122
2.675,2.6569,0.005,0.105,0.0027545,-6.1006e-38,0,0.0060002,0.0024309,2.2899,0.020351
2.625,2.7069,0.005,0.1436,-0.0018675,1.0029e-25,0,0.0069229,0.0021351,2.9051,0.020504
2.575,2.7569,0.005,0.19751,-0.0048553,-2.1738e-25,0,0.0071407,0.0017702,3.4778,0.020555
2.525,2.807,0.005,0.26454,-0.0061434,-1.1803e-24,0,0.0063324,0.0014486,3.7797,0.020515
2.475,2.86,0.005,0.33631,-0.0057301,1.7897e-24,0,0.0043895,0.0012064,3.4543,0.020365
2.425,2.916,0.005,0.38753,-0.0029099,-1.3831e-24,0,0.0019343,0.0006964,2.7775,0.020134
2.375,2.972,0.005,0.38203,-0.0012076,0,0,0.002303,0.00030174,7.6324,0.01977
5.375,0.024,0.005,-0.22413,0.00089004,0,0,0.0010041,0.00017084,5.8773,-0.0072424
5.325,0.072,0.005,-0.2446,0.0018423,7.6071e-25,0,0.00062881,0.00034083,1.8449,-0.0071393
5.275,0.12,0.005,-0.24379,0.0029482,-3.1833e-25,0,0.00073019,0.00070636,1.0337,-0.007067
5.225,0.168,0.005,-0.2382,0.0039146,-9.8247e-25,0,0.00087056,0.0011205,0.77693,-0.0069716
5.175,0.216,0.005,-0.23101,0.004994,-5.4343e-25,0,0.00099349,0.0014873,0.66797,-0.0068896
5.125,0.264,0.005,-0.22308,0.0061399,1.7179e-24,0,0.0010963,0.0017852,0.61412,-0.0068156
5.075,0.312,0.005,-0.21462,0.0073864,1.8891e-24,0,0.001183,0.002017,0.58652,-0.006751
5.025,0.36,0.005,-0.20565,0.0087335,3.9948e-38,0,0.0012567,0.0021913,0.5735,-0.0066941
4.975,0.408,0.005,-0.19602,0.010138,4.2725e-38,0,0.0013201,0.0022462,0.56884,-0.0066591
4.925,0.456,0.005,-0.1856,0.011587,-2.7781e-24,0,0.0013745,0.0021686,0.56825,-0.006648
4.875,0.50502,0.005,-0.17425,0.013041,-2.007e-25,0,0.0014217,0.0021253,0.56844,-0.0066522
4.825,0.55506,0.005,-0.16222,0.014484,1.7131e-24,0,0.0014602,0.0021304,0.56705,-0.006664
4.775,0.60511,0.005,-0.15008,0.015935,-1.7757e-24,0,0.0014901,0.0021792,0.56298,-0.0066753
4.725,0.65515,0.005,-0.13805,0.017416,4.6437e-38,0,0.0015127,0.0022608,0.55597,-0.006684
4.675,0.70519,0.005,-0.12629,0.018935,-1.8091e-24,0,0.0015287,0.002368,0.54612,-0.0066871
4.625,0.75523,0.005,-0.11492,0.020498,-3.6012e-24,0,0.0015381,0.0024966,0.53382,-0.0066815
4.575,0.80528,0.005,-0.10399,0.022109,-1.6834e-24,0,0.0015404,0.0026414,0.51958,-0.0066638
4.525,0.85532,0.005,-0.093545,0.023766,-5.357e-38,0,0.001535,0.0027963,0.50399,-0.0066304
4.475,0.90536,0.005,-0.083599,0.025473,-6.1777e-38,0,0.0015214,0.0029619,0.48761,-0.0065777
4.425,0.9554,0.005,-0.07412,0.027288,-3.2806e-24,0,0.001499,0.0031445,0.47095,-0.0065028
4.375,1.0054,0.005,-0.065063,0.029274,-4.1403e-24,0,0.0014682,0.0032298,0.45458,-0.006397
4.325,1.0555,0.005,-0.056375,0.031385,1.1672e-24,0,0.0014297,0.0032569,0.43898,-0.0062544
4.275,1.1055,0.005,-0.048023,0.033593,9.0151e-25,0,0.0013853,0.0032629,0.42457,-0.0060758
4.225,1.1556,0.005,-0.039959,0.035891,1.29e-37,0,0.0013365,0.0032474,0.41157,-0.0058577
4.175,1.2056,0.005,-0.032141,0.03827,5.7094e-25,0,0.0012849,0.0032118,0.40006,-0.0055962
4.125,1.2557,0.005,-0.024533,0.040717,3.0322e-24,0,0.0012318,0.0031583,0.39,-0.0052876
4.075,1.3057,0.005,-0.017105,0.043215,0,0,0.0011782,0.0030901,0.38128,-0.0049284
4.025,1.3557,0.005,-0.0098355,0.045748,3.6797e-24,0,0.001125,0.0030099,0.37375,-0.0045147
3.975,1.4058,0.005,-0.002708,0.048294,-8.9346e-24,0,0.0010728,0.0029207,0.36732,-0.0040427
3.925,1.4558,0.005,0.004286,0.050826,-1.3932e-24,0,0.0010221,0.0028247,0.36186,-0.0035091
3.875,1.5059,0.005,0.011147,0.053316,3.0231e-24,0,0.00097327,0.0027235,0.35737,-0.0029109
3.825,1.5559,0.005,0.017864,0.05573,-1.3467e-23,0,0.00092648,0.0026185,0.35382,-0.0022451
3.775,1.606,0.005,0.024422,0.058032,6.8909e-24,0,0.00088191,0.0025113,0.35118,-0.0015095
3.725,1.656,0.005,0.030796,0.060182,-1.1055e-23,0,0.00083961,0.0024024,0.34948,-0.0007021
3.675,1.706,0.005,0.036956,0.06214,-1.1006e-24,0,0.00079952,0.002292,0.34883,0.00017774
3.625,1.7561,0.005,0.042856,0.063873,-6.1749e-24,0,0.00076148,0.0021796,0.34936,0.0011308
3.575,1.8061,0.005,0.048444,0.065345,3.1687e-24,0,0.00072528,0.0020393,0.35134,0.0021569
3.525,1.8562,0.005,0.053701,0.066518,7.3249e-32,0,0.00069044,0.001832,0.35506,0.0032567
3.475,1.9062,0.005,0.058604,0.067337,3.1257e-37,0,0.00065677,0.0016334,0.36093,0.0044255
3.425,1.9563,0.005,0.063098,0.067765,4.666e-24,0,0.00062447,0.001453,0.36944,0.0056555
3.375,2.0063,0.005,0.067123,0.067764,1.9031e-23,0,0.00059435,0.001292,0.38119,0.0069406
3.325,2.0563,0.005,0.070605,0.067286,-2.4093e-23,0,0.00056816,0.0011512,0.39694,0.0082736
3.275,2.1064,0.005,0.073453,0.06627,-5.9947e-24,0,0.000549,0.0010335,0.41758,0.0096444
3.225,2.1564,0.005,0.07555,0.064634,6.4878e-37,0,0.00054157,0.00094104,0.44408,0.01104
3.175,2.2065,0.005,0.076726,0.062257,-2.0847e-23,0,0.00055203,0.00087526,0.47732,0.012444
3.125,2.2565,0.005,0.076754,0.058968,6.3465e-24,0,0.00058841,0.0008401,0.51849,0.013831
3.075,2.3066,0.005,0.075387,0.054585,-9.7408e-37,0,0.00066543,0.00084842,0.57229,0.015166
3.025,2.3566,0.005,0.072462,0.048962,1.0021e-23,0,0.00081957,0.00093109,0.65365,0.016399
2.975,2.4066,0.005,0.068344,0.041957,8.8586e-24,0,0.0011263,0.0011581,0.78719,0.017459
2.925,2.4567,0.005,0.064759,0.033941,1.2685e-37,0,0.0016682,0.0015842,0.98136,0.018301
2.875,2.5067,0.005,0.064673,0.025617,-1.828e-25,0,0.0024713,0.0020249,1.2204,0.018943
2.825,2.5568,0.005,0.070919,0.017508,2.6525e-25,0,0.0035077,0.0023497,1.4928,0.019424
2.775,2.6068,0.005,0.085212,0.010127,2.7282e-24,0,0.0046882,0.002558,1.8096,0.019795
2.725,2.6569,0.005,0.10943,0.003815,-4.6432e-24,0,0.0058949,0.0024493,2.2465,0.020111
2.675,2.7069,0.005,0.14667,-0.0010391,-1.7253e-24,0,0.006851,0.002163,2.8584,0.020347
2.625,2.7569,0.005,0.19908,-0.0042269,-1.873e-24,0,0.0071012,0.001799,3.4298,0.020484
2.575,2.807,0.005,0.26454,-0.0056538,-6.0615e-25,0,0.006313,0.0014751,3.726,0.020517
2.525,2.86,0.005,0.33464,-0.0053489,-4.0163e-25,0,0.0044039,0.0012316,3.4171,0.020428
2.475,2.916,0.005,0.38525,-0.0027254,0,0,0.0019617,0.00070345,2.7887,0.020246
2.425,2.972,0.005,0.38028,-0.0011132,0,0,0.0022956,0.00030126,7.6201,0.019934
5.425,0.024,0.005,-0.22544,0.00086279,2.35e-26,0,0.0010118,0.00017149,5.8999,-0.0073214
5.375,0.072,0.005,-0.24561,0.0017477,-6.215e-41,0,0.00063597,0.00034541,1.8412,-0.0072354
5.325,0.12,0.005,-0.24463,0.0027951,1.3221e-24,0,0.00073876,0.00071691,1.0305,-0.0071779
5.275,0.168,0.005,-0.23901,0.0036899,3.392e-25,0,0.00087941,0.0011346,0.77506,-0.0070975
5.225,0.216,0.005,-0.2318,0.0046855,4.9598e-25,0,0.001002,0.0015028,0.66677,-0.0070291
5.175,0.264,0.005,-0.22387,0.0057447,6.4086e-38,0,0.0011043,0.0018006,0.61332,-0.0069685
5.125,0.312,0.005,-0.21541,0.0069032,-9.6069e-25,0,0.0011905,0.0020313,0.58607,-0.0069155
5.075,0.36,0.005,-0.20642,0.0081528,-9.2414e-25,0,0.0012638,0.002204,0.57341,-0.0068709
5.025,0.408,0.005,-0.19673,0.0094455,-1.1811e-24,0,0.0013268,0.0022084,0.5691,-0.0068484
4.975,0.456,0.005,-0.18618,0.010771,-2.5865e-24,0,0.0013811,0.0021232,0.56875,-0.0068494
4.925,0.50502,0.005,-0.17467,0.01208,-1.5813e-24,0,0.0014278,0.0020798,0.56894,-0.0068604
4.875,0.55506,0.005,-0.1625,0.013383,3.2263e-24,0,0.0014657,0.0020877,0.5674,-0.0068777
4.825,0.60511,0.005,-0.15024,0.014697,-1.0669e-25,0,0.0014951,0.0021376,0.56318,-0.0068939
4.775,0.65515,0.005,-0.13811,0.016042,4.2325e-38,0,0.0015177,0.0022184,0.5561,-0.0069074
4.725,0.70519,0.005,-0.12626,0.017426,1.6942e-24,0,0.0015342,0.0023237,0.54628,-0.0069152
4.675,0.75523,0.005,-0.11479,0.018855,1.6578e-24,0,0.0015445,0.0024496,0.53402,-0.0069147
4.625,0.80528,0.005,-0.10378,0.020331,1.7424e-24,0,0.0015482,0.0025919,0.51981,-0.0069027
4.575,0.85532,0.005,-0.093256,0.021858,1.774e-24,0,0.0015445,0.0027453,0.50421,-0.0068756
4.525,0.90536,0.005,-0.083232,0.023435,1.3831e-24,0,0.0015328,0.002903,0.48783,-0.0068299
4.475,0.9554,0.005,-0.073695,0.025071,3.0865e-24,0,0.0015128,0.0030683,0.47116,-0.0067624
4.425,1.0054,0.005,-0.064595,0.02684,2.9918e-24,0,0.0014844,0.0032479,0.45465,-0.0066705
4.375,1.0555,0.005,-0.055876,0.028792,2.0138e-24,0,0.0014481,0.0033,0.43883,-0.0065452
4.325,1.1055,0.005,-0.047487,0.030864,2.9963e-24,0,0.0014053,0.0033136,0.42411,-0.0063822
4.275,1.1556,0.005,-0.039389,0.033038,-2.3406e-24,0,0.0013577,0.003305,0.4108,-0.006182
4.225,1.2056,0.005,-0.031535,0.035302,-5.0998e-24,0,0.0013068,0.0032751,0.39902,-0.0059406
4.175,1.2557,0.005,-0.023886,0.037643,2.4614e-24,0,0.0012541,0.003226,0.38874,-0.0056539
4.125,1.3057,0.005,-0.016411,0.040047,0,0,0.0012005,0.0031605,0.37984,-0.0053185
4.075,1.3557,0.005,-0.0090864,0.042495,0,0,0.001147,0.0030816,0.37219,-0.0049306
4.025,1.4058,0.005,-0.0018936,0.044968,0,0,0.0010942,0.0029924,0.36565,-0.0044863
3.975,1.4558,0.005,0.0051776,0.047443,1.3543e-32,0,0.0010426,0.0028954,0.3601,-0.0039823
3.925,1.5059,0.005,0.01213,0.049891,-8.2377e-24,0,0.00099276,0.0027924,0.35552,-0.0034151
3.875,1.5559,0.005,0.018956,0.052281,4.3298e-37,0,0.00094496,0.0026853,0.3519,-0.0027818
3.825,1.606,0.005,0.025641,0.054577,-3.3209e-24,0,0.0008994,0.0025758,0.34917,-0.0020796
3.775,1.656,0.005,0.032163,0.056741,9.0904e-24,0,0.00085619,0.0024649,0.34735,-0.0013063
3.725,1.706,0.005,0.03849,0.058732,0,0,0.0008153,0.0023528,0.34652,-0.00046078
3.675,1.7561,0.005,0.044574,0.060517,-5.8923e-24,0,0.00077664,0.0022395,0.34679,0.00045856
3.625,1.8061,0.005,0.050369,0.062056,-6.3004e-24,0,0.00073997,0.0020896,0.34839,0.0014516
3.575,1.8562,0.005,0.05586,0.063311,6.823e-24,0,0.00070485,0.0018827,0.3516,0.0025192
3.525,1.9062,0.005,0.061026,0.06423,1.4768e-23,0,0.00067101,0.0016843,0.3568,0.0036579
3.475,1.9563,0.005,0.065809,0.064773,-9.9714e-25,0,0.00063849,0.001502,0.36445,0.0048607
3.425,2.0063,0.005,0.070148,0.0649,-9.8649e-24,0,0.00060786,0.0013384,0.37513,0.0061218
3.375,2.0563,0.005,0.073976,0.06457,1.4393e-23,0,0.00058054,0.0011942,0.38956,0.0074342
3.325,2.1064,0.005,0.077206,0.063728,-1.5265e-23,0,0.00055915,0.0010717,0.40865,0.0087889
3.275,2.1564,0.005,0.079735,0.062307,9.9604e-24,0,0.00054797,0.00097395,0.4334,0.010174
3.225,2.2065,0.005,0.081415,0.060208,1.6489e-23,0,0.000553,0.00090333,0.4649,0.011574
3.175,2.2565,0.005,0.082033,0.057284,-4.4443e-24,0,0.00058259,0.00086397,0.50471,0.012967
3.125,2.3066,0.005,0.081332,0.053367,-5.6685e-24,0,0.00065191,0.00086845,0.55783,0.014323
3.075,2.3566,0.005,0.079109,0.048293,-4.6184e-24,0,0.00079636,0.00094687,0.63865,0.015594
3.025,2.4066,0.005,0.075601,0.041892,9.1667e-24,0,0.0010869,0.0011666,0.77007,0.016711
2.975,2.4567,0.005,0.072268,0.034447,-2.8214e-24,0,0.0016025,0.001577,0.96065,0.017631
2.925,2.5067,0.005,0.071929,0.026515,-7.2545e-33,0,0.0023776,0.0019864,1.1969,0.018365
2.875,2.5568,0.005,0.077561,0.018615,4.7248e-24,0,0.0033956,0.002315,1.4668,0.018936
2.825,2.6068,0.005,0.091003,0.011262,2.0571e-25,0,0.0045702,0.0025641,1.7777,0.019386
2.775,2.6569,0.005,0.11408,0.0048535,2.9143e-24,0,0.0057829,0.0024681,2.2025,0.019786
2.725,2.7069,0.005,0.14992,-0.00019696,-4.3192e-24,0,0.0067676,0.0021908,2.8079,0.020111
2.675,2.7569,0.005,0.20079,-0.0035768,-1.4109e-24,0,0.0070542,0.0018289,3.3795,0.020329
2.625,2.807,0.005,0.26462,-0.0051368,-4.4081e-25,0,0.0062919,0.0015027,3.6721,0.020443
2.575,2.86,0.005,0.33307,-0.004944,-9.2708e-25,0,0.0044178,0.0012573,3.3803,0.020421
2.525,2.916,0.005,0.38309,-0.0025223,0,0,0.0019883,0.00071084,2.7971,0.020296
2.475,2.972,0.005,0.37864,-0.0010139,0,0,0.002288,0.00030076,7.6075,0.020043
5.475,0.024,0.005,-0.2267,0.00083581,2.1048e-26,0,0.0010192,0.00017211,5.9216,-0.0073844
5.425,0.072,0.005,-0.24656,0.0016573,-8.9532e-25,0,0.00064318,0.00035002,1.8375,-0.0073152
5.375,0.12,0.005,-0.24541,0.002654,-4.0283e-25,0,0.00074738,0.00072741,1.0274,-0.0072719
5.325,0.168,0.005,-0.23975,0.0034801,1.8277e-24,0,0.00088813,0.0011485,0.77332,-0.0072053
5.275,0.216,0.005,-0.23253,0.0044001,-2.9681e-25,0,0.0010102,0.0015176,0.66565,-0.0071503
5.225,0.264,0.005,-0.2246,0.0053763,7.9592e-25,0,0.0011118,0.0018151,0.61254,-0.0071021
5.175,0.312,0.005,-0.21613,0.0064516,-9.779e-25,0,0.0011974,0.0020447,0.58561,-0.0070605
5.125,0.36,0.005,-0.20713,0.007604,3.4053e-26,0,0.0012702,0.0022157,0.57328,-0.0070286
5.075,0.408,0.005,-0.19736,0.0087917,5.5273e-41,0,0.0013327,0.0021699,0.56926,-0.0070178
5.025,0.456,0.005,-0.18666,0.009998,-5.524e-26,0,0.0013866,0.0020791,0.56904,-0.0070292
4.975,0.50502,0.005,-0.175,0.011174,2.6426e-24,0,0.0014327,0.0020374,0.56913,-0.0070472
4.925,0.55506,0.005,-0.16271,0.012345,1.3573e-24,0,0.0014697,0.0020482,0.56737,-0.0070699
4.875,0.60511,0.005,-0.15035,0.013533,5.7498e-38,0,0.0014986,0.0020993,0.56299,-0.0070912
4.825,0.65515,0.005,-0.13813,0.014752,1.4825e-24,0,0.0015212,0.0021793,0.55586,-0.0071093
4.775,0.70519,0.005,-0.12619,0.01601,-3.1877e-33,0,0.0015382,0.0022826,0.54607,-0.007122
4.725,0.75523,0.005,-0.11464,0.017312,6.8127e-39,0,0.0015495,0.0024059,0.5339,-0.0071265
4.675,0.80528,0.005,-0.10355,0.018661,6.0001e-33,0,0.0015545,0.0025457,0.51976,-0.00712
4.625,0.85532,0.005,-0.092949,0.02006,1.4139e-24,0,0.0015524,0.0026976,0.5042,-0.0070992
4.575,0.90536,0.005,-0.082856,0.021515,3.7278e-25,0,0.0015426,0.0028547,0.4878,-0.0070608
4.525,0.9554,0.005,-0.073255,0.023024,-1.7183e-24,0,0.0015248,0.00301,0.47113,-0.0070013
4.475,1.0054,0.005,-0.064113,0.024605,7.1071e-25,0,0.0014988,0.0031712,0.45462,-0.0069182
4.425,1.0555,0.005,-0.055368,0.026344,-2.7558e-24,0,0.0014649,0.0033395,0.43865,-0.0068084
4.375,1.1055,0.005,-0.046955,0.028269,0,0,0.0014241,0.003361,0.42371,-0.0066629
4.325,1.1556,0.005,-0.038828,0.030315,6.2302e-25,0,0.0013779,0.0033597,0.41011,-0.0064798
4.275,1.2056,0.005,-0.030945,0.032462,2.3335e-24,0,0.001328,0.0033361,0.39805,-0.0062578
4.225,1.2557,0.005,-0.023263,0.034696,-2.5664e-24,0,0.0012758,0.0032919,0.38754,-0.0059927
4.175,1.3057,0.005,-0.015749,0.037001,-9.6965e-26,0,0.0012224,0.0032299,0.37847,-0.0056807
4.125,1.3557,0.005,-0.0083754,0.039361,-1.3007e-25,0,0.0011688,0.003153,0.37068,-0.0053182
4.075,1.4058,0.005,-0.0011247,0.041757,3.5251e-24,0,0.0011155,0.0030642,0.36404,-0.0049012
4.025,1.4558,0.005,0.0060159,0.044167,-3.7877e-24,0,0.0010631,0.0029664,0.35839,-0.0044264
3.975,1.5059,0.005,0.013051,0.046566,-7.1518e-24,0,0.0010123,0.0028618,0.35374,-0.0038903
3.925,1.5559,0.005,0.019977,0.048923,9.8756e-24,0,0.00096352,0.0027526,0.35005,-0.0032896
3.875,1.606,0.005,0.02678,0.051204,-3.0698e-24,0,0.00091692,0.0026406,0.34724,-0.0026212
3.825,1.656,0.005,0.03344,0.053372,1.8514e-24,0,0.0008727,0.0025273,0.34532,-0.0018827
3.775,1.706,0.005,0.039923,0.055387,-2.179e-24,0,0.00083091,0.0024131,0.34433,-0.0010726
3.725,1.7561,0.005,0.046183,0.057216,1.0659e-23,0,0.0007915,0.0022982,0.3444,-0.0001886
3.675,1.8061,0.005,0.052175,0.058813,-1.5174e-23,0,0.00075422,0.0021361,0.34569,0.00076955
3.625,1.8562,0.005,0.057893,0.060142,-3.1835e-24,0,0.00071868,0.0019304,0.34847,0.0018025
3.575,1.9062,0.005,0.063313,0.061152,-3.2821e-24,0,0.00068456,0.0017329,0.35309,0.0029082
3.525,1.9563,0.005,0.068377,0.061804,-7.6785e-24,0,0.00065181,0.0015503,0.35999,0.0040805
3.475,2.0063,0.005,0.073022,0.062055,8.2369e-24,0,0.00062078,0.0013848,0.36972,0.005314
3.425,2.0563,0.005,0.077182,0.061864,1.756e-23,0,0.00059257,0.0012379,0.38299,0.0066022
3.375,2.1064,0.005,0.080778,0.061184,-1.0995e-23,0,0.00056944,0.0011114,0.40065,0.0079366
3.325,2.1564,0.005,0.083715,0.059957,-1.5534e-23,0,0.0005552,0.0010088,0.42378,0.0093061
3.275,2.2065,0.005,0.085863,0.058101,1.6067e-23,0,0.00055559,0.00093344,0.45358,0.010696
3.225,2.2565,0.005,0.087029,0.055496,-1.0428e-23,0,0.00057907,0.0008904,0.4919,0.012088
3.175,2.3066,0.005,0.086958,0.051986,-1.0509e-23,0,0.00064115,0.00089151,0.54409,0.013454
3.125,2.3566,0.005,0.085423,0.047402,0,0,0.00077626,0.00096671,0.62417,0.014752
3.075,2.4066,0.005,0.082537,0.041557,3.046e-24,0,0.0010515,0.0011813,0.75357,0.015915
3.025,2.4567,0.005,0.079542,0.034693,1.5923e-24,0,0.0015416,0.0015793,0.94051,0.016903
2.975,2.5067,0.005,0.079078,0.027189,1.1037e-32,0,0.0022881,0.0019492,1.1739,0.017719
2.925,2.5568,0.005,0.084223,0.019553,-5.1649e-24,0,0.0032854,0.0022799,1.4411,0.018374
2.875,2.6068,0.005,0.096901,0.012277,-2.1193e-25,0,0.0044509,0.0025484,1.7465,0.018899
2.825,2.6569,0.005,0.11891,0.0058504,3.5371e-24,0,0.0056658,0.0024875,2.1584,0.019374
2.775,2.7069,0.005,0.15336,0.00064248,2.8325e-24,0,0.0066741,0.0022189,2.7544,0.01979
2.725,2.7569,0.005,0.20265,-0.0029091,3.7433e-24,0,0.0069996,0.0018594,3.327,0.020093
2.675,2.807,0.005,0.26482,-0.004605,-1.1663e-24,0,0.0062685,0.0015314,3.6179,0.020288
2.625,2.86,0.005,0.33164,-0.0045216,-1.7873e-25,0,0.004431,0.0012834,3.3439,0.020341
2.575,2.916,0.005,0.38107,-0.0023046,3.3532e-25,0,0.0020142,0.0007186,2.8029,0.020279
2.525,2.972,0.005,0.37714,-0.00091065,1.1746e-25,0,0.0022804,0.00030025,7.5948,0.020092
5.525,0.024,0.005,-0.2279,0.00080957,2.162e-26,0,0.0010263,0.00017271,5.9424,-0.0074323
5.475,0.072,0.005,-0.24745,0.0015717,-1.1649e-25,0,0.00065044,0.00035467,1.8339,-0.0073788
5.425,0.12,0.005,-0.24613,0.0025246,-5.3228e-25,0,0.00075605,0.00073789,1.0246,-0.0073493
5.375,0.168,0.005,-0.24044,0.0032836,8.7052e-25,0,0.00089671,0.001162,0.7717,-0.0072962
5.325,0.216,0.005,-0.2332,0.0041339,1.6972e-24,0,0.0010181,0.0015319,0.66458,-0.0072541
5.275,0.264,0.005,-0.22526,0.0050341,5.2352e-25,0,0.0011189,0.0018289,0.61178,-0.0072181
5.225,0.312,0.005,-0.2168,0.0060281,1.383e-24,0,0.0012036,0.002057,0.58514,-0.0071865
5.175,0.36,0.005,-0.20776,0.0070862,1.639e-24,0,0.0012759,0.0022264,0.57309,-0.0071683
5.125,0.408,0.005,-0.19791,0.0081733,1.8052e-24,0,0.0013377,0.0021302,0.56929,-0.0071688
5.075,0.456,0.005,-0.18706,0.0092663,-2.2369e-25,0,0.0013911,0.0020367,0.56912,-0.0071889
5.025,0.50502,0.005,-0.17527,0.010321,5.6555e-26,0,0.0014363,0.0019979,0.56902,-0.0072139
4.975,0.55506,0.005,-0.16286,0.011371,2.8458e-24,0,0.0014723,0.0020116,0.56698,-0.0072418
4.925,0.60511,0.005,-0.1504,0.012439,-1.4748e-24,0,0.0015007,0.0020637,0.56241,-0.0072681
4.875,0.65515,0.005,-0.1381,0.013541,-4.7618e-38,0,0.0015232,0.0021428,0.55524,-0.007291
4.825,0.70519,0.005,-0.12608,0.014682,2.8977e-24,0,0.0015407,0.002244,0.54553,-0.0073085
4.775,0.75523,0.005,-0.11446,0.015866,1.4712e-24,0,0.001553,0.0023649,0.53348,-0.0073181
4.725,0.80528,0.005,-0.10329,0.017094,-1.4135e-24,0,0.0015593,0.0025025,0.51945,-0.0073169
4.675,0.85532,0.005,-0.092627,0.018372,-2.8445e-24,0,0.0015588,0.0026528,0.50396,-0.0073021
4.625,0.90536,0.005,-0.082471,0.019705,-8.7258e-39,0,0.0015509,0.0028097,0.48759,-0.0072707
4.575,0.9554,0.005,-0.072812,0.021099,4.4475e-33,0,0.0015351,0.002965,0.4709,-0.0072194
4.525,1.0054,0.005,-0.06362,0.022554,-2.6285e-24,0,0.0015114,0.0031131,0.4544,-0.0071452
4.475,1.0555,0.005,-0.054847,0.024093,-3.3968e-24,0,0.00148,0.0032667,0.43843,-0.007046
4.425,1.1055,0.005,-0.046422,0.025816,-1.7856e-24,0,0.0014414,0.0034048,0.42334,-0.0069175
4.375,1.1556,0.005,-0.038276,0.027724,0,0,0.0013969,0.0034112,0.40951,-0.006752
4.325,1.2056,0.005,-0.030372,0.029751,2.1256e-24,0,0.0013482,0.0033944,0.39719,-0.0065487
4.275,1.2557,0.005,-0.022665,0.031876,-2.3447e-24,0,0.0012968,0.0033559,0.38644,-0.0063046
4.225,1.3057,0.005,-0.015117,0.034081,-2.6029e-24,0,0.0012439,0.0032979,0.37718,-0.0060155
4.175,1.3557,0.005,-0.0077023,0.03635,2.9044e-24,0,0.0011903,0.0032236,0.36926,-0.0056778
4.125,1.4058,0.005,-0.00040076,0.038664,-1.7802e-37,0,0.0011368,0.0031359,0.36251,-0.0052877
4.075,1.4558,0.005,0.0068014,0.041004,0,0,0.0010838,0.0030376,0.35678,-0.0048417
4.025,1.5059,0.005,0.013911,0.043346,-9.0518e-25,0,0.0010321,0.0029316,0.35205,-0.0043363
3.975,1.5559,0.005,0.020927,0.045663,-4.0237e-24,0,0.00098226,0.0028203,0.34828,-0.0037681
3.925,1.606,0.005,0.027839,0.047921,-4.3187e-24,0,0.00093459,0.0027058,0.3454,-0.0031339
3.875,1.656,0.005,0.034625,0.050084,4.6322e-24,0,0.00088931,0.0025898,0.34339,-0.0024306
3.825,1.706,0.005,0.041255,0.052114,7.0405e-24,0,0.0008465,0.0024732,0.34228,-0.0016563
3.775,1.7561,0.005,0.047679,0.053979,-4.8365e-24,0,0.00080623,0.0023563,0.34216,-0.00080924
3.725,1.8061,0.005,0.053864,0.055627,8.7251e-24,0,0.00076819,0.0021776,0.3432,0.00011225
3.675,1.8562,0.005,0.059801,0.057021,-3.2285e-24,0,0.00073208,0.0019739,0.34562,0.0011086
3.625,1.9062,0.005,0.065466,0.058113,3.669e-24,0,0.00069758,0.0017781,0.34975,0.0021789
3.575,1.9563,0.005,0.070803,0.058866,4.1004e-24,0,0.00066452,0.0015966,0.356,0.0033178
3.525,2.0063,0.005,0.075744,0.059233,-7.9607e-24,0,0.00063311,0.0014303,0.36489,0.0045206
3.475,2.0563,0.005,0.080225,0.059175,-3.5951e-24,0,0.00060421,0.0012814,0.3771,0.0057811
3.425,2.1064,0.005,0.084173,0.058648,1.0513e-31,0,0.00057968,0.0011519,0.39349,0.0070913
3.375,2.1564,0.005,0.087498,0.0576,3.3843e-37,0,0.00056293,0.0010449,0.4151,0.0084409
3.325,2.2065,0.005,0.090084,0.055962,-9.942e-24,0,0.00055937,0.00096519,0.44326,0.0098166
3.275,2.2565,0.005,0.091758,0.053636,2.0505e-23,0,0.00057744,0.00091871,0.48007,0.011201
3.225,2.3066,0.005,0.092278,0.050487,1.0249e-23,0,0.00063282,0.00091694,0.53116,0.012569
3.175,2.3566,0.005,0.091404,0.046339,-4.4161e-24,0,0.00075897,0.00099062,0.61028,0.013882
3.125,2.4066,0.005,0.089139,0.041009,3.0884e-24,0,0.0010191,0.0012006,0.73754,0.015082
3.075,2.4567,0.005,0.086531,0.034694,-8.1518e-24,0,0.0014854,0.0015908,0.92108,0.016127
3.025,2.5067,0.005,0.086073,0.027651,-6.932e-24,0,0.0022031,0.0019133,1.1514,0.017014
2.975,2.5568,0.005,0.090847,0.020316,5.5019e-27,0,0.0031784,0.0022448,1.4159,0.017746
2.925,2.6068,0.005,0.10287,0.01318,-4.7252e-24,0,0.0043317,0.0025242,1.7161,0.018341
2.875,2.6569,0.005,0.12389,0.006775,2.2552e-26,0,0.0055457,0.0025073,2.1153,0.018884
2.825,2.7069,0.005,0.15697,0.0014589,3.3604e-24,0,0.0065722,0.0022473,2.6989,0.019386
2.775,2.7569,0.005,0.20467,-0.0022378,-2.177e-24,0,0.0069376,0.001891,3.2725,0.019776
2.725,2.807,0.005,0.26513,-0.0040659,-4.6444e-26,0,0.0062424,0.0015613,3.5632,0.020053
2.675,2.86,0.005,0.33033,-0.0040906,-7.5217e-25,0,0.0044435,0.0013101,3.3077,0.020186
2.625,2.916,0.005,0.3792,-0.0020764,-8.0806e-25,0,0.0020394,0.00072674,2.8062,0.020193
2.575,2.972,0.005,0.37577,-0.00080428,-7.0327e-25,0,0.0022727,0.00029975,7.5821,0.020076
5.575,0.024,0.005,-0.22906,0.00078463,-2.4667e-25,0,0.0010332,0.00017328,5.9625,-0.007466
5.525,0.072,0.005,-0.24829,0.0014947,-1.8381e-25,0,0.00065776,0.00035936,1.8304,-0.0074265
5.475,0.12,0.005,-0.24681,0.0024045,-2.1711e-25,0,0.0007648,0.00074838,1.0219,-0.0074083
5.425,0.168,0.005,-0.24108,0.0030996,-1.4076e-24,0,0.00090517,0.0011753,0.77019,-0.0073705
5.375,0.216,0.005,-0.23381,0.0038844,-3.9286e-25,0,0.0010257,0.0015457,0.66358,-0.0073416
5.325,0.264,0.005,-0.22586,0.0047142,1.5541e-24,0,0.0011255,0.001842,0.61105,-0.0073174
5.275,0.312,0.005,-0.21741,0.0056308,1.2469e-24,0,0.0012092,0.0020682,0.58466,-0.0072961
5.225,0.36,0.005,-0.20834,0.006598,1.5095e-24,0,0.0012808,0.0022115,0.57284,-0.0072904
5.175,0.408,0.005,-0.19838,0.0075925,8.0366e-25,0,0.0013419,0.0020901,0.56921,-0.0073031
5.125,0.456,0.005,-0.18739,0.0085713,-2.6878e-25,0,0.0013945,0.0019957,0.56898,-0.00733
5.075,0.50502,0.005,-0.17546,0.0095161,-1.0733e-24,0,0.0014385,0.0019614,0.5686,-0.0073613
5.025,0.55506,0.005,-0.16295,0.010454,-2.4304e-24,0,0.0014735,0.0019777,0.56622,-0.0073946
4.975,0.60511,0.005,-0.15041,0.011413,-1.3842e-24,0,0.0015012,0.0020303,0.56146,-0.0074257
4.925,0.65515,0.005,-0.13803,0.012406,2.4183e-38,0,0.0015237,0.0021084,0.55427,-0.0074535
4.875,0.70519,0.005,-0.12595,0.013438,-2.8183e-33,0,0.0015417,0.0022077,0.54467,-0.0074758
4.825,0.75523,0.005,-0.11425,0.014509,2.694e-24,0,0.0015551,0.0023264,0.53276,-0.0074903
4.775,0.80528,0.005,-0.10302,0.015624,1.35e-24,0,0.0015628,0.0024621,0.51888,-0.0074945
4.725,0.85532,0.005,-0.092292,0.016788,-8.1993e-39,0,0.001564,0.002611,0.5035,-0.0074855
4.675,0.90536,0.005,-0.082079,0.018006,-1.423e-24,0,0.0015578,0.0027671,0.48719,-0.0074606
4.625,0.9554,0.005,-0.072369,0.019285,1.4653e-24,0,0.0015439,0.0029234,0.47052,-0.0074172
4.575,1.0054,0.005,-0.06313,0.02063,2.4413e-24,0,0.0015224,0.0030714,0.45401,-0.0073522
4.525,1.0555,0.005,-0.054319,0.022041,7.7907e-25,0,0.0014934,0.0032085,0.43807,-0.0072629
4.475,1.1055,0.005,-0.045878,0.023556,-3.2292e-25,0,0.0014572,0.0033513,0.42298,-0.007147
4.425,1.1556,0.005,-0.037731,0.025271,0,0,0.0014148,0.0034592,0.40901,-0.0069994
4.375,1.2056,0.005,-0.029812,0.027169,-1.9282e-24,0,0.0013676,0.0034497,0.39645,-0.0068141
4.325,1.2557,0.005,-0.022088,0.029183,-2.2208e-25,0,0.0013172,0.0034173,0.38547,-0.0065903
4.275,1.3057,0.005,-0.014516,0.031288,-9.2781e-26,0,0.0012649,0.0033641,0.37601,-0.0063237
4.225,1.3557,0.005,-0.0070672,0.033464,-5.3224e-24,0,0.0012116,0.003293,0.36794,-0.0060102
4.175,1.4058,0.005,0.00027846,0.035695,-2.9894e-24,0,0.001158,0.0032072,0.36108,-0.0056464
4.125,1.4558,0.005,0.0075345,0.03796,6.246e-25,0,0.0011045,0.0031089,0.35527,-0.0052287
4.075,1.5059,0.005,0.01471,0.04024,0,0,0.0010521,0.0030018,0.35047,-0.0047535
4.025,1.5559,0.005,0.021806,0.042509,3.064e-37,0,0.0010013,0.0028886,0.34663,-0.0042174
3.975,1.606,0.005,0.028816,0.044737,-4.0226e-24,0,0.00095253,0.0027716,0.34367,-0.0036171
3.925,1.656,0.005,0.035719,0.046888,3.3935e-24,0,0.00090613,0.0026528,0.34157,-0.0029496
3.875,1.706,0.005,0.042481,0.048927,-4.6664e-24,0,0.00086226,0.0025334,0.34036,-0.0022114
3.825,1.7561,0.005,0.049062,0.050814,-5.033e-24,0,0.00082097,0.002414,0.34009,-0.0014024
3.775,1.8061,0.005,0.055434,0.052506,1.3679e-23,0,0.00078205,0.0022135,0.34092,-0.00051906
3.725,1.8562,0.005,0.061584,0.053956,-1.6978e-25,0,0.00074523,0.0020121,0.34304,0.00043914
3.675,1.9062,0.005,0.067486,0.055121,1.5509e-37,0,0.00071019,0.001819,0.34674,0.0014719
3.625,1.9563,0.005,0.073085,0.055965,-3.9251e-24,0,0.00067673,0.0016396,0.35242,0.0025752
3.575,2.0063,0.005,0.078314,0.056442,-8.6541e-24,0,0.00064493,0.001474,0.36057,0.0037445
3.525,2.0563,0.005,0.083107,0.05651,8.225e-24,0,0.00061542,0.0013242,0.37184,0.0049742
3.475,2.1064,0.005,0.087393,0.056127,8.76e-24,0,0.00058976,0.0011924,0.38706,0.0062568
3.425,2.1564,0.005,0.091089,0.055245,-5.2884e-24,0,0.00057095,0.001082,0.40729,0.0075825
3.375,2.2065,0.005,0.094088,0.053807,1.0854e-23,0,0.00056405,0.00099816,0.4339,0.0089392
3.325,2.2565,0.005,0.096235,0.051729,-1.4678e-23,0,0.00057734,0.00094836,0.46917,0.01031
3.275,2.3066,0.005,0.097306,0.0489,-5.0497e-24,0,0.00062657,0.00094397,0.51908,0.011674
3.225,2.3566,0.005,0.09706,0.045141,0,0,0.00074421,0.0010174,0.59708,0.012992
3.175,2.4066,0.005,0.095406,0.040297,-9.4123e-24,0,0.0009895,0.0012234,0.722,0.014219
3.125,2.4567,0.005,0.093205,0.034481,8.3171e-24,0,0.0014329,0.0015878,0.90245,0.01531
3.075,2.5067,0.005,0.092874,0.027911,7.2419e-24,0,0.0021229,0.0018792,1.1297,0.016259
3.025,2.5568,0.005,0.097391,0.020904,-1.2873e-25,0,0.0030752,0.0022101,1.3914,0.017059
2.975,2.6068,0.005,0.10887,0.013961,2.7098e-37,0,0.0042141,0.0024989,1.6864,0.01772
2.925,2.6569,0.005,0.12899,0.0076123,2.3541e-37,0,0.0054241,0.002527,2.0736,0.018327
2.875,2.7069,0.005,0.16074,0.0022338,-9.4915e-26,0,0.0064637,0.0022762,2.6428,0.018905
2.825,2.7569,0.005,0.20684,-0.0015795,4.5095e-33,0,0.0068683,0.0019235,3.2161,0.01938
2.775,2.807,0.005,0.26556,-0.0035277,4.1271e-24,0,0.006213,0.0015922,3.5081,0.019741
2.725,2.86,0.005,0.32916,-0.003661,1.8645e-24,0,0.0044551,0.0013372,3.2717,0.019954
2.675,2.916,0.005,0.37747,-0.0018427,-2.5616e-24,0,0.002064,0.00073527,2.8072,0.020034
2.625,2.972,0.005,0.37455,-0.0006963,-1.5183e-24,0,0.0022653,0.00029926,7.5696,0.019993
5.625,0.024,0.005,-0.23017,0.00076066,-9.2174e-39,0,0.0010398,0.00017383,5.9816,-0.0074866
5.575,0.072,0.005,-0.24907,0.0014261,-7.5948e-26,0,0.00066514,0.0003641,1.8268,-0.0074596
5.525,0.12,0.005,-0.24747,0.0022834,-2.179e-38,0,0.00077365,0.00075887,1.0195,-0.0074512
5.475,0.168,0.005,-0.24165,0.0029257,-2.9458e-38,0,0.00091354,0.0011883,0.76877,-0.0074282
5.425,0.216,0.005,-0.23437,0.0036496,-8.4599e-25,0,0.0010331,0.001559,0.66263,-0.0074133
5.375,0.264,0.005,-0.22641,0.0044133,-9.1313e-25,0,0.0011318,0.0018543,0.61035,-0.0074009
5.325,0.312,0.005,-0.21796,0.0052567,-5.3368e-25,0,0.0012143,0.0020786,0.58418,-0.0073904
5.275,0.36,0.005,-0.20884,0.0061417,-1.3874e-24,0,0.0012848,0.002179,0.57254,-0.0073959
5.225,0.408,0.005,-0.19878,0.0070453,-7.0248e-25,0,0.0013452,0.0020505,0.56899,-0.0074209
5.175,0.456,0.005,-0.18765,0.0079155,7.3393e-25,0,0.0013969,0.0019566,0.56862,-0.0074539
5.125,0.50502,0.005,-0.17559,0.0087542,8.5101e-25,0,0.0014395,0.0019269,0.56786,-0.0074908
5.075,0.55506,0.005,-0.16299,0.0095927,2.2246e-24,0,0.0014733,0.0019462,0.56512,-0.0075293
5.025,0.60511,0.005,-0.15037,0.010451,-2.3323e-24,0,0.0015003,0.0019989,0.56016,-0.0075653
4.975,0.65515,0.005,-0.13793,0.011343,-2.3407e-38,0,0.0015228,0.0020757,0.55297,-0.0075978
4.925,0.70519,0.005,-0.12578,0.012272,-2.6474e-33,0,0.0015414,0.0021732,0.54349,-0.0076249
4.875,0.75523,0.005,-0.11402,0.013239,-2.4837e-24,0,0.0015558,0.00229,0.53177,-0.0076444
4.825,0.80528,0.005,-0.10273,0.014248,-2.4714e-24,0,0.001565,0.0024242,0.51806,-0.0076536
4.775,0.85532,0.005,-0.091944,0.015303,-1.172e-24,0,0.0015678,0.0025719,0.50283,-0.0076502
4.725,0.90536,0.005,-0.08168,0.016413,2.7814e-38,0,0.0015634,0.0027274,0.48661,-0.0076317
4.675,0.9554,0.005,-0.071924,0.017582,-2.3165e-24,0,0.0015515,0.0028838,0.46999,-0.0075956
4.625,1.0054,0.005,-0.062644,0.018818,-1.3913e-24,0,0.001532,0.0030339,0.45348,-0.0075393
4.575,1.0555,0.005,-0.053796,0.020124,1.4538e-24,0,0.0015052,0.00317,0.43755,-0.0074601
4.525,1.1055,0.005,-0.04533,0.021503,2.1423e-24,0,0.0014715,0.0032933,0.42251,-0.0073553
4.475,1.1556,0.005,-0.037179,0.023006,4.7864e-25,0,0.0014314,0.0034217,0.40854,-0.0072224
4.425,1.2056,0.005,-0.029265,0.024721,0,0,0.0013861,0.0035015,0.39585,-0.0070553
4.375,1.2557,0.005,-0.021531,0.026616,0,0,0.0013369,0.0034757,0.38465,-0.0068505
4.325,1.3057,0.005,-0.013945,0.02862,2.1542e-24,0,0.0012854,0.003428,0.37498,-0.0066058
4.275,1.3557,0.005,-0.0064697,0.030705,-2.5926e-24,0,0.0012326,0.0033608,0.36675,-0.0063162
4.225,1.4058,0.005,0.00091327,0.03285,3.8466e-25,0,0.0011791,0.0032773,0.35977,-0.005978
4.175,1.4558,0.005,0.0082158,0.035038,0,0,0.0011253,0.0031799,0.35388,-0.0055879
4.125,1.5059,0.005,0.015448,0.037252,0,0,0.0010722,0.0030722,0.34901,-0.0051423
4.075,1.5559,0.005,0.022616,0.039468,-3.4464e-24,0,0.0010206,0.0029573,0.34511,-0.0046378
4.025,1.606,0.005,0.029712,0.041659,1.3494e-24,0,0.00097082,0.002838,0.34208,-0.0040712
3.975,1.656,0.005,0.03672,0.043792,-9.6944e-24,0,0.00092329,0.0027164,0.3399,-0.0034388
3.925,1.706,0.005,0.043605,0.045833,3.7977e-24,0,0.00087831,0.0025941,0.33859,-0.0027381
3.875,1.7561,0.005,0.050333,0.04773,2.2039e-24,0,0.00083588,0.0024406,0.33819,-0.0019675
3.825,1.8061,0.005,0.056886,0.049458,-1.048e-23,0,0.00079595,0.0022433,0.33883,-0.0011239
3.775,1.8562,0.005,0.063244,0.050954,-2.7877e-24,0,0.00075827,0.0020445,0.34069,-0.00020467
3.725,1.9062,0.005,0.069374,0.052183,3.9629e-38,0,0.00072256,0.001855,0.34403,0.00078917
3.675,1.9563,0.005,0.075226,0.053109,1.0584e-23,0,0.00068858,0.0016786,0.3492,0.0018547
3.625,2.0063,0.005,0.080734,0.053687,3.0657e-37,0,0.00065633,0.001515,0.3567,0.0029881
3.575,2.0563,0.005,0.085829,0.053874,4.5009e-24,0,0.00062625,0.0013654,0.36712,0.0041843
3.525,2.1064,0.005,0.090441,0.053627,-1.3281e-23,0,0.00059963,0.0012323,0.38128,0.0054362
3.475,2.1564,0.005,0.094494,0.052903,-5.0603e-24,0,0.0005791,0.0011192,0.40023,0.0067346
3.425,2.2065,0.005,0.097886,0.051649,9.4259e-24,0,0.00056935,0.0010319,0.42539,0.0080682
3.375,2.2565,0.005,0.10048,0.049795,2.3696e-36,0,0.00057847,0.00097864,0.45917,0.0094218
3.325,2.3066,0.005,0.10206,0.047251,-9.9727e-24,0,0.00062212,0.00097186,0.50785,0.010775
3.275,2.3566,0.005,0.10241,0.043836,0,0,0.00073176,0.0010465,0.58463,0.012092
3.225,2.4066,0.005,0.10134,0.039445,9.3313e-24,0,0.00096267,0.0012496,0.70711,0.013335
3.175,2.4567,0.005,0.099582,0.034092,8.4243e-24,0,0.0013839,0.0015643,0.88464,0.014462
3.125,2.5067,0.005,0.099453,0.02797,-1.0795e-24,0,0.0020481,0.0018468,1.109,0.015461
3.075,2.5568,0.005,0.10382,0.021315,-2.7029e-25,0,0.0029766,0.0021762,1.3678,0.016324
3.025,2.6068,0.005,0.11485,0.014611,5.3391e-24,0,0.004099,0.0024729,1.6576,0.017044
2.975,2.6569,0.005,0.13417,0.00836,-4.84e-24,0,0.005302,0.0025461,2.033,0.017709
2.925,2.7069,0.005,0.16465,0.0029583,4.5027e-24,0,0.0063502,0.0023052,2.5868,0.018356
2.875,2.7569,0.005,0.20915,-0.00094883,-7.2363e-34,0,0.0067916,0.0019566,3.1572,0.01891
2.825,2.807,0.005,0.26611,-0.0029992,-2.6187e-24,0,0.0061801,0.0016241,3.4525,0.019354
2.775,2.86,0.005,0.32812,-0.0032535,-2.9539e-24,0,0.0044658,0.0013634,3.2359,0.019646
2.725,2.916,0.005,0.3759,-0.0016081,5.2483e-38,0,0.0020882,0.00074419,2.806,0.019801
2.675,2.972,0.005,0.37348,-0.00058697,1.0211e-24,0,0.0022581,0.00029878,7.5576,0.01984
5.675,0.024,0.005,-0.23123,0.00073527,0,0,0.0010462,0.00017436,6,-0.0074931
5.625,0.072,0.005,-0.2498,0.0013637,1.7578e-25,0,0.00067259,0.0003689,1.8232,-0.0074793
5.575,0.12,0.005,-0.24807,0.0021616,3.7365e-25,0,0.00078256,0.00076937,1.0171,-0.0074817
5.525,0.168,0.005,-0.24218,0.0027568,4.9733e-25,0,0.00092183,0.0012012,0.76745,-0.0074711
5.475,0.216,0.005,-0.23488,0.0034269,6.7646e-25,0,0.0010401,0.0015718,0.66174,-0.0074696
5.425,0.264,0.005,-0.22691,0.004129,4.7704e-25,0,0.0011376,0.0018659,0.60968,-0.0074692
5.375,0.312,0.005,-0.21845,0.0049032,5.5454e-25,0,0.0012189,0.0020882,0.58369,-0.0074696
5.325,0.36,0.005,-0.20929,0.0057111,-2.4432e-25,0,0.0012882,0.0021463,0.57218,-0.0074858
5.275,0.408,0.005,-0.1991,0.0065278,-1.5396e-24,0,0.0013477,0.0020116,0.56863,-0.0075217
5.225,0.456,0.005,-0.18784,0.0072958,-1.0219e-24,0,0.0013981,0.0019197,0.56802,-0.0075612
5.175,0.50502,0.005,-0.17567,0.0080382,3.7654e-25,0,0.0014391,0.0018943,0.56683,-0.0076035
5.125,0.55506,0.005,-0.16298,0.0087802,2.03e-24,0,0.0014716,0.0019163,0.56368,-0.0076469
5.075,0.60511,0.005,-0.1503,0.0095484,-3.0743e-25,0,0.001498,0.0019692,0.55852,-0.0076879
5.025,0.65515,0.005,-0.13779,0.010347,-9.6754e-25,0,0.0015205,0.0020444,0.55135,-0.0077251
4.975,0.70519,0.005,-0.12559,0.01118,-2.4864e-33,0,0.0015398,0.0021402,0.54203,-0.0077569
4.925,0.75523,0.005,-0.11377,0.01205,1.2187e-24,0,0.0015553,0.0022554,0.53051,-0.0077812
4.875,0.80528,0.005,-0.10242,0.012959,-5.2945e-39,0,0.0015658,0.0023885,0.51701,-0.0077954
4.825,0.85532,0.005,-0.091586,0.013914,4.414e-26,0,0.0015703,0.0025354,0.50194,-0.0077974
4.775,0.90536,0.005,-0.081276,0.01492,1.009e-24,0,0.0015678,0.0026905,0.48586,-0.0077849
4.725,0.9554,0.005,-0.071479,0.015986,2.1293e-24,0,0.0015578,0.0028468,0.46932,-0.0077558
4.675,1.0054,0.005,-0.062163,0.017117,8.0215e-25,0,0.0015403,0.0029978,0.45285,-0.0077077
4.625,1.0555,0.005,-0.053284,0.01832,6.4093e-25,0,0.0015156,0.0031368,0.43693,-0.0076381
4.575,1.1055,0.005,-0.044791,0.019596,1.9719e-24,0,0.0014842,0.0032574,0.42192,-0.0075443
4.525,1.1556,0.005,-0.036628,0.020954,-4.9038e-38,0,0.0014466,0.0033647,0.40803,-0.0074238
4.475,1.2056,0.005,-0.02872,0.022457,-1.5988e-24,0,0.0014033,0.003475,0.39534,-0.0072732
4.425,1.2557,0.005,-0.020992,0.024179,0,0,0.0013558,0.0035308,0.38399,-0.0070869
4.375,1.3057,0.005,-0.013398,0.026075,0,0,0.0013053,0.003489,0.37412,-0.0068622
4.325,1.3557,0.005,-0.0059082,0.028068,4.3973e-24,0,0.0012531,0.0034265,0.36571,-0.0065962
4.275,1.4058,0.005,0.0015039,0.03013,-7.5842e-25,0,0.0011999,0.003346,0.3586,-0.0062834
4.225,1.4558,0.005,0.0088457,0.03224,0,0,0.0011461,0.0032501,0.35262,-0.0059202
4.175,1.5059,0.005,0.016126,0.034385,8.1317e-25,0,0.0010926,0.0031424,0.3477,-0.0055032
4.125,1.5559,0.005,0.023353,0.036545,-3.1713e-24,0,0.0010402,0.0030263,0.34373,-0.0050298
4.075,1.606,0.005,0.030526,0.038696,-2.5663e-24,0,0.0009895,0.0029049,0.34064,-0.004496
4.025,1.656,0.005,0.037624,0.040806,7.534e-24,0,0.0009409,0.0027806,0.33839,-0.0038988
3.975,1.706,0.005,0.044625,0.042832,5.1689e-25,0,0.00089472,0.0026509,0.33698,-0.0032364
3.925,1.7561,0.005,0.051499,0.04474,6.9577e-24,0,0.00085108,0.002459,0.33648,-0.0025046
3.875,1.8061,0.005,0.058226,0.046486,0,0,0.00081002,0.0022654,0.33695,-0.0017013
3.825,1.8562,0.005,0.064784,0.048022,-2.8352e-24,0,0.00077135,0.002071,0.33858,-0.0008219
3.775,1.9062,0.005,0.071135,0.049306,6.0059e-24,0,0.00073483,0.0018858,0.3416,0.00013197
3.725,1.9563,0.005,0.07723,0.050304,2.9415e-24,0,0.0007002,0.0017131,0.34633,0.0011582
3.675,2.0063,0.005,0.083005,0.050975,-4.9594e-37,0,0.00066741,0.0015523,0.35323,0.0022538
3.625,2.0563,0.005,0.088393,0.051272,-1.5247e-23,0,0.00063675,0.0014042,0.3629,0.003414
3.575,2.1064,0.005,0.093321,0.051154,1.8416e-31,0,0.00060927,0.0012709,0.3761,0.0046325
3.525,2.1564,0.005,0.097716,0.050578,8.6697e-24,0,0.00058728,0.0011561,0.39387,0.0059006
3.475,2.2065,0.005,0.10148,0.049496,9.9427e-32,0,0.00057511,0.0010661,0.41766,0.0072076
3.425,2.2565,0.005,0.10449,0.047849,2.3958e-23,0,0.00058058,0.0010091,0.45001,0.0085395
3.375,2.3066,0.005,0.10656,0.045556,-9.3171e-24,0,0.00061917,0.0009999,0.49745,0.0098768
3.325,2.3566,0.005,0.10745,0.04245,-9.6425e-24,0,0.00072136,0.0010768,0.57295,0.011186
3.275,2.4066,0.005,0.10696,0.038476,3.1419e-24,0,0.00093859,0.0012785,0.69297,0.012438
3.225,2.4567,0.005,0.10567,0.033557,-1.0598e-23,0,0.0013386,0.0015427,0.86767,0.013592
3.175,2.5067,0.005,0.1058,0.027847,1.2187e-24,0,0.0019788,0.0018163,1.0895,0.014632
3.125,2.5568,0.005,0.11011,0.021557,-1.4337e-39,0,0.0028827,0.0021433,1.345,0.015545
3.075,2.6068,0.005,0.12078,0.015122,2.6486e-26,0,0.0039871,0.0024467,1.6296,0.016323
3.025,2.6569,0.005,0.13939,0.0090182,5.2544e-24,0,0.0051805,0.0025652,1.9938,0.017036
2.975,2.7069,0.005,0.16866,0.0036298,-9.2544e-24,0,0.0062329,0.0023339,2.5313,0.017744
2.925,2.7569,0.005,0.21158,-0.00035424,-1.8298e-33,0,0.0067082,0.0019902,3.0964,0.018372
2.875,2.807,0.005,0.2668,-0.0024892,-2.9187e-25,0,0.0061432,0.0016569,3.3963,0.018895
2.825,2.86,0.005,0.32722,-0.0028598,-1.2691e-24,0,0.0044754,0.0013895,3.2003,0.019263
2.775,2.916,0.005,0.37447,-0.0013786,8.826e-38,0,0.002112,0.00075346,2.8031,0.019494
2.725,2.972,0.005,0.37256,-0.00047829,2.1781e-24,0,0.0022512,0.00029833,7.546,0.019616
5.725,0.024,0.005,-0.23225,0.00070494,2.18e-26,0,0.0010523,0.00017486,6.0176,-0.007486
5.675,0.072,0.005,-0.25048,0.0013069,-5.6983e-26,0,0.0006801,0.00037377,1.8196,-0.0074861
5.625,0.12,0.005,-0.24863,0.0020463,1.6807e-25,0,0.00079151,0.00077989,1.0149,-0.0074996
5.575,0.168,0.005,-0.24266,0.0025926,1.6471e-25,0,0.00093004,0.0012138,0.76621,-0.0075009
5.525,0.216,0.005,-0.23533,0.0032126,0,0,0.001047,0.0015842,0.66091,-0.0075118
5.475,0.264,0.005,-0.22736,0.003859,4.0904e-25,0,0.0011431,0.0018769,0.60905,-0.0075228
5.425,0.312,0.005,-0.21889,0.0045685,8.8144e-25,0,0.001223,0.002097,0.5832,-0.0075343
5.375,0.36,0.005,-0.20967,0.0053013,1.8716e-24,0,0.0012909,0.002113,0.57177,-0.0075607
5.325,0.408,0.005,-0.19936,0.0060356,1.9014e-24,0,0.0013493,0.0019735,0.56815,-0.0076059
5.275,0.456,0.005,-0.18797,0.0067112,-9.6094e-25,0,0.0013981,0.001885,0.56719,-0.0076524
5.225,0.50502,0.005,-0.1757,0.007363,-2.4459e-24,0,0.0014375,0.0018637,0.56549,-0.0077003
5.175,0.55506,0.005,-0.16293,0.0080185,-7.3969e-25,0,0.0014686,0.0018875,0.56192,-0.0077487
5.125,0.60511,0.005,-0.15019,0.0086984,-3.4951e-25,0,0.0014943,0.0019404,0.55657,-0.0077945
5.075,0.65515,0.005,-0.13763,0.0094127,8.5092e-25,0,0.0015168,0.0020145,0.54943,-0.0078364
5.025,0.70519,0.005,-0.12537,0.010157,2.6793e-25,0,0.0015368,0.0021084,0.54028,-0.0078728
4.975,0.75523,0.005,-0.1135,0.010936,-1.9816e-25,0,0.0015534,0.0022224,0.529,-0.0079017
4.925,0.80528,0.005,-0.1021,0.011753,1.0936e-24,0,0.0015655,0.0023547,0.51573,-0.0079208
4.875,0.85532,0.005,-0.091219,0.012613,2.0477e-24,0,0.0015716,0.0025012,0.50086,-0.007928
4.825,0.90536,0.005,-0.080868,0.013524,1.2068e-25,0,0.0015709,0.002656,0.48493,-0.0079213
4.775,0.9554,0.005,-0.071035,0.014493,-1.1019e-24,0,0.0015629,0.0028124,0.46851,-0.0078989
4.725,1.0054,0.005,-0.061687,0.015524,4.0591e-25,0,0.0015474,0.0029639,0.45212,-0.0078585
4.675,1.0555,0.005,-0.05278,0.016626,-1.7793e-24,0,0.0015247,0.0031048,0.43624,-0.0077979
4.625,1.1055,0.005,-0.044264,0.017803,0,0,0.0014955,0.0032289,0.42125,-0.0077147
4.575,1.1556,0.005,-0.036084,0.019058,4.028e-25,0,0.0014602,0.0033312,0.40741,-0.0076061
4.525,1.2056,0.005,-0.028177,0.020407,1.4706e-24,0,0.0014194,0.00342,0.39482,-0.0074695
4.475,1.2557,0.005,-0.020465,0.02192,-1.3748e-25,0,0.0013738,0.0035078,0.38347,-0.0073011
4.425,1.3057,0.005,-0.012876,0.023654,-1.7825e-24,0,0.0013246,0.0035468,0.37346,-0.0070959
4.375,1.3557,0.005,-0.005377,0.025551,1.8132e-24,0,0.0012731,0.0034894,0.36485,-0.0068508
4.325,1.4058,0.005,0.0020519,0.027532,2.2389e-24,0,0.0012203,0.0034127,0.35759,-0.0065632
4.275,1.4558,0.005,0.0094243,0.029568,5.7229e-25,0,0.0011667,0.003319,0.35152,-0.0062264
4.225,1.5059,0.005,0.016744,0.031644,-3.4466e-24,0,0.0011131,0.003212,0.34653,-0.0058373
4.175,1.5559,0.005,0.024021,0.033747,2.9118e-24,0,0.0010602,0.0030952,0.34252,-0.0053936
4.125,1.606,0.005,0.031255,0.035853,0,0,0.0010086,0.0029721,0.33937,-0.0048927
4.075,1.656,0.005,0.038438,0.037926,-2.3997e-37,0,0.00095895,0.0028451,0.33705,-0.0043316
4.025,1.706,0.005,0.045548,0.039934,-3.8858e-24,0,0.00091154,0.0026609,0.33557,-0.0037065
3.975,1.7561,0.005,0.052563,0.041843,4.0254e-24,0,0.00086668,0.0024722,0.33495,-0.0030143
3.925,1.8061,0.005,0.059459,0.043599,-4.7427e-24,0,0.00082438,0.0022808,0.33528,-0.0022503
3.875,1.8562,0.005,0.066207,0.045163,-2.7179e-24,0,0.0007846,0.0020921,0.33671,-0.0014117
3.825,1.9062,0.005,0.07277,0.046495,3.0848e-24,0,0.00074713,0.0019117,0.33944,-0.00049847
3.775,1.9563,0.005,0.079098,0.047557,-1.2506e-23,0,0.00071173,0.0017429,0.34378,0.00048737
3.725,2.0063,0.005,0.085132,0.04831,1.817e-23,0,0.00067828,0.0015857,0.35016,0.0015434
3.675,2.0563,0.005,0.090801,0.048709,-1.0508e-23,0,0.00064699,0.00144,0.35913,0.0026657
3.625,2.1064,0.005,0.096035,0.048713,-8.8128e-32,0,0.00061871,0.0013075,0.37145,0.0038484
3.575,2.1564,0.005,0.10076,0.048277,-1.2989e-23,0,0.00059545,0.0011921,0.38813,0.0050834
3.525,2.2065,0.005,0.10489,0.047357,-4.0572e-24,0,0.00058118,0.0011,0.41064,0.0063608
3.475,2.2565,0.005,0.10829,0.045901,-4.4659e-24,0,0.00058345,0.0010397,0.44162,0.0076673
3.425,2.3066,0.005,0.11082,0.043832,-4.8816e-37,0,0.00061745,0.0010291,0.48783,0.0089842
3.375,2.3566,0.005,0.11223,0.041002,-3.9146e-24,0,0.0007127,0.0011083,0.56204,0.010282
3.325,2.4066,0.005,0.11226,0.037411,6.2557e-32,0,0.00091712,0.0013104,0.67961,0.011535
3.275,2.4567,0.005,0.11146,0.032898,2.2326e-24,0,0.001297,0.0015231,0.85157,0.012709
3.225,2.5067,0.005,0.11189,0.027573,-1.1418e-37,0,0.0019145,0.0017876,1.071,0.013778
3.175,2.5568,0.005,0.11623,0.021646,-5.389e-25,0,0.0027938,0.0021116,1.3231,0.014731
3.125,2.6068,0.005,0.12661,0.015504,4.8641e-26,0,0.003878,0.0024201,1.6024,0.015561
3.075,2.6569,0.005,0.1446,0.0095641,1.8812e-37,0,0.0050602,0.0025849,1.9559,0.016317
3.025,2.7069,0.005,0.17275,0.0042463,-5.2856e-25,0,0.0061132,0.0023625,2.4767,0.017076
2.975,2.7569,0.005,0.21413,0.00020412,1.2793e-23,0,0.0066189,0.002024,3.0343,0.01777
2.925,2.807,0.005,0.2676,-0.0020061,4.8149e-26,0,0.0061024,0.0016902,3.3397,0.018369
2.875,2.86,0.005,0.32646,-0.0024873,1.1991e-37,0,0.0044834,0.0014159,3.1649,0.018811
2.825,2.916,0.005,0.3732,-0.0011593,-5.6182e-38,0,0.0021354,0.00076304,2.7985,0.019116
2.775,2.972,0.005,0.37178,-0.00037282,-2.3687e-24,0,0.0022448,0.0002979,7.5352,0.019321
5.775,0.024,0.005,-0.23324,0.0006857,2.4193e-25,0,0.0010581,0.00017535,6.0344,-0.0074672
5.725,0.072,0.005,-0.25112,0.0012526,-5.7763e-26,0,0.0006877,0.00037873,1.8158,-0.0074801
5.675,0.12,0.005,-0.24914,0.0019363,-1.5227e-25,0,0.00080052,0.00079044,1.0127,-0.007505
5.625,0.168,0.005,-0.24309,0.0024353,2.2548e-25,0,0.00093817,0.0012263,0.76505,-0.007518
5.575,0.216,0.005,-0.23575,0.0030054,2.9405e-25,0,0.0010537,0.0015961,0.66015,-0.0075407
5.525,0.264,0.005,-0.22775,0.0036008,3.913e-25,0,0.0011483,0.0018872,0.60846,-0.0075627
5.475,0.312,0.005,-0.21928,0.0042502,2.2698e-39,0,0.0012266,0.002105,0.58271,-0.007585
5.425,0.36,0.005,-0.21,0.0049113,-6.7655e-25,0,0.001293,0.0020793,0.5713,-0.0076214
5.375,0.408,0.005,-0.19955,0.0055667,-4.4491e-25,0,0.00135,0.0019363,0.56753,-0.0076753
5.325,0.456,0.005,-0.18804,0.0061579,5.1788e-25,0,0.001397,0.0018521,0.56614,-0.0077284
5.275,0.50502,0.005,-0.17567,0.0067265,-4.1511e-26,0,0.0014345,0.0018346,0.56388,-0.007782
5.225,0.55506,0.005,-0.16284,0.0073016,-6.3092e-25,0,0.0014642,0.0018601,0.55987,-0.0078354
5.175,0.60511,0.005,-0.15005,0.0079025,-2.8418e-24,0,0.0014892,0.0019123,0.55434,-0.007886
5.125,0.65515,0.005,-0.13744,0.0085338,-1.0986e-24,0,0.0015118,0.0019852,0.54724,-0.0079326
5.075,0.70519,0.005,-0.12513,0.0091989,-2.1925e-33,0,0.0015325,0.002078,0.53828,-0.0079736
5.025,0.75523,0.005,-0.11321,0.009893,-8.3177e-25,0,0.0015503,0.0021908,0.52725,-0.008007
4.975,0.80528,0.005,-0.10177,0.010623,-8.7184e-25,0,0.0015639,0.0023226,0.51422,-0.0080308
4.925,0.85532,0.005,-0.090844,0.011396,-9.5564e-25,0,0.0015718,0.002469,0.49958,-0.0080431
4.875,0.90536,0.005,-0.080457,0.012218,-8.7468e-25,0,0.001573,0.0026238,0.48384,-0.0080419
4.825,0.9554,0.005,-0.070592,0.013096,-2.0387e-25,0,0.0015668,0.0027804,0.46756,-0.0080257
4.775,1.0054,0.005,-0.061217,0.014034,-6.869e-25,0,0.0015533,0.0029324,0.45128,-0.0079926
4.725,1.0555,0.005,-0.052286,0.015041,-2.2588e-24,0,0.0015327,0.0030744,0.43547,-0.0079406
4.675,1.1055,0.005,-0.04375,0.016121,-1.1583e-24,0,0.0015056,0.0032015,0.42052,-0.0078673
4.625,1.1556,0.005,-0.035555,0.01728,0,0,0.0014725,0.0033076,0.40673,-0.0077702
4.575,1.2056,0.005,-0.027642,0.018523,1.5898e-24,0,0.001434,0.003389,0.39422,-0.0076467
4.525,1.2557,0.005,-0.019942,0.019876,1.4689e-24,0,0.0013906,0.0034562,0.38298,-0.007494
4.475,1.3057,0.005,-0.012375,0.021406,-1.6034e-24,0,0.0013431,0.0035172,0.37297,-0.0073082
4.425,1.3557,0.005,-0.0048824,0.023153,-1.8188e-24,0,0.0012927,0.0035448,0.36422,-0.0070838
4.375,1.4058,0.005,0.0025615,0.025047,2.4254e-40,0,0.0012404,0.0034767,0.35677,-0.0068181
4.325,1.4558,0.005,0.0099537,0.027016,0,0,0.0011871,0.003386,0.35058,-0.0065075
4.275,1.5059,0.005,0.0173,0.029028,-3.3193e-38,0,0.0011335,0.0032805,0.34553,-0.0061455
4.225,1.5559,0.005,0.024614,0.031072,2.6828e-24,0,0.0010803,0.0031636,0.34148,-0.0057314
4.175,1.606,0.005,0.031905,0.033125,-3.4165e-24,0,0.0010281,0.0030316,0.33828,-0.0052635
4.125,1.656,0.005,0.039167,0.035159,-1.3306e-38,0,0.00097739,0.002851,0.3359,-0.0047374
4.075,1.706,0.005,0.046382,0.037147,1.6286e-24,0,0.00092884,0.002666,0.33435,-0.0041499
4.025,1.7561,0.005,0.053533,0.03904,-4.0677e-24,0,0.00088267,0.0024793,0.33363,-0.0034959
3.975,1.8061,0.005,0.060587,0.0408,2.2566e-24,0,0.00083911,0.0022913,0.33383,-0.0027709
3.925,1.8562,0.005,0.067517,0.042383,4.9691e-24,0,0.00079812,0.0021079,0.33507,-0.0019729
3.875,1.9062,0.005,0.074284,0.043753,-8.4188e-24,0,0.00075959,0.0019328,0.33755,-0.0011012
3.825,1.9563,0.005,0.080836,0.044871,9.271e-24,0,0.00072328,0.0017682,0.34154,-0.00015664
3.775,2.0063,0.005,0.087117,0.045698,-2.8478e-24,0,0.00068907,0.0016148,0.34744,0.00085856
3.725,2.0563,0.005,0.093058,0.046191,7.8963e-24,0,0.00065708,0.0014723,0.35578,0.0019412
3.675,2.1064,0.005,0.098586,0.046307,-2.3498e-23,0,0.00062799,0.0013416,0.3673,0.003086
3.625,2.1564,0.005,0.10363,0.046003,-4.437e-24,0,0.00060357,0.0012265,0.38298,0.0042857
3.575,2.2065,0.005,0.1081,0.045236,8.5002e-24,0,0.00058748,0.0011332,0.40429,0.0055307
3.525,2.2565,0.005,0.11189,0.04396,8.8927e-24,0,0.00058693,0.0010701,0.43396,0.0068087
3.475,2.3066,0.005,0.11485,0.042096,9.1391e-24,0,0.00061676,0.0010591,0.47895,0.0081012
3.425,2.3566,0.005,0.11673,0.039528,3.7948e-24,0,0.00070527,0.0011403,0.55172,0.0093834
3.375,2.4066,0.005,0.11726,0.036266,-1.1888e-23,0,0.00089797,0.0013447,0.66706,0.010631
3.325,2.4567,0.005,0.11697,0.032137,6.0815e-24,0,0.001259,0.0015053,0.83633,0.011817
3.275,2.5067,0.005,0.11774,0.027174,-1.4332e-24,0,0.0018549,0.0017607,1.0535,0.012909
3.225,2.5568,0.005,0.12216,0.0216,6.9284e-24,0,0.00271,0.0020812,1.3021,0.013892
3.175,2.6068,0.005,0.13232,0.01576,-1.3335e-25,0,0.0037724,0.0023935,1.5761,0.014763
3.125,2.6569,0.005,0.14977,0.0099995,1.2562e-25,0,0.0049407,0.0025741,1.9193,0.015558
3.075,2.7069,0.005,0.1769,0.0047985,5.6511e-24,0,0.0059919,0.002391,2.4233,0.016357
3.025,2.7569,0.005,0.21678,0.00072688,-9.2054e-24,0,0.0065242,0.002058,2.9716,0.017112
2.975,2.807,0.005,0.26851,-0.0015416,-3.9744e-24,0,0.0060572,0.0017252,3.2825,0.017781
2.925,2.86,0.005,0.32584,-0.0021306,-1.0866e-24,0,0.0044884,0.0014343,3.1293,0.018295
2.875,2.916,0.005,0.37205,-0.00095523,-1.4748e-38,0,0.0021584,0.0007729,2.7926,0.018671
2.825,2.972,0.005,0.37114,-0.000272,-1.0444e-37,0,0.0022388,0.00029751,7.5252,0.018958
5.825,0.024,0.005,-0.23418,0.00066416,-1.2704e-38,0,0.0010637,0.0001758,6.0504,-0.0074365
5.775,0.072,0.005,-0.25172,0.0011996,-5.6951e-26,0,0.00069538,0.00038378,1.812,-0.0074616
5.725,0.12,0.005,-0.2496,0.0018304,-1.5233e-25,0,0.00080959,0.00080105,1.0107,-0.0074981
5.675,0.168,0.005,-0.24348,0.002285,1.7754e-26,0,0.00094627,0.0012386,0.76398,-0.0075227
5.625,0.216,0.005,-0.23611,0.0028056,4.1965e-39,0,0.0010601,0.0016076,0.65945,-0.0075567
5.575,0.264,0.005,-0.22811,0.003353,5.0139e-25,0,0.0011531,0.0018967,0.60792,-0.0075893
5.525,0.312,0.005,-0.21961,0.0039459,4.8575e-25,0,0.0012298,0.0021123,0.58224,-0.0076224
5.475,0.36,0.005,-0.21027,0.0045392,-6.6954e-25,0,0.0012945,0.0020455,0.57079,-0.0076685
5.425,0.408,0.005,-0.19969,0.0051193,-6.4808e-25,0,0.0013499,0.0019004,0.56677,-0.0077306
5.375,0.456,0.005,-0.18806,0.0056325,-2.6108e-24,0,0.0013949,0.001821,0.56486,-0.0077902
5.325,0.50502,0.005,-0.17561,0.0061251,-9.6837e-25,0,0.0014303,0.001807,0.562,-0.0078494
5.275,0.55506,0.005,-0.16272,0.0066264,9.788e-25,0,0.0014585,0.0018335,0.55754,-0.007908
5.225,0.60511,0.005,-0.14988,0.007154,-5.8057e-25,0,0.0014828,0.0018852,0.55184,-0.0079634
5.175,0.65515,0.005,-0.13723,0.0077113,-3.7752e-38,0,0.0015055,0.0019565,0.5448,-0.0080146
5.125,0.70519,0.005,-0.12487,0.0082975,1.7099e-24,0,0.0015269,0.0020482,0.53604,-0.0080601
5.075,0.75523,0.005,-0.11291,0.0089164,1.7275e-24,0,0.001546,0.0021606,0.52526,-0.008098
5.025,0.80528,0.005,-0.10142,0.0095667,-1.1501e-24,0,0.0015612,0.002292,0.51251,-0.0081263
4.975,0.85532,0.005,-0.090462,0.010258,-1.6009e-24,0,0.0015708,0.0024385,0.49811,-0.0081435
4.925,0.90536,0.005,-0.080043,0.010997,-1.6504e-24,0,0.0015738,0.0025937,0.48259,-0.0081477
4.875,0.9554,0.005,-0.070152,0.01179,1.5287e-25,0,0.0015697,0.0027506,0.46648,-0.0081375
4.825,1.0054,0.005,-0.060753,0.012642,6.3253e-25,0,0.0015582,0.0029031,0.45034,-0.0081112
4.775,1.0555,0.005,-0.051802,0.013559,4.4191e-25,0,0.0015396,0.003046,0.43463,-0.0080671
4.725,1.1055,0.005,-0.043249,0.014546,-1.7534e-25,0,0.0015145,0.0031751,0.41975,-0.0080031
4.675,1.1556,0.005,-0.035042,0.015612,0,0,0.0014835,0.0032852,0.40601,-0.007917
4.625,1.2056,0.005,-0.027122,0.016761,-1.4332e-24,0,0.0014473,0.0033701,0.39357,-0.0078059
4.575,1.2557,0.005,-0.019427,0.018002,-1.4326e-24,0,0.0014062,0.003428,0.38245,-0.0076675
4.525,1.3057,0.005,-0.01188,0.019369,1.5539e-24,0,0.0013607,0.0034705,0.37254,-0.0074989
4.475,1.3557,0.005,-0.004409,0.020921,-5.1801e-24,0,0.0013115,0.0035031,0.36377,-0.007296
4.425,1.4058,0.005,0.0030261,0.022681,-1.5178e-24,0,0.00126,0.0035025,0.35618,-0.0070523
4.375,1.4558,0.005,0.010433,0.024572,5.0903e-25,0,0.0012071,0.0034504,0.34984,-0.0067654
4.325,1.5059,0.005,0.017798,0.026528,2.2311e-24,0,0.0011538,0.0033472,0.34471,-0.0064301
4.275,1.5559,0.005,0.025143,0.028513,-2.4789e-24,0,0.0011005,0.0032089,0.34061,-0.0060455
4.225,1.606,0.005,0.032485,0.030513,-3.8405e-24,0,0.0010477,0.0030348,0.33738,-0.0056094
4.175,1.656,0.005,0.039821,0.03251,6.1888e-24,0,0.00099623,0.0028532,0.33496,-0.0051179
4.125,1.706,0.005,0.047139,0.034463,-1.5568e-24,0,0.00094653,0.0026685,0.33333,-0.004566
4.075,1.7561,0.005,0.054414,0.036336,5.6882e-24,0,0.00089912,0.0024824,0.33252,-0.0039489
4.025,1.8061,0.005,0.061618,0.03809,5.6824e-37,0,0.00085424,0.0022988,0.3326,-0.003263
3.975,1.8562,0.005,0.06872,0.039686,2.4992e-24,0,0.00081199,0.0021196,0.33368,-0.0025054
3.925,1.9062,0.005,0.075679,0.041086,-1.2742e-23,0,0.00077229,0.0019493,0.33593,-0.0016753
3.875,1.9563,0.005,0.082447,0.042252,7.7506e-37,0,0.00073496,0.0017893,0.3396,-0.00077278
3.825,2.0063,0.005,0.088965,0.043145,-1.0454e-23,0,0.00069988,0.0016398,0.34507,0.00020068
3.775,2.0563,0.005,0.095166,0.043722,2.679e-23,0,0.00066709,0.0015009,0.35284,0.0012423
3.725,2.1064,0.005,0.10098,0.043943,6.3284e-24,0,0.00063718,0.0013727,0.36361,0.0023475
3.675,2.1564,0.005,0.10633,0.043762,-4.2493e-24,0,0.00061168,0.0012588,0.37836,0.0035097
3.625,2.2065,0.005,0.11113,0.043139,1.7476e-31,0,0.00059395,0.0011652,0.39855,0.0047199
3.575,2.2565,0.005,0.11529,0.042031,4.352e-24,0,0.00059091,0.0011,0.42698,0.0059667
3.525,2.3066,0.005,0.11866,0.040357,-1.2947e-23,0,0.00061693,0.0010893,0.47078,0.0072315
3.475,2.3566,0.005,0.12098,0.038037,5.3368e-37,0,0.00069906,0.0011724,0.54206,0.0084936
3.425,2.4066,0.005,0.12197,0.035064,-8.5967e-24,0,0.00088058,0.0013438,0.65528,0.0097313
3.375,2.4567,0.005,0.1222,0.031292,0,0,0.0012244,0.0014895,0.82202,0.010921
3.325,2.5067,0.005,0.12334,0.02667,7.7291e-24,0,0.0017998,0.0017357,1.037,0.012028
3.275,2.5568,0.005,0.12788,0.021434,-7.4662e-25,0,0.0026312,0.0020522,1.2822,0.013034
3.225,2.6068,0.005,0.13789,0.015892,4.6957e-25,0,0.0036709,0.0023672,1.5507,0.013938
3.175,2.6569,0.005,0.15489,0.010346,-5.5249e-24,0,0.0048231,0.0025597,1.8842,0.014767
3.125,2.7069,0.005,0.18109,0.0052709,-3.473e-25,0,0.0058707,0.0024185,2.3716,0.015597
3.075,2.7569,0.005,0.21952,0.0012015,-4.7259e-24,0,0.0064249,0.002092,2.9089,0.016408
3.025,2.807,0.005,0.26952,-0.0011067,4.0316e-24,0,0.0060074,0.0017616,3.2248,0.017137
2.975,2.86,0.005,0.32535,-0.001797,3.5497e-24,0,0.0044903,0.0014515,3.0937,0.017721
2.925,2.916,0.005,0.37105,-0.00076784,-3.5247e-24,0,0.0021807,0.00078287,2.7855,0.018165
2.875,2.972,0.005,0.37063,-0.00017728,5.8911e-38,0,0.0022334,0.00029715,7.5161,0.018529
5.875,0.024,0.005,-0.23509,0.00064334,-4.7119e-25,0,0.001069,0.00017624,6.0655,-0.0073938
5.825,0.072,0.005,-0.25227,0.0011487,-1.0977e-38,0,0.00070316,0.00038894,1.8079,-0.0074309
5.775,0.12,0.005,-0.25002,0.0017271,-3.014e-25,0,0.00081871,0.00081173,1.0086,-0.0074791
5.725,0.168,0.005,-0.24383,0.0021411,9.0357e-26,0,0.00095433,0.0012508,0.76299,-0.0075155
5.675,0.216,0.005,-0.23644,0.0026137,3.0135e-26,0,0.0010665,0.0016187,0.65884,-0.0075602
5.625,0.264,0.005,-0.22842,0.0031148,-3.6399e-25,0,0.0011576,0.0019056,0.60744,-0.0076028
5.575,0.312,0.005,-0.21989,0.0036529,9.0682e-39,0,0.0012326,0.0021187,0.58177,-0.0076473
5.525,0.36,0.005,-0.21048,0.0041829,-6.4566e-25,0,0.0012953,0.0020117,0.57022,-0.007703
5.475,0.408,0.005,-0.19977,0.0046912,-2.4055e-25,0,0.0013489,0.0018658,0.56587,-0.0077726
5.425,0.456,0.005,-0.18802,0.0051323,-1.1111e-24,0,0.0013916,0.0017914,0.56337,-0.0078387
5.375,0.50502,0.005,-0.1755,0.0055555,-9.5167e-25,0,0.0014249,0.0017805,0.55986,-0.0079035
5.325,0.55506,0.005,-0.16257,0.005989,0,0,0.0014515,0.0018078,0.55496,-0.0079672
5.275,0.60511,0.005,-0.14969,0.0064491,-9.5658e-25,0,0.0014751,0.0018585,0.54909,-0.0080275
5.225,0.65515,0.005,-0.13699,0.0069378,3.3339e-38,0,0.001498,0.0019285,0.54212,-0.0080833
5.175,0.70519,0.005,-0.1246,0.007454,9.6906e-25,0,0.0015202,0.002019,0.53356,-0.0081332
5.125,0.75523,0.005,-0.11259,0.0079983,1.5599e-24,0,0.0015405,0.0021312,0.52306,-0.0081755
5.075,0.80528,0.005,-0.10107,0.0085777,1.5519e-24,0,0.0015573,0.0022629,0.51058,-0.0082083
5.025,0.85532,0.005,-0.090075,0.0091934,-7.6648e-39,0,0.0015687,0.0024096,0.49646,-0.0082301
4.975,0.90536,0.005,-0.079629,0.0098554,-1.5065e-24,0,0.0015737,0.0025652,0.48117,-0.0082395
4.925,0.9554,0.005,-0.069714,0.01057,-7.726e-25,0,0.0015715,0.0027227,0.46527,-0.008235
4.875,1.0054,0.005,-0.060295,0.011341,-2.3621e-25,0,0.001562,0.0028758,0.4493,-0.0082152
4.825,1.0555,0.005,-0.051327,0.012174,3.8059e-25,0,0.0015455,0.0030197,0.43372,-0.0081786
4.775,1.1055,0.005,-0.042761,0.013075,1.3214e-24,0,0.0015224,0.0031503,0.41894,-0.0081233
4.725,1.1556,0.005,-0.034543,0.014051,2.9005e-25,0,0.0014935,0.0032633,0.40528,-0.0080473
4.675,1.2056,0.005,-0.026619,0.015109,0,0,0.0014593,0.003353,0.39291,-0.0079481
4.625,1.2557,0.005,-0.018925,0.016256,-1.2114e-24,0,0.0014205,0.0034133,0.38188,-0.007823
4.575,1.3057,0.005,-0.011394,0.017506,1.401e-24,0,0.0013771,0.0034455,0.37209,-0.0076698
4.525,1.3557,0.005,-0.0039493,0.018895,1.3294e-24,0,0.0013297,0.0034628,0.36341,-0.0074855
4.475,1.4058,0.005,0.0034667,0.020475,-3.3366e-25,0,0.0012792,0.003472,0.35578,-0.0072653
4.425,1.4558,0.005,0.010866,0.022244,0,0,0.0012267,0.0034519,0.34931,-0.0070022
4.375,1.5059,0.005,0.018241,0.024132,0,0,0.0011738,0.0033798,0.34407,-0.0066932
4.325,1.5559,0.005,0.025614,0.026068,0,0,0.0011205,0.0032186,0.33993,-0.0063365
4.275,1.606,0.005,0.033003,0.028021,2.0404e-32,0,0.0010675,0.003039,0.33666,-0.0059311
4.225,1.656,0.005,0.04041,0.029969,-7.0188e-24,0,0.0010153,0.0028552,0.3342,-0.0054721
4.175,1.706,0.005,0.047819,0.031884,4.7298e-24,0,0.00096462,0.0026694,0.33251,-0.0049543
4.125,1.7561,0.005,0.05521,0.033731,-1.7784e-24,0,0.000916,0.0024849,0.33163,-0.0043736
4.075,1.8061,0.005,0.062555,0.035474,6.1044e-24,0,0.00086982,0.0023035,0.3316,-0.0037261
4.025,1.8562,0.005,0.069819,0.037076,-4.4639e-24,0,0.00082626,0.0021285,0.33253,-0.0030089
3.975,1.9062,0.005,0.076962,0.038498,2.7188e-24,0,0.00078531,0.0019622,0.33457,-0.0022204
3.925,1.9563,0.005,0.083935,0.039704,-2.3701e-24,0,0.00074686,0.0018063,0.33796,-0.0013602
3.875,2.0063,0.005,0.09068,0.040654,4.1256e-24,0,0.0007108,0.0016609,0.34303,-0.00042922
3.825,2.0563,0.005,0.097131,0.041307,-6.391e-24,0,0.00067714,0.0015256,0.35027,0.00057035
3.775,2.1064,0.005,0.10322,0.041623,-8.5799e-25,0,0.00064635,0.0014006,0.36036,0.0016346
3.725,2.1564,0.005,0.10887,0.041558,2.8404e-37,0,0.0006198,0.0012886,0.37424,0.0027575
3.675,2.2065,0.005,0.11399,0.04107,-1.9325e-23,0,0.00060058,0.0011953,0.3934,0.0039309
3.625,2.2565,0.005,0.11849,0.040119,-4.0642e-24,0,0.0005953,0.001129,0.42067,0.0051439
3.575,2.3066,0.005,0.12226,0.038623,-1.0351e-36,0,0.00061786,0.0011192,0.46328,0.0063784
3.525,2.3566,0.005,0.12499,0.036534,8.5168e-24,0,0.00069402,0.0012044,0.53306,0.0076168
3.475,2.4066,0.005,0.12643,0.033825,1.3727e-23,0,0.00086505,0.0013427,0.64427,0.0088399
3.425,2.4567,0.005,0.12715,0.030365,-2.3908e-24,0,0.0011935,0.0014757,0.8088,0.010026
3.375,2.5067,0.005,0.12869,0.026078,-6.1002e-24,0,0.0017491,0.0017125,1.0214,0.011142
3.325,2.5568,0.005,0.13339,0.021165,-6.1576e-24,0,0.0025575,0.0020247,1.2631,0.012163
3.275,2.6068,0.005,0.14331,0.015908,-5.8958e-24,0,0.0035739,0.0023416,1.5263,0.013094
3.225,2.6569,0.005,0.15992,0.010598,-5.384e-24,0,0.0047083,0.0025444,1.8505,0.013955
3.175,2.7069,0.005,0.18529,0.0056666,7.5637e-25,0,0.0057501,0.002445,2.3218,0.014808
3.125,2.7569,0.005,0.22233,0.0016187,7.2523e-33,0,0.0063217,0.0021261,2.8468,0.015662
3.075,2.807,0.005,0.27065,-0.00073521,-2.7984e-27,0,0.0059536,0.0017958,3.1669,0.016444
3.025,2.86,0.005,0.325,-0.0014955,-4.3252e-24,0,0.004489,0.001468,3.0579,0.017091
2.975,2.916,0.005,0.37016,-0.00059799,3.8835e-24,0,0.0022021,0.00079286,2.7775,0.017603
2.925,2.972,0.005,0.37024,-8.7409e-05,-2.5909e-39,0,0.0022286,0.00029683,7.508,0.018039
5.925,0.024,0.005,-0.23597,0.00062286,1.7095e-26,0,0.001074,0.00017665,6.0799,-0.0073394
5.875,0.072,0.005,-0.25278,0.0010995,-6.0863e-41,0,0.00071104,0.00039422,1.8037,-0.0073885
5.825,0.12,0.005,-0.25039,0.0016248,-2.7209e-25,0,0.00082789,0.00082249,1.0066,-0.0074486
5.775,0.168,0.005,-0.24413,0.0020022,-1.6843e-25,0,0.00096239,0.0012628,0.76209,-0.0074967
5.725,0.216,0.005,-0.23672,0.0024297,2.8703e-25,0,0.0010727,0.0016294,0.6583,-0.0075521
5.675,0.264,0.005,-0.22869,0.0028852,3.8338e-25,0,0.0011617,0.0019138,0.60702,-0.0076037
5.625,0.312,0.005,-0.22013,0.0033683,4.6454e-25,0,0.001235,0.0021244,0.58132,-0.0076601
5.575,0.36,0.005,-0.21063,0.0038408,-5.1548e-25,0,0.0012956,0.0019782,0.5696,-0.0077255
5.525,0.408,0.005,-0.19979,0.0042799,-1.4963e-24,0,0.0013471,0.0018327,0.56485,-0.0078022
5.475,0.456,0.005,-0.18795,0.004655,-4.2645e-25,0,0.0013873,0.0017632,0.56168,-0.0078745
5.425,0.50502,0.005,-0.17536,0.0050148,-5.8725e-25,0,0.0014183,0.0017551,0.5575,-0.0079449
5.375,0.55506,0.005,-0.16238,0.0053861,1.7476e-24,0,0.0014433,0.0017826,0.55215,-0.0080139
5.325,0.60511,0.005,-0.14947,0.005784,-5.2193e-25,0,0.0014662,0.0018323,0.54612,-0.008079
5.275,0.65515,0.005,-0.13674,0.0062095,-4.3019e-25,0,0.0014892,0.0019011,0.53922,-0.0081394
5.225,0.70519,0.005,-0.1243,0.006661,-1.3874e-24,0,0.0015122,0.0019908,0.53088,-0.0081937
5.175,0.75523,0.005,-0.11226,0.0071394,-1.035e-24,0,0.0015339,0.0021025,0.52064,-0.0082403
5.125,0.80528,0.005,-0.1007,0.0076486,-8.3546e-25,0,0.0015523,0.0022348,0.50846,-0.0082776
5.075,0.85532,0.005,-0.089683,0.0081976,4.1779e-25,0,0.0015655,0.0023822,0.49462,-0.0083039
5.025,0.90536,0.005,-0.079214,0.0087883,2.0936e-24,0,0.0015724,0.0025383,0.4796,-0.0083182
4.975,0.9554,0.005,-0.06928,0.0094295,1.9591e-24,0,0.0015722,0.0026965,0.46393,-0.0083192
4.925,1.0054,0.005,-0.059845,0.010126,1.2461e-24,0,0.0015648,0.0028505,0.44815,-0.0083055
4.875,1.0555,0.005,-0.050862,0.010882,7.6447e-25,0,0.0015503,0.0029953,0.43273,-0.0082759
4.825,1.1055,0.005,-0.042285,0.011703,1.5257e-24,0,0.0015293,0.0031273,0.41809,-0.0082288
4.775,1.1556,0.005,-0.034059,0.012594,8.9419e-25,0,0.0015024,0.0032426,0.40452,-0.0081623
4.725,1.2056,0.005,-0.026132,0.013564,-9.8075e-25,0,0.0014703,0.0033361,0.39224,-0.0080741
4.675,1.2557,0.005,-0.01844,0.014622,1.0875e-24,0,0.0014335,0.0034015,0.3813,-0.0079618
4.625,1.3057,0.005,-0.01092,0.015775,-7.0075e-26,0,0.0013924,0.0034345,0.37163,-0.0078228
4.575,1.3557,0.005,-0.0034989,0.017042,2.7481e-24,0,0.001347,0.0034417,0.36308,-0.0076548
4.525,1.4058,0.005,0.0038857,0.018461,-6.6925e-25,0,0.0012978,0.0034401,0.35551,-0.0074546
4.475,1.4558,0.005,0.011266,0.020069,4.7625e-25,0,0.0012461,0.0034319,0.34898,-0.0072164
4.425,1.5059,0.005,0.018641,0.021849,-1.8652e-24,0,0.0011934,0.0033801,0.34364,-0.0069339
4.375,1.5559,0.005,0.026033,0.023727,0,0,0.0011404,0.0032295,0.33942,-0.0066045
4.325,1.606,0.005,0.033465,0.025635,4.1605e-25,0,0.0010872,0.0030475,0.33612,-0.0062279
4.275,1.656,0.005,0.040934,0.027536,-1.197e-24,0,0.0010346,0.0028584,0.33363,-0.0057996
4.225,1.706,0.005,0.048428,0.029409,2.883e-24,0,0.00098302,0.002671,0.33191,-0.0053152
4.175,1.7561,0.005,0.055926,0.031226,-1.6765e-24,0,0.00093329,0.0024864,0.33096,-0.0047702
4.125,1.8061,0.005,0.063401,0.032953,3.996e-24,0,0.00088584,0.0023068,0.33084,-0.0041606
4.075,1.8562,0.005,0.070818,0.034554,-8.8141e-24,0,0.00084095,0.0021347,0.33163,-0.0034833
4.025,1.9062,0.005,0.078135,0.035992,1.1384e-23,0,0.0007987,0.001972,0.33348,-0.0027363
3.975,1.9563,0.005,0.085304,0.03723,1.5261e-24,0,0.00075906,0.0018198,0.33661,-0.0019184
3.925,2.0063,0.005,0.092267,0.038229,-9.6065e-24,0,0.00072191,0.0016782,0.34132,-0.0010303
3.875,2.0563,0.005,0.098958,0.03895,3.473e-24,0,0.00068728,0.0015466,0.34808,-7.3506e-05
3.825,2.1064,0.005,0.10531,0.039352,-2.8605e-24,0,0.00065556,0.0014251,0.35753,0.00094863
3.775,2.1564,0.005,0.11124,0.039393,7.0503e-24,0,0.00062796,0.0013156,0.3706,0.0020309
3.725,2.2065,0.005,0.11667,0.039032,1.554e-23,0,0.00060737,0.0012232,0.38878,0.0031656
3.675,2.2565,0.005,0.12151,0.038228,-1.1801e-23,0,0.00060005,0.0011565,0.41498,0.0043428
3.625,2.3066,0.005,0.12565,0.0369,-3.8086e-24,0,0.00061946,0.0011485,0.45643,0.0055446
3.575,2.3566,0.005,0.12877,0.035024,-1.0949e-36,0,0.00069008,0.0012359,0.52475,0.0067563
3.525,2.4066,0.005,0.13064,0.032561,-8.155e-24,0,0.00085138,0.0013428,0.63404,0.0079615
3.475,2.4567,0.005,0.13184,0.029377,-2.4059e-24,0,0.0011658,0.0014635,0.79655,0.0091381
3.425,2.5067,0.005,0.13379,0.025408,-3.2647e-32,0,0.0017026,0.0016912,1.0068,0.010254
3.375,2.5568,0.005,0.1387,0.020806,9.044e-25,0,0.0024885,0.0019988,1.245,0.011286
3.325,2.6068,0.005,0.14856,0.015824,-6.257e-24,0,0.0034814,0.0023167,1.5028,0.012236
3.275,2.6569,0.005,0.16484,0.010758,1.1542e-23,0,0.0045963,0.0025282,1.818,0.013127
3.225,2.7069,0.005,0.18948,0.0059769,-5.6801e-24,0,0.0056305,0.0024709,2.2739,0.013998
3.175,2.7569,0.005,0.2252,0.0019825,-5.0285e-24,0,0.0062157,0.0021598,2.7856,0.014882
3.125,2.807,0.005,0.27186,-0.00040751,7.8467e-26,0,0.0058961,0.0018292,3.109,0.01571
3.075,2.86,0.005,0.32476,-0.0012276,-6.1349e-25,0,0.0044842,0.0014839,3.0219,0.016408
3.025,2.916,0.005,0.3694,-0.00044244,3.05e-37,0,0.0022227,0.00080278,2.7688,0.016989
2.975,2.972,0.005,0.36996,-1.7116e-05,4.34e-24,0,0.0022244,0.00029655,7.5009,0.017491
5.975,0.024,0.005,-0.2368,0.00060202,0,0,0.0010787,0.00017703,6.0933,-0.0072731
5.925,0.072,0.005,-0.25325,0.0010502,-7.0927e-26,0,0.00071903,0.00039963,1.7993,-0.0073347
5.875,0.12,0.005,-0.25073,0.0015236,-1.0733e-40,0,0.00083712,0.00083333,1.0046,-0.0074072
5.825,0.168,0.005,-0.2444,0.0018669,-4.8657e-25,0,0.00097046,0.0012748,0.76127,-0.0074668
5.775,0.216,0.005,-0.23696,0.0022517,2.8157e-25,0,0.0010788,0.0016399,0.65785,-0.0075327
5.725,0.264,0.005,-0.22892,0.0026629,3.4898e-25,0,0.0011656,0.0019214,0.60667,-0.0075938
5.675,0.312,0.005,-0.22032,0.0030918,1.0518e-39,0,0.0012369,0.0021141,0.58088,-0.0076613
5.625,0.36,0.005,-0.21073,0.0035113,6.0618e-25,0,0.0012954,0.0019451,0.56893,-0.007737
5.575,0.408,0.005,-0.19976,0.0038834,1.6701e-25,0,0.0013445,0.0018011,0.56368,-0.00782
5.525,0.456,0.005,-0.18783,0.0041982,-3.1654e-26,0,0.0013821,0.0017363,0.5598,-0.0078985
5.475,0.50502,0.005,-0.17518,0.0045003,0,0,0.0014106,0.0017305,0.55492,-0.0079746
5.425,0.55506,0.005,-0.16216,0.0048146,0,0,0.001434,0.0017579,0.54913,-0.0080487
5.375,0.60511,0.005,-0.14922,0.0051552,2.1787e-38,0,0.0014562,0.0018064,0.54294,-0.0081187
5.325,0.65515,0.005,-0.13646,0.0055224,3.3556e-25,0,0.0014793,0.001874,0.53611,-0.0081837
5.275,0.70519,0.005,-0.12399,0.0059147,-1.7169e-33,0,0.0015031,0.001963,0.52798,-0.0082424
5.225,0.75523,0.005,-0.11192,0.0063324,-4.2139e-25,0,0.0015261,0.0020748,0.51803,-0.0082933
5.175,0.80528,0.005,-0.10033,0.0067798,-4.6029e-25,0,0.0015461,0.0022073,0.50615,-0.0083348
5.125,0.85532,0.005,-0.089287,0.0072631,-1.4405e-38,0,0.0015613,0.0023559,0.49261,-0.0083657
5.075,0.90536,0.005,-0.078799,0.0077908,-7.562e-25,0,0.0015702,0.002513,0.47787,-0.0083847
5.025,0.9554,0.005,-0.06885,0.0083644,-1.1337e-33,0,0.001572,0.0026719,0.46246,-0.0083909
4.975,1.0054,0.005,-0.059401,0.0089916,-5.8167e-33,0,0.0015666,0.0028268,0.44691,-0.0083831
4.925,1.0555,0.005,-0.050408,0.009676,-1.3301e-24,0,0.0015542,0.0029727,0.43168,-0.0083602
4.875,1.1055,0.005,-0.041821,0.010422,0,0,0.0015352,0.0031061,0.41718,-0.0083207
4.825,1.1556,0.005,-0.03359,0.011235,2.2221e-25,0,0.0015104,0.0032233,0.40374,-0.008263
4.775,1.2056,0.005,-0.02566,0.012122,8.6941e-25,0,0.0014804,0.0033198,0.39157,-0.008185
4.725,1.2557,0.005,-0.017973,0.013093,-2.4435e-26,0,0.0014456,0.0033898,0.38073,-0.0080846
4.675,1.3057,0.005,-0.010461,0.014157,-1.1774e-24,0,0.0014064,0.0034276,0.37117,-0.0079592
4.625,1.3557,0.005,-0.0030598,0.015324,1.0314e-24,0,0.0013631,0.0034342,0.36275,-0.0078063
4.575,1.4058,0.005,0.0042937,0.016617,1.3744e-24,0,0.0013156,0.003423,0.3553,-0.0076235
4.525,1.4558,0.005,0.01164,0.01807,4.686e-25,0,0.001265,0.0034083,0.34881,-0.0074067
4.475,1.5059,0.005,0.018998,0.019707,-1.0713e-24,0,0.0012129,0.0033673,0.34341,-0.00715
4.425,1.5559,0.005,0.026401,0.021492,-1.9131e-24,0,0.0011601,0.0032344,0.33911,-0.0068484
4.375,1.606,0.005,0.03387,0.023347,0,0,0.0011069,0.0030573,0.33577,-0.0064997
4.325,1.656,0.005,0.041396,0.025206,1.14e-37,0,0.0010539,0.0028646,0.33326,-0.0061013
4.275,1.706,0.005,0.048968,0.027039,-1.4175e-24,0,0.0010017,0.0026731,0.3315,-0.0056493
4.225,1.7561,0.005,0.056566,0.028823,-4.684e-24,0,0.00095094,0.0024878,0.3305,-0.0051392
4.175,1.8061,0.005,0.064162,0.03053,-1.6355e-24,0,0.00090228,0.0023093,0.3303,-0.0045668
4.125,1.8562,0.005,0.071722,0.032124,8.8126e-32,0,0.00085607,0.0021393,0.33098,-0.0039288
4.075,1.9062,0.005,0.079205,0.033571,4.403e-24,0,0.0008125,0.0019794,0.33266,-0.0032227
4.025,1.9563,0.005,0.08656,0.034833,5.576e-32,0,0.00077158,0.0018304,0.33554,-0.0024472
3.975,2.0063,0.005,0.09373,0.035874,8.3871e-24,0,0.00073328,0.0016922,0.33993,-0.001602
3.925,2.0563,0.005,0.10065,0.036654,2.4575e-24,0,0.0006976,0.0015642,0.34624,-0.00068844
3.875,2.1064,0.005,0.10725,0.037134,-7.1147e-24,0,0.00066489,0.0014461,0.3551,0.00029082
3.825,2.1564,0.005,0.11346,0.037273,-1.0464e-23,0,0.00063623,0.0013396,0.36742,0.0013312
3.775,2.2065,0.005,0.11919,0.037029,2.2049e-23,0,0.00061431,0.0012486,0.38469,0.0024258
3.725,2.2565,0.005,0.12436,0.036363,-7.5639e-24,0,0.00060514,0.0011824,0.40986,0.0035653
3.675,2.3066,0.005,0.12885,0.035193,-1.5633e-23,0,0.00062165,0.0011767,0.45022,0.0047323
3.625,2.3566,0.005,0.13233,0.033514,-7.8845e-24,0,0.00068718,0.0012665,0.51711,0.0059147
3.575,2.4066,0.005,0.13462,0.031278,2.9677e-24,0,0.0008395,0.0013441,0.62457,0.0070987
3.525,2.4567,0.005,0.13629,0.028348,-7.8186e-24,0,0.001141,0.0014531,0.78522,0.0082613
3.475,2.5067,0.005,0.13865,0.024674,9.1426e-24,0,0.0016602,0.0016718,0.99303,0.0093716
3.425,2.5568,0.005,0.14379,0.020369,-9.7039e-25,0,0.0024243,0.0019746,1.2277,0.010408
3.375,2.6068,0.005,0.15365,0.015654,7.2674e-24,0,0.0033936,0.0022928,1.4801,0.01137
3.325,2.6569,0.005,0.16963,0.010826,-1.1674e-23,0,0.0044875,0.0025116,1.7867,0.012283
3.275,2.7069,0.005,0.19361,0.0062045,4.565e-24,0,0.0055114,0.0024736,2.2281,0.013172
3.225,2.7569,0.005,0.2281,0.0023018,1.4865e-23,0,0.0061077,0.0021929,2.7257,0.014073
3.175,2.807,0.005,0.27315,-0.00011293,4.6742e-24,0,0.0058348,0.0018628,3.0512,0.014943
3.125,2.86,0.005,0.32463,-0.00099204,1.6776e-37,0,0.004476,0.0014991,2.9858,0.015685
3.075,2.916,0.005,0.36875,-0.00029387,-8.4474e-38,0,0.0022424,0.00081259,2.7596,0.016327
3.025,2.972,0.005,0.36978,3.2011e-05,-4.4985e-24,0,0.0022208,0.00029631,7.4948,0.016891
6.025,0.024,0.005,-0.23761,0.00058054,0,0,0.0010832,0.00017739,6.1059,-0.0071948
5.975,0.072,0.005,-0.25367,0.0010005,-7.4922e-25,0,0.00072714,0.00040518,1.7946,-0.0072694
5.925,0.12,0.005,-0.25101,0.0014277,8.8316e-25,0,0.0008464,0.00084426,1.0025,-0.0073544
5.875,0.168,0.005,-0.24463,0.0017345,-1.1335e-38,0,0.00097858,0.0012867,0.76055,-0.0074262
5.825,0.216,0.005,-0.23716,0.0020774,-2.301e-25,0,0.0010849,0.0016501,0.65748,-0.0075025
5.775,0.264,0.005,-0.22911,0.0024457,3.4442e-25,0,0.0011694,0.0019285,0.60638,-0.0075737
5.725,0.312,0.005,-0.22046,0.0028265,-2.7599e-39,0,0.0012384,0.0020864,0.58046,-0.0076514
5.675,0.36,0.005,-0.21077,0.0031929,-5.3127e-25,0,0.0012947,0.0019126,0.5682,-0.007738
5.625,0.408,0.005,-0.19969,0.0035002,-6.8615e-25,0,0.0013411,0.001771,0.56239,-0.0078267
5.575,0.456,0.005,-0.18767,0.0037599,1.0782e-25,0,0.0013759,0.0017106,0.55773,-0.0079112
5.525,0.50502,0.005,-0.17497,0.0040091,7.8497e-25,0,0.001402,0.0017066,0.55216,-0.007993
5.475,0.55506,0.005,-0.16192,0.0042712,0,0,0.0014236,0.0017336,0.54592,-0.0080724
5.425,0.60511,0.005,-0.14895,0.0045593,-1.0123e-24,0,0.0014451,0.0017807,0.53958,-0.0081474
5.375,0.65515,0.005,-0.13616,0.004873,6.0013e-40,0,0.0014683,0.0018472,0.53282,-0.008217
5.325,0.70519,0.005,-0.12366,0.0052106,1.099e-24,0,0.0014929,0.0019358,0.52489,-0.00828
5.275,0.75523,0.005,-0.11156,0.0055733,3.2893e-25,0,0.0015173,0.0020478,0.51522,-0.0083351
5.225,0.80528,0.005,-0.099951,0.0059642,-3.6785e-25,0,0.001539,0.002181,0.50366,-0.0083808
5.175,0.85532,0.005,-0.088888,0.0063893,-4.0527e-25,0,0.001556,0.0023302,0.49043,-0.0084161
5.125,0.90536,0.005,-0.078385,0.0068555,4.428e-25,0,0.0015669,0.0024888,0.47599,-0.0084398
5.075,0.9554,0.005,-0.068424,0.0073695,3.9632e-26,0,0.0015708,0.0026487,0.46086,-0.0084509
5.025,1.0054,0.005,-0.058965,0.0079324,-8.8345e-25,0,0.0015674,0.0028044,0.44556,-0.0084488
4.975,1.0555,0.005,-0.049964,0.0085506,-1.2909e-24,0,0.0015571,0.0029516,0.43055,-0.0084321
4.925,1.1055,0.005,-0.04137,0.0092274,-6.2413e-25,0,0.0015402,0.0030864,0.41623,-0.0083998
4.875,1.1556,0.005,-0.033135,0.0099677,-6.8766e-25,0,0.0015174,0.0032056,0.40294,-0.0083503
4.825,1.2056,0.005,-0.025205,0.010778,7.6374e-25,0,0.0014894,0.0033047,0.39089,-0.008282
4.775,1.2557,0.005,-0.017521,0.011667,8.563e-25,0,0.0014567,0.0033784,0.38017,-0.0081926
4.725,1.3057,0.005,-0.01002,0.012645,-8.6916e-25,0,0.0014195,0.0034212,0.37072,-0.0080799
4.675,1.3557,0.005,-0.0026355,0.013722,-1.1093e-24,0,0.0013781,0.003432,0.36243,-0.0079414
4.625,1.4058,0.005,0.004691,0.014912,2.2283e-38,0,0.0013325,0.0034189,0.35512,-0.0077746
4.575,1.4558,0.005,0.012001,0.016237,0,0,0.0012833,0.0033949,0.34874,-0.0075764
4.525,1.5059,0.005,0.019327,0.017728,1.5142e-24,0,0.001232,0.0033493,0.34336,-0.0073425
4.475,1.5559,0.005,0.026722,0.019386,7.1769e-38,0,0.0011795,0.003227,0.33902,-0.0070675
4.425,1.606,0.005,0.034218,0.021162,-3.8149e-24,0,0.0011264,0.0030619,0.33561,-0.0067471
4.375,1.656,0.005,0.041797,0.022976,-7.8834e-40,0,0.0010732,0.0028718,0.33307,-0.0063782
4.325,1.706,0.005,0.049441,0.024773,1.3299e-24,0,0.0010205,0.0026772,0.3313,-0.0059575
4.275,1.7561,0.005,0.057131,0.026523,4.5163e-24,0,0.00096889,0.0024896,0.33027,-0.0054813
4.225,1.8061,0.005,0.064841,0.028205,2.6014e-37,0,0.0009191,0.0023113,0.33,-0.0049453
4.175,1.8562,0.005,0.072536,0.029788,3.7224e-24,0,0.0008716,0.0021427,0.33057,-0.0043458
4.125,1.9062,0.005,0.080174,0.031237,-8.291e-24,0,0.0008267,0.0019849,0.3321,-0.00368
4.075,1.9563,0.005,0.087706,0.032517,-6.4938e-24,0,0.00078448,0.0018385,0.33476,-0.0029463
4.025,2.0063,0.005,0.095074,0.033591,8.5182e-25,0,0.00074496,0.0017032,0.33884,-0.002144
3.975,2.0563,0.005,0.10221,0.034423,-1.0087e-23,0,0.00070815,0.0015785,0.34474,-0.0012738
3.925,2.1064,0.005,0.10905,0.034972,-2.5388e-24,0,0.00067439,0.0014639,0.35306,-0.00033798
3.875,2.1564,0.005,0.11552,0.0352,8.1617e-38,0,0.00064465,0.0013604,0.36468,0.00065967
3.825,2.2065,0.005,0.12154,0.035065,-1.0536e-23,0,0.00062145,0.0012712,0.38108,0.0017129
3.775,2.2565,0.005,0.12702,0.034528,2.8911e-23,0,0.00061055,0.0012062,0.40528,0.0028132
3.725,2.3066,0.005,0.13186,0.033506,1.1438e-23,0,0.0006244,0.0012036,0.44459,0.0039436
3.675,2.3566,0.005,0.13569,0.03201,-1.8377e-23,0,0.00068527,0.0012959,0.51013,0.0050943
3.625,2.4066,0.005,0.13838,0.029984,7.6527e-24,0,0.00082936,0.0013466,0.61588,0.006254
3.575,2.4567,0.005,0.14049,0.02729,-2.3903e-24,0,0.0011189,0.0014442,0.77474,0.0073986
3.525,2.5067,0.005,0.14327,0.02389,-7.3185e-24,0,0.0016215,0.0016543,0.98018,0.0084977
3.475,2.5568,0.005,0.14867,0.019865,1.0268e-24,0,0.0023646,0.0019521,1.2113,0.0095322
3.425,2.6068,0.005,0.15856,0.01541,1.0817e-37,0,0.0033104,0.0022699,1.4584,0.010502
3.375,2.6569,0.005,0.1743,0.010809,1.6319e-32,0,0.0043822,0.0024946,1.7566,0.011429
3.325,2.7069,0.005,0.19768,0.0063648,3.9938e-25,0,0.0053934,0.0024692,2.1842,0.012336
3.275,2.7569,0.005,0.23104,0.0025756,1.9035e-32,0,0.0059986,0.0022254,2.6675,0.013244
3.225,2.807,0.005,0.27451,0.00015261,-4.8464e-24,0,0.0057696,0.0018972,2.9936,0.014147
3.175,2.86,0.005,0.32459,-0.00079008,-1.5186e-25,0,0.0044642,0.0015135,2.9496,0.014929
3.125,2.916,0.005,0.36821,-0.00015985,4.7493e-24,0,0.0022613,0.00082223,2.7502,0.015626
3.075,2.972,0.005,0.36967,7.2508e-05,-8.8667e-38,0,0.0022178,0.00029611,7.4896,0.016247
6.075,0.024,0.005,-0.23837,0.00055823,3.7662e-27,0,0.0010873,0.00017773,6.1176,-0.0071043
6.025,0.072,0.005,-0.25406,0.00095041,6.0464e-25,0,0.00073539,0.00041089,1.7898,-0.0071923
5.975,0.12,0.005,-0.25126,0.001335,-5.2309e-25,0,0.00085582,0.00085533,1.0006,-0.0072896
5.925,0.168,0.005,-0.24482,0.0016046,1.1892e-24,0,0.00098677,0.0012985,0.75992,-0.0073742
5.875,0.216,0.005,-0.23732,0.0019058,-2.1213e-41,0,0.001091,0.00166,0.6572,-0.0074615
5.825,0.264,0.005,-0.22926,0.0022322,1.1907e-25,0,0.001173,0.0019353,0.60614,-0.0075431
5.775,0.312,0.005,-0.22056,0.0025685,4.2131e-39,0,0.0012396,0.0020592,0.58005,-0.0076308
5.725,0.36,0.005,-0.21076,0.002883,-7.5541e-40,0,0.0012935,0.0018811,0.56742,-0.0077277
5.675,0.408,0.005,-0.19957,0.0031302,6.3751e-26,0,0.0013371,0.0017424,0.56096,-0.0078227
5.625,0.456,0.005,-0.18747,0.0033383,-2.0527e-24,0,0.0013689,0.0016859,0.55549,-0.0079133
5.575,0.50502,0.005,-0.17473,0.0035388,-2.291e-26,0,0.0013924,0.0016833,0.54921,-0.0080009
5.525,0.55506,0.005,-0.16166,0.0037531,0,0,0.0014123,0.0017096,0.54254,-0.0080856
5.475,0.60511,0.005,-0.14866,0.003993,-7.7412e-25,0,0.0014329,0.0017554,0.53605,-0.0081655
5.425,0.65515,0.005,-0.13585,0.0042578,-1.5741e-25,0,0.0014562,0.0018207,0.52935,-0.0082397
5.375,0.70519,0.005,-0.12332,0.0045456,7.6719e-25,0,0.0014816,0.0019089,0.52162,-0.0083071
5.325,0.75523,0.005,-0.1112,0.0048575,4.8012e-25,0,0.0015073,0.0020212,0.51223,-0.0083664
5.275,0.80528,0.005,-0.099566,0.0051973,1.37e-33,0,0.0015308,0.0021554,0.50098,-0.0084163
5.225,0.85532,0.005,-0.088487,0.0055699,-3.1672e-25,0,0.0015498,0.0023058,0.48809,-0.0084559
5.175,0.90536,0.005,-0.077973,0.0059812,-3.5416e-25,0,0.0015627,0.0024652,0.47397,-0.0084841
5.125,0.9554,0.005,-0.068002,0.0064375,3.9285e-25,0,0.0015686,0.0026267,0.45914,-0.0085001
5.075,1.0054,0.005,-0.058537,0.0069436,8.351e-25,0,0.0015674,0.0027836,0.44411,-0.0085032
5.025,1.0555,0.005,-0.04953,0.0075003,1.5651e-25,0,0.0015591,0.0029318,0.42934,-0.0084926
4.975,1.1055,0.005,-0.040932,0.0081134,-4.5108e-26,0,0.0015443,0.0030682,0.41523,-0.008467
4.925,1.1556,0.005,-0.032694,0.0087866,0,0,0.0015235,0.0031893,0.40212,-0.0084253
4.875,1.2056,0.005,-0.024764,0.0095258,-7.3899e-25,0,0.0014975,0.0032909,0.39022,-0.0083658
4.825,1.2557,0.005,-0.017086,0.010339,-7.3404e-25,0,0.0014668,0.0033679,0.37962,-0.0082868
4.775,1.3057,0.005,-0.0095953,0.011236,1.0848e-24,0,0.0014316,0.0034151,0.37029,-0.0081859
4.725,1.3557,0.005,-0.0022277,0.012227,-3.1788e-24,0,0.0013921,0.003431,0.36213,-0.008061
4.675,1.4058,0.005,0.0050742,0.013326,-7.6329e-25,0,0.0013483,0.003421,0.35496,-0.0079093
4.625,1.4558,0.005,0.01235,0.014545,4.5342e-25,0,0.0013008,0.0033934,0.34872,-0.0077281
4.575,1.5059,0.005,0.019639,0.015908,1.3618e-24,0,0.0012508,0.0033388,0.34344,-0.0075141
4.525,1.5559,0.005,0.027011,0.017431,1.5548e-24,0,0.0011989,0.0032149,0.33911,-0.0072632
4.475,1.606,0.005,0.034515,0.019098,-4.4422e-24,0,0.0011459,0.0030576,0.33567,-0.0069702
4.425,1.656,0.005,0.042138,0.020848,4.1528e-24,0,0.0010925,0.0028758,0.33309,-0.0066307
4.375,1.706,0.005,0.04985,0.022606,-1.2746e-24,0,0.0010394,0.0026825,0.33129,-0.0062408
4.325,1.7561,0.005,0.057627,0.024325,6.9608e-24,0,0.00098707,0.0024927,0.33024,-0.0057973
4.275,1.8061,0.005,0.065442,0.025979,-4.85e-24,0,0.00093625,0.0023134,0.32993,-0.0052965
4.225,1.8562,0.005,0.073262,0.027545,2.0231e-24,0,0.00088753,0.0021454,0.33041,-0.0047346
4.175,1.9062,0.005,0.081047,0.028991,-7.7833e-24,0,0.0008413,0.001989,0.3318,-0.0041084
4.125,1.9563,0.005,0.088747,0.030282,5.1246e-24,0,0.00079776,0.0018446,0.33427,-0.0034159
4.075,2.0063,0.005,0.096303,0.031384,-1.9339e-24,0,0.00075697,0.0017119,0.33807,-0.0026561
4.025,2.0563,0.005,0.10365,0.032259,1.465e-37,0,0.00071898,0.0015901,0.34359,-0.0018293
3.975,2.1064,0.005,0.11072,0.03287,-3.2686e-24,0,0.0006841,0.0014787,0.35139,-0.00093712
3.925,2.1564,0.005,0.11745,0.033178,-3.437e-24,0,0.00065325,0.0013781,0.36235,1.7242e-05
3.875,2.2065,0.005,0.12374,0.033143,7.0884e-24,0,0.00062881,0.0012909,0.37795,0.0010282
3.825,2.2565,0.005,0.12952,0.032725,-3.3607e-24,0,0.00061627,0.0012277,0.40123,0.0020879
3.775,2.3066,0.005,0.13468,0.031843,3.7935e-25,0,0.00062767,0.0012289,0.43953,0.0031803
3.725,2.3566,0.005,0.13885,0.030517,7.2394e-24,0,0.00068429,0.0013238,0.5038,0.0042971
3.675,2.4066,0.005,0.14193,0.028687,-1.1907e-23,0,0.00082086,0.0013503,0.60793,0.0054296
3.625,2.4567,0.005,0.14447,0.026214,-5.0223e-24,0,0.0010994,0.001437,0.76508,0.0065527
3.575,2.5067,0.005,0.14766,0.023067,-7.1427e-24,0,0.0015864,0.0016385,0.96817,0.0076366
3.525,2.5568,0.005,0.15335,0.019307,2.3615e-37,0,0.0023092,0.0019313,1.1957,0.0086643
3.475,2.6068,0.005,0.16329,0.015103,2.1546e-37,0,0.0032318,0.0022481,1.4375,0.0096356
3.425,2.6569,0.005,0.17884,0.010725,1.1275e-23,0,0.0042807,0.0024776,1.7277,0.010571
3.375,2.7069,0.005,0.20166,0.0064645,-8.684e-25,0,0.0052767,0.0024633,2.1421,0.011494
3.325,2.7569,0.005,0.23397,0.0027859,-9.7388e-24,0,0.0058885,0.0022553,2.611,0.012409
3.275,2.807,0.005,0.27593,0.00037694,-4.1085e-24,0,0.0057006,0.001932,2.9364,0.013327
3.225,2.86,0.005,0.32464,-0.00062083,-5.8014e-26,0,0.004449,0.0015271,2.9133,0.014146
3.175,2.916,0.005,0.36774,-4.7262e-05,2.0594e-25,0,0.0022792,0.00083145,2.7412,0.01489
3.125,2.972,0.005,0.36964,0.00010296,5.0829e-24,0,0.0022153,0.00029595,7.4855,0.015563
6.125,0.024,0.005,-0.2391,0.0005349,-1.9695e-27,0,0.0010911,0.00017804,6.1284,-0.0070013
6.075,0.072,0.005,-0.25441,0.00089969,5.9919e-25,0,0.00074377,0.00041676,1.7847,-0.0071033
6.025,0.12,0.005,-0.25147,0.0012408,-1.8189e-25,0,0.00086541,0.00086656,0.99867,-0.0072131
5.975,0.168,0.005,-0.24498,0.0014755,6.2415e-38,0,0.00099504,0.0013103,0.75939,-0.0073106
5.925,0.216,0.005,-0.23744,0.0017366,7.3898e-25,0,0.0010971,0.0016698,0.65701,-0.0074095
5.875,0.264,0.005,-0.22937,0.0020213,-3.4022e-25,0,0.0011766,0.0019417,0.60596,-0.007502
5.825,0.312,0.005,-0.22062,0.0023127,6.8522e-25,0,0.0012406,0.0020322,0.57966,-0.0075998
5.775,0.36,0.005,-0.21071,0.0025798,-1.7817e-25,0,0.001292,0.0018505,0.56659,-0.0077059
5.725,0.408,0.005,-0.19941,0.0027734,-1.3715e-25,0,0.0013325,0.0017153,0.55941,-0.0078083
5.675,0.456,0.005,-0.18724,0.0029323,9.6306e-26,0,0.0013612,0.0016621,0.5531,-0.0079052
5.625,0.50502,0.005,-0.17447,0.0030872,-7.5077e-25,0,0.0013819,0.0016604,0.54611,-0.0079987
5.575,0.55506,0.005,-0.16137,0.0032575,0,0,0.0014001,0.001686,0.53901,-0.0080889
5.525,0.60511,0.005,-0.14835,0.0034533,-7.3967e-25,0,0.0014199,0.0017303,0.53238,-0.0081737
5.475,0.65515,0.005,-0.13552,0.0036733,-6.6244e-39,0,0.0014431,0.0017946,0.52573,-0.0082526
5.425,0.70519,0.005,-0.12297,0.003916,-1.1456e-25,0,0.0014693,0.0018824,0.51819,-0.0083244
5.375,0.75523,0.005,-0.11082,0.0041819,-8.4837e-25,0,0.0014964,0.0019951,0.50907,-0.0083878
5.325,0.80528,0.005,-0.099177,0.0044748,-6.4372e-25,0,0.0015215,0.0021302,0.49814,-0.008442
5.275,0.85532,0.005,-0.088085,0.0047999,1.077e-38,0,0.0015425,0.002282,0.48558,-0.0084858
5.225,0.90536,0.005,-0.077562,0.0051621,-2.6957e-25,0,0.0015575,0.0024428,0.4718,-0.0085184
5.175,0.9554,0.005,-0.067586,0.0055665,-1.0549e-24,0,0.0015656,0.0026053,0.4573,-0.0085391
5.125,1.0054,0.005,-0.058116,0.0060181,1.4524e-26,0,0.0015664,0.0027639,0.44257,-0.0085474
5.075,1.0555,0.005,-0.049105,0.0065203,4.988e-25,0,0.0015602,0.0029134,0.42806,-0.0085423
5.025,1.1055,0.005,-0.040505,0.0070744,6.5515e-25,0,0.0015475,0.0030512,0.41418,-0.0085232
4.975,1.1556,0.005,-0.032266,0.0076858,1.3349e-25,0,0.0015288,0.0031742,0.40126,-0.0084887
4.925,1.2056,0.005,-0.024339,0.0083592,0,0,0.0015048,0.0032783,0.38953,-0.0084376
4.875,1.2557,0.005,-0.016666,0.0091019,-6.4918e-25,0,0.001476,0.0033584,0.37908,-0.0083681
4.825,1.3057,0.005,-0.0091866,0.0099233,8.7457e-25,0,0.0014428,0.0034096,0.36989,-0.0082783
4.775,1.3557,0.005,-0.0018361,0.010834,6.3516e-25,0,0.0014051,0.0034304,0.36185,-0.0081659
4.725,1.4058,0.005,0.0054418,0.011847,-3.3739e-25,0,0.0013632,0.0034251,0.35483,-0.0080286
4.675,1.4558,0.005,0.012686,0.012973,0,0,0.0013175,0.0033987,0.34874,-0.0078633
4.625,1.5059,0.005,0.019938,0.014228,0,0,0.0012688,0.0033386,0.3436,-0.0076675
4.575,1.5559,0.005,0.027279,0.015627,0,0,0.0012179,0.0032079,0.33936,-0.0074379
4.525,1.606,0.005,0.034773,0.017173,1.6189e-24,0,0.0011652,0.0030498,0.33593,-0.0071702
4.475,1.656,0.005,0.042423,0.018832,-4.7893e-24,0,0.0011118,0.0028743,0.33332,-0.0068591
4.425,1.706,0.005,0.050195,0.020538,2.4413e-24,0,0.0010584,0.0026864,0.3315,-0.0064996
4.375,1.7561,0.005,0.058054,0.022224,-2.5145e-24,0,0.0010054,0.0024969,0.33042,-0.0060881
4.325,1.8061,0.005,0.065968,0.023852,4.55e-24,0,0.00095368,0.0023161,0.33007,-0.0056213
4.275,1.8562,0.005,0.073907,0.025398,-1.9357e-24,0,0.00090381,0.0021478,0.33049,-0.0050958
4.225,1.9062,0.005,0.08183,0.026835,3.642e-24,0,0.00085629,0.0019922,0.33176,-0.0045083
4.175,1.9563,0.005,0.089688,0.028132,1.6014e-24,0,0.00081142,0.0018492,0.33405,-0.0038563
4.125,2.0063,0.005,0.097424,0.029254,-2.7013e-24,0,0.00076932,0.0017185,0.3376,-0.0031385
4.075,2.0563,0.005,0.10497,0.030166,4.9091e-24,0,0.00073011,0.0015992,0.34277,-0.0023548
4.025,2.1064,0.005,0.11227,0.030831,2.2099e-24,0,0.00069407,0.0014907,0.35009,-0.0015062
3.975,2.1564,0.005,0.11923,0.031211,-1.2364e-23,0,0.00066208,0.0013928,0.36044,-0.00059546
3.925,2.2065,0.005,0.12578,0.031267,2.7929e-24,0,0.0006364,0.0013077,0.37528,0.0003726
3.875,2.2565,0.005,0.13186,0.030958,1.7671e-36,0,0.00062231,0.0012468,0.39768,0.0013907
3.825,2.3066,0.005,0.13734,0.030207,-6.8058e-24,0,0.00063145,0.0012523,0.43502,0.0024438
3.775,2.3566,0.005,0.14182,0.029039,2.0752e-23,0,0.0006842,0.0013499,0.49811,0.003525
3.725,2.4066,0.005,0.14527,0.027391,1.5056e-24,0,0.00081395,0.001355,0.60072,0.0046277
3.675,2.4567,0.005,0.14824,0.025124,4.1892e-37,0,0.0010823,0.0014313,0.7562,0.0057262
3.625,2.5067,0.005,0.15183,0.022214,-3.4288e-32,0,0.0015546,0.0016246,0.95694,0.0067913
3.575,2.5568,0.005,0.15781,0.018703,-1.1118e-24,0,0.002258,0.0019122,1.1809,0.0078081
3.525,2.6068,0.005,0.16784,0.014742,7.3976e-24,0,0.0031575,0.0022276,1.4175,0.0087759
3.475,2.6569,0.005,0.18322,0.010583,-1.1661e-23,0,0.0041831,0.0024607,1.7,0.0097133
3.425,2.7069,0.005,0.20555,0.0065093,5.7592e-24,0,0.0051619,0.002456,2.1018,0.010644
3.375,2.7569,0.005,0.23687,0.0029395,4.39e-25,0,0.0057767,0.0022597,2.5564,0.011568
3.325,2.807,0.005,0.27741,0.00055569,-4.6939e-24,0,0.0056268,0.0019537,2.88,0.012488
3.275,2.86,0.005,0.32477,-0.00047545,-5.3574e-24,0,0.0044301,0.0015399,2.877,0.013336
3.225,2.916,0.005,0.36734,3.8346e-05,5.2809e-24,0,0.002296,0.00084023,2.7326,0.014124
3.175,2.972,0.005,0.36967,0.00013586,5.3347e-24,0,0.0022135,0.00029583,7.4822,0.014842
6.175,0.024,0.005,-0.23979,0.00051039,-8.4691e-27,0,0.0010945,0.00017831,6.1382,-0.0068853
6.125,0.072,0.005,-0.25472,0.00084787,-1.0664e-25,0,0.0007523,0.0004228,1.7793,-0.0070018
6.075,0.12,0.005,-0.25164,0.0011451,7.4818e-38,0,0.00087518,0.00087795,0.99685,-0.0071247
6.025,0.168,0.005,-0.24509,0.0013454,-8.7484e-25,0,0.0010034,0.0013221,0.75897,-0.0072355
5.975,0.216,0.005,-0.23752,0.0015679,1.2397e-25,0,0.0011032,0.0016794,0.65691,-0.0073466
5.925,0.264,0.005,-0.22943,0.0018121,6.9388e-25,0,0.0011802,0.001948,0.60585,-0.0074504
5.875,0.312,0.005,-0.22062,0.0020593,1.8742e-38,0,0.0012414,0.0020053,0.57928,-0.0075585
5.825,0.36,0.005,-0.21061,0.0022812,-2.4829e-25,0,0.00129,0.0018209,0.56571,-0.0076736
5.775,0.408,0.005,-0.19921,0.0024261,-5.7062e-39,0,0.0013273,0.0016896,0.55774,-0.0077835
5.725,0.456,0.005,-0.18698,0.0025397,-6.5324e-25,0,0.0013527,0.0016393,0.55055,-0.0078872
5.675,0.50502,0.005,-0.17417,0.0026524,5.321e-25,0,0.0013708,0.0016381,0.54286,-0.0079868
5.625,0.55506,0.005,-0.16106,0.0027817,1.2967e-24,0,0.0013871,0.0016626,0.53535,-0.0080826
5.575,0.60511,0.005,-0.14803,0.002937,-7.5888e-25,0,0.001406,0.0017055,0.52856,-0.0081726
5.525,0.65515,0.005,-0.13517,0.0031165,-6.4737e-39,0,0.0014292,0.0017687,0.52196,-0.0082561
5.475,0.70519,0.005,-0.12261,0.0033182,6.9209e-25,0,0.0014561,0.0018562,0.5146,-0.0083323
5.425,0.75523,0.005,-0.11044,0.0035428,5.8429e-25,0,0.0014844,0.0019693,0.50575,-0.0084
5.375,0.80528,0.005,-0.098783,0.0037933,-4.9433e-25,0,0.0015113,0.0021054,0.49513,-0.0084583
5.325,0.85532,0.005,-0.087682,0.0040747,1.4994e-25,0,0.0015343,0.0022586,0.48291,-0.0085063
5.275,0.90536,0.005,-0.077153,0.0043927,4.7448e-25,0,0.0015514,0.0024211,0.46949,-0.0085433
5.225,0.9554,0.005,-0.067174,0.004751,8.0373e-34,0,0.0015616,0.0025852,0.45534,-0.0085686
5.175,1.0054,0.005,-0.057703,0.0051534,-5.9724e-25,0,0.0015646,0.0027448,0.44093,-0.0085818
5.125,1.0555,0.005,-0.048691,0.0056039,2.4461e-38,0,0.0015605,0.0028961,0.4267,-0.0085821
5.075,1.1055,0.005,-0.040091,0.0061053,1.0848e-24,0,0.0015498,0.0030355,0.41308,-0.008569
5.025,1.1556,0.005,-0.031853,0.0066596,4.149e-25,0,0.0015332,0.0031603,0.40037,-0.0085414
4.975,1.2056,0.005,-0.023928,0.0072727,-4.4837e-25,0,0.0015112,0.0032669,0.38882,-0.008498
4.925,1.2557,0.005,-0.016262,0.0079505,1.1083e-24,0,0.0014844,0.00335,0.37854,-0.0084375
4.875,1.3057,0.005,-0.0087934,0.0087018,-1.3947e-25,0,0.0014531,0.003405,0.36949,-0.0083579
4.825,1.3557,0.005,-0.0014604,0.0095372,1.5109e-24,0,0.0014173,0.0034303,0.3616,-0.0082573
4.775,1.4058,0.005,0.0057936,0.010469,-6.7286e-25,0,0.0013772,0.0034298,0.35473,-0.0081334
4.725,1.4558,0.005,0.013007,0.011509,4.3848e-25,0,0.0013332,0.0034067,0.3488,-0.0079832
4.675,1.5059,0.005,0.020224,0.012669,-1.0884e-24,0,0.0012862,0.0033454,0.34382,-0.0078042
4.625,1.5559,0.005,0.02753,0.013961,0,0,0.0012364,0.0032093,0.33971,-0.0075939
4.575,1.606,0.005,0.035004,0.015389,-1.7333e-25,0,0.0011844,0.0030453,0.33636,-0.0073489
4.525,1.656,0.005,0.042663,0.016943,-9.7847e-25,0,0.0011311,0.0028698,0.33376,-0.0070643
4.475,1.706,0.005,0.05048,0.018576,2.3345e-24,0,0.0010773,0.0026867,0.33192,-0.0067344
4.425,1.7561,0.005,0.058414,0.02022,-2.3053e-24,0,0.0010239,0.0025005,0.33082,-0.0063543
4.375,1.8061,0.005,0.066423,0.021821,5.8639e-24,0,0.00097132,0.0023196,0.33044,-0.0059206
4.325,1.8562,0.005,0.074473,0.023345,-3.0129e-24,0,0.00092039,0.0021504,0.3308,-0.0054304
4.275,1.9062,0.005,0.082526,0.02477,1.3908e-37,0,0.00087163,0.0019949,0.33198,-0.0048804
4.225,1.9563,0.005,0.090535,0.026068,-4.6953e-24,0,0.00082544,0.0018528,0.33411,-0.004268
4.175,2.0063,0.005,0.098441,0.027204,1.1002e-23,0,0.00078203,0.0017235,0.33743,-0.0035915
4.125,2.0563,0.005,0.10618,0.028145,-5.6137e-24,0,0.00074156,0.0016064,0.34226,-0.0028503
4.075,2.1064,0.005,0.11368,0.028856,-9.5595e-25,0,0.00070432,0.0015003,0.34915,-0.0020451
4.025,2.1564,0.005,0.12088,0.029301,5.4671e-24,0,0.00067117,0.0014049,0.35892,-0.001178
3.975,2.2065,0.005,0.12769,0.029439,-2.6148e-24,0,0.00064425,0.0013217,0.37305,-0.00025326
3.925,2.2565,0.005,0.13405,0.029231,9.493e-24,0,0.00062869,0.0012635,0.39462,0.00072257
3.875,2.3066,0.005,0.13982,0.028602,-3.1224e-24,0,0.00063573,0.0012735,0.43104,0.0017354
3.825,2.3566,0.005,0.1446,0.02758,-1.3195e-23,0,0.00068498,0.0013739,0.49303,0.0027795
3.775,2.4066,0.005,0.14841,0.026101,9.5586e-24,0,0.00080856,0.0013606,0.59425,0.00385
3.725,2.4567,0.005,0.1518,0.024029,2.2935e-24,0,0.0010675,0.001427,0.74808,0.0049212
3.675,2.5067,0.005,0.15579,0.02134,5.0207e-24,0,0.0015261,0.0016124,0.94645,0.0059646
3.625,2.5568,0.005,0.16206,0.018063,-1.1426e-24,0,0.0022107,0.0018948,1.1667,0.0069667
3.575,2.6068,0.005,0.17221,0.014334,-7.3823e-25,0,0.0030876,0.0022083,1.3982,0.0079267
3.525,2.6569,0.005,0.18745,0.01039,6.0421e-24,0,0.0040895,0.002444,1.6733,0.0088617
3.475,2.7069,0.005,0.20933,0.0065031,-5.7374e-24,0,0.0050496,0.0024476,2.0631,0.0097938
3.425,2.7569,0.005,0.23975,0.0030578,5.067e-24,0,0.0056641,0.0022621,2.5039,0.010721
3.375,2.807,0.005,0.27893,0.00070265,4.975e-24,0,0.0055481,0.0019641,2.8248,0.01164
3.325,2.86,0.005,0.32498,-0.00035789,5.5164e-24,0,0.0044076,0.0015516,2.8406,0.012506
3.275,2.916,0.005,0.36701,9.449e-05,-5.2142e-24,0,0.0023118,0.00084853,2.7245,0.013333
3.225,2.972,0.005,0.36976,0.00015574,6.3592e-26,0,0.0022121,0.00029574,7.4799,0.014087
6.225,0.024,0.005,-0.24044,0.0004845,1.2774e-24,0,0.0010976,0.00017856,6.147,-0.0067558
6.175,0.072,0.005,-0.25499,0.00079444,-2.4112e-25,0,0.00076099,0.00042902,1.7738,-0.0068876
6.125,0.12,0.005,-0.25177,0.0010471,4.0707e-25,0,0.00088515,0.00088951,0.9951,-0.0070241
6.075,0.168,0.005,-0.24516,0.0012133,-1.2597e-24,0,0.001012,0.0013339,0.75866,-0.0071487
6.025,0.216,0.005,-0.23756,0.0013982,2.8963e-25,0,0.0011094,0.0016888,0.65691,-0.0072726
5.975,0.264,0.005,-0.22945,0.0016032,2.6956e-25,0,0.0011837,0.001954,0.60579,-0.0073883
5.925,0.312,0.005,-0.22059,0.0018088,9.7612e-26,0,0.001242,0.0019787,0.57892,-0.0075067
5.875,0.36,0.005,-0.21046,0.0019853,5.5131e-25,0,0.0012878,0.0017924,0.56478,-0.0076311
5.825,0.408,0.005,-0.19897,0.0020846,0,0,0.0013216,0.0016652,0.55596,-0.0077488
5.775,0.456,0.005,-0.18668,0.0021573,-2.6826e-25,0,0.0013436,0.0016174,0.54787,-0.0078595
5.725,0.50502,0.005,-0.17385,0.0022318,-2.1261e-25,0,0.001359,0.0016163,0.53948,-0.0079655
5.675,0.55506,0.005,-0.16072,0.0023233,6.7143e-25,0,0.0013734,0.0016395,0.53156,-0.0080672
5.625,0.60511,0.005,-0.14768,0.0024416,-1.2804e-25,0,0.0013913,0.0016809,0.52463,-0.0081624
5.575,0.65515,0.005,-0.13481,0.0025841,-8.7249e-26,0,0.0014145,0.0017432,0.51806,-0.0082508
5.525,0.70519,0.005,-0.12223,0.002749,-1.32e-33,0,0.001442,0.0018304,0.51087,-0.0083314
5.475,0.75523,0.005,-0.11006,0.0029366,-6.2356e-25,0,0.0014715,0.0019439,0.50227,-0.0084034
5.425,0.80528,0.005,-0.098385,0.0031492,-3.2489e-26,0,0.0015001,0.002081,0.49197,-0.0084659
5.375,0.85532,0.005,-0.087278,0.0033913,5.0928e-25,0,0.0015251,0.0022355,0.4801,-0.0085181
5.325,0.90536,0.005,-0.076747,0.0036684,1.1055e-25,0,0.0015443,0.0023998,0.46704,-0.0085593
5.275,0.9554,0.005,-0.066768,0.0039853,4.5084e-39,0,0.0015568,0.0025658,0.45325,-0.0085892
5.225,1.0054,0.005,-0.057298,0.0043443,-2.976e-25,0,0.001562,0.0027269,0.43919,-0.0086071
5.175,1.0555,0.005,-0.048287,0.0047479,-9.2878e-25,0,0.00156,0.0028795,0.42528,-0.0086126
5.125,1.1055,0.005,-0.039688,0.0051998,-4.3638e-25,0,0.0015514,0.0030208,0.41192,-0.0086052
5.075,1.1556,0.005,-0.031452,0.0057029,8.3834e-26,0,0.0015368,0.0031476,0.39945,-0.008584
5.025,1.2056,0.005,-0.023531,0.0062603,3.9371e-25,0,0.0015168,0.0032564,0.3881,-0.008548
4.975,1.2557,0.005,-0.015872,0.0068787,6.7246e-26,0,0.0014919,0.0033426,0.37799,-0.0084957
4.925,1.3057,0.005,-0.0084155,0.0075656,-6.9933e-25,0,0.0014625,0.0034013,0.36911,-0.0084257
4.875,1.3557,0.005,-0.0011,0.0083309,1.6474e-25,0,0.0014287,0.0034309,0.36138,-0.0083361
4.825,1.4058,0.005,0.00613,0.0091878,1.4829e-24,0,0.0013904,0.003435,0.35466,-0.0082246
4.775,1.4558,0.005,0.013314,0.010147,4.3067e-25,0,0.0013482,0.0034159,0.3489,-0.0080885
4.725,1.5059,0.005,0.020496,0.01122,-4.2931e-25,0,0.0013027,0.0033559,0.34409,-0.0079255
4.675,1.5559,0.005,0.027768,0.012416,-1.1171e-24,0,0.0012542,0.0032175,0.34014,-0.007733
4.625,1.606,0.005,0.035215,0.013739,0,0,0.0012032,0.0030476,0.33692,-0.0075086
4.575,1.656,0.005,0.042868,0.015186,-2.1296e-37,0,0.0011502,0.0028673,0.33438,-0.007248
4.525,1.706,0.005,0.050714,0.01673,1.114e-24,0,0.0010963,0.0026848,0.33255,-0.0069458
4.475,1.7561,0.005,0.05871,0.018316,5.3005e-25,0,0.0010424,0.002502,0.33143,-0.0065963
4.425,1.8061,0.005,0.066808,0.019883,-4.866e-24,0,0.00098913,0.0023228,0.33103,-0.006195
4.375,1.8562,0.005,0.074965,0.021386,3.5315e-32,0,0.00093722,0.0021534,0.33135,-0.005739
4.325,1.9062,0.005,0.083141,0.022796,-1.0387e-37,0,0.00088728,0.0019974,0.33244,-0.0052254
4.275,1.9563,0.005,0.091291,0.024089,-2.2446e-24,0,0.00083981,0.0018557,0.33444,-0.0046515
4.225,2.0063,0.005,0.099358,0.025234,6.4169e-24,0,0.00079509,0.0017275,0.33754,-0.0040154
4.175,2.0563,0.005,0.10728,0.026199,-4.3483e-24,0,0.00075333,0.0016119,0.34208,-0.0033161
4.125,2.1064,0.005,0.11498,0.026949,-5.7446e-32,0,0.00071486,0.0015079,0.34855,-0.0025538
4.075,2.1564,0.005,0.1224,0.02745,-5.3254e-38,0,0.00068052,0.0014145,0.35778,-0.0017302
4.025,2.2065,0.005,0.12945,0.027662,-2.4374e-24,0,0.00065239,0.0013332,0.37124,-0.0008489
3.975,2.2565,0.005,0.13609,0.027546,-1.1508e-23,0,0.0006354,0.0012777,0.39203,8.418e-05
3.925,2.3066,0.005,0.14214,0.027031,-6.1508e-24,0,0.00064049,0.0012924,0.42757,0.001056
3.875,2.3566,0.005,0.14722,0.026145,-2.8405e-24,0,0.00068659,0.0013955,0.48856,0.0020616
3.825,2.4066,0.005,0.15137,0.024823,2.6661e-24,0,0.00080462,0.0013673,0.58849,0.0030981
3.775,2.4567,0.005,0.15515,0.022932,1.1919e-37,0,0.001055,0.0014243,0.74069,0.0041398
3.725,2.5067,0.005,0.15954,0.020451,9.9319e-24,0,0.0015006,0.001602,0.93667,0.0051588
3.675,2.5568,0.005,0.16612,0.017394,-1.1172e-23,0,0.0021672,0.0018792,1.1533,0.006143
3.625,2.6068,0.005,0.17639,0.013888,-1.0707e-23,0,0.0030218,0.0021903,1.3796,0.0070915
3.575,2.6569,0.005,0.19153,0.010153,5.9719e-24,0,0.0039999,0.0024276,1.6477,0.0080198
3.525,2.7069,0.005,0.21299,0.0064503,-6.2196e-24,0,0.0049402,0.0024382,2.0262,0.0089488
3.475,2.7569,0.005,0.24257,0.0031378,5.482e-24,0,0.0055514,0.0022629,2.4533,0.0098756
3.425,2.807,0.005,0.28049,0.00082482,4.8648e-24,0,0.0054656,0.0019726,2.7708,0.010793
3.375,2.86,0.005,0.32526,-0.00026538,5.2742e-24,0,0.0043808,0.0015622,2.8042,0.011668
3.325,2.916,0.005,0.36673,0.00012112,-5.379e-24,0,0.0023264,0.00085632,2.7167,0.012523
3.275,2.972,0.005,0.36988,0.00016867,-5.7632e-24,0,0.0022113,0.00029568,7.4784,0.013306
6.275,0.024,0.005,-0.24105,0.00045709,-1.0151e-37,0,0.0011004,0.00017878,6.1547,-0.0066124
6.225,0.072,0.005,-0.25521,0.00073923,-2.7387e-25,0,0.00076984,0.00043542,1.768,-0.0067601
6.175,0.12,0.005,-0.25185,0.00094576,6.6601e-25,0,0.00089532,0.00090124,0.99344,-0.0069111
6.125,0.168,0.005,-0.24519,0.0010779,9.649e-25,0,0.0010206,0.0013456,0.75846,-0.0070503
6.075,0.216,0.005,-0.23755,0.0012271,1.0584e-37,0,0.0011157,0.0016981,0.65701,-0.0071874
6.025,0.264,0.005,-0.22943,0.0013947,-3.4966e-25,0,0.0011872,0.0019598,0.6058,-0.0073154
5.975,0.312,0.005,-0.22051,0.001559,8.8299e-25,0,0.0012426,0.0019529,0.57858,-0.0074447
5.925,0.36,0.005,-0.21027,0.0016914,0,0,0.0012852,0.0017649,0.5638,-0.0075785
5.875,0.408,0.005,-0.19869,0.0017477,0,0,0.0013154,0.001642,0.55407,-0.0077044
5.825,0.456,0.005,-0.18636,0.0017826,-9.0946e-25,0,0.0013341,0.0015964,0.54506,-0.0078225
5.775,0.50502,0.005,-0.17351,0.0018221,6.5768e-25,0,0.0013466,0.0015951,0.53598,-0.0079352
5.725,0.55506,0.005,-0.16037,0.0018798,-4.3731e-39,0,0.0013591,0.0016168,0.52767,-0.0080429
5.675,0.60511,0.005,-0.14732,0.0019642,-1.1161e-24,0,0.0013761,0.0016567,0.52058,-0.0081437
5.625,0.65515,0.005,-0.13444,0.0020733,-1.1815e-38,0,0.001399,0.001718,0.51403,-0.008237
5.575,0.70519,0.005,-0.12185,0.0022052,-1.2427e-25,0,0.0014271,0.001805,0.507,-0.0083222
5.525,0.75523,0.005,-0.10966,0.0023598,6.7834e-25,0,0.0014578,0.0019188,0.49865,-0.0083985
5.475,0.80528,0.005,-0.097985,0.0025388,-1.0821e-33,0,0.0014881,0.0020568,0.48867,-0.0084652
5.425,0.85532,0.005,-0.086875,0.002746,-4.7861e-25,0,0.001515,0.0022127,0.47715,-0.0085216
5.375,0.90536,0.005,-0.076343,0.0029863,2.4787e-39,0,0.0015364,0.0023787,0.46446,-0.0085671
5.325,0.9554,0.005,-0.066366,0.0032646,3.3861e-25,0,0.001551,0.0025467,0.45104,-0.0086013
5.275,1.0054,0.005,-0.0569,0.0035849,-4.2095e-25,0,0.0015584,0.0027099,0.43734,-0.0086238
5.225,1.0555,0.005,-0.047892,0.0039474,-3.5943e-25,0,0.0015587,0.0028639,0.42377,-0.0086344
5.175,1.1055,0.005,-0.039296,0.0043543,-2.8166e-25,0,0.0015521,0.0030068,0.41071,-0.0086325
5.125,1.1556,0.005,-0.031065,0.0048098,-5.1291e-25,0,0.0015396,0.0031358,0.39849,-0.0086173
5.075,1.2056,0.005,-0.023149,0.0053171,6.3545e-25,0,0.0015216,0.003247,0.38736,-0.0085881
5.025,1.2557,0.005,-0.015497,0.0058808,-3.7992e-25,0,0.0014987,0.0033361,0.37745,-0.0085437
4.975,1.3057,0.005,-0.0080524,0.0065086,-1.377e-25,0,0.0014712,0.0033985,0.36874,-0.0084826
4.925,1.3557,0.005,-0.00075441,0.0072094,-5.5289e-25,0,0.0014392,0.0034323,0.36117,-0.0084032
4.875,1.4058,0.005,0.0064518,0.0079964,-7.3256e-38,0,0.0014027,0.0034408,0.35462,-0.0083033
4.825,1.4558,0.005,0.013605,0.0088802,0,0,0.0013623,0.0034257,0.34904,-0.0081803
4.775,1.5059,0.005,0.020754,0.0098725,8.4439e-25,0,0.0013185,0.003368,0.34441,-0.0080322
4.725,1.5559,0.005,0.027991,0.010981,4.3521e-38,0,0.0012715,0.0032298,0.34064,-0.0078565
4.675,1.606,0.005,0.035409,0.012209,-2.6679e-24,0,0.0012215,0.0030559,0.33758,-0.007651
4.625,1.656,0.005,0.043048,0.013556,-8.4357e-39,0,0.0011691,0.0028699,0.33515,-0.0074124
4.575,1.706,0.005,0.050907,0.015006,1.0619e-24,0,0.0011153,0.0026838,0.33337,-0.0071356
4.525,1.7561,0.005,0.058951,0.016519,3.1576e-24,0,0.001061,0.0025018,0.33226,-0.006815
4.475,1.8061,0.005,0.067127,0.018041,-2.2225e-24,0,0.0010071,0.002325,0.33183,-0.0064452
4.425,1.8562,0.005,0.075384,0.019518,4.2503e-24,0,0.00095425,0.0021564,0.33212,-0.0060225
4.375,1.9062,0.005,0.083677,0.020911,-1.9153e-24,0,0.00090321,0.0020002,0.33315,-0.0055441
4.325,1.9563,0.005,0.091961,0.022196,-2.1442e-24,0,0.00085449,0.0018583,0.33502,-0.0050076
4.275,2.0063,0.005,0.10018,0.023345,1.0474e-24,0,0.00080846,0.0017307,0.33794,-0.0044108
4.225,2.0563,0.005,0.10827,0.024328,-1.5059e-24,0,0.00076541,0.0016162,0.3422,-0.0037525
4.175,2.1064,0.005,0.11617,0.025111,-7.2252e-24,0,0.00072571,0.0015138,0.34829,-0.0030326
4.125,2.1564,0.005,0.12379,0.02566,-4.8711e-24,0,0.00069017,0.0014221,0.35702,-0.0022521
4.075,2.2065,0.005,0.13108,0.025939,1.1255e-23,0,0.00066082,0.0013423,0.36985,-0.0014141
4.025,2.2565,0.005,0.13798,0.025907,1.0588e-37,0,0.00064246,0.0012896,0.3899,-0.00052398
3.975,2.3066,0.005,0.14431,0.025496,-5.3551e-38,0,0.00064574,0.001309,0.42461,0.00040633
3.925,2.3566,0.005,0.14966,0.024735,6.7271e-37,0,0.00068903,0.0014145,0.48469,0.0013725
3.875,2.4066,0.005,0.15415,0.023559,-2.5935e-24,0,0.00080211,0.0013748,0.58344,0.0023733
3.825,2.4567,0.005,0.15832,0.021839,-5.6574e-38,0,0.0010445,0.001423,0.73399,0.0033835
3.775,2.5067,0.005,0.1631,0.019551,-7.9764e-24,0,0.0014779,0.0015934,0.92755,0.0043758
3.725,2.5568,0.005,0.16998,0.016703,8.3426e-24,0,0.0021273,0.0018653,1.1405,0.0053395
3.675,2.6068,0.005,0.18039,0.013408,-1.1166e-23,0,0.00296,0.0021736,1.3618,0.0062731
3.625,2.6569,0.005,0.19545,0.0098766,-4.6153e-24,0,0.0039144,0.0024116,1.6232,0.0071912
3.575,2.7069,0.005,0.21654,0.0063551,5.6004e-25,0,0.0048338,0.0024281,1.9908,0.008113
3.525,2.7569,0.005,0.24534,0.0031789,-4.9395e-24,0,0.0054396,0.0022621,2.4047,0.0090353
3.475,2.807,0.005,0.28208,0.00091971,-4.8063e-24,0,0.00538,0.0019793,2.7182,0.0099518
3.425,2.86,0.005,0.32561,-0.00020622,5.6283e-24,0,0.00435,0.0015715,2.768,0.010829
3.375,2.916,0.005,0.36648,0.00012383,5.4914e-24,0,0.0023396,0.00086357,2.7092,0.011702
3.325,2.972,0.005,0.37003,0.000176,-5.7977e-24,0,0.0022108,0.00029566,7.4776,0.012505
6.325,0.024,0.005,-0.24162,0.00042871,-1.5984e-24,0,0.0011027,0.00017897,6.1613,-0.0064541
6.275,0.072,0.005,-0.25539,0.0006857,0,0,0.00077887,0.00044202,1.7621,-0.0066189
6.225,0.12,0.005,-0.25189,0.00084045,-1.2161e-24,0,0.00090571,0.00091313,0.99187,-0.0067852
6.175,0.168,0.005,-0.24518,0.00094043,2.3763e-24,0,0.0010294,0.0013574,0.75838,-0.0069398
6.125,0.216,0.005,-0.23751,0.0010537,-6.2332e-25,0,0.001122,0.0017073,0.65721,-0.0070907
6.075,0.264,0.005,-0.22936,0.0011843,1.2693e-24,0,0.0011908,0.0019654,0.60587,-0.0072316
6.025,0.312,0.005,-0.22039,0.0013072,1.8374e-38,0,0.001243,0.0019278,0.57824,-0.0073722
5.975,0.36,0.005,-0.21004,0.0013972,0,0,0.0012824,0.0017386,0.56276,-0.0075158
5.925,0.408,0.005,-0.19837,0.0014134,0,0,0.0013089,0.0016198,0.55207,-0.0076504
5.875,0.456,0.005,-0.186,0.0014136,-1.174e-24,0,0.0013241,0.0015764,0.54213,-0.0077764
5.825,0.50502,0.005,-0.17314,0.0014211,8.226e-26,0,0.0013339,0.0015746,0.53238,-0.0078961
5.775,0.55506,0.005,-0.15999,0.001448,-1.7175e-38,0,0.0013444,0.0015947,0.52368,-0.0080101
5.725,0.60511,0.005,-0.14694,0.001502,-9.9893e-39,0,0.0013603,0.001633,0.51643,-0.0081166
5.675,0.65515,0.005,-0.13406,0.0015812,-7.014e-39,0,0.0013829,0.0016932,0.50989,-0.0082151
5.625,0.70519,0.005,-0.12146,0.0016838,1.0186e-24,0,0.0014114,0.0017798,0.50299,-0.008305
5.575,0.75523,0.005,-0.10927,0.0018092,9.2134e-26,0,0.0014432,0.001894,0.49489,-0.0083857
5.525,0.80528,0.005,-0.097583,0.0019586,-2.3543e-25,0,0.0014751,0.0020329,0.48522,-0.0084567
5.475,0.85532,0.005,-0.086471,0.002135,4.5142e-25,0,0.001504,0.0021902,0.47406,-0.0085173
5.425,0.90536,0.005,-0.075942,0.0023428,8.0087e-25,0,0.0015275,0.0023578,0.46175,-0.008567
5.375,0.9554,0.005,-0.065969,0.0025863,3.2225e-25,0,0.0015444,0.0025278,0.44871,-0.0086055
5.325,1.0054,0.005,-0.056509,0.0028702,9.1823e-26,0,0.001554,0.0026932,0.43538,-0.0086326
5.275,1.0555,0.005,-0.047507,0.0031963,-8.7141e-26,0,0.0015565,0.0028494,0.42217,-0.0086481
5.225,1.1055,0.005,-0.038916,0.0035641,2.1584e-25,0,0.0015521,0.0029941,0.40944,-0.0086514
5.175,1.1556,0.005,-0.03069,0.003976,-1.4187e-25,0,0.0015416,0.0031248,0.3975,-0.0086419
5.125,1.2056,0.005,-0.02278,0.0044372,-2.3805e-25,0,0.0015256,0.0032385,0.3866,-0.0086192
5.075,1.2557,0.005,-0.015137,0.0049514,9.513e-26,0,0.0015046,0.0033305,0.37689,-0.0085821
5.025,1.3057,0.005,-0.0077038,0.0055251,7.1247e-25,0,0.001479,0.0033964,0.36837,-0.0085293
4.975,1.3557,0.005,-0.00042311,0.0061668,-1.6349e-24,0,0.0014489,0.0034343,0.36097,-0.0084594
4.925,1.4058,0.005,0.0067595,0.0068892,-7.459e-25,0,0.0014143,0.0034473,0.3546,-0.0083703
4.875,1.4558,0.005,0.013883,0.0077026,8.3037e-25,0,0.0013756,0.0034361,0.3492,-0.0082596
4.825,1.5059,0.005,0.020998,0.0086192,7.3349e-25,0,0.0013335,0.0033811,0.34476,-0.0081253
4.775,1.5559,0.005,0.028201,0.0096464,8.6828e-25,0,0.001288,0.0032443,0.34119,-0.0079654
4.725,1.606,0.005,0.035589,0.010788,-3.1986e-24,0,0.0012392,0.0030685,0.33831,-0.0077776
4.675,1.656,0.005,0.043208,0.012043,2.4541e-24,0,0.0011877,0.0028777,0.33604,-0.007559
4.625,1.706,0.005,0.051068,0.013401,-1.0118e-24,0,0.0011341,0.0026865,0.33436,-0.0073055
4.575,1.7561,0.005,0.059144,0.014835,4.6311e-24,0,0.0010796,0.0025021,0.33329,-0.0070117
4.525,1.8061,0.005,0.067386,0.016299,6.2752e-25,0,0.0010251,0.002326,0.33286,-0.0066719
4.475,1.8562,0.005,0.075735,0.017741,-4.8186e-24,0,0.00097146,0.0021589,0.33311,-0.0062815
4.425,1.9062,0.005,0.08414,0.019115,8.6873e-25,0,0.00091936,0.002003,0.33408,-0.0058374
4.375,1.9563,0.005,0.092551,0.020389,5.1034e-24,0,0.00086944,0.001861,0.33586,-0.005337
4.325,2.0063,0.005,0.10092,0.021538,-4.6002e-24,0,0.00082214,0.0017334,0.33861,-0.0047785
4.275,2.0563,0.005,0.10917,0.022533,4.914e-24,0,0.0007778,0.0016197,0.34262,-0.0041602
4.225,2.1064,0.005,0.11725,0.023342,-9.4606e-24,0,0.00073685,0.0015184,0.34835,-0.0034817
4.175,2.1564,0.005,0.12507,0.023934,4.5824e-24,0,0.0007001,0.001428,0.35661,-0.0027438
4.125,2.2065,0.005,0.13259,0.024271,-2.8729e-24,0,0.00066955,0.0013494,0.36886,-0.0019488
4.075,2.2565,0.005,0.13973,0.024315,1.0593e-23,0,0.00064987,0.0012994,0.38821,-0.0011016
4.025,2.3066,0.005,0.14632,0.024001,2.7531e-24,0,0.00065148,0.0013231,0.42214,-0.00021309
3.975,2.3566,0.005,0.15195,0.023355,-1.3969e-23,0,0.00069227,0.0014309,0.48141,0.00071289
3.925,2.4066,0.005,0.15676,0.022314,-3.4311e-24,0,0.00080097,0.0013832,0.57909,0.0016766
3.875,2.4567,0.005,0.1613,0.020753,1.6298e-37,0,0.001036,0.0014232,0.72797,0.0026537
3.825,2.5067,0.005,0.16647,0.018647,-3.3665e-32,0,0.001458,0.0015865,0.91905,0.0036175
3.775,2.5568,0.005,0.17365,0.015994,1.1527e-23,0,0.0020907,0.0018531,1.1282,0.0045581
3.725,2.6068,0.005,0.18422,0.012901,1.1663e-23,0,0.0029022,0.0021583,1.3446,0.0054742
3.675,2.6569,0.005,0.19921,0.0095657,-1.0879e-23,0,0.0038327,0.0023961,1.5996,0.0063788
3.625,2.7069,0.005,0.21996,0.0062216,-5.8634e-25,0,0.0047307,0.0024173,1.957,0.0072898
3.575,2.7569,0.005,0.24805,0.0031827,-5.1767e-25,0,0.0053291,0.00226,2.358,0.008204
3.525,2.807,0.005,0.28369,0.00098619,5.4681e-24,0,0.0052924,0.0019844,2.667,0.0091163
3.475,2.86,0.005,0.32601,-0.00017132,-5.1756e-24,0,0.0043153,0.0015796,2.7319,0.009994
3.425,2.916,0.005,0.36627,0.00011062,-5.3563e-24,0,0.0023514,0.00087024,2.702,0.010875
3.375,2.972,0.005,0.37018,0.00017821,-5.9129e-24,0,0.0022107,0.00029566,7.4774,0.011691
6.375,0.024,0.005,-0.24214,0.00039809,0,0,0.0011047,0.00017913,6.1669,-0.0062803
6.325,0.072,0.005,-0.25553,0.00061748,-1.6832e-24,0,0.00078807,0.00044881,1.7559,-0.0064633
6.275,0.12,0.005,-0.25189,0.00073292,-2.5353e-25,0,0.00091632,0.00092519,0.99042,-0.0066453
6.225,0.168,0.005,-0.24513,0.00079859,0,0,0.0010384,0.0013692,0.75842,-0.0068165
6.175,0.216,0.005,-0.23743,0.00087461,1.7916e-24,0,0.0011285,0.0017163,0.65752,-0.0069821
6.125,0.264,0.005,-0.22925,0.00096916,-8.3642e-40,0,0.0011944,0.001971,0.60601,-0.0071367
6.075,0.312,0.005,-0.22022,0.0010521,-1.0023e-25,0,0.0012434,0.0019034,0.5779,-0.0072892
6.025,0.36,0.005,-0.20976,0.0011008,5.4736e-25,0,0.0012793,0.0017136,0.56166,-0.0074432
5.975,0.408,0.005,-0.19801,0.0010797,0,0,0.0013021,0.0015989,0.54996,-0.0075869
5.925,0.456,0.005,-0.18562,0.0010481,0,0,0.0013138,0.0015572,0.53909,-0.0077212
5.875,0.50502,0.005,-0.17274,0.0010265,-4.9034e-25,0,0.0013208,0.0015547,0.52868,-0.0078484
5.825,0.55506,0.005,-0.1596,0.0010253,2.2629e-38,0,0.0013293,0.0015731,0.5196,-0.0079691
5.775,0.60511,0.005,-0.14654,0.0010522,-1.2566e-24,0,0.001344,0.0016097,0.51218,-0.0080815
5.725,0.65515,0.005,-0.13366,0.0011049,-5.0272e-38,0,0.0013663,0.0016689,0.50563,-0.0081854
5.675,0.70519,0.005,-0.12106,0.0011816,2.7373e-25,0,0.0013951,0.0017551,0.49886,-0.0082802
5.625,0.75523,0.005,-0.10886,0.0012816,-5.4705e-25,0,0.0014279,0.0018694,0.491,-0.0083655
5.575,0.80528,0.005,-0.09718,0.0014052,1.8956e-25,0,0.0014614,0.0020091,0.48164,-0.0084408
5.525,0.85532,0.005,-0.086069,0.0015546,-2.807e-25,0,0.0014921,0.0021678,0.47084,-0.0085056
5.475,0.90536,0.005,-0.075544,0.0017338,-3.5864e-25,0,0.0015178,0.0023372,0.45891,-0.0085596
5.425,0.9554,0.005,-0.065577,0.0019469,6.2488e-26,0,0.0015369,0.0025091,0.44627,-0.0086024
5.375,1.0054,0.005,-0.056124,0.0021978,4.5754e-25,0,0.0015488,0.0026766,0.43333,-0.0086338
5.325,1.0555,0.005,-0.04713,0.0024893,-2.2863e-25,0,0.0015535,0.0028349,0.42049,-0.0086539
5.275,1.1055,0.005,-0.038546,0.0028218,1.7729e-25,0,0.0015513,0.0029836,0.40809,-0.0086626
5.225,1.1556,0.005,-0.030326,0.0031969,2.3366e-26,0,0.0015429,0.0031146,0.39646,-0.0086585
5.175,1.2056,0.005,-0.022424,0.0036161,-2.0752e-25,0,0.0015289,0.0032306,0.38581,-0.0086418
5.125,1.2557,0.005,-0.01479,0.0040852,4.5119e-25,0,0.0015098,0.0033256,0.37631,-0.0086116
5.075,1.3057,0.005,-0.0073693,0.0046097,5.8787e-25,0,0.0014861,0.003395,0.36799,-0.0085666
5.025,1.3557,0.005,-0.00010571,0.0051973,1.1896e-25,0,0.0014578,0.003437,0.36078,-0.0085055
4.975,1.4058,0.005,0.0070537,0.0058604,-3.2956e-25,0,0.001425,0.0034544,0.3546,-0.0084265
4.925,1.4558,0.005,0.014148,0.0066087,0,0,0.0013881,0.0034472,0.3494,-0.0083272
4.875,1.5059,0.005,0.021229,0.0074546,0,0,0.0013477,0.0033951,0.34516,-0.0082058
4.825,1.5559,0.005,0.028398,0.0084059,0,0,0.0013038,0.0032601,0.34179,-0.0080605
4.775,1.606,0.005,0.035753,0.0094671,9.0793e-25,0,0.0012564,0.0030838,0.33911,-0.0078893
4.725,1.656,0.005,0.04335,0.010638,-2.997e-24,0,0.0012058,0.0028897,0.33702,-0.0076895
4.675,1.706,0.005,0.051203,0.011909,1.9285e-24,0,0.0011528,0.0026936,0.33548,-0.0074573
4.625,1.7561,0.005,0.059298,0.013262,-1.5469e-24,0,0.0010982,0.0025049,0.33449,-0.0071881
4.575,1.8061,0.005,0.067591,0.01466,3.1497e-24,0,0.0010432,0.0023272,0.33409,-0.0068764
4.525,1.8562,0.005,0.076022,0.016058,-3.0548e-24,0,0.0009888,0.0021607,0.33433,-0.006517
4.475,1.9062,0.005,0.084531,0.017406,4.9458e-24,0,0.00093571,0.0020057,0.33525,-0.006106
4.425,1.9563,0.005,0.093063,0.018666,-1.9512e-24,0,0.00088464,0.0018637,0.33694,-0.0056407
4.375,2.0063,0.005,0.10156,0.019811,-4.8926e-37,0,0.00083609,0.001736,0.33954,-0.0051191
4.325,2.0563,0.005,0.10997,0.020814,7.1025e-24,0,0.00079048,0.0016226,0.34332,-0.0045398
4.275,2.1064,0.005,0.11822,0.021645,-7.5491e-24,0,0.00074827,0.001522,0.34873,-0.0039019
4.225,2.1564,0.005,0.12624,0.022272,4.3005e-24,0,0.00071032,0.0014324,0.35656,-0.0032057
4.175,2.2065,0.005,0.13397,0.022661,-1.9174e-24,0,0.00067858,0.0013549,0.36826,-0.0024533
4.125,2.2565,0.005,0.14136,0.022773,2.7569e-24,0,0.00065763,0.0013074,0.38696,-0.0016487
4.075,2.3066,0.005,0.1482,0.022548,-9.3696e-38,0,0.00065771,0.0013349,0.42015,-0.00080199
4.025,2.3566,0.005,0.15409,0.022006,-5.0834e-24,0,0.0006963,0.0014444,0.4787,8.3305e-05
3.975,2.4066,0.005,0.1592,0.02109,6.4312e-24,0,0.00080116,0.0013923,0.57542,0.0010088
3.925,2.4567,0.005,0.16411,0.019677,5.8305e-24,0,0.0010295,0.0014247,0.7226,0.0019515
3.875,2.5067,0.005,0.16965,0.017741,1.6661e-24,0,0.0014408,0.0015813,0.91113,0.0028852
3.825,2.5568,0.005,0.17715,0.015273,-1.3508e-23,0,0.0020575,0.0018427,1.1165,0.0038008
3.775,2.6068,0.005,0.18787,0.012372,1.6551e-23,0,0.002848,0.0021444,1.3281,0.0046967
3.725,2.6569,0.005,0.20282,0.0092251,-6.9088e-25,0,0.003755,0.0023811,1.577,0.0055851
3.675,2.7069,0.005,0.22326,0.0060537,6.0999e-25,0,0.004631,0.0024061,1.9247,0.0064824
3.625,2.7569,0.005,0.25068,0.0031517,-4.741e-24,0,0.0052203,0.0022567,2.3132,0.0073852
3.575,2.807,0.005,0.2853,0.0010247,3.0594e-25,0,0.0052032,0.0019879,2.6174,0.0082896
3.525,2.86,0.005,0.32647,-0.00015382,-1.0605e-23,0,0.004277,0.0015863,2.6961,0.0091643
3.475,2.916,0.005,0.36608,8.7047e-05,-5.1386e-37,0,0.0023616,0.00087629,2.695,0.010047
3.425,2.972,0.005,0.37033,0.00017557,1.183e-23,0,0.002211,0.00029567,7.4778,0.010871
6.425,0.024,0.005,-0.24261,0.00036523,-5.4443e-26,0,0.0011062,0.00017925,6.1712,-0.0060896
6.375,0.072,0.005,-0.25561,0.0005522,-1.98e-25,0,0.00079747,0.0004558,1.7496,-0.0062925
6.325,0.12,0.005,-0.25184,0.00062139,-2.7324e-25,0,0.00092718,0.0009374,0.98909,-0.0064915
6.275,0.168,0.005,-0.24503,0.00064872,3.1193e-25,0,0.0010475,0.0013809,0.75858,-0.0066798
6.225,0.216,0.005,-0.2373,0.00068879,-1.2807e-24,0,0.0011351,0.0017252,0.65792,-0.0068611
6.175,0.264,0.005,-0.22909,0.00074804,7.6263e-25,0,0.0011981,0.0019764,0.6062,-0.0070303
6.125,0.312,0.005,-0.22,0.00079169,9.5243e-25,0,0.0012437,0.0018798,0.57757,-0.0071954
6.075,0.36,0.005,-0.20944,0.00080049,-6.0482e-25,0,0.0012761,0.0016899,0.56049,-0.0073604
6.025,0.408,0.005,-0.19762,0.00074425,-5.8235e-25,0,0.001295,0.0015792,0.54775,-0.007514
5.975,0.456,0.005,-0.1852,0.00068372,5.2935e-25,0,0.0013032,0.0015389,0.53595,-0.0076571
5.925,0.50502,0.005,-0.17233,0.00063585,-1.6365e-24,0,0.0013074,0.0015356,0.5249,-0.0077922
5.875,0.55506,0.005,-0.15918,0.0006095,6.1902e-25,0,0.001314,0.0015521,0.51544,-0.0079199
5.825,0.60511,0.005,-0.14613,0.00061209,-1.8745e-25,0,0.0013275,0.0015871,0.50784,-0.0080386
5.775,0.65515,0.005,-0.13325,0.00064139,3.8906e-25,0,0.0013492,0.0016452,0.50126,-0.0081481
5.725,0.70519,0.005,-0.12065,0.00069582,-1.4867e-38,0,0.0013782,0.0017308,0.4946,-0.008248
5.675,0.75523,0.005,-0.10846,0.00077392,6.0746e-25,0,0.0014119,0.0018452,0.48696,-0.008338
5.625,0.80528,0.005,-0.096775,0.0008754,-9.4499e-25,0,0.0014468,0.0019856,0.47792,-0.0084178
5.575,0.85532,0.005,-0.085669,0.0010016,-6.2261e-25,0,0.0014795,0.0021455,0.46749,-0.0084869
5.525,0.90536,0.005,-0.075149,0.0011558,3.3765e-25,0,0.0015073,0.0023167,0.45595,-0.0085452
5.475,0.9554,0.005,-0.065191,0.0013421,1.2811e-25,0,0.0015286,0.0024906,0.44372,-0.0085923
5.425,1.0054,0.005,-0.055747,0.0015643,-2.2569e-25,0,0.0015428,0.0026604,0.43118,-0.0086281
5.375,1.0555,0.005,-0.046762,0.0018248,-4.5978e-39,0,0.0015497,0.0028204,0.41872,-0.0086526
5.325,1.1055,0.005,-0.038186,0.0021197,1.3123e-25,0,0.0015497,0.0029703,0.40668,-0.0086666
5.275,1.1556,0.005,-0.029978,0.0024675,4.1712e-26,0,0.0015434,0.0031049,0.39536,-0.0086677
5.225,1.2056,0.005,-0.022081,0.0028493,-9.9269e-26,0,0.0015314,0.0032235,0.385,-0.0086566
5.175,1.2557,0.005,-0.014456,0.0032772,2.7314e-25,0,0.0015143,0.0033213,0.37573,-0.0086328
5.125,1.3057,0.005,-0.0070483,0.003757,-4.0369e-25,0,0.0014924,0.0033942,0.36761,-0.0085951
5.075,1.3557,0.005,0.00019822,0.0042954,6.2209e-25,0,0.001466,0.0034402,0.3606,-0.0085423
5.025,1.4058,0.005,0.0073348,0.0049042,-2.916e-25,0,0.001435,0.003462,0.35461,-0.0084726
4.975,1.4558,0.005,0.0144,0.0055925,4.0032e-25,0,0.0013999,0.0034588,0.34961,-0.0083839
4.925,1.5059,0.005,0.021448,0.0063727,-5.339e-25,0,0.0013613,0.0034097,0.34558,-0.0082746
4.875,1.5559,0.005,0.028582,0.0072532,0,0,0.001319,0.003277,0.34243,-0.0081429
4.825,1.606,0.005,0.035905,0.0082391,1.2422e-25,0,0.001273,0.0031009,0.33997,-0.0079872
4.775,1.656,0.005,0.043475,0.009331,-1.7429e-24,0,0.0012235,0.0029047,0.33808,-0.0078048
4.725,1.706,0.005,0.051317,0.010522,1.8384e-24,0,0.001171,0.0027045,0.33672,-0.0075925
4.675,1.7561,0.005,0.059422,0.011796,-1.3855e-24,0,0.0011167,0.0025111,0.33585,-0.0073459
4.625,1.8061,0.005,0.067753,0.013125,4.1568e-24,0,0.0010614,0.0023301,0.33551,-0.0070601
4.575,1.8562,0.005,0.076252,0.01447,-4.8393e-24,0,0.0010062,0.0021627,0.33575,-0.00673
4.525,1.9062,0.005,0.084856,0.015785,-1.3899e-40,0,0.00095222,0.002008,0.33664,-0.0063508
4.475,1.9563,0.005,0.093502,0.017027,-7.3656e-25,0,0.00090004,0.0018663,0.33825,-0.0059194
4.425,2.0063,0.005,0.10213,0.018165,7.0537e-24,0,0.00085028,0.0017386,0.34072,-0.0054337
4.375,2.0563,0.005,0.11069,0.019171,-2.2393e-24,0,0.00080342,0.0016252,0.3443,-0.0048921
4.325,2.1064,0.005,0.1191,0.020018,1.2575e-24,0,0.00075997,0.001525,0.34941,-0.0042936
4.275,2.1564,0.005,0.12731,0.020676,-4.0256e-24,0,0.00072082,0.0014358,0.35684,-0.0036383
4.225,2.2065,0.005,0.13524,0.021109,8.8347e-25,0,0.00068791,0.001359,0.36803,-0.0029277
4.175,2.2565,0.005,0.14286,0.021282,-9.4048e-24,0,0.00066575,0.0013136,0.38612,-0.0021654
4.125,2.3066,0.005,0.14994,0.021138,5.097e-24,0,0.00066443,0.0013444,0.41863,-0.0013603
4.075,2.3566,0.005,0.15608,0.020692,-7.5162e-24,0,0.00070112,0.0014554,0.47655,-0.00051593
4.025,2.4066,0.005,0.16149,0.01989,3.0034e-24,0,0.00080266,0.0014023,0.5724,0.00037059
3.975,2.4567,0.005,0.16676,0.018615,-2.0762e-24,0,0.0010249,0.0014277,0.71786,0.0012778
3.925,2.5067,0.005,0.17266,0.016838,-3.2851e-32,0,0.0014261,0.0015779,0.90377,0.0021801
3.875,2.5568,0.005,0.18046,0.014543,2.4236e-24,0,0.0020273,0.001834,1.1054,0.0030689
3.825,2.6068,0.005,0.19135,0.011825,-1.0961e-23,0,0.0027975,0.0021319,1.3122,0.0039426
3.775,2.6569,0.005,0.20627,0.0088593,1.9892e-23,0,0.003681,0.0023668,1.5553,0.0048123
3.725,2.7069,0.005,0.22643,0.0058553,-1.2613e-24,0,0.0045348,0.0023946,1.8937,0.0056931
3.675,2.7569,0.005,0.25324,0.0030887,-4.0611e-24,0,0.0051137,0.0022524,2.2703,0.0065817
3.625,2.807,0.005,0.28691,0.001036,-8.7875e-24,0,0.0051132,0.0019901,2.5693,0.0074752
3.575,2.86,0.005,0.32696,-0.00015112,5.8522e-24,0,0.0042352,0.0015918,2.6607,0.0083431
3.525,2.916,0.005,0.36591,5.0828e-05,-1.5958e-25,0,0.0023701,0.00088171,2.6881,0.0092232
3.475,2.972,0.005,0.37047,0.00016827,5.8984e-24,0,0.0022114,0.0002957,7.4784,0.01005
6.475,0.024,0.005,-0.24303,0.00033104,-6.7377e-26,0,0.0011073,0.00017934,6.1743,-0.0058812
6.425,0.072,0.005,-0.25564,0.00048047,1.3754e-24,0,0.00080707,0.00046298,1.7432,-0.006105
6.375,0.12,0.005,-0.25174,0.00050102,-9.9578e-25,0,0.00093827,0.00094976,0.9879,-0.0063231
6.325,0.168,0.005,-0.24489,0.00049004,-3.186e-24,0,0.0010569,0.0013927,0.75888,-0.0065291
6.275,0.216,0.005,-0.23712,0.0004947,7.3248e-25,0,0.0011417,0.001734,0.65844,-0.0067272
6.225,0.264,0.005,-0.22889,0.00051926,2.4953e-26,0,0.0012018,0.0019817,0.60645,-0.0069121
6.175,0.312,0.005,-0.21973,0.00052406,4.8942e-25,0,0.001244,0.001857,0.57724,-0.0070907
6.125,0.36,0.005,-0.20907,0.00049395,5.6289e-25,0,0.0012727,0.0016676,0.55926,-0.0072674
6.075,0.408,0.005,-0.1972,0.0004052,-6.4465e-25,0,0.0012877,0.0015607,0.54543,-0.0074314
6.025,0.456,0.005,-0.18476,0.00031831,-1.1961e-24,0,0.0012924,0.0015216,0.53271,-0.0075839
5.975,0.50502,0.005,-0.17189,0.00024681,1.1819e-24,0,0.0012939,0.0015171,0.52103,-0.0077276
5.925,0.55506,0.005,-0.15875,0.00019793,-6.1624e-25,0,0.0012985,0.0015318,0.5112,-0.0078628
5.875,0.60511,0.005,-0.1457,0.00017907,-6.1155e-25,0,0.0013107,0.0015651,0.50341,-0.0079881
5.825,0.65515,0.005,-0.13283,0.00018812,-4.6276e-25,0,0.0013318,0.001622,0.49679,-0.0081035
5.775,0.70519,0.005,-0.12023,0.00022336,5.6086e-25,0,0.0013609,0.001707,0.49022,-0.0082088
5.725,0.75523,0.005,-0.10805,0.00028296,1.4007e-25,0,0.0013954,0.0018213,0.48279,-0.0083037
5.675,0.80528,0.005,-0.09637,0.0003659,1.2802e-25,0,0.0014316,0.0019622,0.47406,-0.0083881
5.625,0.85532,0.005,-0.085269,0.00047254,1.0815e-25,0,0.001466,0.0021233,0.464,-0.0084616
5.575,0.90536,0.005,-0.074758,0.00060544,-2.3611e-25,0,0.0014959,0.0022963,0.45287,-0.0085242
5.525,0.9554,0.005,-0.064809,0.00076845,-2.4918e-25,0,0.0015195,0.0024722,0.44105,-0.0085756
5.475,1.0054,0.005,-0.055375,0.00096517,1.4686e-25,0,0.0015359,0.0026443,0.42893,-0.0086158
5.425,1.0555,0.005,-0.046403,0.0011998,1.9481e-25,0,0.0015451,0.0028074,0.41687,-0.0086446
5.375,1.1055,0.005,-0.037835,0.0014669,-5.6327e-26,0,0.0015473,0.0029576,0.4052,-0.0086632
5.325,1.1556,0.005,-0.029632,0.001784,0,0,0.0015432,0.0030972,0.39421,-0.00867
5.275,1.2056,0.005,-0.02175,0.0021314,-3.4558e-26,0,0.0015333,0.0032169,0.38414,-0.008664
5.225,1.2557,0.005,-0.014136,0.0025228,3.9733e-26,0,0.0015181,0.0033177,0.37512,-0.0086462
5.175,1.3057,0.005,-0.0067407,0.0029621,8.4978e-26,0,0.0014981,0.0033939,0.36722,-0.0086154
5.125,1.3557,0.005,0.00048914,0.003456,-2.1733e-25,0,0.0014734,0.0034439,0.36041,-0.0085704
5.075,1.4058,0.005,0.0076035,0.0040152,2.8389e-25,0,0.0014442,0.0034699,0.35463,-0.0085094
5.025,1.4558,0.005,0.014641,0.0046485,3.9325e-25,0,0.001411,0.0034708,0.34984,-0.0084306
4.975,1.5059,0.005,0.021656,0.005368,2.1239e-26,0,0.0013741,0.0034249,0.34603,-0.0083324
4.925,1.5559,0.005,0.028755,0.0061825,-5.5154e-25,0,0.0013334,0.0032946,0.3431,-0.0082135
4.875,1.606,0.005,0.036044,0.0070978,-6.4136e-25,0,0.0012889,0.0031193,0.34087,-0.0080721
4.825,1.656,0.005,0.043587,0.0081158,8.3815e-25,0,0.0012406,0.0029219,0.3392,-0.007906
4.775,1.706,0.005,0.051412,0.0092311,8.7663e-25,0,0.001189,0.0027185,0.33804,-0.0077121
4.725,1.7561,0.005,0.059519,0.01043,8.1315e-25,0,0.0011349,0.0025207,0.33733,-0.0074865
4.675,1.8061,0.005,0.067877,0.011691,-2.9545e-24,0,0.0010794,0.0023356,0.33709,-0.0072248
4.625,1.8562,0.005,0.076433,0.012979,-1.3751e-24,0,0.0010238,0.0021657,0.33737,-0.0069218
4.575,1.9062,0.005,0.08512,0.014253,2.9824e-40,0,0.00096886,0.0020104,0.33824,-0.0065729
4.525,1.9563,0.005,0.093873,0.015471,-3.5305e-32,0,0.00091562,0.0018689,0.33979,-0.0061741
4.475,2.0063,0.005,0.10263,0.016598,6.6246e-24,0,0.00086468,0.0017412,0.34215,-0.005723
4.425,2.0563,0.005,0.11132,0.017605,-6.1087e-24,0,0.00081659,0.0016277,0.34554,-0.0052179
4.375,2.1064,0.005,0.11989,0.018463,0,0,0.00077193,0.0015275,0.35039,-0.0046577
4.325,2.1564,0.005,0.12827,0.019145,-3.7582e-24,0,0.00073159,0.0014384,0.35744,-0.0040423
4.275,2.2065,0.005,0.1364,0.019618,7.5574e-24,0,0.00069753,0.0013621,0.36817,-0.0033727
4.225,2.2565,0.005,0.14423,0.019844,-4.4165e-24,0,0.00067422,0.0013185,0.38569,-0.002652
4.175,2.3066,0.005,0.15155,0.019774,-8.6186e-38,0,0.00067163,0.001352,0.41759,-0.0018881
4.125,2.3566,0.005,0.15793,0.019414,-2.3481e-24,0,0.00070671,0.0014638,0.47497,-0.0010847
4.075,2.4066,0.005,0.16364,0.018717,-7.3531e-24,0,0.00080542,0.0014129,0.57003,-0.00023768
4.025,2.4567,0.005,0.16924,0.01757,-3.2513e-24,0,0.0010221,0.0014321,0.71371,0.00063322
3.975,2.5067,0.005,0.17551,0.015941,8.508e-24,0,0.0014137,0.0015762,0.89691,0.001503
3.925,2.5568,0.005,0.18361,0.01381,-2.4243e-24,0,0.002,0.0018271,1.0946,0.0023636
3.875,2.6068,0.005,0.19467,0.011265,9.0147e-25,0,0.0027504,0.0021208,1.2969,0.0032133
3.825,2.6569,0.005,0.20957,0.0084721,-8.5171e-24,0,0.0036108,0.0023531,1.5345,0.0040622
3.775,2.7069,0.005,0.22948,0.0056303,3.8783e-24,0,0.0044421,0.0023829,1.8641,0.0049242
3.725,2.7569,0.005,0.25573,0.0029969,9.5634e-24,0,0.0050095,0.0022472,2.2292,0.0057959
3.675,2.807,0.005,0.2885,0.0010221,-4.8844e-24,0,0.0050229,0.0019909,2.5229,0.0066757
3.625,2.86,0.005,0.32749,-0.00016111,5.1477e-24,0,0.0041904,0.0015959,2.6257,0.0075337
3.575,2.916,0.005,0.36575,4.1488e-06,-8.8559e-38,0,0.0023769,0.00088647,2.6813,0.0084065
3.525,2.972,0.005,0.37058,0.00015691,-1.1746e-23,0,0.002212,0.00029574,7.4793,0.0092323
6.525,0.024,0.005,-0.2434,0.0002945,2.132e-24,0,0.0011079,0.00017939,6.1761,-0.0056544
6.475,0.072,0.005,-0.25562,0.00040588,-2.5895e-25,0,0.00081688,0.00047034,1.7368,-0.0059002
6.425,0.12,0.005,-0.25159,0.00037054,-3.264e-25,0,0.00094962,0.00096224,0.98688,-0.0061385
6.375,0.168,0.005,-0.2447,0.00032236,7.2367e-25,0,0.0010664,0.0014044,0.75932,-0.0063644
6.325,0.216,0.005,-0.2369,0.00029112,-5.9013e-25,0,0.0011485,0.0017426,0.65906,-0.0065797
6.275,0.264,0.005,-0.22863,0.0002806,6.0355e-41,0,0.0012056,0.0019869,0.60676,-0.0067815
6.225,0.312,0.005,-0.21942,0.00024743,5.0609e-25,0,0.0012442,0.0018352,0.5769,-0.0069747
6.175,0.36,0.005,-0.20867,0.00017918,7.6054e-25,0,0.0012692,0.0016468,0.55794,-0.0071639
6.125,0.408,0.005,-0.19674,6.0337e-05,-5.9969e-25,0,0.0012802,0.0015435,0.54301,-0.0073391
6.075,0.456,0.005,-0.18429,-5.0364e-05,-1.2718e-24,0,0.0012815,0.0015053,0.52938,-0.0075018
6.025,0.50502,0.005,-0.17142,-0.00014304,6.4245e-25,0,0.0012803,0.0014995,0.5171,-0.0076545
5.975,0.55506,0.005,-0.1583,-0.00021185,-1.4778e-39,0,0.001283,0.0015122,0.5069,-0.0077977
5.925,0.60511,0.005,-0.14526,-0.00024943,-5.7942e-25,0,0.0012938,0.0015438,0.4989,-0.0079301
5.875,0.65515,0.005,-0.1324,-0.00025778,-5.3581e-25,0,0.0013142,0.0015995,0.49221,-0.0080517
5.825,0.70519,0.005,-0.11981,-0.00023867,4.9101e-25,0,0.0013432,0.0016838,0.4857,-0.0081626
5.775,0.75523,0.005,-0.10763,-0.00019425,-5.9051e-26,0,0.0013783,0.0017978,0.47848,-0.0082627
5.725,0.80528,0.005,-0.095965,-0.00012649,3.9621e-25,0,0.0014157,0.0019391,0.47006,-0.0083518
5.675,0.85532,0.005,-0.084872,-3.5845e-05,-3.7631e-25,0,0.0014519,0.0021012,0.46037,-0.0084299
5.625,0.90536,0.005,-0.07437,7.9336e-05,-3.0503e-25,0,0.0014838,0.0022758,0.44966,-0.0084969
5.575,0.9554,0.005,-0.064433,0.00022248,2.5234e-25,0,0.0015096,0.0024539,0.43827,-0.0085525
5.525,1.0054,0.005,-0.055011,0.00039712,6.5892e-34,0,0.0015283,0.0026282,0.42658,-0.0085971
5.475,1.0555,0.005,-0.046051,0.00060706,-1.6151e-25,0,0.0015397,0.0027943,0.41493,-0.0086304
5.425,1.1055,0.005,-0.037498,0.00085227,3.2422e-25,0,0.0015442,0.0029471,0.40364,-0.008653
5.375,1.1556,0.005,-0.029304,0.0011348,-4.0355e-40,0,0.0015422,0.0030894,0.39299,-0.0086651
5.325,1.2056,0.005,-0.021431,0.0014565,5.0233e-27,0,0.0015343,0.0032126,0.38323,-0.0086645
5.275,1.2557,0.005,-0.013828,0.0018169,-4.3918e-40,0,0.0015211,0.0033148,0.37449,-0.0086524
5.225,1.3057,0.005,-0.0064456,0.0022202,1.9684e-25,0,0.001503,0.0033942,0.36682,-0.008628
5.175,1.3557,0.005,0.0007675,0.0026738,-2.9223e-25,0,0.0014801,0.003448,0.36023,-0.0085903
5.125,1.4058,0.005,0.0078602,0.0031881,-3.0723e-25,0,0.0014527,0.0034782,0.35466,-0.0085375
5.075,1.4558,0.005,0.01487,0.0037712,3.8666e-25,0,0.0014213,0.003483,0.35008,-0.0084679
5.025,1.5059,0.005,0.021854,0.0044348,3.6131e-25,0,0.0013861,0.0034406,0.34649,-0.0083801
4.975,1.5559,0.005,0.028918,0.005188,2.3476e-38,0,0.0013472,0.0033129,0.3438,-0.008273
4.925,1.606,0.005,0.036173,0.0060373,-1.8151e-24,0,0.0013042,0.0031386,0.3418,-0.008145
4.875,1.656,0.005,0.043686,0.0069858,7.2452e-25,0,0.0012571,0.0029406,0.34038,-0.0079941
4.825,1.706,0.005,0.051491,0.0080299,-1.6714e-32,0,0.0012064,0.0027348,0.33943,-0.0078174
4.775,1.7561,0.005,0.059594,0.0091586,2.0658e-24,0,0.0011529,0.0025332,0.33891,-0.0076113
4.725,1.8061,0.005,0.06797,0.010352,-1.3185e-24,0,0.0010974,0.0023439,0.33881,-0.0073717
4.675,1.8562,0.005,0.07657,0.011581,1.5739e-24,0,0.0010413,0.0021706,0.33916,-0.007094
4.625,1.9062,0.005,0.08533,0.01281,-3.3452e-24,0,0.0009856,0.0020136,0.34004,-0.0067734
4.575,1.9563,0.005,0.094179,0.013999,1.6772e-24,0,0.00093135,0.0018716,0.34155,-0.0064058
4.525,2.0063,0.005,0.10305,0.01511,3.7225e-24,0,0.00087927,0.0017439,0.34381,-0.005988
4.475,2.0563,0.005,0.11188,0.016113,-7.843e-25,0,0.00082998,0.0016302,0.34704,-0.0055181
4.425,2.1064,0.005,0.12059,0.016979,-5.3422e-24,0,0.00078411,0.0015297,0.35164,-0.004995
4.375,2.1564,0.005,0.12914,0.017681,0,0,0.00074261,0.0014405,0.35836,-0.0044183
4.325,2.2065,0.005,0.13746,0.018186,6.2441e-24,0,0.00070743,0.0013645,0.36865,-0.0037887
4.275,2.2565,0.005,0.1455,0.018461,-8.2474e-38,0,0.00068303,0.0013223,0.38565,-0.0031088
4.225,2.3066,0.005,0.15303,0.018457,-4.3508e-24,0,0.00067932,0.0013576,0.41701,-0.0023857
4.175,2.3566,0.005,0.15966,0.018175,8.0445e-38,0,0.00071307,0.0014699,0.47394,-0.001623
4.125,2.4066,0.005,0.16564,0.017574,-1.1378e-23,0,0.00080943,0.0014243,0.56828,-0.00081578
4.075,2.4567,0.005,0.17157,0.016544,4.9946e-24,0,0.0010211,0.0014379,0.71013,1.8243e-05
4.025,2.5067,0.005,0.17819,0.015053,1.5903e-24,0,0.0014037,0.0015763,0.89052,0.00085473
3.975,2.5568,0.005,0.1866,0.013075,-2.4449e-24,0,0.0019756,0.0018219,1.0844,0.0016858
3.925,2.6068,0.005,0.19782,0.010694,-9.1355e-25,0,0.0027067,0.0021111,1.2821,0.00251
3.875,2.6569,0.005,0.21272,0.0080676,-7.5022e-25,0,0.0035442,0.0023401,1.5146,0.0033363
3.825,2.7069,0.005,0.2324,0.0053822,1.3262e-24,0,0.0043529,0.0023712,1.8357,0.0041774
3.775,2.7569,0.005,0.25813,0.0028797,-5.9208e-25,0,0.0049078,0.0022412,2.1898,0.00503
3.725,2.807,0.005,0.29006,0.00098514,8.8046e-24,0,0.0049327,0.0019906,2.478,0.0058933
3.675,2.86,0.005,0.32805,-0.0001826,-3.4286e-25,0,0.0041428,0.0015988,2.5912,0.0067387
3.625,2.916,0.005,0.3656,-5.0522e-05,5.2651e-24,0,0.0023819,0.00089055,2.6746,0.0076002
3.575,2.972,0.005,0.37067,0.00014199,-1.03e-37,0,0.0022126,0.00029579,7.4804,0.0084208
6.575,0.024,0.005,-0.2437,0.00025085,2.3983e-24,0,0.0011081,0.0001794,6.1766,-0.0054081
6.525,0.072,0.005,-0.25554,0.00032775,-5.9009e-25,0,0.00082693,0.00047789,1.7304,-0.0056773
6.475,0.12,0.005,-0.25138,0.00023501,1.1733e-24,0,0.00096121,0.00097481,0.98605,-0.0059374
6.425,0.168,0.005,-0.24445,0.00014278,3.7958e-24,0,0.0010761,0.001416,0.75991,-0.0061839
6.375,0.216,0.005,-0.23664,7.6867e-05,-1.4986e-24,0,0.0011554,0.0017511,0.65981,-0.0064184
6.325,0.264,0.005,-0.22833,2.9836e-05,8.9575e-25,0,0.0012094,0.001992,0.60712,-0.0066382
6.275,0.312,0.005,-0.21905,-4.0134e-05,0,0,0.0012445,0.0018144,0.57655,-0.0068469
6.225,0.36,0.005,-0.20821,-0.00014589,0,0,0.0012655,0.0016275,0.55656,-0.0070495
6.175,0.408,0.005,-0.19624,-0.00029245,8.0184e-25,0,0.0012726,0.0015275,0.54051,-0.0072368
6.125,0.456,0.005,-0.18379,-0.00042465,-1.8413e-24,0,0.0012706,0.0014899,0.52599,-0.0074104
6.075,0.50502,0.005,-0.17094,-0.00053613,-6.4746e-25,0,0.0012668,0.0014827,0.51313,-0.0075729
6.025,0.55506,0.005,-0.15783,-0.00062242,1.3212e-24,0,0.0012674,0.0014935,0.50256,-0.0077247
5.975,0.60511,0.005,-0.14481,-0.00067605,-6.0888e-25,0,0.0012769,0.0015234,0.49435,-0.0078646
5.925,0.65515,0.005,-0.13196,-0.00069898,0,0,0.0012964,0.0015778,0.48756,-0.0079928
5.875,0.70519,0.005,-0.11939,-0.00069308,0,0,0.0013252,0.0016612,0.4811,-0.0081097
5.825,0.75523,0.005,-0.10722,-0.00066077,4.9477e-25,0,0.0013607,0.0017748,0.47405,-0.0082152
5.775,0.80528,0.005,-0.09556,-0.00060496,-4.3342e-25,0,0.0013993,0.0019162,0.46592,-0.0083093
5.725,0.85532,0.005,-0.084478,-0.0005269,4.6242e-26,0,0.001437,0.0020792,0.45661,-0.0083921
5.675,0.90536,0.005,-0.073986,-0.00042588,3.604e-25,0,0.0014709,0.0022553,0.44631,-0.0084635
5.625,0.9554,0.005,-0.064061,-0.00029908,-5.3217e-25,0,0.0014989,0.0024355,0.43537,-0.0085236
5.575,1.0054,0.005,-0.054653,-0.00014302,-1.1271e-25,0,0.0015199,0.0026121,0.42412,-0.0085724
5.525,1.0555,0.005,-0.045706,4.5395e-05,-1.3217e-25,0,0.0015336,0.0027804,0.4129,-0.0086102
5.475,1.1055,0.005,-0.037168,0.00026942,-1.4947e-25,0,0.0015403,0.0029369,0.40201,-0.0086369
5.425,1.1556,0.005,-0.028988,0.00052646,1.3407e-25,0,0.0015404,0.0030795,0.39172,-0.0086533
5.375,1.2056,0.005,-0.021123,0.00082108,1.8338e-33,0,0.0015346,0.0032068,0.38227,-0.0086583
5.325,1.2557,0.005,-0.013531,0.0011542,-3.4245e-26,0,0.0015234,0.0033125,0.37381,-0.0086518
5.275,1.3057,0.005,-0.0061625,0.0015263,2.0181e-25,0,0.0015072,0.003395,0.3664,-0.0086335
5.225,1.3557,0.005,0.0010339,0.001944,-2.634e-25,0,0.0014862,0.0034525,0.36003,-0.0086026
5.175,1.4058,0.005,0.0081053,0.0024178,-9.2343e-25,0,0.0014606,0.0034869,0.35468,-0.0085574
5.125,1.4558,0.005,0.015089,0.0029554,2.0815e-25,0,0.0014308,0.0034957,0.35033,-0.0084964
5.075,1.5059,0.005,0.022041,0.0035677,5.6798e-25,0,0.0013975,0.0034566,0.34697,-0.0084184
5.025,1.5559,0.005,0.029071,0.0042641,3.7549e-25,0,0.0013602,0.0033317,0.34451,-0.0083223
4.975,1.606,0.005,0.036292,0.0050521,-2.2699e-24,0,0.0013188,0.0031588,0.34277,-0.0082068
4.925,1.656,0.005,0.043774,0.0059354,6.1865e-25,0,0.0012731,0.0029606,0.34159,-0.0080699
4.875,1.706,0.005,0.051556,0.0069123,-1.5958e-32,0,0.0012235,0.002753,0.34088,-0.0079092
4.825,1.7561,0.005,0.059649,0.007974,2.8442e-24,0,0.0011705,0.0025482,0.34057,-0.0077213
4.775,1.8061,0.005,0.068035,0.0091032,9.7054e-26,0,0.0011152,0.0023548,0.34064,-0.0075023
4.725,1.8562,0.005,0.076671,0.010274,-3.7048e-24,0,0.0010588,0.0021777,0.3411,-0.0072481
4.675,1.9062,0.005,0.085492,0.011455,-1.4098e-24,0,0.0010024,0.0020181,0.34203,-0.0069539
4.625,1.9563,0.005,0.094428,0.012609,3.5519e-24,0,0.00094719,0.0018749,0.34351,-0.0066156
4.575,2.0063,0.005,0.10341,0.0137,-5.0147e-25,0,0.00089401,0.0017467,0.34569,-0.0062296
4.525,2.0563,0.005,0.11236,0.014695,6.4552e-24,0,0.00084355,0.0016328,0.34877,-0.0057937
4.475,2.1064,0.005,0.12122,0.015565,-7.0797e-24,0,0.0007965,0.001532,0.35315,-0.0053064
4.425,2.1564,0.005,0.12992,0.016282,0,0,0.00075386,0.0014424,0.35957,-0.0047672
4.375,2.2065,0.005,0.13842,0.016816,-2.2986e-24,0,0.00071761,0.0013663,0.36946,-0.0041766
4.325,2.2565,0.005,0.14666,0.017132,1.1605e-23,0,0.00069218,0.0013251,0.38599,-0.0035366
4.275,2.3066,0.005,0.1544,0.017188,-2.2415e-24,0,0.00068749,0.0013617,0.41687,-0.0028535
4.225,2.3566,0.005,0.16126,0.016977,-2.16e-24,0,0.00072018,0.001474,0.47344,-0.0021311
4.175,2.4066,0.005,0.16751,0.016461,-4.2264e-24,0,0.00081464,0.0014364,0.56712,-0.0013637
4.125,2.4567,0.005,0.17376,0.01554,4.7183e-24,0,0.0010218,0.001445,0.70709,-0.00056688
4.075,2.5067,0.005,0.18073,0.014176,3.1157e-32,0,0.0013959,0.0015781,0.88458,0.00023568
4.025,2.5568,0.005,0.18942,0.012342,5.8305e-24,0,0.0019539,0.0018185,1.0745,0.0010364
3.975,2.6068,0.005,0.20083,0.010117,-8.8679e-24,0,0.0026661,0.0021029,1.2678,0.0018338
3.925,2.6569,0.005,0.21573,0.007649,5.7976e-24,0,0.003481,0.0023278,1.4954,0.0026359
3.875,2.7069,0.005,0.2352,0.0051144,-5.561e-24,0,0.0042671,0.0023594,1.8085,0.0034543
3.825,2.7569,0.005,0.26044,0.0027403,-4.8129e-24,0,0.0048088,0.0022346,2.152,0.0042857
3.775,2.807,0.005,0.2916,0.00092771,1.3172e-23,0,0.0048429,0.0019892,2.4347,0.00513
3.725,2.86,0.005,0.32861,-0.00021519,-3.6846e-26,0,0.0040926,0.0016004,2.5573,0.0059604
3.675,2.916,0.005,0.36546,-0.00011104,-5.1694e-24,0,0.0023849,0.00089392,2.6679,0.0068071
3.625,2.972,0.005,0.37073,0.00012381,5.7315e-24,0,0.0022133,0.00029583,7.4814,0.0076189
6.625,0.024,0.005,-0.24394,0.00019955,1.124e-25,0,0.0011077,0.00017937,6.1757,-0.0051409
6.575,0.072,0.005,-0.25539,0.0002462,-2.0501e-24,0,0.00083723,0.00048564,1.724,-0.0054353
6.525,0.12,0.005,-0.25112,8.6607e-05,-3.9884e-25,0,0.00097308,0.00098747,0.98542,-0.0057185
6.475,0.168,0.005,-0.24415,-4.3209e-05,7.0442e-41,0,0.0010859,0.0014276,0.76066,-0.0059874
6.425,0.216,0.005,-0.23632,-0.00015306,1.6297e-24,0,0.0011623,0.0017593,0.66069,-0.0062414
6.375,0.264,0.005,-0.22798,-0.00023547,-4.8257e-25,0,0.0012132,0.0019969,0.60756,-0.006482
6.325,0.312,0.005,-0.21863,-0.00034027,5.4949e-25,0,0.0012446,0.0017944,0.5762,-0.006707
6.275,0.36,0.005,-0.20771,-0.00048338,0,0,0.0012617,0.0016096,0.55513,-0.0069236
6.225,0.408,0.005,-0.19571,-0.00065524,0,0,0.0012649,0.0015127,0.53796,-0.0071242
6.175,0.456,0.005,-0.18326,-0.00080691,-6.2124e-25,0,0.0012597,0.0014755,0.52257,-0.0073096
6.125,0.50502,0.005,-0.17043,-0.00093507,-6.8755e-25,0,0.0012533,0.0014667,0.50915,-0.0074826
6.075,0.55506,0.005,-0.15734,-0.0010365,0,0,0.001252,0.0014756,0.49821,-0.0076437
6.025,0.60511,0.005,-0.14434,-0.0011036,7.2842e-25,0,0.00126,0.0015037,0.48975,-0.0077917
5.975,0.65515,0.005,-0.1315,-0.0011384,-2.6733e-38,0,0.0012786,0.0015568,0.48284,-0.007927
5.925,0.70519,0.005,-0.11895,-0.0011428,-6.3161e-25,0,0.001307,0.0016391,0.47641,-0.0080501
5.875,0.75523,0.005,-0.1068,-0.0011198,-9.03e-26,0,0.0013428,0.0017521,0.46953,-0.0081613
5.825,0.80528,0.005,-0.095156,-0.0010728,-5.2679e-25,0,0.0013822,0.0018934,0.46168,-0.0082607
5.775,0.85532,0.005,-0.084085,-0.0010041,8.2891e-25,0,0.0014215,0.0020572,0.45274,-0.0083484
5.725,0.90536,0.005,-0.073606,-0.00091378,-7.0222e-25,0,0.0014573,0.0022348,0.44286,-0.0084244
5.675,0.9554,0.005,-0.063695,-0.00079978,1.2589e-38,0,0.0014875,0.002417,0.43236,-0.0084889
5.625,1.0054,0.005,-0.054301,-0.00065884,4.2154e-25,0,0.0015107,0.0025961,0.42155,-0.0085421
5.575,1.0555,0.005,-0.045369,-0.00048805,-5.4622e-25,0,0.0015267,0.0027667,0.41076,-0.0085842
5.525,1.1055,0.005,-0.036844,-0.00028437,0,0,0.0015356,0.002926,0.40029,-0.0086154
5.475,1.1556,0.005,-0.028679,-4.7762e-05,1.4346e-25,0,0.0015379,0.0030709,0.39038,-0.0086359
5.425,1.2056,0.005,-0.020827,0.00022264,2.3632e-25,0,0.0015342,0.0032002,0.38127,-0.0086459
5.375,1.2557,0.005,-0.013247,0.00053065,-1.0977e-38,0,0.001525,0.0033102,0.37309,-0.0086449
5.325,1.3057,0.005,-0.0058912,0.00087544,-1.1644e-25,0,0.0015107,0.0033962,0.36594,-0.0086324
5.275,1.3557,0.005,0.001289,0.0012618,-2.464e-25,0,0.0014915,0.0034574,0.35981,-0.0086078
5.225,1.4058,0.005,0.0083395,0.0016992,-2.4041e-25,0,0.0014677,0.0034958,0.3547,-0.0085698
5.175,1.4558,0.005,0.015297,0.0021954,-3.7389e-25,0,0.0014398,0.0035085,0.35058,-0.0085168
5.125,1.5059,0.005,0.02222,0.0027612,-4.3245e-25,0,0.0014081,0.0034727,0.34746,-0.0084478
5.075,1.5559,0.005,0.029216,0.0034055,2.9685e-25,0,0.0013726,0.003351,0.34525,-0.008362
5.025,1.606,0.005,0.036402,0.0041365,3.9847e-25,0,0.0013328,0.0031798,0.34375,-0.0082581
4.975,1.656,0.005,0.043852,0.004959,-1.7011e-24,0,0.0012885,0.0029816,0.34283,-0.0081344
4.925,1.706,0.005,0.051608,0.0058725,1.5263e-24,0,0.00124,0.0027727,0.34237,-0.0079885
4.875,1.7561,0.005,0.059687,0.0068706,-8.3394e-25,0,0.0011878,0.0025651,0.3423,-0.0078174
4.825,1.8061,0.005,0.068077,0.0079384,2.048e-24,0,0.0011327,0.002368,0.34256,-0.0076177
4.775,1.8562,0.005,0.076739,0.0090531,-2.3408e-24,0,0.0010761,0.0021871,0.34317,-0.0073852
4.725,1.9062,0.005,0.085612,0.010185,1.4997e-24,0,0.0010192,0.0020243,0.34417,-0.0071157
4.675,1.9563,0.005,0.094624,0.011302,3.0099e-32,0,0.00096311,0.0018791,0.34565,-0.0068049
4.625,2.0063,0.005,0.1037,0.012368,0,0,0.00090888,0.00175,0.34777,-0.0064491
4.575,2.0563,0.005,0.11277,0.013351,4.736e-24,0,0.00085728,0.0016355,0.35073,-0.0060457
4.525,2.1064,0.005,0.12176,0.01422,-1.279e-24,0,0.00080908,0.0015342,0.35492,-0.0055929
4.475,2.1564,0.005,0.13061,0.014949,-1.8122e-37,0,0.00076533,0.0014441,0.36106,-0.0050899
4.425,2.2065,0.005,0.13928,0.015506,-1.1283e-24,0,0.00072804,0.0013678,0.3706,-0.0045371
4.375,2.2565,0.005,0.14771,0.015859,-2.2144e-24,0,0.00070167,0.0013274,0.3867,-0.0039359
4.325,2.3066,0.005,0.15566,0.015968,7.6306e-24,0,0.00069613,0.0013645,0.41718,-0.003292
4.275,2.3566,0.005,0.16275,0.015819,-4.1364e-24,0,0.00072804,0.0014764,0.47347,-0.0026095
4.225,2.4066,0.005,0.16925,0.015382,2.2026e-24,0,0.00082102,0.0014492,0.56653,-0.0018816
4.175,2.4567,0.005,0.17581,0.01456,-8.8907e-24,0,0.0010241,0.0014536,0.70455,-0.0011221
4.125,2.5067,0.005,0.18311,0.013314,-2.9685e-24,0,0.0013903,0.0015816,0.87903,-0.00035384
4.075,2.5568,0.005,0.1921,0.011615,5.5862e-24,0,0.0019347,0.0018168,1.0649,0.00041579
4.025,2.6068,0.005,0.20368,0.009537,5.1539e-24,0,0.0026285,0.0020961,1.254,0.0011853
3.975,2.6569,0.005,0.21859,0.0072197,-1.3812e-23,0,0.0034212,0.0023162,1.4771,0.001962
3.925,2.7069,0.005,0.23788,0.0048301,5.4144e-24,0,0.0041848,0.0023478,1.7824,0.0027562
3.875,2.7569,0.005,0.26267,0.0025814,0,0,0.0047126,0.0022274,2.1158,0.0035647
3.825,2.807,0.005,0.29309,0.00085217,-4.2214e-24,0,0.004754,0.0019867,2.3928,0.004388
3.775,2.86,0.005,0.32919,-0.00025814,3.6599e-25,0,0.0040404,0.0016008,2.524,0.0052005
3.725,2.916,0.005,0.36532,-0.00017879,1.8563e-37,0,0.002386,0.00089639,2.6617,0.0060296
3.675,2.972,0.005,0.37075,0.00010324,0,0,0.0022138,0.00029587,7.4823,0.0068297
6.675,0.024,0.005,-0.24412,0.00013476,-2.6872e-24,0,0.0011069,0.0001793,6.1734,-0.0048505
6.625,0.072,0.005,-0.25518,0.00016782,-2.2182e-24,0,0.00084779,0.00049356,1.7177,-0.0051729
6.575,0.12,0.005,-0.25079,-7.4062e-05,-2.248e-24,0,0.00098518,0.0010001,0.98509,-0.0054805
6.525,0.168,0.005,-0.24379,-0.00024288,4.6291e-25,0,0.0010959,0.0014389,0.76167,-0.0057742
6.475,0.216,0.005,-0.23595,-0.00039327,2.0619e-25,0,0.0011693,0.001767,0.66176,-0.0060491
6.425,0.264,0.005,-0.22757,-0.00052008,-1.182e-24,0,0.001217,0.001988,0.60809,-0.006311
6.375,0.312,0.005,-0.21816,-0.00065435,-1.0469e-24,0,0.0012448,0.0017759,0.57586,-0.0065554
6.325,0.36,0.005,-0.20717,-0.0008352,0,0,0.0012579,0.0015931,0.55366,-0.006786
6.275,0.408,0.005,-0.19515,-0.0010306,-6.5816e-25,0,0.0012573,0.0014992,0.53536,-0.0070007
6.225,0.456,0.005,-0.18271,-0.0011998,2.7476e-25,0,0.0012489,0.0014621,0.51913,-0.0071992
6.175,0.50502,0.005,-0.1699,-0.0013425,-1.5884e-24,0,0.00124,0.0014517,0.50515,-0.0073835
6.125,0.55506,0.005,-0.15683,-0.0014568,1.2879e-24,0,0.0012368,0.0014586,0.49383,-0.0075546
6.075,0.60511,0.005,-0.14385,-0.0015349,-1.4275e-24,0,0.0012433,0.001485,0.48512,-0.0077112
6.025,0.65515,0.005,-0.13104,-0.0015789,7.539e-25,0,0.0012608,0.0015366,0.47807,-0.0078542
5.975,0.70519,0.005,-0.11851,-0.0015909,-1.0893e-33,0,0.0012887,0.0016177,0.47164,-0.007984
5.925,0.75523,0.005,-0.10638,-0.0015744,0,0,0.0013245,0.0017299,0.46491,-0.0081012
5.875,0.80528,0.005,-0.094751,-0.0015333,5.9133e-25,0,0.0013647,0.001871,0.45734,-0.0082061
5.825,0.85532,0.005,-0.083695,-0.0014709,-8.8457e-25,0,0.0014054,0.0020352,0.44876,-0.0082989
5.775,0.90536,0.005,-0.07323,-0.001388,5.5136e-25,0,0.001443,0.0022141,0.43931,-0.0083797
5.725,0.9554,0.005,-0.063333,-0.0012834,-4.2368e-25,0,0.0014753,0.0023984,0.42925,-0.0084487
5.675,1.0054,0.005,-0.053955,-0.0011542,-1.3137e-25,0,0.0015008,0.00258,0.4189,-0.0085063
5.625,1.0555,0.005,-0.045039,-0.00099736,4.577e-25,0,0.001519,0.0027532,0.40856,-0.0085527
5.575,1.1055,0.005,-0.036529,-0.00081052,-5.5169e-25,0,0.0015302,0.0029149,0.39849,-0.0085884
5.525,1.1556,0.005,-0.028378,-0.00059179,-1.8388e-25,0,0.0015347,0.0030628,0.38897,-0.0086133
5.475,1.2056,0.005,-0.020541,-0.00034144,2.0575e-33,0,0.001533,0.0031942,0.3802,-0.0086279
5.425,1.2557,0.005,-0.012973,-5.6918e-05,1.436e-25,0,0.0015258,0.0033074,0.37233,-0.008632
5.375,1.3057,0.005,-0.0056312,0.0002634,-1.0541e-38,0,0.0015134,0.0033973,0.36546,-0.008625
5.325,1.3557,0.005,0.001533,0.00062217,-3.4475e-25,0,0.0014962,0.0034624,0.35958,-0.0086065
5.275,1.4058,0.005,0.0085632,0.0010276,-3.1506e-25,0,0.0014742,0.0035049,0.3547,-0.0085752
5.225,1.4558,0.005,0.015496,0.001487,-7.9141e-26,0,0.0014481,0.0035216,0.35082,-0.0085296
5.175,1.5059,0.005,0.02239,0.0020109,6.985e-25,0,0.0014181,0.0034892,0.34794,-0.0084691
5.125,1.5559,0.005,0.029354,0.0026071,-2.2419e-25,0,0.0013843,0.0033703,0.34599,-0.0083928
5.075,1.606,0.005,0.036505,0.003285,8.1025e-26,0,0.0013461,0.0032012,0.34475,-0.0082997
5.025,1.656,0.005,0.043922,0.0040511,-1.0632e-24,0,0.0013033,0.0030037,0.3441,-0.0081882
4.975,1.706,0.005,0.05165,0.0049053,1.46e-24,0,0.001256,0.0027937,0.3439,-0.0080562
4.925,1.7561,0.005,0.059711,0.005843,-7.1725e-25,0,0.0012046,0.0025837,0.34408,-0.0079008
4.875,1.8061,0.005,0.068099,0.0068522,2.8338e-24,0,0.00115,0.0023832,0.34456,-0.0077188
4.825,1.8562,0.005,0.07678,0.0079122,-3.3246e-24,0,0.0010934,0.0021985,0.34534,-0.0075066
4.775,1.9062,0.005,0.085695,0.0089964,-4.7482e-38,0,0.001036,0.0020323,0.34644,-0.00726
4.725,1.9563,0.005,0.094773,0.010074,-1.6586e-25,0,0.00097909,0.0018845,0.34797,-0.0069749
4.675,2.0063,0.005,0.10394,0.011112,3.1759e-24,0,0.00092385,0.0017539,0.35005,-0.0066476
4.625,2.0563,0.005,0.11311,0.012079,1.8431e-37,0,0.00087114,0.0016386,0.35291,-0.0062751
4.575,2.1064,0.005,0.12223,0.012944,5.7725e-25,0,0.00082182,0.0015366,0.35692,-0.0058553
4.525,2.1564,0.005,0.13123,0.01368,-1.3377e-37,0,0.000777,0.0014458,0.36282,-0.0053873
4.475,2.2065,0.005,0.14006,0.014256,1.1034e-24,0,0.00073871,0.0013693,0.37204,-0.004871
4.425,2.2565,0.005,0.14867,0.014641,-1.0061e-23,0,0.00071148,0.0013291,0.38777,-0.0043076
4.375,2.3066,0.005,0.15682,0.014798,4.099e-24,0,0.00070526,0.0013661,0.41791,-0.003702
4.325,2.3566,0.005,0.16413,0.014704,-1.9782e-24,0,0.00073665,0.0014775,0.47401,-0.0030585
4.275,2.4066,0.005,0.17088,0.014337,-3.8932e-24,0,0.00082855,0.0014627,0.56646,-0.0023697
4.225,2.4567,0.005,0.17773,0.013605,-1.7907e-37,0,0.001028,0.0014634,0.70247,-0.0016474
4.175,2.5067,0.005,0.18536,0.012468,1.4897e-24,0,0.0013866,0.0015868,0.87383,-0.00091373
4.125,2.5568,0.005,0.19464,0.010895,2.9569e-37,0,0.001918,0.0018168,1.0557,-0.0001757
4.075,2.6068,0.005,0.20638,0.0089561,4.9478e-24,0,0.0025939,0.0020907,1.2407,0.00056521
4.025,2.6569,0.005,0.22132,0.0067827,-7.7924e-25,0,0.0033647,0.0023054,1.4595,0.0013153
3.975,2.7069,0.005,0.24044,0.0045324,3.1874e-24,0,0.0041058,0.0023363,1.7574,0.002084
3.925,2.7569,0.005,0.26481,0.0024058,-1.2362e-24,0,0.0046192,0.0022197,2.081,0.0028682
3.875,2.807,0.005,0.29454,0.00076051,4.4129e-37,0,0.004666,0.0019834,2.3525,0.0036686
3.825,2.86,0.005,0.32976,-0.00031077,7.473e-25,0,0.0039864,0.0016001,2.4914,0.0044612
3.775,2.916,0.005,0.36517,-0.00024901,4.9316e-24,0,0.002385,0.00089797,2.656,0.0052703
3.725,2.972,0.005,0.37073,8.0652e-05,-4.3505e-26,0,0.0022143,0.00029591,7.483,0.0060551
6.725,0.024,0.005,-0.24421,6.7729e-05,-3.2074e-24,0,0.0011055,0.00017919,6.1696,-0.0045356
6.675,0.072,0.005,-0.25489,7.8813e-05,1.9828e-24,0,0.00085864,0.00050163,1.7117,-0.0048889
6.625,0.12,0.005,-0.25039,-0.00025023,1.9584e-24,0,0.00099746,0.0010124,0.98526,-0.0052216
6.575,0.168,0.005,-0.24338,-0.00045576,-3.2214e-24,0,0.0011061,0.0014497,0.76293,-0.0055427
6.525,0.216,0.005,-0.23553,-0.00065326,5.3184e-25,0,0.0011764,0.0017745,0.66296,-0.005841
6.475,0.264,0.005,-0.2271,-0.00081478,-1.7818e-24,0,0.0012207,0.0019712,0.60868,-0.0061247
6.425,0.312,0.005,-0.21762,-0.00099053,2.9086e-24,0,0.0012449,0.001758,0.57552,-0.0063899
6.375,0.36,0.005,-0.20658,-0.0012027,0,0,0.001254,0.0015787,0.55215,-0.0066372
6.325,0.408,0.005,-0.19454,-0.0014208,0,0,0.0012496,0.0014869,0.53272,-0.0068661
6.275,0.456,0.005,-0.18212,-0.0016059,-2.8737e-26,0,0.0012382,0.0014497,0.51566,-0.0070783
6.225,0.50502,0.005,-0.16934,-0.0017611,-1.6996e-24,0,0.001227,0.0014377,0.50113,-0.0072753
6.175,0.55506,0.005,-0.1563,-0.0018861,0,0,0.0012218,0.0014425,0.48943,-0.0074572
6.125,0.60511,0.005,-0.14335,-0.0019728,-3.4194e-38,0,0.0012267,0.0014672,0.48044,-0.0076232
6.075,0.65515,0.005,-0.13057,-0.0020233,8.2886e-38,0,0.0012431,0.0015172,0.47325,-0.0077744
6.025,0.70519,0.005,-0.11806,-0.0020402,2.224e-25,0,0.0012703,0.001597,0.46679,-0.0079114
5.975,0.75523,0.005,-0.10595,-0.0020274,2.2425e-25,0,0.001306,0.0017081,0.4602,-0.008035
5.925,0.80528,0.005,-0.094345,-0.0019895,6.5604e-25,0,0.0013468,0.0018487,0.45289,-0.0081457
5.875,0.85532,0.005,-0.083307,-0.0019305,-9.4327e-25,0,0.0013887,0.0020133,0.44468,-0.0082438
5.825,0.90536,0.005,-0.072857,-0.001852,5.3498e-25,0,0.001428,0.0021934,0.43565,-0.0083295
5.775,0.9554,0.005,-0.062976,-0.0017535,-1.9613e-25,0,0.0014623,0.0023797,0.42605,-0.0084033
5.725,1.0054,0.005,-0.053615,-0.0016327,-4.9823e-34,0,0.00149,0.0025637,0.41617,-0.0084653
5.675,1.0555,0.005,-0.044716,-0.0014866,1.0665e-24,0,0.0015106,0.0027397,0.40627,-0.008516
5.625,1.1055,0.005,-0.036223,-0.0013129,3.316e-25,0,0.001524,0.002904,0.39663,-0.008556
5.575,1.1556,0.005,-0.028086,-0.0011096,-1.459e-38,0,0.0015307,0.0030548,0.3875,-0.0085854
5.525,1.2056,0.005,-0.020263,-0.00087602,2.3896e-25,0,0.0015311,0.0031892,0.37908,-0.0086046
5.475,1.2557,0.005,-0.01271,-0.00061142,1.5981e-25,0,0.0015259,0.0033049,0.37153,-0.0086134
5.425,1.3057,0.005,-0.0053819,-0.00031341,2.9384e-25,0,0.0015155,0.0033983,0.36493,-0.0086118
5.375,1.3557,0.005,0.0017663,2.106e-05,5.2825e-33,0,0.0015001,0.0034674,0.35932,-0.008599
5.325,1.4058,0.005,0.008777,0.00039844,-7.4817e-26,0,0.0014799,0.0035141,0.35469,-0.0085739
5.275,1.4558,0.005,0.015686,0.00082502,0,0,0.0014556,0.0035347,0.35106,-0.0085355
5.225,1.5059,0.005,0.022552,0.0013105,4.1225e-25,0,0.0014275,0.003506,0.34842,-0.0084829
5.175,1.5559,0.005,0.029485,0.0018638,1.5515e-25,0,0.0013954,0.00339,0.34673,-0.0084154
5.125,1.606,0.005,0.036602,0.002493,-2.4223e-25,0,0.0013588,0.0032229,0.34576,-0.0083323
5.075,1.656,0.005,0.043984,0.003206,3.4365e-25,0,0.0013175,0.0030266,0.34538,-0.0082322
5.025,1.706,0.005,0.051682,0.0040052,6.9912e-25,0,0.0012714,0.002816,0.34545,-0.0081129
4.975,1.7561,0.005,0.059722,0.0048862,9.9588e-25,0,0.001221,0.0026038,0.34589,-0.0079721
4.925,1.8061,0.005,0.068103,0.0058394,-1.5517e-24,0,0.0011669,0.0024001,0.34661,-0.0078067
4.875,1.8562,0.005,0.076796,0.0068469,-1.0526e-24,0,0.0011104,0.0022118,0.34759,-0.0076133
4.825,1.9062,0.005,0.085746,0.007884,4.2183e-38,0,0.0010526,0.002042,0.34883,-0.0073881
4.775,1.9563,0.005,0.094882,0.0089218,-2.6968e-32,0,0.00099507,0.0018914,0.35043,-0.007127
4.725,2.0063,0.005,0.10413,0.0099299,4.6883e-24,0,0.00093889,0.0017588,0.3525,-0.0068264
4.675,2.0563,0.005,0.1134,0.010878,-3.9144e-24,0,0.00088512,0.0016422,0.35528,-0.0064831
4.625,2.1064,0.005,0.12264,0.011736,0,0,0.00083471,0.0015392,0.35915,-0.0060949
4.575,2.1564,0.005,0.13177,0.012475,0,0,0.00078884,0.0014476,0.36483,-0.0056605
4.525,2.2065,0.005,0.14076,0.013066,6.8172e-24,0,0.00074961,0.0013707,0.37377,-0.0051793
4.475,2.2565,0.005,0.14954,0.013478,-3.1089e-24,0,0.00072159,0.0013306,0.38918,-0.0046525
4.425,2.3066,0.005,0.15788,0.013677,-6.6276e-24,0,0.00071484,0.0013669,0.41905,-0.0040842
4.375,2.3566,0.005,0.1654,0.013633,-2.4582e-37,0,0.00074597,0.0014774,0.47504,-0.0034788
4.325,2.4066,0.005,0.1724,0.013327,-1.8639e-24,0,0.00083718,0.0014768,0.56688,-0.0028286
4.275,2.4567,0.005,0.17953,0.012677,1.723e-24,0,0.0010335,0.0014746,0.70082,-0.0021432
4.225,2.5067,0.005,0.18748,0.01164,2.9013e-32,0,0.0013849,0.0015937,0.86896,-0.001444
4.175,2.5568,0.005,0.19703,0.010185,-3.9298e-24,0,0.0019035,0.0018185,1.0467,-0.00073793
4.125,2.6068,0.005,0.20895,0.0083773,2.8737e-37,0,0.002562,0.0020868,1.2277,-2.6258e-05
4.075,2.6569,0.005,0.22391,0.0063406,7.4387e-24,0,0.0033113,0.0022954,1.4426,0.00069642
4.025,2.7069,0.005,0.24288,0.004224,-4.4025e-24,0,0.00403,0.0023251,1.7332,0.0014386
3.975,2.7569,0.005,0.26686,0.0022162,1.2424e-24,0,0.0045286,0.0022117,2.0476,0.0021972
3.925,2.807,0.005,0.29595,0.00065477,-3.9392e-24,0,0.0045793,0.0019793,2.3136,0.0029732
3.875,2.86,0.005,0.33033,-0.00037197,-3.3906e-25,0,0.0039309,0.0015983,2.4595,0.0037443
3.825,2.916,0.005,0.36502,-0.00032235,4.795e-24,0,0.002382,0.00089868,2.6506,0.0045312
3.775,2.972,0.005,0.37066,5.2707e-05,0,0,0.0022145,0.00029593,7.4834,0.0052976
6.775,0.024,0.005,-0.24424,2.3104e-06,-1.9614e-25,0,0.0011036,0.00017903,6.1643,-0.0041969
6.725,0.072,0.005,-0.25451,-1.6562e-05,2.1127e-24,0,0.00086972,0.00050965,1.7065,-0.0045818
6.675,0.12,0.005,-0.24992,-0.00044278,-5.3565e-25,0,0.0010099,0.0010243,0.9859,-0.0049408
6.625,0.168,0.005,-0.24289,-0.00068534,-1.1832e-24,0,0.0011163,0.0014605,0.76434,-0.0052917
6.575,0.216,0.005,-0.23504,-0.00093141,-9.1823e-25,0,0.0011836,0.0017819,0.66425,-0.0056151
6.525,0.264,0.005,-0.22658,-0.0011308,2.6471e-24,0,0.0012245,0.0019558,0.60932,-0.0059225
6.475,0.312,0.005,-0.21704,-0.0013419,2.513e-24,0,0.001245,0.0017414,0.57515,-0.0062092
6.425,0.36,0.005,-0.20594,-0.0015944,-3.1223e-24,0,0.0012501,0.0015651,0.55059,-0.0064747
6.375,0.408,0.005,-0.19391,-0.0018269,0,0,0.001242,0.0014763,0.53004,-0.006721
6.325,0.456,0.005,-0.18151,-0.0020277,-1.7879e-24,0,0.0012277,0.0014383,0.51218,-0.0069469
6.275,0.50502,0.005,-0.16876,-0.0021938,2.96e-26,0,0.0012141,0.0014246,0.4971,-0.0071573
6.225,0.55506,0.005,-0.15575,-0.0023271,0,0,0.001207,0.0014275,0.48501,-0.0073512
6.175,0.60511,0.005,-0.14283,-0.0024199,9.6362e-25,0,0.0012104,0.0014504,0.47574,-0.0075275
6.125,0.65515,0.005,-0.13008,-0.0024745,-9.0519e-25,0,0.0012255,0.0014988,0.46837,-0.0076875
6.075,0.70519,0.005,-0.11761,-0.0024937,-8.4605e-25,0,0.0012518,0.0015771,0.46188,-0.0078322
6.025,0.75523,0.005,-0.10553,-0.0024818,1.2828e-24,0,0.0012873,0.001687,0.4554,-0.0079626
5.975,0.80528,0.005,-0.09394,-0.0024443,-7.2096e-25,0,0.0013285,0.0018268,0.44834,-0.0080794
5.925,0.85532,0.005,-0.08292,-0.0023859,0,0,0.0013714,0.0019915,0.44049,-0.0081832
5.875,0.90536,0.005,-0.072488,-0.002309,0,0,0.0014124,0.0021726,0.43189,-0.0082741
5.825,0.9554,0.005,-0.062624,-0.0022136,3.3842e-25,0,0.0014487,0.0023608,0.42275,-0.0083526
5.775,1.0054,0.005,-0.05328,-0.0020979,2.3476e-25,0,0.0014786,0.0025473,0.41334,-0.0084192
5.725,1.0555,0.005,-0.044399,-0.0019593,-5.3318e-26,0,0.0015014,0.002726,0.4039,-0.0084744
5.675,1.1055,0.005,-0.035923,-0.0017954,1.1121e-24,0,0.0015171,0.0028932,0.3947,-0.0085186
5.625,1.1556,0.005,-0.027803,-0.0016045,-2.5159e-38,0,0.0015259,0.0030467,0.38597,-0.0085524
5.575,1.2056,0.005,-0.019995,-0.0013851,-7.4317e-25,0,0.0015285,0.0031842,0.37791,-0.008576
5.525,1.2557,0.005,-0.012457,-0.0011368,-1.6375e-25,0,0.0015253,0.0033027,0.37069,-0.0085895
5.475,1.3057,0.005,-0.0051431,-0.00085797,-1.9696e-25,0,0.0015168,0.0033991,0.36438,-0.0085929
5.425,1.3557,0.005,0.0019893,-0.00054512,-1.1735e-25,0,0.0015033,0.0034721,0.35903,-0.0085856
5.375,1.4058,0.005,0.008981,-0.00019259,6.1806e-25,0,0.001485,0.0035231,0.35466,-0.0085666
5.325,1.4558,0.005,0.015867,0.00020506,3.8772e-25,0,0.0014625,0.0035477,0.35128,-0.0085347
5.275,1.5059,0.005,0.022706,0.00065674,3.7529e-25,0,0.0014362,0.0035225,0.3489,-0.0084895
5.225,1.5559,0.005,0.029609,0.001171,4.5666e-25,0,0.0014058,0.0034097,0.34746,-0.0084304
5.175,1.606,0.005,0.036693,0.0017559,-8.6338e-25,0,0.0013708,0.0032449,0.34677,-0.0083566
5.125,1.656,0.005,0.044041,0.0024194,6.4538e-25,0,0.001331,0.0030498,0.34667,-0.0082669
5.075,1.706,0.005,0.051707,0.0031666,-3.7567e-25,0,0.0012863,0.0028392,0.34702,-0.0081596
5.025,1.7561,0.005,0.059722,0.003995,1.2735e-24,0,0.0012369,0.0026253,0.34773,-0.0080323
4.975,1.8061,0.005,0.068092,0.0048952,-6.6136e-25,0,0.0011835,0.0024186,0.34871,-0.0078823
4.925,1.8562,0.005,0.07679,0.0058523,1.8384e-24,0,0.0011272,0.0022267,0.34991,-0.0077064
4.875,1.9062,0.005,0.085767,0.0068437,-2.0807e-24,0,0.0010692,0.0020534,0.35132,-0.007501
4.825,1.9563,0.005,0.094953,0.0078424,1.3722e-26,0,0.001011,0.0018998,0.35301,-0.0072623
4.775,2.0063,0.005,0.10427,0.0088195,2.8455e-24,0,0.00095397,0.0017648,0.35511,-0.0069867
4.725,2.0563,0.005,0.11363,0.0097461,-2.0363e-25,0,0.00089918,0.0016465,0.35783,-0.006671
4.675,2.1064,0.005,0.12298,0.010594,-3.7354e-24,0,0.00084771,0.0015423,0.36159,-0.0063127
4.625,2.1564,0.005,0.13224,0.011333,0,0,0.00080084,0.0014497,0.36708,-0.0059103
4.575,2.2065,0.005,0.14138,0.011935,4.503e-24,0,0.00076071,0.0013723,0.37578,-0.005463
4.525,2.2565,0.005,0.15032,0.01237,2.8731e-24,0,0.00073201,0.001332,0.39091,-0.0049715
4.475,2.3066,0.005,0.15884,0.012605,-3.0758e-24,0,0.00072488,0.001367,0.42059,-0.0044393
4.425,2.3566,0.005,0.16658,0.012605,-3.234e-24,0,0.00075602,0.0014766,0.47654,-0.0038711
4.375,2.4066,0.005,0.17381,0.012354,-7.0132e-24,0,0.00084689,0.0014916,0.56776,-0.0032587
4.325,2.4567,0.005,0.18122,0.011777,-2.6e-37,0,0.0010404,0.0014871,0.69956,-0.0026098
4.275,2.5067,0.005,0.18947,0.010832,2.8246e-24,0,0.001385,0.0016023,0.86437,-0.001945
4.225,2.5568,0.005,0.1993,0.0094867,-2.5574e-24,0,0.0018913,0.0018219,1.0381,-0.0012709
4.175,2.6068,0.005,0.21138,0.0078028,-2.6834e-24,0,0.0025327,0.0020842,1.2152,-0.0005889
4.125,2.6569,0.005,0.22638,0.005896,7.8352e-25,0,0.0032608,0.0022862,1.4263,0.00010571
4.075,2.7069,0.005,0.2452,0.0039074,-4.233e-24,0,0.0039574,0.0023143,1.71,0.00082044
4.025,2.7569,0.005,0.26882,0.002015,6.2178e-25,0,0.0044408,0.0022033,2.0155,0.0015526
3.975,2.807,0.005,0.2973,0.00053698,-7.7572e-24,0,0.004494,0.0019744,2.2762,0.0023027
3.925,2.86,0.005,0.33089,-0.00044045,5.0973e-24,0,0.0038742,0.0015954,2.4283,0.0030509
3.875,2.916,0.005,0.36486,-0.00039785,2.2882e-25,0,0.002377,0.00089852,2.6454,0.0038136
3.825,2.972,0.005,0.37055,1.8129e-05,-5.2449e-24,0,0.0022146,0.00029593,7.4834,0.0045592
6.825,0.024,0.005,-0.24419,-8.536e-05,0,0,0.0011011,0.00017882,6.1573,-0.0038322
6.775,0.072,0.005,-0.25405,-0.00012123,-3.7723e-24,0,0.00088106,0.00051753,1.7024,-0.0042528
6.725,0.12,0.005,-0.24937,-0.00065323,-1.1726e-24,0,0.0010226,0.0010363,0.98672,-0.0046368
6.675,0.168,0.005,-0.24233,-0.00093348,6.2706e-24,0,0.0011268,0.0014712,0.76588,-0.0050197
6.625,0.216,0.005,-0.23448,-0.0012312,-6.2067e-25,0,0.0011909,0.0017892,0.66563,-0.0053702
6.575,0.264,0.005,-0.22599,-0.0014693,6.5422e-25,0,0.0012284,0.0019409,0.61,-0.005703
6.525,0.312,0.005,-0.21639,-0.0017181,-2.7424e-24,0,0.0012451,0.0017262,0.57478,-0.0060125
6.475,0.36,0.005,-0.20526,-0.001999,2.2091e-24,0,0.0012462,0.0015533,0.54898,-0.0062979
6.425,0.408,0.005,-0.19322,-0.0022597,-2.5125e-24,0,0.0012346,0.0014662,0.52734,-0.0065627
6.375,0.456,0.005,-0.18087,-0.0024662,-1.4719e-24,0,0.0012174,0.0014283,0.50868,-0.0068058
6.325,0.50502,0.005,-0.16815,-0.0026431,2.3224e-24,0,0.0012016,0.0014124,0.49307,-0.0070293
6.275,0.55506,0.005,-0.15518,-0.0027828,-1.8324e-24,0,0.0011926,0.0014135,0.48058,-0.0072361
6.225,0.60511,0.005,-0.1423,-0.0028792,-6.8056e-25,0,0.0011943,0.0014345,0.471,-0.0074237
6.175,0.65515,0.005,-0.12959,-0.0029354,9.8413e-25,0,0.001208,0.0014813,0.46344,-0.0075933
6.125,0.70519,0.005,-0.11715,-0.0029542,5.7593e-25,0,0.0012335,0.001558,0.4569,-0.0077464
6.075,0.75523,0.005,-0.10509,-0.0029406,-1.2005e-24,0,0.0012685,0.0016664,0.45052,-0.0078841
6.025,0.80528,0.005,-0.093533,-0.0029007,-7.8656e-25,0,0.0013099,0.0018053,0.44371,-0.0080074
5.975,0.85532,0.005,-0.082535,-0.0028401,1.0713e-24,0,0.0013537,0.0019697,0.4362,-0.008117
5.925,0.90536,0.005,-0.072122,-0.0027619,-3.7738e-25,0,0.0013962,0.0021517,0.42803,-0.0082134
5.875,0.9554,0.005,-0.062276,-0.0026667,-9.7712e-25,0,0.0014343,0.0023417,0.41935,-0.008297
5.825,1.0054,0.005,-0.05295,-0.0025532,-4.0724e-25,0,0.0014664,0.0025307,0.41041,-0.0083683
5.775,1.0555,0.005,-0.044087,-0.002419,-5.2073e-25,0,0.0014914,0.0027122,0.40145,-0.0084279
5.725,1.1055,0.005,-0.03563,-0.0022617,-2.3416e-26,0,0.0015094,0.0028824,0.3927,-0.0084764
5.675,1.1556,0.005,-0.027528,-0.0020798,-3.7508e-25,0,0.0015205,0.0030386,0.38438,-0.0085144
5.625,1.2056,0.005,-0.019736,-0.0018719,2.1198e-25,0,0.0015252,0.003179,0.37669,-0.0085424
5.575,1.2557,0.005,-0.012213,-0.0016368,-2.8777e-25,0,0.001524,0.0033005,0.3698,-0.0085604
5.525,1.3057,0.005,-0.0049145,-0.0013738,2.141e-25,0,0.0015175,0.0034,0.36379,-0.0085686
5.475,1.3557,0.005,0.0022023,-0.0010797,1.9464e-25,0,0.0015058,0.0034766,0.35872,-0.0085667
5.425,1.4058,0.005,0.0091758,-0.00074896,2.7733e-25,0,0.0014894,0.0035316,0.35461,-0.0085534
5.375,1.4558,0.005,0.01604,-0.00037702,-2.0939e-32,0,0.0014687,0.0035604,0.35149,-0.0085278
5.325,1.5059,0.005,0.022854,4.4556e-05,-5.1236e-26,0,0.0014442,0.003539,0.34936,-0.0084896
5.275,1.5559,0.005,0.029727,0.00052351,3.6641e-26,0,0.0014155,0.0034296,0.34819,-0.0084382
5.225,1.606,0.005,0.036779,0.0010687,-1.3966e-24,0,0.0013823,0.0032673,0.34777,-0.0083731
5.175,1.656,0.005,0.044093,0.0016871,-1.1348e-24,0,0.001344,0.0030734,0.34795,-0.0082931
5.125,1.706,0.005,0.051726,0.0023852,-5.8189e-26,0,0.0013007,0.0028631,0.34859,-0.0081968
5.075,1.7561,0.005,0.059714,0.0031637,1.9716e-24,0,0.0012524,0.002648,0.34958,-0.0080821
5.025,1.8061,0.005,0.068067,0.0040148,-2.8028e-25,0,0.0011997,0.0024386,0.35083,-0.0079464
4.975,1.8562,0.005,0.076766,0.0049238,-2.8485e-24,0,0.0011437,0.0022432,0.35227,-0.0077867
4.925,1.9062,0.005,0.085763,0.0058711,1.2252e-37,0,0.0010856,0.0020664,0.35388,-0.0075998
4.875,1.9563,0.005,0.094991,0.0068314,1.2094e-24,0,0.0010269,0.0019096,0.3557,-0.0073819
4.825,2.0063,0.005,0.10437,0.0077772,3.9325e-27,0,0.00096906,0.001772,0.35785,-0.0071297
4.775,2.0563,0.005,0.11382,0.0086811,4.5482e-24,0,0.00091331,0.0016517,0.36055,-0.0068399
4.725,2.1064,0.005,0.12326,0.0095154,-5.0574e-24,0,0.00086082,0.0015459,0.36421,-0.0065099
4.675,2.1564,0.005,0.13264,0.010252,0,0,0.00081298,0.0014522,0.36956,-0.006138
4.625,2.2065,0.005,0.14192,0.010862,-1.7975e-24,0,0.00077202,0.0013741,0.37805,-0.0057231
4.575,2.2565,0.005,0.15102,0.011316,7.9392e-24,0,0.00074272,0.0013333,0.39296,-0.0052655
4.525,2.3066,0.005,0.15972,0.011583,1.0668e-24,0,0.00073537,0.0013667,0.42252,-0.0047682
4.475,2.3566,0.005,0.16767,0.01162,-3.4384e-24,0,0.00076676,0.0014752,0.47848,-0.0042362
4.425,2.4066,0.005,0.17513,0.011418,-5.1044e-24,0,0.00085763,0.0015071,0.56905,-0.0036607
4.375,2.4567,0.005,0.1828,0.010907,6.8167e-24,0,0.0010486,0.001501,0.69864,-0.0030477
4.325,2.5067,0.005,0.19135,0.010046,3.4985e-24,0,0.0013868,0.0016125,0.86002,-0.002417
4.275,2.5568,0.005,0.20143,0.0088024,1.1232e-24,0,0.0018811,0.001827,1.0296,-0.0017749
4.225,2.6068,0.005,0.21368,0.0072347,-2.4871e-24,0,0.002506,0.002083,1.203,-0.0011227
4.175,2.6569,0.005,0.22871,0.0054513,-7.4819e-24,0,0.0032132,0.0022777,1.4107,-0.00045665
4.125,2.7069,0.005,0.24741,0.003585,4.0611e-24,0,0.0038878,0.0023037,1.6876,0.00023002
4.075,2.7569,0.005,0.27069,0.0018046,0,0,0.0043559,0.0021948,1.9847,0.00093485
4.025,2.807,0.005,0.29859,0.00040897,3.5286e-24,0,0.0044101,0.0019687,2.24,0.001658
3.975,2.86,0.005,0.33142,-0.00051533,-7.8347e-26,0,0.0038166,0.0015916,2.398,0.0023819
3.925,2.916,0.005,0.36469,-0.00047595,-8.9999e-24,0,0.00237,0.00089755,2.6405,0.0031185
3.875,2.972,0.005,0.37039,-2.0241e-05,9.7003e-26,0,0.0022143,0.00029591,7.4829,0.0038419
6.875,0.024,0.005,-0.24404,-0.00017944,0,0,0.001098,0.00017857,6.1488,-0.0034366
6.825,0.072,0.005,-0.25348,-0.00023256,-3.539e-24,0,0.00089266,0.00052529,1.6994,-0.0039027
6.775,0.12,0.005,-0.24873,-0.00088122,-1.3806e-37,0,0.0010355,0.0010484,0.9877,-0.0043088
6.725,0.168,0.005,-0.2417,-0.0012024,4.4933e-37,0,0.0011374,0.0014819,0.76754,-0.0047253
6.675,0.216,0.005,-0.23385,-0.0015538,1.0793e-24,0,0.0011984,0.0017964,0.66709,-0.0051049
6.625,0.264,0.005,-0.22534,-0.0018331,8.6167e-25,0,0.0012322,0.0019266,0.61072,-0.005465
6.575,0.312,0.005,-0.21568,-0.002119,7.4376e-25,0,0.0012452,0.0017121,0.57439,-0.0057989
6.525,0.36,0.005,-0.20453,-0.0024307,2.2193e-24,0,0.0012423,0.0015428,0.54735,-0.0061065
6.475,0.408,0.005,-0.19251,-0.0027066,-2.9817e-24,0,0.0012272,0.0014575,0.52461,-0.0063908
6.425,0.456,0.005,-0.18018,-0.0029341,0,0,0.0012073,0.0014188,0.50519,-0.006652
6.375,0.50502,0.005,-0.16752,-0.00311,-1.3396e-24,0,0.0011893,0.0014018,0.48905,-0.0068922
6.325,0.55506,0.005,-0.15459,-0.0032563,-4.5323e-25,0,0.0011785,0.0014004,0.47614,-0.0071115
6.275,0.60511,0.005,-0.14175,-0.003354,-1.85e-24,0,0.0011785,0.0014198,0.46625,-0.0073114
6.225,0.65515,0.005,-0.12908,-0.0034089,1.0674e-24,0,0.0011908,0.0014648,0.45847,-0.0074917
6.175,0.70519,0.005,-0.11668,-0.0034248,4.0158e-25,0,0.0012152,0.0015397,0.45186,-0.0076538
6.125,0.75523,0.005,-0.10466,-0.0034067,-5.2358e-25,0,0.0012497,0.0016465,0.44556,-0.0077994
6.075,0.80528,0.005,-0.093126,-0.0033616,1.298e-24,0,0.0012911,0.0017842,0.43898,-0.0079296
6.025,0.85532,0.005,-0.082151,-0.0032959,-3.6116e-25,0,0.0013356,0.0019482,0.43181,-0.0080455
5.975,0.90536,0.005,-0.071758,-0.0032137,2.7668e-25,0,0.0013794,0.0021307,0.42406,-0.0081475
5.925,0.9554,0.005,-0.061932,-0.0031159,-6.3834e-25,0,0.0014193,0.0023223,0.41585,-0.0082363
5.875,1.0054,0.005,-0.052625,-0.0030017,-4.5695e-25,0,0.0014534,0.0025138,0.4074,-0.0083125
5.825,1.0555,0.005,-0.043782,-0.0028689,-9.8693e-25,0,0.0014807,0.0026983,0.39891,-0.0083767
5.775,1.1055,0.005,-0.035344,-0.0027152,-4.9433e-25,0,0.0015009,0.0028714,0.39061,-0.0084296
5.725,1.1556,0.005,-0.02726,-0.0025391,-7.0471e-26,0,0.0015142,0.0030306,0.38271,-0.0084719
5.675,1.2056,0.005,-0.019486,-0.0023394,8.6892e-25,0,0.0015211,0.0031738,0.37541,-0.0085041
5.625,1.2557,0.005,-0.011978,-0.0021148,-3.6738e-38,0,0.001522,0.0032982,0.36886,-0.0085265
5.575,1.3057,0.005,-0.0046952,-0.0018646,-7.9128e-25,0,0.0015174,0.0034008,0.36317,-0.0085394
5.525,1.3557,0.005,0.0024057,-0.0015861,-2.4014e-25,0,0.0015076,0.0034808,0.35838,-0.0085424
5.475,1.4058,0.005,0.0093614,-0.0012743,0,0,0.0014931,0.0035398,0.35454,-0.0085346
5.425,1.4558,0.005,0.016205,-0.00092478,2.1236e-25,0,0.0014743,0.0035726,0.35168,-0.008515
5.375,1.5059,0.005,0.022994,-0.00053005,-7.7153e-25,0,0.0014515,0.003555,0.34982,-0.0084833
5.325,1.5559,0.005,0.029839,-8.2642e-05,-3.4941e-26,0,0.0014246,0.0034492,0.3489,-0.0084392
5.275,1.606,0.005,0.03686,0.00042603,-4.8709e-25,0,0.0013931,0.0032899,0.34876,-0.0083822
5.225,1.656,0.005,0.04414,0.0010044,-5.4847e-25,0,0.0013564,0.0030978,0.34923,-0.0083114
5.175,1.706,0.005,0.051739,0.0016572,4.3304e-25,0,0.0013145,0.0028874,0.35017,-0.0082253
5.125,1.7561,0.005,0.059698,0.0023882,-1.0276e-24,0,0.0012673,0.0026715,0.35145,-0.0081222
5.075,1.8061,0.005,0.068032,0.0031926,1.2518e-24,0,0.0012155,0.0024599,0.35298,-0.0079997
5.025,1.8562,0.005,0.076726,0.0040569,-1.8066e-24,0,0.0011599,0.0022611,0.35467,-0.0078551
4.975,1.9062,0.005,0.085737,0.0049618,1.5591e-24,0,0.0011018,0.0020808,0.3565,-0.0076853
4.925,1.9563,0.005,0.094999,0.0058848,-1.3174e-24,0,0.0010427,0.0019207,0.35847,-0.0074869
4.875,2.0063,0.005,0.10443,0.0067997,-8.6613e-26,0,0.00098413,0.0017803,0.3607,-0.0072565
4.825,2.0563,0.005,0.11396,0.00768,2.8374e-24,0,0.00092747,0.0016578,0.36341,-0.006991
4.775,2.1064,0.005,0.12349,0.0084993,-1.374e-24,0,0.00087401,0.0015502,0.36701,-0.0066877
4.725,2.1564,0.005,0.13299,0.0092304,-9.1843e-38,0,0.00082524,0.0014551,0.37224,-0.0063446
4.675,2.2065,0.005,0.1424,0.0098451,-4.774e-25,0,0.0007835,0.0013763,0.38056,-0.0059606
4.625,2.2565,0.005,0.15165,0.010314,-1.7407e-24,0,0.00075369,0.0013348,0.39531,-0.0055356
4.575,2.3066,0.005,0.16052,0.010609,5.2514e-24,0,0.00074629,0.0013661,0.42481,-0.005072
4.525,2.3566,0.005,0.16868,0.01068,-4.9348e-25,0,0.00077817,0.0014734,0.48083,-0.0045749
4.475,2.4066,0.005,0.17635,0.01052,-2.7681e-25,0,0.00086936,0.0015233,0.57073,-0.0040353
4.425,2.4567,0.005,0.18427,0.010068,-3.167e-24,0,0.0010582,0.001516,0.69803,-0.0034575
4.375,2.5067,0.005,0.19311,0.0092826,-3.2636e-24,0,0.0013902,0.0016243,0.85587,-0.0028604
4.325,2.5568,0.005,0.20345,0.0081334,7.615e-24,0,0.0018728,0.0018337,1.0213,-0.0022501
4.275,2.6068,0.005,0.21586,0.0066751,9.0597e-25,0,0.0024815,0.0020832,1.1912,-0.0016279
4.225,2.6569,0.005,0.23092,0.0050085,-3.1679e-24,0,0.0031683,0.0022701,1.3957,-0.00099064
4.175,2.7069,0.005,0.24951,0.0032591,-6.921e-25,0,0.0038211,0.0022936,1.666,-0.00033248
4.125,2.7569,0.005,0.27246,0.0015869,-6.1673e-25,0,0.0042736,0.0021861,1.9549,0.00034444
4.075,2.807,0.005,0.29983,0.00027252,2.9226e-24,0,0.0043276,0.0019624,2.2052,0.0010398
4.025,2.86,0.005,0.33194,-0.00059587,6.7517e-38,0,0.0037586,0.001587,2.3684,0.0017383
3.975,2.916,0.005,0.3645,-0.0005557,-2.3617e-40,0,0.002361,0.0008958,2.6357,0.0024475
3.925,2.972,0.005,0.37018,-5.5243e-05,9.8445e-24,0,0.0022137,0.00029587,7.4819,0.0031475
6.925,0.024,0.005,-0.24379,-0.00027523,0,0,0.0010944,0.00017828,6.1388,-0.003006
6.875,0.072,0.005,-0.25275,-0.00034707,0,0,0.00090449,0.00053322,1.6963,-0.0035175
6.825,0.12,0.005,-0.24802,-0.001122,-5.9649e-24,0,0.0010486,0.0010605,0.9888,-0.0039557
6.775,0.168,0.005,-0.24099,-0.0014932,-3.6568e-24,0,0.0011482,0.0014925,0.76932,-0.004407
6.725,0.216,0.005,-0.23315,-0.0019014,1.4508e-24,0,0.0012059,0.0018036,0.66863,-0.0048177
6.675,0.264,0.005,-0.22462,-0.0022238,7.5943e-25,0,0.0012361,0.0019129,0.61148,-0.0052071
6.625,0.312,0.005,-0.2149,-0.0025485,1.597e-24,0,0.0012452,0.001699,0.57401,-0.0055675
6.575,0.36,0.005,-0.20374,-0.0028882,-3.1174e-24,0,0.0012384,0.0015338,0.5457,-0.0058991
6.525,0.408,0.005,-0.19175,-0.0031844,1.4789e-24,0,0.0012199,0.0014501,0.52189,-0.0062052
6.475,0.456,0.005,-0.17948,-0.0034167,-1.726e-24,0,0.0011974,0.0014105,0.5017,-0.0064854
6.425,0.50502,0.005,-0.16685,-0.0036091,-8.2242e-25,0,0.0011774,0.0013917,0.48504,-0.0067433
6.375,0.55506,0.005,-0.15399,-0.0037485,2.0922e-24,0,0.0011647,0.0013889,0.47171,-0.0069786
6.325,0.60511,0.005,-0.14119,-0.0038476,-7.4701e-25,0,0.001163,0.001406,0.46147,-0.0071903
6.275,0.65515,0.005,-0.12856,-0.0038986,-1.1554e-24,0,0.0011739,0.0014493,0.45347,-0.0073822
6.225,0.70519,0.005,-0.1162,-0.0039085,6.199e-25,0,0.001197,0.0015223,0.44677,-0.0075543
6.175,0.75523,0.005,-0.10422,-0.0038833,1.5426e-24,0,0.0012308,0.0016273,0.44054,-0.0077083
6.125,0.80528,0.005,-0.092718,-0.0038302,-4.5923e-25,0,0.0012721,0.0017636,0.43416,-0.007846
6.075,0.85532,0.005,-0.081769,-0.0037565,-1.2147e-24,0,0.0013171,0.0019269,0.42733,-0.0079684
6.025,0.90536,0.005,-0.071398,-0.0036672,1.0496e-24,0,0.0013621,0.0021097,0.41999,-0.0080764
5.975,0.9554,0.005,-0.061592,-0.0035641,4.9294e-25,0,0.0014037,0.0023027,0.41226,-0.0081707
5.925,1.0054,0.005,-0.052305,-0.0034464,5.0452e-25,0,0.0014398,0.0024966,0.40429,-0.008252
5.875,1.0555,0.005,-0.043482,-0.0033121,-1.9605e-38,0,0.0014693,0.002684,0.39628,-0.0083209
5.825,1.1055,0.005,-0.035064,-0.0031592,-1.0189e-24,0,0.0014918,0.0028603,0.38845,-0.0083783
5.775,1.1556,0.005,-0.026999,-0.002986,4.6019e-25,0,0.0015073,0.0030226,0.38098,-0.0084248
5.725,1.2056,0.005,-0.019243,-0.0027913,1.2329e-25,0,0.0015163,0.0031687,0.37407,-0.0084613
5.675,1.2557,0.005,-0.011752,-0.0025742,5.4185e-25,0,0.0015192,0.0032959,0.36788,-0.008488
5.625,1.3057,0.005,-0.0044846,-0.0023339,6.6044e-25,0,0.0015166,0.0034015,0.3625,-0.0085054
5.575,1.3557,0.005,0.0026002,-0.0020679,-5.6541e-25,0,0.0015087,0.0034849,0.35801,-0.0085132
5.525,1.4058,0.005,0.0095384,-0.001772,-2.9752e-25,0,0.0014961,0.0035476,0.35445,-0.0085105
5.475,1.4558,0.005,0.016362,-0.0014419,-3.3689e-25,0,0.0014791,0.0035843,0.35186,-0.0084966
5.425,1.5059,0.005,0.023128,-0.0010707,4.9974e-25,0,0.0014582,0.0035706,0.35026,-0.0084712
5.375,1.5559,0.005,0.029947,-0.00065145,4.9058e-25,0,0.0014331,0.0034685,0.34961,-0.0084339
5.325,1.606,0.005,0.036938,-0.00017562,-9.5488e-25,0,0.0014032,0.0033123,0.34974,-0.0083845
5.275,1.656,0.005,0.044184,0.00036543,-5.8136e-40,0,0.0013682,0.0031225,0.35049,-0.0083221
5.225,1.706,0.005,0.051749,0.0009785,1.0501e-24,0,0.0013277,0.0029128,0.35172,-0.0082456
5.175,1.7561,0.005,0.059676,0.0016649,8.6008e-25,0,0.0012818,0.0026956,0.3533,-0.0081532
5.125,1.8061,0.005,0.067986,0.0024246,2.2856e-24,0,0.0012308,0.0024821,0.35513,-0.008043
5.075,1.8562,0.005,0.076671,0.0032464,-1.3619e-24,0,0.0011758,0.0022804,0.35709,-0.0079124
5.025,1.9062,0.005,0.085691,0.0041119,-6.6159e-25,0,0.0011178,0.0020965,0.35915,-0.0077586
4.975,1.9563,0.005,0.094981,0.0049987,1.086e-24,0,0.0010584,0.0019331,0.36131,-0.0075783
4.925,2.0063,0.005,0.10446,0.0058832,1.2064e-24,0,0.00099916,0.0017898,0.36365,-0.0073682
4.875,2.0563,0.005,0.11405,0.0067398,2.3481e-38,0,0.00094164,0.0016648,0.3664,-0.0071254
4.825,2.1064,0.005,0.12368,0.0075429,-1.385e-24,0,0.00088726,0.0015552,0.36997,-0.0068471
4.775,2.1564,0.005,0.13328,0.0082663,1.7362e-24,0,0.00083761,0.0014586,0.37511,-0.0065314
4.725,2.2065,0.005,0.14281,0.0088828,1.2529e-24,0,0.00079514,0.0013788,0.3833,-0.0061766
4.675,2.2565,0.005,0.1522,0.009364,-6.6618e-24,0,0.00076492,0.0013364,0.39793,-0.0057827
4.625,2.3066,0.005,0.16124,0.0096824,3.2291e-24,0,0.00075761,0.0013656,0.42744,-0.0053514
4.575,2.3566,0.005,0.1696,0.0097824,-1.5568e-24,0,0.00079022,0.0014715,0.48357,-0.004888
4.525,2.4066,0.005,0.1775,0.0096602,-1.5441e-24,0,0.00088204,0.00154,0.57274,-0.0043835
4.475,2.4567,0.005,0.18566,0.0092591,-5.8688e-24,0,0.0010691,0.0015323,0.69767,-0.00384
4.425,2.5067,0.005,0.19477,0.0085431,2.572e-24,0,0.0013952,0.0016377,0.85189,-0.0032759
4.375,2.5568,0.005,0.20535,0.0074813,1.0755e-24,0,0.0018663,0.001842,1.0132,-0.002697
4.325,2.6068,0.005,0.21791,0.0061255,3.9004e-24,0,0.0024593,0.0020846,1.1797,-0.0021047
4.275,2.6569,0.005,0.23302,0.0045695,-7.7032e-25,0,0.003126,0.0022632,1.3812,-0.0014964
4.225,2.7069,0.005,0.25149,0.0029316,-4.4003e-24,0,0.0037572,0.0022839,1.645,-0.00086702
4.175,2.7569,0.005,0.27415,0.0013638,3.7125e-24,0,0.004194,0.0021772,1.9263,-0.00021844
4.125,2.807,0.005,0.301,0.00012936,3.9406e-25,0,0.0042467,0.0019555,2.1717,0.00044861
4.075,2.86,0.005,0.33242,-0.00068126,-3.882e-24,0,0.0037002,0.0015816,2.3395,0.0011207
4.025,2.916,0.005,0.3643,-0.00063589,4.1746e-24,0,0.0023502,0.00089332,2.6309,0.0018017
3.975,2.972,0.005,0.36991,-8.954e-05,-1.0087e-25,0,0.0022127,0.00029581,7.4801,0.0024769
6.975,0.024,0.005,-0.24343,-0.00037569,4.2085e-24,0,0.0010903,0.00017795,6.1273,-0.0025382
6.925,0.072,0.005,-0.25199,-0.00047687,2.2245e-24,0,0.00091654,0.00054137,1.693,-0.0030927
6.875,0.12,0.005,-0.24721,-0.0013691,3.5821e-24,0,0.001062,0.0010727,0.99001,-0.0035715
6.825,0.168,0.005,-0.2402,-0.0018064,-4.7668e-24,0,0.0011591,0.001503,0.77122,-0.0040623
6.775,0.216,0.005,-0.23237,-0.0022756,0,0,0.0012136,0.0018105,0.67028,-0.004507
6.725,0.264,0.005,-0.22382,-0.0026444,-1.8473e-24,0,0.00124,0.0018998,0.61229,-0.004928
6.675,0.312,0.005,-0.21407,-0.0030086,8.5933e-25,0,0.0012452,0.0016871,0.57363,-0.005317
6.625,0.36,0.005,-0.20289,-0.0033775,3.4926e-24,0,0.0012345,0.001526,0.54403,-0.0056747
6.575,0.408,0.005,-0.19095,-0.0036895,-1.6025e-24,0,0.0012128,0.0014439,0.51916,-0.0060044
6.525,0.456,0.005,-0.17873,-0.0039333,-2.4318e-24,0,0.0011878,0.0014036,0.49824,-0.0063059
6.475,0.50502,0.005,-0.16617,-0.0041232,3.8734e-24,0,0.0011657,0.0013827,0.48105,-0.0065821
6.425,0.55506,0.005,-0.15334,-0.0042746,-8.4018e-25,0,0.0011512,0.0013781,0.46729,-0.0068345
6.375,0.60511,0.005,-0.14061,-0.0043608,5.3209e-25,0,0.0011479,0.0013938,0.4567,-0.0070613
6.325,0.65515,0.005,-0.12802,-0.0044078,-1.2409e-24,0,0.0011572,0.0014348,0.44844,-0.0072643
6.275,0.70519,0.005,-0.11571,-0.0044088,-1.1626e-24,0,0.001179,0.001506,0.44163,-0.0074474
6.225,0.75523,0.005,-0.10377,-0.0043734,5.6668e-25,0,0.0012119,0.0016089,0.43544,-0.0076108
6.175,0.80528,0.005,-0.092309,-0.0043095,-5.1402e-25,0,0.0012529,0.0017435,0.42927,-0.0077564
6.125,0.85532,0.005,-0.081388,-0.0042249,3.8603e-25,0,0.0012983,0.0019059,0.42276,-0.0078859
6.075,0.90536,0.005,-0.071041,-0.0041256,-1.1191e-24,0,0.0013443,0.0020888,0.41583,-0.0080002
6.025,0.9554,0.005,-0.061256,-0.0040142,1.493e-24,0,0.0013874,0.002283,0.40856,-0.0081003
5.975,1.0054,0.005,-0.05199,-0.0038903,4.9782e-34,0,0.0014255,0.0024791,0.40108,-0.0081868
5.925,1.0555,0.005,-0.043187,-0.0037518,-2.1454e-38,0,0.0014572,0.0026694,0.39357,-0.0082606
5.875,1.1055,0.005,-0.03479,-0.0035968,1.4883e-26,0,0.0014818,0.0028489,0.3862,-0.0083225
5.825,1.1556,0.005,-0.026745,-0.0034235,5.0142e-25,0,0.0014996,0.0030144,0.37917,-0.0083734
5.775,1.2056,0.005,-0.019007,-0.003231,1.2416e-25,0,0.0015107,0.0031635,0.37266,-0.0084141
5.725,1.2557,0.005,-0.011533,-0.0030183,1.7035e-25,0,0.0015157,0.0032936,0.36683,-0.0084451
5.675,1.3057,0.005,-0.0042824,-0.002785,1.1112e-24,0,0.0015151,0.0034022,0.36179,-0.0084668
5.625,1.3557,0.005,0.0027865,-0.0025286,5.7934e-25,0,0.0015092,0.0034888,0.3576,-0.0084792
5.575,1.4058,0.005,0.0097074,-0.0022455,2.5177e-26,0,0.0014984,0.0035552,0.35433,-0.0084814
5.525,1.4558,0.005,0.016512,-0.0019319,0,0,0.0014833,0.0035956,0.35201,-0.0084729
5.475,1.5059,0.005,0.023256,-0.0015811,-1.664e-25,0,0.0014642,0.0035858,0.35068,-0.0084534
5.425,1.5559,0.005,0.030049,-0.0011867,1.1548e-25,0,0.0014408,0.0034874,0.3503,-0.0084227
5.375,1.606,0.005,0.037011,-0.00074021,-3.0128e-40,0,0.0014127,0.0033345,0.35071,-0.0083804
5.325,1.656,0.005,0.044224,-0.00023297,-5.1098e-25,0,0.0013793,0.0031471,0.35174,-0.0083259
5.275,1.706,0.005,0.051754,0.00034249,0,0,0.0013403,0.0029388,0.35326,-0.0082582
5.225,1.7561,0.005,0.059649,0.00099038,1.2977e-24,0,0.0012957,0.0027209,0.35515,-0.0081758
5.175,1.8061,0.005,0.067933,0.0017072,-5.5312e-25,0,0.0012457,0.002505,0.35727,-0.0080769
5.125,1.8562,0.005,0.076604,0.0024883,1.641e-32,0,0.0011913,0.0023008,0.35952,-0.0079594
5.075,1.9062,0.005,0.085627,0.0033162,-5.5116e-25,0,0.0011335,0.0021136,0.36184,-0.0078203
5.025,1.9563,0.005,0.094939,0.0041693,1.0306e-24,0,0.0010739,0.0019467,0.3642,-0.0076568
4.975,2.0063,0.005,0.10446,0.0050241,1.3807e-24,0,0.0010141,0.0018004,0.36668,-0.0074657
4.925,2.0563,0.005,0.11411,0.0058571,-9.6326e-25,0,0.00095581,0.0016728,0.3695,-0.0072441
4.875,2.1064,0.005,0.12382,0.0066434,0,0,0.00090056,0.001561,0.37307,-0.0069894
4.825,2.1564,0.005,0.13351,0.0073576,-2.5773e-38,0,0.00085007,0.0014626,0.37815,-0.0066993
4.775,2.2065,0.005,0.14316,0.0079735,4.8676e-24,0,0.00080694,0.0013817,0.38626,-0.0063723
4.725,2.2565,0.005,0.15269,0.0084635,-2.0226e-24,0,0.00077639,0.0013382,0.40082,-0.0060079
4.675,2.3066,0.005,0.16189,0.0088007,-4.4216e-24,0,0.0007693,0.0013652,0.43038,-0.0056076
4.625,2.3566,0.005,0.17046,0.0089284,-1.9772e-37,0,0.00080287,0.0014697,0.48665,-0.0051763
4.575,2.4066,0.005,0.17856,0.0088386,-2.9339e-24,0,0.0008956,0.0015574,0.57504,-0.0047059
4.525,2.4567,0.005,0.18695,0.0084823,4.1201e-24,0,0.001081,0.0015498,0.69752,-0.004196
4.475,2.5067,0.005,0.19632,0.0078283,1.2423e-24,0,0.0014015,0.0016526,0.84803,-0.0036641
4.425,2.5568,0.005,0.20714,0.0068472,-5.671e-24,0,0.0018615,0.0018518,1.0052,-0.0031162
4.375,2.6068,0.005,0.21985,0.0055875,8.7992e-25,0,0.0024391,0.0020874,1.1685,-0.0025535
4.325,2.6569,0.005,0.235,0.0041361,5.6238e-24,0,0.003086,0.0022571,1.3673,-0.0019741
4.275,2.7069,0.005,0.25337,0.0026044,-1.3593e-24,0,0.003696,0.0022747,1.6248,-0.0013737
4.225,2.7569,0.005,0.27575,0.001137,1.2076e-32,0,0.0041171,0.0021684,1.8987,-0.00075372
4.175,2.807,0.005,0.30212,-1.8947e-05,-2.6188e-24,0,0.0041675,0.001948,2.1394,-0.00011544
4.125,2.86,0.005,0.33288,-0.00077071,-6.9424e-24,0,0.0036418,0.0015756,2.3114,0.0005296
4.075,2.916,0.005,0.36408,-0.00071578,2.1115e-25,0,0.0023377,0.00089018,2.6261,0.0011819
4.025,2.972,0.005,0.3696,-0.00012537,-4.5733e-24,0,0.0022113,0.00029572,7.4777,0.001831
7.025,0.024,0.005,-0.24293,-0.00048472,-9.3981e-40,0,0.0010857,0.00017757,6.1144,-0.0020309
6.975,0.072,0.005,-0.25109,-0.00063195,2.3699e-24,0,0.00092888,0.00054975,1.6896,-0.0026345
6.925,0.12,0.005,-0.24629,-0.0016369,5.4924e-24,0,0.0010756,0.001085,0.99135,-0.0031533
6.875,0.168,0.005,-0.23931,-0.0021421,8.7848e-25,0,0.0011702,0.0015133,0.77326,-0.0036879
6.825,0.216,0.005,-0.2315,-0.0026782,-4.4404e-24,0,0.0012212,0.0018173,0.67202,-0.0041707
6.775,0.264,0.005,-0.22294,-0.003097,8.8468e-25,0,0.0012439,0.0018871,0.61315,-0.0046258
6.725,0.312,0.005,-0.21316,-0.0035031,-6.8962e-38,0,0.0012452,0.0016762,0.57327,-0.0050459
6.675,0.36,0.005,-0.20199,-0.0039004,3.6675e-24,0,0.0012306,0.0015194,0.54237,-0.005432
6.625,0.408,0.005,-0.19009,-0.0042294,-9.9243e-25,0,0.0012058,0.0014389,0.51645,-0.0057876
6.575,0.456,0.005,-0.17794,-0.004479,-2.5803e-24,0,0.0011784,0.0013977,0.49481,-0.006112
6.525,0.50502,0.005,-0.16544,-0.0046746,0,0,0.0011544,0.0013751,0.47711,-0.006409
6.475,0.55506,0.005,-0.15268,-0.0048168,8.9517e-25,0,0.0011382,0.0013683,0.46289,-0.006679
6.425,0.60511,0.005,-0.14,-0.0049094,-1.4291e-24,0,0.0011332,0.0013824,0.45193,-0.006922
6.375,0.65515,0.005,-0.12748,-0.0049379,0,0,0.0011408,0.0014219,0.44339,-0.0071391
6.325,0.70519,0.005,-0.11522,-0.0049296,-6.8644e-25,0,0.0011613,0.0014905,0.43645,-0.0073327
6.275,0.75523,0.005,-0.10333,-0.0048808,5.6233e-25,0,0.0011931,0.0015915,0.43029,-0.0075064
6.225,0.80528,0.005,-0.091898,-0.0048029,2.1301e-24,0,0.0012337,0.0017241,0.4243,-0.0076608
6.175,0.85532,0.005,-0.081008,-0.0047045,-4.0375e-25,0,0.0012793,0.0018853,0.4181,-0.0077978
6.125,0.90536,0.005,-0.070686,-0.0045921,1.7059e-38,0,0.001326,0.002068,0.41157,-0.0079188
6.075,0.9554,0.005,-0.060924,-0.0044692,4.3176e-34,0,0.0013706,0.0022631,0.40477,-0.0080249
6.025,1.0054,0.005,-0.051679,-0.0043361,-2.6228e-25,0,0.0014106,0.0024612,0.39778,-0.0081169
5.975,1.0555,0.005,-0.042898,-0.0041908,1.3679e-24,0,0.0014443,0.0026544,0.39076,-0.0081957
5.925,1.1055,0.005,-0.034522,-0.004031,-1.2845e-26,0,0.0014712,0.0028372,0.38387,-0.0082624
5.875,1.1556,0.005,-0.026497,-0.003855,-5.4212e-25,0,0.0014911,0.003006,0.37729,-0.0083178
5.825,1.2056,0.005,-0.018778,-0.0036618,-9.8811e-25,0,0.0015044,0.0031582,0.37119,-0.0083627
5.775,1.2557,0.005,-0.011323,-0.0034507,1.2466e-41,0,0.0015115,0.0032913,0.36574,-0.0083979
5.725,1.3057,0.005,-0.0040881,-0.0032214,-1.9533e-25,0,0.0015129,0.0034028,0.36103,-0.0084239
5.675,1.3557,0.005,0.0029648,-0.0029716,2.1347e-25,0,0.0015089,0.0034926,0.35716,-0.0084407
5.625,1.4058,0.005,0.0098688,-0.0026984,2.9032e-25,0,0.0015,0.0035624,0.35418,-0.0084477
5.575,1.4558,0.005,0.016655,-0.0023982,0,0,0.0014868,0.0036065,0.35214,-0.0084443
5.525,1.5059,0.005,0.023378,-0.0020648,2.0738e-25,0,0.0014695,0.0036004,0.35108,-0.0084303
5.475,1.5559,0.005,0.030147,-0.001692,2.4245e-25,0,0.0014479,0.0035059,0.35098,-0.0084057
5.425,1.606,0.005,0.037081,-0.0012716,-1.2329e-24,0,0.0014216,0.0033565,0.35166,-0.0083701
5.375,1.656,0.005,0.044262,-0.00079466,-3.5842e-39,0,0.0013898,0.0031718,0.35298,-0.0083231
5.325,1.706,0.005,0.051757,-0.00025343,1.6938e-24,0,0.0013523,0.0029648,0.35478,-0.0082636
5.275,1.7561,0.005,0.059617,0.00035742,1.1518e-24,0,0.001309,0.002747,0.35697,-0.0081905
5.225,1.8061,0.005,0.067873,0.0010379,-1.969e-25,0,0.0012602,0.0025292,0.3594,-0.0081022
5.175,1.8562,0.005,0.076527,0.0017789,3.1258e-25,0,0.0012064,0.0023218,0.36195,-0.0079965
5.125,1.9062,0.005,0.085547,0.002571,-4.4768e-25,0,0.0011489,0.0021318,0.36454,-0.0078713
5.075,1.9563,0.005,0.094876,0.0033918,-6.0337e-25,0,0.0010892,0.0019615,0.36712,-0.0077234
5.025,2.0063,0.005,0.10444,0.0042189,2.168e-24,0,0.001029,0.0018121,0.36977,-0.00755
4.975,2.0563,0.005,0.11414,0.0050285,2.2075e-25,0,0.00096995,0.0016817,0.37268,-0.0073482
4.925,2.1064,0.005,0.12392,0.0057978,-2.4629e-24,0,0.00091388,0.0015676,0.37628,-0.0071155
4.875,2.1564,0.005,0.13371,0.0065019,-1.3928e-24,0,0.0008626,0.0014673,0.38135,-0.0068496
4.825,2.2065,0.005,0.14347,0.0071153,4.5285e-24,0,0.00081887,0.0013851,0.38941,-0.0065489
4.775,2.2565,0.005,0.15313,0.0076114,1.8346e-24,0,0.00078808,0.0013403,0.40396,-0.0062125
4.725,2.3066,0.005,0.16248,0.007963,-2.0181e-24,0,0.00078133,0.0013652,0.4336,-0.0058416
4.675,2.3566,0.005,0.17124,0.0081158,-2.1562e-24,0,0.00081602,0.0014679,0.49,-0.0054405
4.625,2.4066,0.005,0.17955,0.0080559,-5.0925e-24,0,0.00090995,0.0015754,0.5776,-0.0050037
4.575,2.4567,0.005,0.18816,0.0077374,2.4981e-24,0,0.0010941,0.0015685,0.69755,-0.0045264
4.525,2.5067,0.005,0.19779,0.0071389,1.1984e-24,0,0.0014091,0.0016689,0.84428,-0.0040258
4.475,2.5568,0.005,0.20883,0.0062322,-5.913e-25,0,0.0018583,0.0018631,0.9974,-0.0035083
4.425,2.6068,0.005,0.22168,0.0050624,-1.7647e-24,0,0.0024208,0.0020913,1.1576,-0.0029749
4.375,2.6569,0.005,0.23687,0.0037098,7.3697e-39,0,0.0030484,0.0022518,1.3538,-0.0024243
4.325,2.7069,0.005,0.25515,0.0022791,-6.7054e-25,0,0.0036373,0.002266,1.6052,-0.0018528
4.275,2.7569,0.005,0.27726,0.0009082,-2.1876e-24,0,0.0040427,0.0021595,1.872,-0.0012615
4.225,2.807,0.005,0.30317,-0.00017107,-2.4163e-24,0,0.0040901,0.0019401,2.1081,-0.00065216
4.175,2.86,0.005,0.3333,-0.00086347,3.5396e-24,0,0.0035835,0.0015689,2.2841,-3.476e-05
4.125,2.916,0.005,0.36384,-0.00079484,-1.939e-37,0,0.0023236,0.00088642,2.6213,0.00058844
4.075,2.972,0.005,0.36923,-0.00016245,-4.3916e-24,0,0.0022094,0.00029559,7.4745,0.0012106
7.075,0.024,0.005,-0.2423,-0.00060316,-1.9065e-37,0,0.0010806,0.00017715,6.0999,-0.001482
7.025,0.072,0.005,-0.25007,-0.00080005,-4.173e-24,0,0.00094153,0.00055836,1.6862,-0.0021389
6.975,0.12,0.005,-0.24525,-0.0019343,-4.2294e-24,0,0.0010895,0.0010974,0.99283,-0.0027009
6.925,0.168,0.005,-0.23831,-0.0025063,9.3601e-24,0,0.0011814,0.0015235,0.77545,-0.003282
6.875,0.216,0.005,-0.23054,-0.003112,-9.1908e-25,0,0.001229,0.0018237,0.67387,-0.0038062
6.825,0.264,0.005,-0.22198,-0.0035847,-1.2225e-24,0,0.0012477,0.0018749,0.61408,-0.0042987
6.775,0.312,0.005,-0.21217,-0.0040347,-1.0769e-24,0,0.001245,0.0016664,0.57293,-0.0047526
6.725,0.36,0.005,-0.20103,-0.0044615,-1.9872e-24,0,0.0012267,0.001514,0.54073,-0.0051697
6.675,0.408,0.005,-0.18919,-0.0048058,3.7554e-24,0,0.0011989,0.001435,0.51378,-0.0055533
6.625,0.456,0.005,-0.17711,-0.0050627,-1.3337e-24,0,0.0011693,0.001393,0.49143,-0.005903
6.575,0.50502,0.005,-0.16469,-0.0052568,7.0172e-25,0,0.0011435,0.0013686,0.4732,-0.0062223
6.525,0.55506,0.005,-0.15199,-0.0053989,1.6409e-24,0,0.0011255,0.0013602,0.45854,-0.0065123
6.475,0.60511,0.005,-0.13938,-0.0054754,-8.9367e-25,0,0.0011188,0.001372,0.44718,-0.006772
6.425,0.65515,0.005,-0.12691,-0.0055041,0,0,0.0011248,0.0014098,0.43835,-0.0070045
6.375,0.70519,0.005,-0.11472,-0.0054724,2.0608e-24,0,0.0011437,0.0014765,0.43124,-0.0072111
6.325,0.75523,0.005,-0.10287,-0.0054092,-2.4791e-24,0,0.0011745,0.0015748,0.42509,-0.0073948
6.275,0.80528,0.005,-0.091485,-0.0053139,-9.7652e-38,0,0.0012144,0.0017055,0.41926,-0.0075588
6.225,0.85532,0.005,-0.080629,-0.0051985,6.1729e-25,0,0.00126,0.0018651,0.41335,-0.0077039
6.175,0.90536,0.005,-0.070334,-0.0050699,1.2716e-24,0,0.0013074,0.0020473,0.40722,-0.0078321
6.125,0.9554,0.005,-0.060595,-0.0049325,-1.9443e-24,0,0.0013533,0.0022432,0.40088,-0.0079445
6.075,1.0054,0.005,-0.051373,-0.004787,-5.5926e-34,0,0.0013949,0.0024432,0.39439,-0.0080423
6.025,1.0555,0.005,-0.042614,-0.0046319,1.3462e-24,0,0.0014307,0.0026391,0.38787,-0.0081264
5.975,1.1055,0.005,-0.034259,-0.0044647,6.4833e-25,0,0.0014598,0.0028251,0.38146,-0.008198
5.925,1.1556,0.005,-0.026256,-0.0042834,6.2628e-38,0,0.0014819,0.0029973,0.37533,-0.0082579
5.875,1.2056,0.005,-0.018557,-0.0040868,-1.2306e-25,0,0.0014974,0.0031528,0.36966,-0.0083071
5.825,1.2557,0.005,-0.011119,-0.0038744,-4.8774e-25,0,0.0015066,0.0032889,0.36458,-0.0083465
5.775,1.3057,0.005,-0.0039014,-0.0036463,-2.1137e-26,0,0.00151,0.0034033,0.36022,-0.0083767
5.725,1.3557,0.005,0.0031355,-0.0034003,5.4345e-25,0,0.001508,0.0034962,0.35667,-0.0083979
5.675,1.4058,0.005,0.010023,-0.0031339,3.4325e-25,0,0.001501,0.0035694,0.35399,-0.0084094
5.625,1.4558,0.005,0.016791,-0.0028441,-3.2089e-25,0,0.0014896,0.0036169,0.35224,-0.0084108
5.575,1.5059,0.005,0.023495,-0.0025251,-4.917e-25,0,0.0014742,0.0036146,0.35146,-0.0084022
5.525,1.5559,0.005,0.030241,-0.0021708,0,0,0.0014544,0.0035239,0.35163,-0.0083833
5.475,1.606,0.005,0.037148,-0.0017733,-1.0252e-24,0,0.0014298,0.0033781,0.35259,-0.0083541
5.425,1.656,0.005,0.044298,-0.0013235,-5.8522e-25,0,0.0013997,0.0031963,0.35419,-0.008314
5.375,1.706,0.005,0.051758,-0.00081307,5.4086e-39,0,0.0013638,0.0029911,0.35628,-0.0082622
5.325,1.7561,0.005,0.059583,-0.0002361,6.3805e-25,0,0.0013218,0.0027734,0.35876,-0.0081978
5.275,1.8061,0.005,0.067808,0.00040895,1.2224e-25,0,0.0012741,0.0025545,0.3615,-0.0081192
5.225,1.8562,0.005,0.07644,0.0011167,-2.2575e-24,0,0.0012211,0.0023442,0.36436,-0.0080248
5.175,1.9062,0.005,0.085455,0.0018722,3.5207e-25,0,0.0011641,0.0021505,0.36724,-0.0079121
5.125,1.9563,0.005,0.094794,0.002663,9.3189e-25,0,0.0011043,0.0019774,0.37007,-0.0077788
5.075,2.0063,0.005,0.10438,0.0034631,3.7245e-25,0,0.0010437,0.0018248,0.3729,-0.0076218
5.025,2.0563,0.005,0.11414,0.004251,1.9621e-24,0,0.00098404,0.0016916,0.37594,-0.0074385
4.975,2.1064,0.005,0.12398,0.005003,-3.4712e-24,0,0.00092721,0.001575,0.37961,-0.0072264
4.925,2.1564,0.005,0.13385,0.0056965,0,0,0.0008752,0.0014728,0.38469,-0.0069832
4.875,2.2065,0.005,0.14372,0.006306,-1.3791e-24,0,0.00083092,0.0013891,0.39275,-0.0067072
4.825,2.2565,0.005,0.1535,0.0068062,4.9673e-24,0,0.00079996,0.0013428,0.40731,-0.0063974
4.775,2.3066,0.005,0.163,0.0071688,4.385e-25,0,0.00079366,0.0013654,0.43706,-0.0060547
4.725,2.3566,0.005,0.17195,0.0073451,-2.663e-24,0,0.00082954,0.0014661,0.49355,-0.0056821
4.675,2.4066,0.005,0.18047,0.0073071,-1.309e-24,0,0.00092494,0.0015937,0.58038,-0.0052776
4.625,2.4567,0.005,0.1893,0.0070251,-1.0117e-24,0,0.0011081,0.0015881,0.69773,-0.0048323
4.575,2.5067,0.005,0.19916,0.0064752,1.1545e-24,0,0.0014178,0.0016866,0.8406,-0.004362
4.525,2.5568,0.005,0.21041,0.005637,3.4338e-24,0,0.0018564,0.0018758,0.98969,-0.0038741
4.475,2.6068,0.005,0.22341,0.0045513,-1.602e-24,0,0.0024043,0.0020963,1.1469,-0.0033695
4.425,2.6569,0.005,0.23863,0.0032918,-5.6803e-24,0,0.0030129,0.0022472,1.3407,-0.0028474
4.375,2.7069,0.005,0.25683,0.0019572,2.5348e-24,0,0.0035812,0.0022577,1.5862,-0.0023045
4.325,2.7569,0.005,0.27868,0.00067877,0,0,0.0039708,0.0021507,1.8463,-0.001742
4.275,2.807,0.005,0.30416,-0.0003256,5.2971e-26,0,0.0040145,0.0019319,2.078,-0.0011617
4.225,2.86,0.005,0.33368,-0.00095882,3.3318e-24,0,0.0035253,0.0015616,2.2575,-0.00057219
4.175,2.916,0.005,0.36358,-0.00087282,-9.256e-38,0,0.0023079,0.0008821,2.6164,2.1768e-05
4.125,2.972,0.005,0.36881,-0.00020036,-4.1591e-24,0,0.0022071,0.00029544,7.4706,0.00061615
7.125,0.024,0.005,-0.24153,-0.00073269,-2.0622e-37,0,0.0010749,0.00017668,6.0839,-0.00088808
7.075,0.072,0.005,-0.24892,-0.00098064,-1.8373e-24,0,0.0009545,0.00056719,1.6829,-0.0016033
7.025,0.12,0.005,-0.2441,-0.0022567,9.2616e-25,0,0.0011037,0.0011098,0.99448,-0.0022116
6.975,0.168,0.005,-0.2372,-0.0029038,-3.0276e-24,0,0.0011927,0.0015334,0.7778,-0.0028425
6.925,0.216,0.005,-0.22948,-0.0035821,6.8217e-24,0,0.0012367,0.0018298,0.67585,-0.0034112
6.875,0.264,0.005,-0.22092,-0.0041109,1.3304e-24,0,0.0012515,0.0018633,0.61509,-0.0039446
6.825,0.312,0.005,-0.21111,-0.0046073,1.0838e-24,0,0.0012448,0.0016575,0.57262,-0.0044352
6.775,0.36,0.005,-0.2,-0.0050639,-3.2857e-24,0,0.0012228,0.0015098,0.53912,-0.0048861
6.725,0.408,0.005,-0.18823,-0.0054238,2.0312e-24,0,0.0011921,0.0014324,0.51117,-0.0053004
6.675,0.456,0.005,-0.17624,-0.0056856,7.6247e-25,0,0.0011604,0.0013895,0.48812,-0.0056775
6.625,0.50502,0.005,-0.16389,-0.00588,-1.1708e-24,0,0.0011328,0.0013634,0.46935,-0.0060214
6.575,0.55506,0.005,-0.15128,-0.0060138,0,0,0.0011132,0.0013531,0.45422,-0.0063329
6.525,0.60511,0.005,-0.13873,-0.0060833,6.9605e-25,0,0.0011048,0.0013635,0.44246,-0.0066116
6.475,0.65515,0.005,-0.12634,-0.0060897,1.545e-24,0,0.0011091,0.0013986,0.43332,-0.0068597
6.425,0.70519,0.005,-0.11419,-0.0060516,-1.4358e-24,0,0.0011265,0.0014635,0.42604,-0.0070809
6.375,0.75523,0.005,-0.10241,-0.0059608,-6.5446e-25,0,0.0011559,0.0015595,0.41986,-0.0072765
6.325,0.80528,0.005,-0.091069,-0.0058466,-1.8785e-24,0,0.0011951,0.0016876,0.41416,-0.0074501
6.275,0.85532,0.005,-0.08025,-0.0057104,4.5122e-25,0,0.0012405,0.0018455,0.40853,-0.0076042
6.225,0.90536,0.005,-0.069985,-0.0055624,-3.4416e-25,0,0.0012884,0.0020269,0.40279,-0.00774
6.175,0.9554,0.005,-0.06027,-0.0054072,6.7228e-25,0,0.0013354,0.0022233,0.3969,-0.0078591
6.125,1.0054,0.005,-0.051071,-0.0052462,1.1305e-24,0,0.0013787,0.0024249,0.3909,-0.007963
6.075,1.0555,0.005,-0.042334,-0.0050782,-3.0713e-24,0,0.0014164,0.0026234,0.38488,-0.0080527
6.025,1.1055,0.005,-0.034002,-0.0049007,1.3569e-24,0,0.0014476,0.0028126,0.37897,-0.0081292
5.975,1.1556,0.005,-0.02602,-0.0047115,6.8987e-25,0,0.001472,0.0029882,0.3733,-0.0081938
5.925,1.2056,0.005,-0.018341,-0.0045089,6.9191e-25,0,0.0014896,0.003147,0.36805,-0.0082474
5.875,1.2557,0.005,-0.010922,-0.0042927,-3.7279e-38,0,0.001501,0.0032863,0.36336,-0.0082911
5.825,1.3057,0.005,-0.0037219,-0.0040629,-1.1768e-24,0,0.0015064,0.0034036,0.35936,-0.0083255
5.775,1.3557,0.005,0.003299,-0.0038179,-1.3665e-24,0,0.0015063,0.0034995,0.35614,-0.0083509
5.725,1.4058,0.005,0.01017,-0.0035555,-6.6184e-25,0,0.0015012,0.003576,0.35377,-0.0083668
5.675,1.4558,0.005,0.016921,-0.0032731,3.1635e-25,0,0.0014917,0.003627,0.35231,-0.0083729
5.625,1.5059,0.005,0.023607,-0.0029654,-6.68e-26,0,0.0014781,0.0036282,0.35181,-0.0083693
5.575,1.5559,0.005,0.030331,-0.0026266,-2.3962e-25,0,0.0014602,0.0035414,0.35226,-0.0083558
5.525,1.606,0.005,0.037212,-0.0022488,0,0,0.0014373,0.0033993,0.3535,-0.0083325
5.475,1.656,0.005,0.044331,-0.0018229,2.9615e-25,0,0.001409,0.0032208,0.35538,-0.008299
5.425,1.706,0.005,0.051757,-0.0013402,1.6626e-24,0,0.0013746,0.0030176,0.35776,-0.0082545
5.375,1.7561,0.005,0.059546,-0.00079391,-1.8863e-39,0,0.0013341,0.0028003,0.36053,-0.0081981
5.325,1.8061,0.005,0.067738,-0.00018148,-4.9095e-25,0,0.0012875,0.0025802,0.36357,-0.0081286
5.275,1.8562,0.005,0.076347,0.00049341,-1.4449e-24,0,0.0012355,0.0023677,0.36674,-0.0080445
5.225,1.9062,0.005,0.08535,0.0012198,2.6311e-25,0,0.0011789,0.0021706,0.36992,-0.0079437
5.175,1.9563,0.005,0.094696,0.001978,-1.3831e-24,0,0.0011192,0.0019939,0.37302,-0.0078236
5.125,2.0063,0.005,0.10431,0.002754,-8.7026e-25,0,0.0010583,0.0018385,0.37607,-0.007682
5.075,2.0563,0.005,0.11411,0.0035202,2.1315e-24,0,0.00099807,0.0017023,0.37926,-0.0075159
5.025,2.1064,0.005,0.12401,0.0042563,-1.4234e-24,0,0.00094053,0.0015832,0.38302,-0.0073231
4.975,2.1564,0.005,0.13396,0.0049382,-4.4074e-38,0,0.00088784,0.0014788,0.38815,-0.0071011
4.925,2.2065,0.005,0.14392,0.0055434,1.9012e-26,0,0.00084308,0.0013936,0.39624,-0.0068484
4.875,2.2565,0.005,0.15382,0.0060459,-1.3438e-24,0,0.00081204,0.0013458,0.41087,-0.0065637
4.825,2.3066,0.005,0.16347,0.0064175,3.3188e-24,0,0.00080627,0.001366,0.44076,-0.0062477
4.775,2.3566,0.005,0.1726,0.0066137,-7.3088e-25,0,0.00084342,0.0014644,0.49729,-0.0059027
4.725,2.4066,0.005,0.18133,0.0065922,-1.7674e-24,0,0.00094041,0.001593,0.58332,-0.0055287
4.675,2.4567,0.005,0.19037,0.0063449,7.4589e-38,0,0.001123,0.0016088,0.69804,-0.0051151
4.625,2.5067,0.005,0.20046,0.0058374,-2.2082e-24,0,0.0014275,0.0017056,0.83697,-0.0046734
4.575,2.5568,0.005,0.21191,0.0050623,5.4732e-24,0,0.0018559,0.0018897,0.98209,-0.0042143
4.525,2.6068,0.005,0.22503,0.004055,3.1009e-24,0,0.0023894,0.0021023,1.1365,-0.0037379
4.475,2.6569,0.005,0.24029,0.0028834,-3.0316e-24,0,0.0029794,0.0022434,1.3281,-0.0032439
4.425,2.7069,0.005,0.25841,0.0016401,-1.2945e-24,0,0.0035273,0.0022498,1.5678,-0.0027295
4.375,2.7569,0.005,0.28002,0.00045011,1.9005e-24,0,0.0039013,0.0021419,1.8214,-0.0021956
4.325,2.807,0.005,0.30508,-0.00048154,4.7879e-24,0,0.0039407,0.0019233,2.0489,-0.0016441
4.275,2.86,0.005,0.33403,-0.0010558,3.1266e-24,0,0.0034676,0.0015538,2.2316,-0.0010828
4.225,2.916,0.005,0.36329,-0.00094938,-3.4869e-24,0,0.0022909,0.00087727,2.6114,-0.00051798
4.175,2.972,0.005,0.36833,-0.00023873,4.0651e-24,0,0.0022043,0.00029525,7.4658,4.8135e-05
7.175,0.024,0.005,-0.24059,-0.0008731,2.2246e-37,0,0.0010688,0.00017617,6.0665,-0.00024609
7.125,0.072,0.005,-0.24761,-0.0011774,1.0207e-24,0,0.0009678,0.00057625,1.6795,-0.0010242
7.075,0.12,0.005,-0.24281,-0.0026079,-5.9801e-24,0,0.001118,0.0011222,0.99632,-0.0016826
7.025,0.168,0.005,-0.23597,-0.0033361,1.1574e-24,0,0.0012041,0.0015431,0.78035,-0.002367
6.975,0.216,0.005,-0.2283,-0.0040924,-1.7353e-24,0,0.0012444,0.0018355,0.67797,-0.0029837
6.925,0.264,0.005,-0.21977,-0.0046803,3.6949e-24,0,0.0012552,0.0018524,0.61618,-0.0035611
6.875,0.312,0.005,-0.20995,-0.005225,1.1755e-24,0,0.0012444,0.0016497,0.57237,-0.0040919
6.825,0.36,0.005,-0.19889,-0.0057123,-2.3323e-24,0,0.0012189,0.0015069,0.53757,-0.0045796
6.775,0.408,0.005,-0.18722,-0.0060873,-4.6945e-24,0,0.0011855,0.001431,0.50862,-0.0050272
6.725,0.456,0.005,-0.17532,-0.0063538,2.0603e-24,0,0.0011518,0.0013872,0.48488,-0.0054343
6.675,0.50502,0.005,-0.16306,-0.0065454,-2.0348e-24,0,0.0011226,0.0013593,0.46558,-0.0058049
6.625,0.55506,0.005,-0.15053,-0.0066726,2.2161e-24,0,0.0011012,0.0013474,0.44997,-0.0061402
6.575,0.60511,0.005,-0.13806,-0.0067262,-1.7786e-24,0,0.0010911,0.0013559,0.43779,-0.0064393
6.525,0.65515,0.005,-0.12574,-0.0067183,-4.2099e-38,0,0.0010938,0.0013894,0.42832,-0.0067054
6.475,0.70519,0.005,-0.11367,-0.0066526,-8.3035e-25,0,0.0011095,0.0014512,0.42083,-0.0069412
6.425,0.75523,0.005,-0.10194,-0.0065486,2.8404e-24,0,0.0011376,0.0015452,0.4146,-0.0071505
6.375,0.80528,0.005,-0.090653,-0.0064034,7.0238e-25,0,0.0011758,0.0016709,0.40901,-0.007335
6.325,0.85532,0.005,-0.07987,-0.0062444,-1.6709e-24,0,0.0012209,0.0018265,0.40364,-0.0074981
6.275,0.90536,0.005,-0.069637,-0.0060732,7.356e-25,0,0.0012691,0.0020069,0.39827,-0.0076423
6.225,0.9554,0.005,-0.059949,-0.0058969,5.2196e-34,0,0.0013171,0.0022034,0.39283,-0.0077687
6.175,1.0054,0.005,-0.050774,-0.005717,-3.2893e-25,0,0.0013619,0.0024065,0.38732,-0.0078789
6.125,1.0555,0.005,-0.042059,-0.0055329,1.5615e-25,0,0.0014015,0.0026075,0.38181,-0.0079744
6.075,1.1055,0.005,-0.03375,-0.0053421,-2.1742e-24,0,0.0014347,0.0027998,0.37639,-0.0080562
6.025,1.1556,0.005,-0.02579,-0.0051421,-6.636e-25,0,0.0014613,0.0029787,0.37119,-0.0081256
5.975,1.2056,0.005,-0.018132,-0.0049311,6.0893e-25,0,0.0014811,0.003141,0.36638,-0.0081837
5.925,1.2557,0.005,-0.010732,-0.0047084,5.6105e-25,0,0.0014946,0.0032834,0.36209,-0.0082316
5.875,1.3057,0.005,-0.0035493,-0.0044744,2.0937e-25,0,0.0015021,0.0034037,0.35845,-0.0082702
5.825,1.3557,0.005,0.0034555,-0.0042275,-9.3491e-25,0,0.0015039,0.0035026,0.35556,-0.0082998
5.775,1.4058,0.005,0.010311,-0.0039663,-5.6146e-25,0,0.0015008,0.0035822,0.3535,-0.00832
5.725,1.4558,0.005,0.017046,-0.0036884,0,0,0.0014932,0.0036366,0.35235,-0.0083306
5.675,1.5059,0.005,0.023713,-0.003389,9.7648e-25,0,0.0014815,0.0036414,0.35213,-0.0083317
5.625,1.5559,0.005,0.030417,-0.0030626,2.7612e-25,0,0.0014653,0.0035584,0.35286,-0.0083235
5.575,1.606,0.005,0.037273,-0.0027015,-1.3032e-24,0,0.0014443,0.0034202,0.35438,-0.0083058
5.525,1.656,0.005,0.044363,-0.0022964,-5.0362e-38,0,0.0014176,0.003245,0.35654,-0.0082784
5.475,1.706,0.005,0.051755,-0.0018383,5.083e-25,0,0.0013848,0.0030441,0.35921,-0.0082407
5.425,1.7561,0.005,0.059508,-0.0013197,5.6384e-25,0,0.0013458,0.0028276,0.36227,-0.0081918
5.375,1.8061,0.005,0.067665,-0.00073695,1.2524e-24,0,0.0013005,0.0026065,0.3656,-0.0081307
5.325,1.8562,0.005,0.076246,-9.2408e-05,-7.513e-26,0,0.0012493,0.0023917,0.36909,-0.0080562
5.275,1.9062,0.005,0.085235,0.00060457,-3.5759e-25,0,0.0011933,0.0021918,0.37258,-0.0079664
5.225,1.9563,0.005,0.094582,0.0013383,-1.6963e-32,0,0.0011338,0.0020115,0.37596,-0.0078588
5.175,2.0063,0.005,0.10421,0.0020861,3.1802e-24,0,0.0010727,0.0018527,0.37925,-0.0077312
5.125,2.0563,0.005,0.11405,0.002834,-2.6256e-24,0,0.001012,0.001714,0.38262,-0.0075813
5.075,2.1064,0.005,0.12401,0.0035533,-6.7077e-25,0,0.00095383,0.001592,0.3865,-0.0074063
5.025,2.1564,0.005,0.13403,0.004225,9.4622e-25,0,0.00090052,0.0014856,0.39172,-0.0072044
4.975,2.2065,0.005,0.14409,0.004824,1.3431e-24,0,0.00085534,0.0013987,0.39988,-0.0069734
4.925,2.2565,0.005,0.1541,0.0053282,-3.9742e-24,0,0.00082428,0.0013495,0.41462,-0.0067124
4.875,2.3066,0.005,0.16389,0.0057073,2.5252e-24,0,0.00081913,0.0013672,0.44464,-0.0064216
4.825,2.3566,0.005,0.1732,0.0059205,-1.2001e-24,0,0.00085764,0.0014628,0.50118,-0.0061031
4.775,2.4066,0.005,0.18213,0.0059147,-2.3314e-24,0,0.00095635,0.0015916,0.58642,-0.0057578
4.725,2.4567,0.005,0.19138,0.0056941,1.9172e-24,0,0.0011387,0.0016303,0.69849,-0.005375
4.675,2.5067,0.005,0.20167,0.0052244,2.0233e-24,0,0.0014382,0.0017257,0.83337,-0.0049611
4.625,2.5568,0.005,0.21331,0.0045084,-6.9944e-38,0,0.0018565,0.0019049,0.97462,-0.0045299
4.575,2.6068,0.005,0.22656,0.0035744,2.9127e-24,0,0.002376,0.0021092,1.1264,-0.004081
4.525,2.6569,0.005,0.24185,0.0024855,1.4415e-24,0,0.0029477,0.0022403,1.3158,-0.0036146
4.475,2.7069,0.005,0.2599,0.0013289,-2.8586e-24,0,0.0034757,0.0022424,1.55,-0.0031282
4.425,2.7569,0.005,0.28128,0.00022326,-1.7627e-24,0,0.003834,0.0021331,1.7974,-0.0026226
4.375,2.807,0.005,0.30595,-0.00063742,3.6302e-25,0,0.0038687,0.0019145,2.0207,-0.0020998
4.325,2.86,0.005,0.33435,-0.0011547,-3.0296e-24,0,0.0034102,0.0015456,2.2064,-0.0015667
4.275,2.916,0.005,0.36297,-0.0010241,-2.8276e-39,0,0.0022726,0.00087199,2.6062,-0.0010308
4.225,2.972,0.005,0.36781,-0.00027723,3.8319e-24,0,0.002201,0.00029503,7.4602,-0.00049324
7.225,0.024,0.005,-0.23948,-0.0010265,6.0511e-25,0,0.0010621,0.00017562,6.0476,0.0004475
7.175,0.072,0.005,-0.24615,-0.0013911,-6.4207e-24,0,0.00098145,0.00058553,1.6762,-0.00039835
7.125,0.12,0.005,-0.24137,-0.0029892,-3.1685e-24,0,0.0011327,0.0011345,0.99837,-0.0011108
7.075,0.168,0.005,-0.23462,-0.0038065,1.2648e-24,0,0.0012156,0.0015524,0.7831,-0.0018527
7.025,0.216,0.005,-0.22701,-0.0046462,-3.0585e-24,0,0.0012521,0.0018407,0.68025,-0.0025211
6.975,0.264,0.005,-0.21851,-0.0052973,-3.1339e-24,0,0.0012587,0.0018419,0.61737,-0.0031462
6.925,0.312,0.005,-0.20871,-0.0058926,1.2772e-24,0,0.001244,0.001643,0.57218,-0.0037205
6.875,0.36,0.005,-0.19772,-0.0064111,3.8575e-24,0,0.001215,0.0015052,0.53608,-0.0042482
6.825,0.408,0.005,-0.18614,-0.0068011,-4.7501e-24,0,0.001179,0.0014309,0.50617,-0.0047322
6.775,0.456,0.005,-0.17435,-0.0070711,-3.5634e-24,0,0.0011435,0.001386,0.48175,-0.0051719
6.725,0.50502,0.005,-0.16219,-0.0072595,2.1949e-24,0,0.0011126,0.0013565,0.46191,-0.0055718
6.675,0.55506,0.005,-0.14974,-0.0073762,0,0,0.0010897,0.001343,0.4458,-0.0059329
6.625,0.60511,0.005,-0.13736,-0.0074153,-1.6972e-37,0,0.0010779,0.0013498,0.43317,-0.0062547
6.575,0.65515,0.005,-0.12513,-0.0073845,-1.7777e-24,0,0.0010788,0.0013812,0.42336,-0.00654
6.525,0.70519,0.005,-0.11313,-0.0072973,2.5389e-24,0,0.0010929,0.001441,0.41565,-0.0067927
6.475,0.75523,0.005,-0.10147,-0.0071611,-7.695e-25,0,0.0011195,0.0015316,0.40934,-0.0070156
6.425,0.80528,0.005,-0.090229,-0.0069961,7.4935e-25,0,0.0011566,0.0016551,0.40383,-0.0072127
6.375,0.85532,0.005,-0.079492,-0.0068033,7.4925e-25,0,0.0012011,0.0018085,0.39869,-0.007386
6.325,0.90536,0.005,-0.069291,-0.0066062,3.9564e-25,0,0.0012496,0.0019873,0.39368,-0.0075387
6.275,0.9554,0.005,-0.059631,-0.006405,-2.0756e-24,0,0.0012983,0.0021836,0.38867,-0.0076729
6.225,1.0054,0.005,-0.05048,-0.006203,-7.5676e-25,0,0.0013445,0.0023879,0.38365,-0.00779
6.175,1.0555,0.005,-0.041789,-0.0059994,1.6968e-24,0,0.0013858,0.0025912,0.37865,-0.0078915
6.125,1.1055,0.005,-0.033502,-0.0057921,-2.1833e-26,0,0.0014211,0.0027866,0.37373,-0.0079788
6.075,1.1556,0.005,-0.025565,-0.0055784,-2.5223e-38,0,0.0014498,0.002969,0.36901,-0.0080532
6.025,1.2056,0.005,-0.017929,-0.0053562,6.4713e-25,0,0.0014718,0.0031345,0.36463,-0.008116
5.975,1.2557,0.005,-0.010549,-0.0051246,0,0,0.0014874,0.0032802,0.36075,-0.0081682
5.925,1.3057,0.005,-0.0033833,-0.0048837,3.464e-25,0,0.001497,0.0034036,0.35748,-0.008211
5.875,1.3557,0.005,0.0036055,-0.0046323,4.9019e-33,0,0.0015009,0.0035054,0.35494,-0.0082447
5.825,1.4058,0.005,0.010446,-0.0043694,2.7781e-25,0,0.0014996,0.0035882,0.3532,-0.0082691
5.775,1.4558,0.005,0.017165,-0.0040932,6.167e-25,0,0.001494,0.0036458,0.35235,-0.0082841
5.725,1.5059,0.005,0.023815,-0.0037991,3.3836e-25,0,0.0014841,0.0036542,0.35242,-0.0082898
5.675,1.5559,0.005,0.0305,-0.0034822,6.214e-25,0,0.0014698,0.0035749,0.35343,-0.0082865
5.625,1.606,0.005,0.037332,-0.0031346,6.8058e-25,0,0.0014505,0.0034406,0.35523,-0.0082742
5.575,1.656,0.005,0.044393,-0.0027472,-4.4451e-38,0,0.0014256,0.003269,0.35767,-0.0082526
5.525,1.706,0.005,0.051751,-0.0023107,0,0,0.0013945,0.0030706,0.36062,-0.0082211
5.475,1.7561,0.005,0.059468,-0.0018169,4.1186e-25,0,0.0013569,0.0028551,0.36397,-0.0081793
5.425,1.8061,0.005,0.06759,-0.001261,-4.6243e-25,0,0.0013129,0.0026333,0.36761,-0.0081261
5.375,1.8562,0.005,0.076141,-0.00064423,6.6921e-25,0,0.0012628,0.0024165,0.3714,-0.0080604
5.325,1.9062,0.005,0.085111,2.557e-05,6.9989e-39,0,0.0012074,0.0022136,0.3752,-0.0079807
5.275,1.9563,0.005,0.094455,0.00073393,0,0,0.0011482,0.0020302,0.37889,-0.0078849
5.225,2.0063,0.005,0.1041,0.0014621,1.4385e-24,0,0.001087,0.0018678,0.38243,-0.0077704
5.175,2.0563,0.005,0.11397,0.0021863,-4.8285e-25,0,0.0010258,0.001726,0.38601,-0.0076352
5.125,2.1064,0.005,0.12398,0.002893,1.044e-24,0,0.00096711,0.0016018,0.39005,-0.0074771
5.075,2.1564,0.005,0.13407,0.0035524,9.1486e-39,0,0.00091323,0.0014928,0.39538,-0.0072937
5.025,2.2065,0.005,0.14421,0.0041467,3.3485e-24,0,0.00086768,0.0014044,0.40365,-0.0070833
4.975,2.2565,0.005,0.15433,0.0046497,-1.1729e-24,0,0.00083667,0.0013535,0.41853,-0.0068444
4.925,2.3066,0.005,0.16425,0.0050356,-2.6667e-24,0,0.00083221,0.0013688,0.44869,-0.0065774
4.875,2.3566,0.005,0.17374,0.0052634,1.8605e-40,0,0.00087216,0.0014615,0.50521,-0.006284
4.825,2.4066,0.005,0.18288,0.0052731,-1.1031e-24,0,0.00097272,0.0015902,0.58962,-0.005966
4.775,2.4567,0.005,0.19233,0.0050731,-6.3037e-25,0,0.0011552,0.0016525,0.69904,-0.0056123
4.725,2.5067,0.005,0.20282,0.004636,2.0653e-24,0,0.0014496,0.0017469,0.8298,-0.0052259
4.675,2.5568,0.005,0.21463,0.0039751,-3.8129e-24,0,0.0018582,0.0019211,0.96727,-0.0048216
4.625,2.6068,0.005,0.22799,0.00311,7.851e-25,0,0.0023639,0.002117,1.1167,-0.0043997
4.575,2.6569,0.005,0.24332,0.002099,3.994e-24,0,0.0029177,0.0022377,1.3039,-0.0039603
4.525,2.7069,0.005,0.26129,0.0010243,-1.2382e-24,0,0.0034262,0.0022355,1.5326,-0.0035013
4.475,2.7569,0.005,0.28246,-5.158e-07,-1.6299e-24,0,0.003769,0.0021243,1.7742,-0.0030235
4.425,2.807,0.005,0.30675,-0.00079249,-4.1688e-24,0,0.0037986,0.0019056,1.9934,-0.0025291
4.375,2.86,0.005,0.33462,-0.0012529,-2.4705e-24,0,0.0033534,0.0015369,2.1819,-0.0020243
4.325,2.916,0.005,0.36263,-0.0010983,3.4756e-24,0,0.0022531,0.0008663,2.6009,-0.0015167
4.275,2.972,0.005,0.36724,-0.0003156,-3.6835e-24,0,0.0021972,0.00029477,7.4537,-0.0010079
7.275,0.024,0.005,-0.23818,-0.0011939,-6.7014e-24,0,0.001055,0.00017504,6.0273,0.0011961
7.225,0.072,0.005,-0.24451,-0.0016239,-6.9776e-24,0,0.00099544,0.00059502,1.6729,0.0002774
7.175,0.12,0.005,-0.23978,-0.0034032,8.0321e-24,0,0.0011475,0.0011468,1.0007,-0.00049287
7.125,0.168,0.005,-0.23312,-0.0043176,-2.4504e-24,0,0.0012272,0.0015612,0.78609,-0.0012967
7.075,0.216,0.005,-0.22559,-0.0052474,-3.312e-24,0,0.0012598,0.0018453,0.68272,-0.0020207
7.025,0.264,0.005,-0.21713,-0.0059662,3.0284e-24,0,0.0012621,0.0018316,0.61868,-0.0026972
6.975,0.312,0.005,-0.20737,-0.0066148,1.3895e-24,0,0.0012434,0.0016374,0.57208,-0.0033188
6.925,0.36,0.005,-0.19646,-0.0071656,1.287e-24,0,0.001211,0.0015048,0.53469,-0.00389
6.875,0.408,0.005,-0.185,-0.0075705,1.0994e-24,0,0.0011727,0.0014321,0.50383,-0.0044136
6.825,0.456,0.005,-0.17332,-0.0078434,-6.1948e-24,0,0.0011354,0.0013862,0.47873,-0.0048889
6.775,0.50502,0.005,-0.16127,-0.0080266,1.3631e-24,0,0.001103,0.001355,0.45834,-0.0053206
6.725,0.55506,0.005,-0.14892,-0.0081319,0,0,0.0010785,0.00134,0.44172,-0.00571
6.675,0.60511,0.005,-0.13663,-0.0081522,2.0562e-24,0,0.0010651,0.0013451,0.42865,-0.0060563
6.625,0.65515,0.005,-0.12449,-0.008099,3.3755e-38,0,0.0010642,0.0013746,0.41846,-0.0063631
6.575,0.70519,0.005,-0.11257,-0.0079822,-2.7266e-24,0,0.0010766,0.0014318,0.4105,-0.0066339
6.525,0.75523,0.005,-0.10098,-0.0078174,-1.1932e-37,0,0.0011016,0.0015201,0.40409,-0.0068725
6.475,0.80528,0.005,-0.089804,-0.0076162,6.9195e-25,0,0.0011374,0.00164,0.39864,-0.0070824
6.425,0.85532,0.005,-0.079111,-0.0073976,5.5531e-25,0,0.0011813,0.0017914,0.3937,-0.0072673
6.375,0.90536,0.005,-0.068948,-0.0071648,-1.2198e-24,0,0.0012297,0.0019685,0.38901,-0.0074294
6.325,0.9554,0.005,-0.059316,-0.0069355,1.1024e-24,0,0.0012791,0.0021641,0.38443,-0.0075717
6.275,1.0054,0.005,-0.050191,-0.0067076,-3.9764e-25,0,0.0013265,0.0023693,0.3799,-0.007696
6.225,1.0555,0.005,-0.041524,-0.0064811,-6.5052e-38,0,0.0013695,0.0025748,0.3754,-0.007804
6.175,1.1055,0.005,-0.03326,-0.006254,1.6546e-24,0,0.0014068,0.0027731,0.37098,-0.007897
6.125,1.1556,0.005,-0.025346,-0.0060234,7.4612e-25,0,0.0014376,0.0029588,0.36675,-0.0079766
6.075,1.2056,0.005,-0.017731,-0.0057872,-1.9471e-24,0,0.0014618,0.0031278,0.36282,-0.0080442
6.025,1.2557,0.005,-0.010371,-0.0055439,1.1239e-38,0,0.0014795,0.0032766,0.35935,-0.0081009
5.975,1.3057,0.005,-0.0032235,-0.0052937,3.839e-25,0,0.0014912,0.003403,0.35646,-0.0081479
5.925,1.3557,0.005,0.0037492,-0.0050352,-5.3389e-25,0,0.001497,0.0035079,0.35426,-0.0081857
5.875,1.4058,0.005,0.010574,-0.004768,2.3956e-38,0,0.0014978,0.0035937,0.35285,-0.0082142
5.825,1.4558,0.005,0.017279,-0.0044905,0,0,0.001494,0.0036545,0.35231,-0.0082335
5.775,1.5059,0.005,0.023913,-0.004199,4.4779e-39,0,0.001486,0.0036664,0.35267,-0.0082437
5.725,1.5559,0.005,0.030579,-0.0038884,2.1859e-26,0,0.0014736,0.0035909,0.35396,-0.0082451
5.675,1.606,0.005,0.037389,-0.0035514,1.244e-25,0,0.0014561,0.0034606,0.35605,-0.0082378
5.625,1.656,0.005,0.044422,-0.0031788,7.108e-25,0,0.0014329,0.0032927,0.35877,-0.0082216
5.575,1.706,0.005,0.051747,-0.0027608,7.3542e-25,0,0.0014035,0.0030971,0.362,-0.0081961
5.525,1.7561,0.005,0.059427,-0.0022887,1.8363e-25,0,0.0013674,0.0028829,0.36563,-0.0081608
5.475,1.8061,0.005,0.067512,-0.001757,4.5907e-25,0,0.0013248,0.0026607,0.36956,-0.008115
5.425,1.8562,0.005,0.076031,-0.0011654,-7.026e-25,0,0.0012757,0.0024419,0.37367,-0.0080576
5.375,1.9062,0.005,0.084979,-0.00052059,2.7494e-26,0,0.0012211,0.0022362,0.37778,-0.0079872
5.325,1.9563,0.005,0.094317,0.00016443,-1.6887e-24,0,0.0011623,0.0020495,0.38178,-0.0079021
5.275,2.0063,0.005,0.10397,0.00087165,1.7011e-24,0,0.001101,0.0018841,0.38561,-0.0078001
5.225,2.0563,0.005,0.11387,0.0015809,1.846e-24,0,0.0010396,0.0017389,0.38942,-0.0076787
5.175,2.1064,0.005,0.12392,0.0022681,-3.0457e-24,0,0.00098033,0.0016118,0.39364,-0.0075359
5.125,2.1564,0.005,0.13408,0.0029204,-1.3782e-24,0,0.00092596,0.001501,0.39912,-0.00737
5.075,2.2065,0.005,0.1443,0.0035064,3.9564e-24,0,0.0008801,0.0014104,0.40753,-0.0071787
5.025,2.2565,0.005,0.15453,0.00401,1.0292e-24,0,0.0008492,0.0013581,0.42258,-0.0069608
4.975,2.3066,0.005,0.16457,0.0043991,-1.1838e-24,0,0.00084548,0.0013708,0.45288,-0.0067161
4.925,2.3566,0.005,0.17423,0.0046389,-1.314e-24,0,0.00088692,0.0014605,0.50933,-0.0064464
4.875,2.4066,0.005,0.18358,0.004665,-3.5192e-24,0,0.00098944,0.0015892,0.59289,-0.0061539
4.825,2.4567,0.005,0.19322,0.0044822,3.6657e-38,0,0.0011722,0.0016755,0.69962,-0.005828
4.775,2.5067,0.005,0.20389,0.0040734,1.9841e-24,0,0.0014617,0.0017691,0.82624,-0.0054685
4.725,2.5568,0.005,0.21587,0.0034625,5.2658e-27,0,0.0018609,0.0019383,0.96007,-0.0050905
4.675,2.6068,0.005,0.22934,0.0026619,-1.0277e-24,0,0.0023531,0.0021253,1.1072,-0.0046946
4.625,2.6569,0.005,0.2447,0.0017245,1.3744e-37,0,0.0028893,0.0022358,1.2923,-0.0042816
4.575,2.7069,0.005,0.2626,0.0007273,-6.0335e-25,0,0.0033786,0.0022289,1.5158,-0.0038496
4.525,2.7569,0.005,0.28356,-0.0002208,2.5684e-24,0,0.0037061,0.0021156,1.7518,-0.003399
4.475,2.807,0.005,0.30748,-0.00094607,-2.9512e-24,0,0.0037304,0.0018966,1.9668,-0.0029326
4.425,2.86,0.005,0.33485,-0.0013518,5.33e-24,0,0.0032973,0.0015279,2.1581,-0.0024557
4.375,2.916,0.005,0.36226,-0.0011666,-3.7574e-38,0,0.0022327,0.00086028,2.5954,-0.0019761
4.325,2.972,0.005,0.36661,-0.00035346,-3.4209e-24,0,0.0021928,0.00029448,7.4464,-0.001496
7.325,0.024,0.005,-0.23667,-0.0013767,7.9944e-24,0,0.0010474,0.00017441,6.0057,0.0020034
7.275,0.072,0.005,-0.24268,-0.0018758,-2.7864e-24,0,0.0010098,0.00060473,1.6699,0.0010067
7.225,0.12,0.005,-0.23801,-0.0038529,2.3537e-24,0,0.0011627,0.0011589,1.0033,0.00017427
7.175,0.168,0.005,-0.23147,-0.0048731,8.2864e-24,0,0.0012389,0.0015696,0.78934,-0.00069583
7.125,0.216,0.005,-0.22403,-0.0059,-5.1292e-37,0,0.0012674,0.0018492,0.68538,-0.0014797
7.075,0.264,0.005,-0.21563,-0.0066918,1.4492e-24,0,0.0012654,0.0018215,0.62014,-0.0022117
7.025,0.312,0.005,-0.20592,-0.007397,0,0,0.0012427,0.0016326,0.57209,-0.0028845
6.975,0.36,0.005,-0.19511,-0.0079811,-2.9587e-24,0,0.0012071,0.0015056,0.53342,-0.003503
6.925,0.408,0.005,-0.18378,-0.0084009,2.7739e-24,0,0.0011665,0.0014345,0.50163,-0.0040695
6.875,0.456,0.005,-0.17223,-0.0086759,-1.9968e-24,0,0.0011275,0.0013877,0.47586,-0.0045834
6.825,0.50502,0.005,-0.1603,-0.0088529,-1.5397e-24,0,0.0010937,0.001355,0.45491,-0.0050499
6.775,0.55506,0.005,-0.14806,-0.0089443,1.4015e-24,0,0.0010677,0.0013384,0.43777,-0.0054701
6.725,0.60511,0.005,-0.13587,-0.008944,0,0,0.0010526,0.0013419,0.42422,-0.0058434
6.675,0.65515,0.005,-0.12382,-0.008864,0,0,0.00105,0.0013693,0.41364,-0.0061735
6.625,0.70519,0.005,-0.112,-0.0087174,2.0843e-24,0,0.0010606,0.0014243,0.4054,-0.0064644
6.575,0.75523,0.005,-0.10049,-0.0085167,-3.4654e-24,0,0.0010839,0.0015096,0.39886,-0.0067199
6.525,0.80528,0.005,-0.089372,-0.00828,-7.4793e-25,0,0.0011185,0.0016269,0.39344,-0.0069443
6.475,0.85532,0.005,-0.078731,-0.0080218,6.0162e-25,0,0.0011615,0.0017749,0.38867,-0.0071411
6.425,0.90536,0.005,-0.068605,-0.007758,-8.3526e-25,0,0.0012097,0.0019504,0.38429,-0.0073138
6.375,0.9554,0.005,-0.059004,-0.007492,1.1688e-24,0,0.0012595,0.0021452,0.38012,-0.0074648
6.325,1.0054,0.005,-0.049905,-0.0072346,-4.406e-25,0,0.001308,0.0023508,0.37606,-0.0075969
6.275,1.0555,0.005,-0.041262,-0.0069816,9.5206e-25,0,0.0013526,0.0025582,0.37207,-0.0077116
6.225,1.1055,0.005,-0.033022,-0.0067311,-8.6382e-25,0,0.0013918,0.0027594,0.36816,-0.0078107
6.175,1.1556,0.005,-0.025131,-0.0064805,-1.3974e-38,0,0.0014247,0.0029484,0.36441,-0.0078958
6.125,1.2056,0.005,-0.017538,-0.0062272,-1.0394e-25,0,0.001451,0.0031207,0.36094,-0.0079683
6.075,1.2557,0.005,-0.010199,-0.0059695,-6.7017e-25,0,0.0014709,0.0032728,0.35789,-0.0080295
6.025,1.3057,0.005,-0.0030696,-0.0057073,8.2527e-25,0,0.0014846,0.0034021,0.35539,-0.0080809
5.975,1.3557,0.005,0.0038869,-0.0054393,1.1331e-24,0,0.0014925,0.0035099,0.35354,-0.0081228
5.925,1.4058,0.005,0.010697,-0.0051651,7.7918e-25,0,0.0014952,0.0035988,0.35246,-0.0081554
5.875,1.4558,0.005,0.017387,-0.0048836,-6.0292e-33,0,0.0014934,0.0036628,0.35223,-0.0081788
5.825,1.5059,0.005,0.024007,-0.0045916,-8.2282e-25,0,0.0014873,0.0036781,0.35289,-0.0081934
5.775,1.5559,0.005,0.030656,-0.0042845,-3.7522e-25,0,0.0014767,0.0036064,0.35446,-0.0081993
5.725,1.606,0.005,0.037444,-0.0039551,-1.1815e-24,0,0.001461,0.0034801,0.35683,-0.0081968
5.675,1.656,0.005,0.044451,-0.0035941,-1.0472e-24,0,0.0014396,0.0033161,0.35983,-0.0081858
5.625,1.706,0.005,0.051743,-0.0031917,-4.7282e-25,0,0.0014118,0.0031235,0.36334,-0.0081659
5.575,1.7561,0.005,0.059386,-0.0027386,-2.2904e-25,0,0.0013774,0.0029108,0.36725,-0.0081368
5.525,1.8061,0.005,0.067433,-0.0022282,-1.7854e-25,0,0.0013361,0.0026884,0.37148,-0.0080978
5.475,1.8562,0.005,0.075918,-0.0016593,-1.2486e-24,0,0.0012882,0.0024679,0.37589,-0.0080481
5.425,1.9062,0.005,0.084842,-0.0010371,-4.0489e-26,0,0.0012345,0.0022594,0.38032,-0.0079864
5.375,1.9563,0.005,0.094168,-0.00037356,-7.4957e-25,0,0.0011761,0.0020695,0.38463,-0.0079112
5.325,2.0063,0.005,0.10383,0.00031446,1.7909e-24,0,0.0011149,0.0019008,0.38876,-0.0078205
5.275,2.0563,0.005,0.11375,0.0010071,8.8177e-25,0,0.0010532,0.0017527,0.39282,-0.0077122
5.225,2.1064,0.005,0.12384,0.0016839,-2.3195e-24,0,0.0009935,0.0016225,0.39726,-0.0075839
5.175,2.1564,0.005,0.13406,0.0023205,4.3737e-25,0,0.00093868,0.0015092,0.40292,-0.0074339
5.125,2.2065,0.005,0.14436,0.0029047,-2.8595e-24,0,0.00089259,0.0014173,0.41152,-0.0072607
5.075,2.2565,0.005,0.15468,0.0034036,3.5752e-24,0,0.00086186,0.0013629,0.42675,-0.0070623
5.025,2.3066,0.005,0.16486,0.0037979,-4.7074e-26,0,0.00085892,0.0013733,0.45717,-0.0068387
4.975,2.3566,0.005,0.17468,0.0040444,-2.084e-24,0,0.00090186,0.0014598,0.51351,-0.0065913
4.925,2.4066,0.005,0.18423,0.0040875,-1.9784e-24,0,0.0010064,0.0015883,0.59616,-0.006322
4.875,2.4567,0.005,0.19407,0.0039223,1.4076e-24,0,0.0011895,0.0016989,0.70019,-0.0060234
4.825,2.5067,0.005,0.20491,0.0035367,1.5186e-24,0,0.0014743,0.0017921,0.82269,-0.0056898
4.775,2.5568,0.005,0.21704,0.0029709,2.4324e-24,0,0.0018644,0.0019562,0.95304,-0.0053372
4.725,2.6068,0.005,0.2306,0.0022304,-9.0241e-25,0,0.0023434,0.0021342,1.098,-0.0049667
4.675,2.6569,0.005,0.24599,0.0013625,-4.071e-24,0,0.0028623,0.0022344,1.2811,-0.0045794
4.625,2.7069,0.005,0.26383,0.00043861,1.7948e-24,0,0.0033329,0.0022227,1.4995,-0.0041737
4.575,2.7569,0.005,0.28458,-0.00043658,0,0,0.0036452,0.002107,1.7301,-0.0037499
4.525,2.807,0.005,0.30816,-0.0010976,2.0741e-24,0,0.0036639,0.0018876,1.9411,-0.0033104
4.475,2.86,0.005,0.33504,-0.0014458,-6.3049e-26,0,0.0032418,0.0015185,2.1348,-0.0028611
4.425,2.916,0.005,0.36186,-0.001232,-2.6559e-24,0,0.0022114,0.00085395,2.5897,-0.0024096
4.375,2.972,0.005,0.36594,-0.00039087,3.2276e-26,0,0.002188,0.00029416,7.4382,-0.0019575
7.375,0.024,0.005,-0.23494,-0.0015764,8.4547e-25,0,0.0010395,0.00017374,5.9828,0.0028732
7.325,0.072,0.005,-0.24064,-0.0021494,5.1445e-24,0,0.0010246,0.00061463,1.6669,0.0017927
7.275,0.12,0.005,-0.23606,-0.0043404,-8.2728e-24,0,0.001178,0.0011708,1.0062,0.00089419
7.225,0.168,0.005,-0.22965,-0.0054764,3.1778e-37,0,0.0012506,0.0015773,0.79288,-4.6944e-05
7.175,0.216,0.005,-0.22233,-0.0066081,1.1649e-23,0,0.0012749,0.0018524,0.68827,-0.00089493
7.125,0.264,0.005,-0.214,-0.007479,-5.1453e-24,0,0.0012685,0.0018113,0.62175,-0.0016867
7.075,0.312,0.005,-0.20435,-0.0082447,1.6493e-24,0,0.0012418,0.0016287,0.57222,-0.002415
7.025,0.36,0.005,-0.19367,-0.0088635,3.2005e-24,0,0.0012032,0.0015078,0.53229,-0.0030847
6.975,0.408,0.005,-0.18249,-0.0092983,-2.9961e-24,0,0.0011605,0.0014383,0.49959,-0.0036978
6.925,0.456,0.005,-0.17108,-0.0095748,-2.0963e-37,0,0.00112,0.0013905,0.47315,-0.0042539
6.875,0.50502,0.005,-0.15927,-0.009744,-1.7378e-24,0,0.0010847,0.0013563,0.45163,-0.0047581
6.825,0.55506,0.005,-0.14715,-0.0098199,0,0,0.0010573,0.0013383,0.43396,-0.0052119
6.775,0.60511,0.005,-0.13508,-0.0097961,-1.408e-24,0,0.0010406,0.0013402,0.41993,-0.0056146
6.725,0.65515,0.005,-0.12314,-0.0096869,2.1971e-24,0,0.0010362,0.0013656,0.40894,-0.0059702
6.675,0.70519,0.005,-0.11141,-0.0095057,2.0227e-24,0,0.001045,0.0014182,0.4004,-0.006283
6.625,0.75523,0.005,-0.099976,-0.009268,-2.8245e-24,0,0.0010666,0.0015008,0.39369,-0.0065573
6.575,0.80528,0.005,-0.088934,-0.0089894,8.1163e-25,0,0.0010996,0.0016151,0.38825,-0.0067975
6.525,0.85532,0.005,-0.078347,-0.0086894,-5.7275e-38,0,0.0011417,0.0017603,0.38363,-0.0070076
6.475,0.90536,0.005,-0.068264,-0.0083833,1.3784e-24,0,0.0011895,0.0019327,0.37953,-0.0071914
6.425,0.9554,0.005,-0.058695,-0.0080823,8.7385e-25,0,0.0012396,0.0021268,0.37575,-0.0073522
6.375,1.0054,0.005,-0.049623,-0.0077878,4.8853e-25,0,0.001289,0.0023326,0.37215,-0.0074924
6.325,1.0555,0.005,-0.041005,-0.0075047,-3.1589e-24,0,0.001335,0.0025415,0.36865,-0.0076144
6.275,1.1055,0.005,-0.032789,-0.0072273,9.582e-25,0,0.001376,0.0027454,0.36525,-0.0077199
6.225,1.1556,0.005,-0.024921,-0.0069531,0,0,0.0014109,0.0029376,0.362,-0.0078106
6.175,1.2056,0.005,-0.017351,-0.0066794,1.5285e-24,0,0.0014394,0.0031133,0.35899,-0.0078882
6.125,1.2557,0.005,-0.010032,-0.0064043,-1.0242e-37,0,0.0014614,0.0032686,0.35637,-0.0079542
6.075,1.3057,0.005,-0.0029212,-0.0061275,-1.9757e-24,0,0.0014773,0.0034009,0.35426,-0.0080099
6.025,1.3557,0.005,0.0040191,-0.0058472,3.6151e-25,0,0.0014872,0.0035115,0.35278,-0.0080561
5.975,1.4058,0.005,0.010815,-0.0055636,2.6989e-25,0,0.0014919,0.0036035,0.35203,-0.0080928
5.925,1.4558,0.005,0.01749,-0.0052755,0,0,0.001492,0.0036706,0.35211,-0.0081203
5.875,1.5059,0.005,0.024096,-0.0049801,7.8841e-39,0,0.0014878,0.0036894,0.35306,-0.008139
5.825,1.5559,0.005,0.030729,-0.0046735,0,0,0.0014791,0.0036214,0.35493,-0.0081493
5.775,1.606,0.005,0.037497,-0.0043487,-7.6233e-25,0,0.0014653,0.0034992,0.35758,-0.0081514
5.725,1.656,0.005,0.044478,-0.0039965,-4.2412e-25,0,0.0014456,0.0033392,0.36086,-0.0081454
5.675,1.706,0.005,0.051738,-0.0036066,1.2371e-24,0,0.0014196,0.0031498,0.36464,-0.0081308
5.625,1.7561,0.005,0.059344,-0.0031695,2.7167e-25,0,0.0013867,0.0029389,0.36883,-0.0081074
5.575,1.8061,0.005,0.067353,-0.0026778,-2.269e-25,0,0.0013468,0.0027165,0.37334,-0.0080747
5.525,1.8562,0.005,0.075802,-0.002129,-6.0588e-25,0,0.0013002,0.0024945,0.37806,-0.0080322
5.475,1.9062,0.005,0.084698,-0.0015272,-1.0396e-25,0,0.0012474,0.0022834,0.38281,-0.0079787
5.425,1.9563,0.005,0.09401,-0.00088308,-2.0853e-26,0,0.0011895,0.0020903,0.38744,-0.0079127
5.375,2.0063,0.005,0.10367,-0.00021264,-2.43e-24,0,0.0011285,0.0019183,0.39187,-0.0078324
5.325,2.0563,0.005,0.11361,0.00046497,2.4578e-24,0,0.0010666,0.001767,0.39622,-0.007736
5.275,2.1064,0.005,0.12375,0.0011293,-2.7153e-24,0,0.0010066,0.0016341,0.40089,-0.0076216
5.225,2.1564,0.005,0.13402,0.0017598,4.6506e-25,0,0.00095141,0.0015181,0.40678,-0.0074866
5.175,2.2065,0.005,0.14439,0.0023317,8.0114e-25,0,0.00090512,0.0014242,0.41559,-0.0073297
5.125,2.2565,0.005,0.15481,0.0028335,-7.6495e-25,0,0.00087462,0.0013685,0.43104,-0.0071499
5.075,2.3066,0.005,0.1651,0.0032265,1.8176e-24,0,0.0008725,0.001376,0.46154,-0.0069461
5.025,2.3566,0.005,0.17508,0.0034813,-9.5841e-25,0,0.00091692,0.0014596,0.51772,-0.0067198
4.975,2.4066,0.005,0.18484,0.0035396,-7.4035e-25,0,0.0010233,0.0015875,0.59936,-0.006472
4.925,2.4567,0.005,0.19487,0.0033866,-1.257e-24,0,0.0012071,0.0017226,0.70073,-0.0061994
4.875,2.5067,0.005,0.20586,0.0030263,-1.3719e-24,0,0.0014874,0.0018157,0.81917,-0.0058913
4.825,2.5568,0.005,0.21813,0.0025004,3.6961e-24,0,0.0018686,0.0019748,0.94621,-0.0055627
4.775,2.6068,0.005,0.23179,0.0018158,2.2189e-24,0,0.0023348,0.0021434,1.0893,-0.0052168
4.725,2.6569,0.005,0.2472,0.0010133,-2.2075e-24,0,0.0028367,0.0022334,1.2701,-0.0048545
4.675,2.7069,0.005,0.26497,0.00015879,-5.688e-25,0,0.003289,0.0022167,1.4837,-0.0044745
4.625,2.7569,0.005,0.28553,-0.00064697,-5.0307e-25,0,0.0035862,0.0020985,1.7089,-0.0040768
4.575,2.807,0.005,0.30878,-0.0012461,3.4201e-24,0,0.0035992,0.0018785,1.916,-0.0036638
4.525,2.86,0.005,0.33518,-0.0015454,-3.0108e-26,0,0.0031872,0.0015089,2.1122,-0.0032414
4.475,2.916,0.005,0.36144,-0.0012956,-2.5053e-24,0,0.0021894,0.00084736,2.5838,-0.0028172
4.425,2.972,0.005,0.36522,-0.0004281,3.1203e-24,0,0.0021827,0.0002938,7.4292,-0.0023932
7.425,0.024,0.005,-0.23298,-0.0017945,-1.0318e-23,0,0.0010311,0.00017304,5.9588,0.0038092
7.375,0.072,0.005,-0.23837,-0.0024453,7.2247e-24,0,0.0010397,0.00062472,1.6643,0.0026393
7.325,0.12,0.005,-0.23391,-0.0048692,-7.3921e-24,0,0.0011937,0.0011825,1.0095,0.0016702
7.275,0.168,0.005,-0.22765,-0.006131,-1.2658e-24,0,0.0012624,0.0015845,0.79675,0.0006534
7.225,0.216,0.005,-0.22046,-0.0073762,-2.5416e-24,0,0.0012824,0.0018548,0.69141,-0.00026328
7.175,0.264,0.005,-0.21222,-0.0083331,5.5901e-24,0,0.0012715,0.0018007,0.62354,-0.0011193
7.125,0.312,0.005,-0.20267,-0.0091636,1.7987e-24,0,0.0012409,0.0016256,0.57252,-0.0019075
7.075,0.36,0.005,-0.19212,-0.0098188,-3.4605e-24,0,0.0011993,0.0015113,0.53133,-0.0026328
7.025,0.408,0.005,-0.18111,-0.010269,-1.8823e-24,0,0.0011546,0.0014435,0.49774,-0.0032965
6.975,0.456,0.005,-0.16986,-0.010547,-1.778e-24,0,0.0011127,0.0013948,0.47063,-0.0038982
6.925,0.50502,0.005,-0.15819,-0.010707,-2.9658e-24,0,0.0010762,0.0013593,0.44853,-0.0044435
6.875,0.55506,0.005,-0.1462,-0.010765,3.2975e-24,0,0.0010473,0.0013399,0.43031,-0.0049339
6.825,0.60511,0.005,-0.13425,-0.010715,-4.0819e-24,0,0.001029,0.0013402,0.41579,-0.0053686
6.775,0.65515,0.005,-0.12242,-0.010573,2.358e-24,0,0.0010229,0.0013636,0.40438,-0.0057521
6.725,0.70519,0.005,-0.11079,-0.010355,0,0,0.0010298,0.0014137,0.39551,-0.0060889
6.675,0.75523,0.005,-0.099452,-0.010075,3.961e-24,0,0.0010495,0.0014935,0.3886,-0.0063837
6.625,0.80528,0.005,-0.088486,-0.0097528,-1.7649e-24,0,0.001081,0.0016049,0.38311,-0.0066414
6.575,0.85532,0.005,-0.077961,-0.0094049,-1.6249e-24,0,0.0011219,0.0017471,0.37859,-0.0068661
6.525,0.90536,0.005,-0.067923,-0.0090516,2.0118e-24,0,0.0011691,0.001917,0.37473,-0.0070622
6.475,0.9554,0.005,-0.058389,-0.0087061,9.1222e-25,0,0.0012194,0.0021087,0.37132,-0.0072332
6.425,1.0054,0.005,-0.049344,-0.0083741,0,0,0.0012695,0.0023147,0.36817,-0.0073824
6.375,1.0555,0.005,-0.040752,-0.008054,-7.475e-25,0,0.0013169,0.0025249,0.36517,-0.0075119
6.325,1.1055,0.005,-0.03256,-0.0077462,-1.8042e-24,0,0.0013596,0.0027312,0.36227,-0.0076242
6.275,1.1556,0.005,-0.024716,-0.0074448,-8.7704e-25,0,0.0013965,0.0029267,0.35951,-0.007721
6.225,1.2056,0.005,-0.017168,-0.0071472,-8.0491e-25,0,0.001427,0.0031057,0.35698,-0.007804
6.175,1.2557,0.005,-0.0098699,-0.0068516,7.4462e-25,0,0.0014512,0.0032641,0.35479,-0.0078748
6.125,1.3057,0.005,-0.002778,-0.0065572,-1.391e-37,0,0.0014692,0.0033993,0.35308,-0.0079351
6.075,1.3557,0.005,0.0041459,-0.006262,-1.7326e-24,0,0.0014812,0.0035128,0.35196,-0.0079855
6.025,1.4058,0.005,0.010927,-0.0059663,-8.3573e-25,0,0.0014879,0.0036076,0.35155,-0.0080262
5.975,1.4558,0.005,0.017589,-0.0056691,0,0,0.00149,0.0036779,0.35195,-0.0080578
5.925,1.5059,0.005,0.024181,-0.0053677,4.7032e-25,0,0.0014877,0.0037001,0.3532,-0.0080807
5.875,1.5559,0.005,0.030799,-0.0050586,3.5247e-25,0,0.0014808,0.0036359,0.35535,-0.0080952
5.825,1.606,0.005,0.037548,-0.0047353,-7.8869e-25,0,0.0014688,0.0035178,0.35829,-0.0081018
5.775,1.656,0.005,0.044504,-0.0043888,-4.2461e-26,0,0.001451,0.0033618,0.36184,-0.0081004
5.725,1.706,0.005,0.051734,-0.0040086,9.1268e-25,0,0.0014267,0.0031759,0.3659,-0.0080908
5.675,1.7561,0.005,0.059303,-0.0035846,8.0963e-25,0,0.0013954,0.0029671,0.37036,-0.0080728
5.625,1.8061,0.005,0.067272,-0.0031088,8.1457e-25,0,0.001357,0.002745,0.37516,-0.0080462
5.575,1.8562,0.005,0.075684,-0.0025777,0,0,0.0013117,0.0025216,0.38017,-0.0080103
5.525,1.9062,0.005,0.084551,-0.0019939,-1.119e-24,0,0.0012598,0.0023079,0.38524,-0.0079643
5.475,1.9563,0.005,0.093845,-0.0013672,5.188e-25,0,0.0012027,0.0021117,0.3902,-0.0079069
5.425,2.0063,0.005,0.10351,-0.00071254,1.5054e-24,0,0.0011419,0.0019364,0.39495,-0.0078364
5.375,2.0563,0.005,0.11346,-4.8599e-05,7.5564e-38,0,0.00108,0.0017819,0.39959,-0.007751
5.325,2.1064,0.005,0.12363,0.00060456,-2.1506e-24,0,0.0010196,0.0016461,0.40454,-0.0076491
5.275,2.1564,0.005,0.13395,0.0012263,3.5955e-25,0,0.00096413,0.0015278,0.41067,-0.0075286
5.225,2.2065,0.005,0.1444,0.0017962,1.9347e-24,0,0.00091771,0.0014316,0.41972,-0.0073872
5.175,2.2565,0.005,0.1549,0.0022884,-3.5755e-24,0,0.00088748,0.0013739,0.43541,-0.0072241
5.125,2.3066,0.005,0.16531,0.0026885,1.9826e-24,0,0.00088619,0.0013794,0.46597,-0.0070392
5.075,2.3566,0.005,0.17545,0.0029447,-4.8389e-26,0,0.00093207,0.0014596,0.52193,-0.0068326
5.025,2.4066,0.005,0.1854,0.0030193,-1.7901e-24,0,0.0010401,0.001587,0.60248,-0.0066055
4.975,2.4567,0.005,0.19562,0.0028742,3.2142e-38,0,0.0012245,0.0017288,0.70122,-0.0063567
4.925,2.5067,0.005,0.20677,0.002542,8.6707e-25,0,0.0015008,0.0018398,0.8157,-0.0060743
4.875,2.5568,0.005,0.21916,0.0020505,7.8527e-25,0,0.0018734,0.0019939,0.93959,-0.005768
4.825,2.6068,0.005,0.23289,0.0014181,2.0609e-24,0,0.002327,0.0021528,1.0809,-0.0054458
4.775,2.6569,0.005,0.24834,0.00067703,8.2624e-25,0,0.0028122,0.0022328,1.2595,-0.0051077
4.725,2.7069,0.005,0.26604,-0.00011168,-2.6321e-24,0,0.0032468,0.002211,1.4685,-0.0047527
4.675,2.7569,0.005,0.28642,-0.00085109,4.8629e-25,0,0.0035289,0.0020903,1.6882,-0.0043805
4.625,2.807,0.005,0.30934,-0.0013911,-4.3335e-26,0,0.0035362,0.0018693,1.8917,-0.0039934
4.575,2.86,0.005,0.33529,-0.0016433,2.1947e-25,0,0.0031334,0.0014991,2.0902,-0.0035978
4.525,2.916,0.005,0.36098,-0.0013567,6.0828e-38,0,0.0021668,0.00084056,2.5778,-0.0032003
4.475,2.972,0.005,0.36446,-0.00046438,2.8916e-24,0,0.0021769,0.00029341,7.4193,-0.0028036
7.475,0.024,0.005,-0.23075,-0.0020316,-1.0539e-24,0,0.0010224,0.00017231,5.9336,0.004814
7.425,0.072,0.005,-0.23587,-0.0027666,5.9087e-24,0,0.0010553,0.00063499,1.6619,0.0035495
7.375,0.12,0.005,-0.23154,-0.0054414,1.7076e-24,0,0.0012096,0.0011939,1.0131,0.0025059
7.325,0.168,0.005,-0.22547,-0.0068409,-1.0465e-23,0,0.0012742,0.0015908,0.80098,0.0014086
7.275,0.216,0.005,-0.21842,-0.0082088,-2.7426e-24,0,0.0012898,0.0018562,0.69483,0.00041861
7.225,0.264,0.005,-0.21029,-0.0092598,-4.4486e-25,0,0.0012742,0.0017896,0.62555,-0.00050643
7.175,0.312,0.005,-0.20084,-0.01016,1.9624e-24,0,0.0012398,0.0016232,0.57299,-0.0013593
7.125,0.36,0.005,-0.19047,-0.010854,-1.7084e-24,0,0.0011954,0.0015159,0.53058,-0.0021447
7.075,0.408,0.005,-0.17964,-0.01132,-3.4906e-24,0,0.001149,0.0014501,0.49611,-0.0028632
7.025,0.456,0.005,-0.16856,-0.011598,3.1702e-24,0,0.0011057,0.0014006,0.46832,-0.0035144
6.975,0.50502,0.005,-0.15704,-0.011748,-3.2746e-24,0,0.001068,0.0013638,0.44563,-0.0041042
6.925,0.55506,0.005,-0.14519,-0.011786,-2.9683e-24,0,0.0010377,0.0013431,0.42686,-0.0046344
6.875,0.60511,0.005,-0.13337,-0.011707,9.0091e-38,0,0.0010178,0.0013419,0.41182,-0.0051041
6.825,0.65515,0.005,-0.12166,-0.01153,-2.5303e-24,0,0.0010099,0.0013634,0.39997,-0.0055179
6.775,0.70519,0.005,-0.11015,-0.01127,-2.6614e-33,0,0.0010149,0.001411,0.39077,-0.0058809
6.725,0.75523,0.005,-0.09891,-0.010946,3.2671e-24,0,0.0010328,0.001488,0.38363,-0.0061983
6.675,0.80528,0.005,-0.088028,-0.010575,-2.8815e-24,0,0.0010626,0.0015963,0.37804,-0.006475
6.625,0.85532,0.005,-0.07757,-0.010176,2.5064e-24,0,0.0011021,0.0017356,0.37357,-0.0067159
6.575,0.90536,0.005,-0.067583,-0.0097694,-9.5133e-25,0,0.0011486,0.0019027,0.36992,-0.0069255
6.525,0.9554,0.005,-0.058086,-0.0093725,-1.3918e-24,0,0.0011989,0.0020923,0.36684,-0.0071078
6.475,1.0054,0.005,-0.04907,-0.0089948,0,0,0.0012496,0.002297,0.36412,-0.0072664
6.425,1.0555,0.005,-0.040503,-0.0086357,2.6079e-24,0,0.0012981,0.0025084,0.36161,-0.0074043
6.375,1.1055,0.005,-0.032335,-0.0082915,-3.124e-24,0,0.0013424,0.0027169,0.35922,-0.0075237
6.325,1.1556,0.005,-0.024515,-0.0079594,-9.2385e-25,0,0.0013812,0.0029154,0.35696,-0.0076268
6.275,1.2056,0.005,-0.01699,-0.0076344,8.4683e-25,0,0.0014139,0.0030979,0.3549,-0.0077154
6.225,1.2557,0.005,-0.0097129,-0.0073147,0,0,0.0014402,0.0032594,0.35315,-0.0077913
6.175,1.3057,0.005,-0.0026398,-0.0069996,1.4599e-24,0,0.0014603,0.0033975,0.35185,-0.0078562
6.125,1.3557,0.005,0.0042677,-0.0066866,2.318e-25,0,0.0014744,0.0035138,0.3511,-0.0079109
6.075,1.4058,0.005,0.011034,-0.0063761,-5.9895e-25,0,0.0014831,0.0036113,0.35104,-0.0079558
6.025,1.4558,0.005,0.017684,-0.0060671,0,0,0.0014872,0.0036846,0.35175,-0.0079915
5.975,1.5059,0.005,0.024263,-0.0057572,-3.2115e-25,0,0.0014868,0.0037102,0.3533,-0.0080184
5.925,1.5559,0.005,0.030866,-0.0054429,-4.6456e-25,0,0.0014818,0.0036498,0.35574,-0.0080371
5.875,1.606,0.005,0.037598,-0.0051181,0,0,0.0014717,0.0035359,0.35896,-0.0080479
5.825,1.656,0.005,0.04453,-0.0047741,4.0761e-25,0,0.0014557,0.0033842,0.36279,-0.008051
5.775,1.706,0.005,0.051729,-0.0044007,9.0018e-25,0,0.0014331,0.0032018,0.36711,-0.0080462
5.725,1.7561,0.005,0.059262,-0.003987,-2.4867e-38,0,0.0014035,0.0029952,0.37185,-0.0080333
5.675,1.8061,0.005,0.067192,-0.0035243,-2.1668e-25,0,0.0013667,0.0027737,0.37692,-0.0080122
5.625,1.8562,0.005,0.075565,-0.0030082,1.1517e-32,0,0.0013226,0.0025491,0.38222,-0.0079826
5.575,1.9062,0.005,0.084399,-0.0024403,-6.237e-25,0,0.0012719,0.002333,0.38761,-0.0079436
5.525,1.9563,0.005,0.093673,-0.0018289,-8.2581e-25,0,0.0012154,0.0021337,0.3929,-0.0078941
5.475,2.0063,0.005,0.10333,-0.0011882,5.8595e-25,0,0.0011551,0.0019552,0.39799,-0.0078327
5.425,2.0563,0.005,0.11329,-0.00053638,7.0192e-25,0,0.0010931,0.0017974,0.40294,-0.0077577
5.375,2.1064,0.005,0.12349,0.00010681,2.5003e-24,0,0.0010326,0.0016586,0.40818,-0.0076673
5.325,2.1564,0.005,0.13386,0.00072093,-5.1862e-25,0,0.00097684,0.0015378,0.41459,-0.0075599
5.275,2.2065,0.005,0.14438,0.0012853,2.7733e-24,0,0.00093034,0.0014397,0.42392,-0.0074336
5.225,2.2565,0.005,0.15497,0.0017793,2.4171e-38,0,0.00090043,0.0013799,0.43986,-0.0072864
5.175,2.3066,0.005,0.1655,0.0021722,-1.3254e-24,0,0.00089997,0.0013827,0.47044,-0.0071184
5.125,2.3566,0.005,0.17579,0.0024385,1.3059e-25,0,0.00094725,0.0014603,0.52612,-0.0069308
5.075,2.4066,0.005,0.18592,0.002521,-2.5997e-24,0,0.0010569,0.0015865,0.6055,-0.0067232
5.025,2.4567,0.005,0.19633,0.0023906,1.808e-24,0,0.0012417,0.0017311,0.70165,-0.0064962
4.975,2.5067,0.005,0.20762,0.0020804,8.2515e-25,0,0.0015145,0.0018643,0.81235,-0.0062389
4.925,2.5568,0.005,0.22012,0.00162,-2.3434e-24,0,0.0018788,0.0020132,0.93323,-0.0059542
4.875,2.6068,0.005,0.23393,0.0010371,6.7016e-25,0,0.0023199,0.0021623,1.0729,-0.0056546
4.825,2.6569,0.005,0.24939,0.00035384,2.6338e-24,0,0.0027888,0.0022325,1.2492,-0.00534
4.775,2.7069,0.005,0.26703,-0.00037255,-1.0653e-24,0,0.003206,0.0022055,1.4536,-0.005009
4.725,2.7569,0.005,0.28723,-0.0010487,4.6985e-25,0,0.0034733,0.0020823,1.6681,-0.0046617
4.675,2.807,0.005,0.30984,-0.0015315,-3.275e-24,0,0.0034748,0.0018601,1.8681,-0.0043001
4.625,2.86,0.005,0.33535,-0.001739,-1.5547e-24,0,0.0030805,0.001489,2.0687,-0.0039305
4.575,2.916,0.005,0.3605,-0.001416,2.2537e-25,0,0.0021436,0.00083358,2.5716,-0.0035592
4.525,2.972,0.005,0.36365,-0.00049975,-2.7606e-24,0,0.0021706,0.00029299,7.4086,-0.0031893
7.525,0.024,0.005,-0.22824,-0.0022785,-1.1703e-24,0,0.0010134,0.00017155,5.9074,0.0058905
7.475,0.072,0.005,-0.2331,-0.0031154,-4.1786e-24,0,0.0010713,0.00064541,1.6598,0.0045268
7.425,0.12,0.005,-0.22893,-0.0060603,6.7734e-24,0,0.0012257,0.0012049,1.0173,0.0034045
7.375,0.168,0.005,-0.22307,-0.0076094,2.1137e-24,0,0.0012861,0.0015964,0.80561,0.0022223
7.325,0.216,0.005,-0.21619,-0.009111,-1.9645e-24,0,0.001297,0.0018567,0.69856,0.0011542
7.275,0.264,0.005,-0.20819,-0.010265,4.5516e-24,0,0.0012768,0.0017775,0.62779,0.00015527
7.225,0.312,0.005,-0.19888,-0.011241,2.1418e-24,0,0.0012386,0.0016214,0.57369,-0.00076737
7.175,0.36,0.005,-0.18869,-0.011975,4.0394e-24,0,0.0011917,0.0015218,0.53007,-0.0016176
7.125,0.408,0.005,-0.17807,-0.012459,-2.225e-24,0,0.0011436,0.0014581,0.49473,-0.0023954
7.075,0.456,0.005,-0.16717,-0.012737,-5.6935e-24,0,0.0010991,0.0014079,0.46626,-0.0031002
7.025,0.50502,0.005,-0.15582,-0.012875,8.6356e-26,0,0.0010601,0.0013701,0.44297,-0.0037384
6.975,0.55506,0.005,-0.14413,-0.012891,1.9426e-24,0,0.0010285,0.0013483,0.42362,-0.0043118
6.925,0.60511,0.005,-0.13245,-0.012781,-1.7996e-24,0,0.0010071,0.0013455,0.40807,-0.0048195
6.875,0.65515,0.005,-0.12088,-0.012564,-1.5258e-37,0,0.00099743,0.001365,0.39577,-0.0052664
6.825,0.70519,0.005,-0.10948,-0.012259,-3.9347e-24,0,0.0010005,0.0014102,0.38619,-0.005658
6.775,0.75523,0.005,-0.098348,-0.011886,4.5318e-24,0,0.0010165,0.0014843,0.3788,-0.0059999
6.725,0.80528,0.005,-0.087556,-0.011462,2.0939e-33,0,0.0010445,0.0015895,0.37308,-0.0062976
6.675,0.85532,0.005,-0.077172,-0.011009,-3.6747e-38,0,0.0010826,0.0017256,0.36863,-0.0065562
6.625,0.90536,0.005,-0.067241,-0.010545,-2.8622e-39,0,0.0011281,0.0018901,0.36513,-0.0067807
6.575,0.9554,0.005,-0.057785,-0.010089,-9.7512e-34,0,0.001178,0.0020776,0.36233,-0.0069754
6.525,1.0054,0.005,-0.0488,-0.0096575,-3.3694e-25,0,0.0012292,0.0022808,0.36002,-0.0071443
6.475,1.0555,0.005,-0.040259,-0.0092522,1.1853e-24,0,0.0012787,0.002492,0.35798,-0.007291
6.425,1.1055,0.005,-0.032115,-0.0088684,2.1393e-24,0,0.0013246,0.0027026,0.3561,-0.007418
6.375,1.1556,0.005,-0.024318,-0.0085005,9.7217e-25,0,0.0013652,0.0029041,0.35434,-0.0075278
6.325,1.2056,0.005,-0.016816,-0.0081448,-1.7096e-24,0,0.0013999,0.0030898,0.35276,-0.0076224
6.275,1.2557,0.005,-0.0095604,-0.0077974,0,0,0.0014284,0.0032546,0.35146,-0.0077036
6.225,1.3057,0.005,-0.0025064,-0.007458,-9.5311e-25,0,0.0014506,0.0033955,0.35056,-0.0077733
6.175,1.3557,0.005,0.0043847,-0.0071242,-2.288e-25,0,0.0014668,0.0035144,0.35019,-0.0078324
6.125,1.4058,0.005,0.011137,-0.006796,8.9296e-25,0,0.0014776,0.0036147,0.35048,-0.0078815
6.075,1.4558,0.005,0.017774,-0.0064724,5.8469e-25,0,0.0014836,0.0036908,0.35151,-0.0079212
6.025,1.5059,0.005,0.024341,-0.0061513,8.469e-25,0,0.0014851,0.0037197,0.35336,-0.0079522
5.975,1.5559,0.005,0.030931,-0.0058293,1.4608e-25,0,0.0014821,0.0036631,0.35609,-0.0079749
5.925,1.606,0.005,0.037645,-0.0055002,-8.4156e-25,0,0.0014738,0.0035535,0.35958,-0.0079899
5.875,1.656,0.005,0.044555,-0.0051557,-4.0956e-25,0,0.0014597,0.0034061,0.36369,-0.0079973
5.825,1.706,0.005,0.051725,-0.0047859,3.2109e-26,0,0.0014389,0.0032275,0.36828,-0.007997
5.775,1.7561,0.005,0.059222,-0.0043795,4.8308e-25,0,0.001411,0.0030234,0.37328,-0.007989
5.725,1.8061,0.005,0.067112,-0.0039273,4.684e-39,0,0.0013757,0.0028026,0.37863,-0.0079732
5.675,1.8562,0.005,0.075445,-0.0034237,-1.13e-24,0,0.001333,0.002577,0.38422,-0.0079494
5.625,1.9062,0.005,0.084245,-0.0028692,3.3793e-25,0,0.0012834,0.0023587,0.38992,-0.0079169
5.575,1.9563,0.005,0.093495,-0.002271,-2.0817e-26,0,0.0012278,0.0021563,0.39555,-0.0078748
5.525,2.0063,0.005,0.10314,-0.0016425,1.9718e-24,0,0.0011679,0.0019745,0.40097,-0.0078218
5.475,2.0563,0.005,0.11312,-0.0010012,-4.9688e-26,0,0.0011061,0.0018135,0.40626,-0.0077564
5.425,2.1064,0.005,0.12334,-0.00036667,-2.457e-24,0,0.0010455,0.0016717,0.41181,-0.0076768
5.375,2.1564,0.005,0.13376,0.00024085,4.8382e-38,0,0.00098952,0.0015482,0.41852,-0.0075815
5.325,2.2065,0.005,0.14433,0.0008008,3.242e-24,0,0.00094301,0.001448,0.42816,-0.0074688
5.275,2.2565,0.005,0.15501,0.001292,3.2176e-38,0,0.00091345,0.0013865,0.44437,-0.0073371
5.225,2.3066,0.005,0.16565,0.0016899,-5.5298e-25,0,0.00091382,0.0013864,0.47493,-0.0071852
5.175,2.3566,0.005,0.17609,0.0019516,-2.2017e-24,0,0.00096244,0.0014609,0.53026,-0.0070148
5.125,2.4066,0.005,0.1864,0.0020481,-1.6461e-24,0,0.0010735,0.0015864,0.60841,-0.006826
5.075,2.4567,0.005,0.19701,0.001931,8.5826e-25,0,0.0012587,0.0017333,0.70199,-0.0066185
5.025,2.5067,0.005,0.20843,0.0016422,1.5639e-24,0,0.0015283,0.0018889,0.80912,-0.0063852
4.975,2.5568,0.005,0.22102,0.0012079,4.2009e-25,0,0.0018846,0.0020326,0.92716,-0.006122
4.925,2.6068,0.005,0.2349,0.00067199,-4.7075e-25,0,0.0023135,0.0021717,1.0653,-0.0058442
4.875,2.6569,0.005,0.25038,4.3424e-05,5.0245e-39,0,0.0027666,0.0022325,1.2392,-0.0055521
4.825,2.7069,0.005,0.26796,-0.00062359,-5.1447e-25,0,0.0031665,0.0022002,1.4392,-0.0052443
4.775,2.7569,0.005,0.28798,-0.0012396,4.5339e-25,0,0.0034194,0.0020744,1.6484,-0.004921
4.725,2.807,0.005,0.31029,-0.0016673,-1.4746e-24,0,0.0034151,0.0018509,1.8451,-0.004584
4.675,2.86,0.005,0.33538,-0.0018289,2.251e-25,0,0.0030285,0.0014788,2.0479,-0.0042402
4.625,2.916,0.005,0.35998,-0.0014737,1.0173e-25,0,0.00212,0.00082646,2.5652,-0.003894
4.575,2.972,0.005,0.36281,-0.00053417,-2.5702e-24,0,0.0021639,0.00029253,7.3971,-0.0035506
7.575,0.024,0.005,-0.22543,-0.0025354,-1.2956e-24,0,0.0010041,0.00017076,5.8803,0.0070419
7.525,0.072,0.005,-0.23005,-0.0034955,-4.6116e-24,0,0.0010877,0.00065598,1.6582,0.0055744
7.475,0.12,0.005,-0.22606,-0.0067274,5.2844e-24,0,0.0012421,0.0012155,1.0219,0.0043691
7.425,0.168,0.005,-0.22044,-0.0084399,2.0602e-23,0,0.0012979,0.001601,0.8107,0.003098
7.375,0.216,0.005,-0.21375,-0.010088,-9.596e-24,0,0.0013041,0.001856,0.70264,0.001947
7.325,0.264,0.005,-0.2059,-0.011354,4.9342e-24,0,0.0012792,0.001764,0.6303,0.00086904
7.275,0.312,0.005,-0.19676,-0.012414,4.655e-24,0,0.0012373,0.0016199,0.57464,-0.00012846
7.225,0.36,0.005,-0.18679,-0.013191,0,0,0.001188,0.0015288,0.52983,-0.0010487
7.175,0.408,0.005,-0.17639,-0.013693,4.0573e-24,0,0.0011385,0.0014674,0.49364,-0.0018906
7.125,0.456,0.005,-0.1657,-0.013972,-1.0708e-23,0,0.0010928,0.0014169,0.46447,-0.0026533
7.075,0.50502,0.005,-0.15453,-0.014097,9.6307e-24,0,0.0010527,0.0013782,0.44056,-0.0033439
7.025,0.55506,0.005,-0.143,-0.014088,-2.1085e-24,0,0.0010198,0.0013554,0.42064,-0.0039642
6.975,0.60511,0.005,-0.13148,-0.013943,-1.9533e-24,0,0.00099683,0.0013512,0.40456,-0.0045131
6.925,0.65515,0.005,-0.12005,-0.013683,-2.8653e-37,0,0.00098542,0.0013688,0.39179,-0.004996
6.875,0.70519,0.005,-0.10878,-0.01333,3.146e-24,0,0.00098657,0.0014114,0.38182,-0.0054188
6.825,0.75523,0.005,-0.097761,-0.012903,-7.2712e-24,0,0.0010005,0.0014826,0.37415,-0.0057875
6.775,0.80528,0.005,-0.087067,-0.012423,2.1902e-24,0,0.0010266,0.0015846,0.36827,-0.0061081
6.725,0.85532,0.005,-0.076764,-0.011909,-9.2769e-25,0,0.0010631,0.0017176,0.36378,-0.0063862
6.675,0.90536,0.005,-0.066896,-0.011384,2.4798e-24,0,0.0011076,0.0018792,0.36038,-0.0066271
6.625,0.9554,0.005,-0.057486,-0.010866,1.0251e-24,0,0.001157,0.0020645,0.35782,-0.0068355
6.575,1.0054,0.005,-0.048535,-0.010371,-1.1271e-24,0,0.0012084,0.0022663,0.35587,-0.0070158
6.525,1.0555,0.005,-0.040019,-0.0099102,2.264e-24,0,0.0012588,0.0024769,0.35429,-0.0071719
6.475,1.1055,0.005,-0.031899,-0.0094803,3.3797e-24,0,0.001306,0.0026883,0.35291,-0.0073071
6.425,1.1556,0.005,-0.024126,-0.0090729,2.0241e-24,0,0.0013484,0.0028925,0.35166,-0.0074239
6.375,1.2056,0.005,-0.016647,-0.0086818,-1.8104e-24,0,0.0013851,0.0030815,0.35056,-0.0075247
6.325,1.2557,0.005,-0.0094125,-0.0083034,1.2626e-25,0,0.0014157,0.0032496,0.34971,-0.0076115
6.275,1.3057,0.005,-0.0023775,-0.0079361,1.6089e-24,0,0.0014401,0.0033934,0.34923,-0.0076862
6.225,1.3557,0.005,0.0044972,-0.0075781,-2.257e-25,0,0.0014584,0.0035148,0.34925,-0.0077499
6.175,1.4058,0.005,0.011236,-0.0072291,-9.2713e-38,0,0.0014713,0.0036176,0.34988,-0.0078032
6.125,1.4558,0.005,0.01786,-0.0068881,-2.9077e-25,0,0.0014793,0.0036965,0.35123,-0.007847
6.075,1.5059,0.005,0.024416,-0.0065529,-7.9494e-25,0,0.0014828,0.0037287,0.35338,-0.007882
6.025,1.5559,0.005,0.030993,-0.0062203,1.0434e-24,0,0.0014816,0.0036757,0.3564,-0.0079088
5.975,1.606,0.005,0.037691,-0.0058844,3.7481e-25,0,0.0014752,0.0035704,0.36017,-0.0079278
5.925,1.656,0.005,0.044579,-0.0055368,2.1446e-38,0,0.0014629,0.0034277,0.36455,-0.0079394
5.875,1.706,0.005,0.05172,-0.0051673,-4.4131e-25,0,0.0014439,0.003253,0.3694,-0.0079434
5.825,1.7561,0.005,0.059182,-0.0047653,-8.419e-25,0,0.0014178,0.0030515,0.37466,-0.00794
5.775,1.8061,0.005,0.067032,-0.0043207,-5.1623e-25,0,0.0013841,0.0028317,0.38027,-0.0079292
5.725,1.8562,0.005,0.075325,-0.0038269,0,0,0.0013429,0.0026054,0.38615,-0.0079108
5.675,1.9062,0.005,0.084088,-0.0032835,3.2042e-25,0,0.0012945,0.0023848,0.39216,-0.0078844
5.625,1.9563,0.005,0.093312,-0.0026965,2.6759e-25,0,0.0012398,0.0021795,0.39812,-0.0078492
5.575,2.0063,0.005,0.10295,-0.0020783,8.8463e-25,0,0.0011805,0.0019943,0.4039,-0.0078041
5.525,2.0563,0.005,0.11293,-0.0014458,2.0625e-24,0,0.001119,0.0018301,0.40954,-0.0077475
5.475,2.1064,0.005,0.12317,-0.00081852,-7.7251e-25,0,0.0010583,0.0016852,0.41542,-0.007678
5.425,2.1564,0.005,0.13363,-0.00021655,7.9556e-26,0,0.0010022,0.0015591,0.42246,-0.007594
5.375,2.2065,0.005,0.14427,0.00033976,-2.5576e-24,0,0.00095571,0.0014567,0.43243,-0.0074938
5.325,2.2565,0.005,0.15503,0.00082923,1.2761e-24,0,0.00092654,0.0013931,0.44893,-0.0073762
5.275,2.3066,0.005,0.16578,0.0012264,-8.6983e-25,0,0.00092774,0.0013908,0.47944,-0.0072403
5.225,2.3566,0.005,0.17637,0.0014963,-1.1167e-24,0,0.0009776,0.0014619,0.53436,-0.0070858
5.175,2.4066,0.005,0.18686,0.0015927,-1.7141e-24,0,0.00109,0.0015862,0.61122,-0.0069144
5.125,2.4567,0.005,0.19764,0.0014963,-1.3192e-37,0,0.0012752,0.0017356,0.70221,-0.0067252
5.075,2.5067,0.005,0.2092,0.0012202,7.3699e-25,0,0.0015421,0.0019132,0.80603,-0.0065139
5.025,2.5568,0.005,0.22187,0.00081605,1.6394e-24,0,0.0018907,0.002052,0.92142,-0.0062726
4.975,2.6068,0.005,0.2358,0.00032186,-3.7675e-25,0,0.0023078,0.0021808,1.0582,-0.0060153
4.925,2.6569,0.005,0.25129,-0.00025447,-2.7213e-24,0,0.0027452,0.0022326,1.2296,-0.0057448
4.875,2.7069,0.005,0.26881,-0.00086506,1.6681e-24,0,0.0031281,0.0021952,1.425,-0.0054593
4.825,2.7569,0.005,0.28866,-0.0014233,-1.2722e-24,0,0.003367,0.0020667,1.6291,-0.0051594
4.775,2.807,0.005,0.31069,-0.0017979,1.4342e-24,0,0.003357,0.0018417,1.8228,-0.0048461
4.725,2.86,0.005,0.33537,-0.0019179,-2.4531e-26,0,0.0029774,0.0014685,2.0275,-0.0045275
4.675,2.916,0.005,0.35944,-0.0015297,9.1753e-26,0,0.0020962,0.00081922,2.5587,-0.0042054
4.625,2.972,0.005,0.36192,-0.00056751,0,0,0.0021567,0.00029205,7.3849,-0.003888
7.625,0.024,0.005,-0.22229,-0.0028126,-1.4335e-24,0,0.00099466,0.00016995,5.8526,0.0082711
7.575,0.072,0.005,-0.2267,-0.0039091,-5.0906e-24,0,0.0011046,0.00066666,1.657,0.0066957
7.525,0.12,0.005,-0.22292,-0.0074443,-1.5967e-37,0,0.0012588,0.0012256,1.0271,0.0054026
7.475,0.168,0.005,-0.21757,-0.009334,2.4802e-24,0,0.0013098,0.0016046,0.8163,0.0040397
7.425,0.216,0.005,-0.21109,-0.011147,3.4367e-24,0,0.001311,0.001854,0.70708,0.0028006
7.375,0.264,0.005,-0.20341,-0.012535,-2.4359e-24,0,0.0012813,0.0017487,0.63311,0.0016382
7.325,0.312,0.005,-0.19447,-0.013686,7.5874e-24,0,0.001236,0.0016185,0.57589,0.00056063
7.275,0.36,0.005,-0.18475,-0.014509,4.7032e-24,0,0.0011845,0.0015367,0.52991,-0.0004349
7.225,0.408,0.005,-0.1746,-0.015032,0,0,0.0011336,0.0014781,0.49286,-0.0013458
7.175,0.456,0.005,-0.16412,-0.01531,-2.474e-24,0,0.0010869,0.0014275,0.46298,-0.0021712
7.125,0.50502,0.005,-0.15315,-0.015421,2.2134e-24,0,0.0010457,0.0013883,0.43845,-0.0029185
7.075,0.55506,0.005,-0.1418,-0.015386,-5.0851e-24,0,0.0010115,0.0013647,0.41794,-0.0035896
7.025,0.60511,0.005,-0.13045,-0.015202,-2.1194e-24,0,0.00098708,0.0013592,0.40132,-0.0041833
6.975,0.65515,0.005,-0.11917,-0.014896,-5.1652e-37,0,0.0009739,0.0013747,0.38807,-0.0047053
6.925,0.70519,0.005,-0.10804,-0.01449,-1.7089e-24,0,0.0009731,0.0014149,0.37769,-0.005162
6.875,0.75523,0.005,-0.097148,-0.014005,-1.4801e-24,0,0.00098502,0.0014831,0.36971,-0.00556
6.825,0.80528,0.005,-0.086559,-0.013463,4.9788e-33,0,0.0010091,0.0015818,0.36363,-0.0059055
6.775,0.85532,0.005,-0.076343,-0.012886,4.1936e-24,0,0.0010439,0.0017117,0.35907,-0.0062049
6.725,0.90536,0.005,-0.066545,-0.012294,-7.9522e-25,0,0.0010871,0.0018704,0.35573,-0.0064638
6.675,0.9554,0.005,-0.057187,-0.011708,1.6605e-24,0,0.0011358,0.0020533,0.35335,-0.0066873
6.625,1.0054,0.005,-0.048273,-0.011145,8.3808e-25,0,0.0011872,0.0022537,0.35171,-0.0068802
6.575,1.0555,0.005,-0.039785,-0.010619,-4.2236e-24,0,0.0012383,0.0024636,0.35055,-0.0070467
6.525,1.1055,0.005,-0.031688,-0.010133,1.3277e-24,0,0.0012868,0.0026751,0.34966,-0.0071906
6.475,1.1556,0.005,-0.023938,-0.0096801,1.1118e-24,0,0.0013309,0.0028809,0.34891,-0.0073149
6.425,1.2056,0.005,-0.016481,-0.0092497,9.8185e-25,0,0.0013696,0.003073,0.34831,-0.0074223
6.375,1.2557,0.005,-0.0092686,-0.0088365,1.2629e-37,0,0.0014022,0.0032444,0.34792,-0.0075149
6.325,1.3057,0.005,-0.002253,-0.0084379,-1.6871e-24,0,0.0014287,0.0033912,0.34786,-0.0075947
6.275,1.3557,0.005,0.0046053,-0.0080518,7.667e-25,0,0.0014492,0.0035151,0.34826,-0.0076632
6.225,1.4058,0.005,0.01133,-0.0076787,2.5906e-25,0,0.0014641,0.0036203,0.34924,-0.0077209
6.175,1.4558,0.005,0.017943,-0.0073173,2.8949e-25,0,0.0014742,0.0037019,0.35091,-0.0077689
6.125,1.5059,0.005,0.024488,-0.0069651,-3.167e-25,0,0.0014796,0.0037372,0.35337,-0.0078079
6.075,1.5559,0.005,0.031053,-0.0066191,-1.1003e-24,0,0.0014804,0.0036878,0.35666,-0.0078386
6.025,1.606,0.005,0.037736,-0.0062735,6.7116e-25,0,0.0014759,0.0035868,0.36071,-0.0078617
5.975,1.656,0.005,0.044603,-0.00592,9.0314e-25,0,0.0014655,0.0034486,0.36536,-0.0078773
5.925,1.706,0.005,0.051716,-0.0055482,9.1487e-25,0,0.0014483,0.0032782,0.37048,-0.0078855
5.875,1.7561,0.005,0.059143,-0.0051473,-2.8118e-38,0,0.0014239,0.0030796,0.37599,-0.0078864
5.825,1.8061,0.005,0.066953,-0.0047073,-8.6229e-25,0,0.0013919,0.0028609,0.38187,-0.0078803
5.775,1.8562,0.005,0.075204,-0.0042209,-1.0974e-24,0,0.0013522,0.002634,0.38802,-0.007867
5.725,1.9062,0.005,0.08393,-0.0036862,-1.833e-38,0,0.0013051,0.0024114,0.39433,-0.0078463
5.675,1.9563,0.005,0.093125,-0.0031081,-3.2076e-25,0,0.0012514,0.0022032,0.40063,-0.0078175
5.625,2.0063,0.005,0.10275,-0.0024983,-1.9995e-24,0,0.0011928,0.0020147,0.40676,-0.0077797
5.575,2.0563,0.005,0.11273,-0.001873,-5.6653e-25,0,0.0011316,0.0018472,0.41277,-0.0077313
5.525,2.1064,0.005,0.12299,-0.0012515,-1.5977e-24,0,0.001071,0.0016993,0.41901,-0.0076712
5.475,2.1564,0.005,0.13349,-0.00065376,1.3727e-38,0,0.0010149,0.0015704,0.42641,-0.0075977
5.425,2.2065,0.005,0.14419,-0.00010028,2.3606e-24,0,0.00096845,0.0014658,0.43673,-0.0075094
5.375,2.2565,0.005,0.15503,0.00038803,-8.422e-25,0,0.0009397,0.0014002,0.45354,-0.0074047
5.325,2.3066,0.005,0.16588,0.00078576,1.0159e-24,0,0.00094171,0.0013952,0.48398,-0.0072831
5.275,2.3566,0.005,0.17662,0.0010575,-2.4128e-24,0,0.00099274,0.0014637,0.53839,-0.0071449
5.225,2.4066,0.005,0.18728,0.0011656,-1.7249e-24,0,0.0011063,0.0015862,0.61393,-0.0069894
5.175,2.4567,0.005,0.19824,0.0010778,-6.393e-25,0,0.0012913,0.0017376,0.70237,-0.0068174
5.125,2.5067,0.005,0.20993,0.00081722,-2.7849e-32,0,0.0015555,0.0019194,0.8031,-0.0066264
5.075,2.5568,0.005,0.22267,0.00044221,3.1411e-24,0,0.0018972,0.002071,0.91608,-0.0064067
5.025,2.6068,0.005,0.23664,-1.3523e-05,1.499e-24,0,0.0023027,0.0021897,1.0516,-0.0061688
4.975,2.6569,0.005,0.25215,-0.00054068,-1.5116e-24,0,0.0027245,0.0022327,1.2203,-0.0059188
4.925,2.7069,0.005,0.2696,-0.001097,-9.5987e-25,0,0.0030906,0.0021904,1.411,-0.0056549
4.875,2.7569,0.005,0.28928,-0.0015995,7.4057e-25,0,0.0033161,0.0020592,1.6104,-0.0053773
4.825,2.807,0.005,0.31103,-0.0019225,2.5664e-24,0,0.0033003,0.0018325,1.801,-0.0050872
4.775,2.86,0.005,0.33533,-0.0020042,-2.2747e-26,0,0.0029272,0.0014581,2.0076,-0.0047937
4.725,2.916,0.005,0.35887,-0.001586,-2.6488e-39,0,0.0020721,0.0008119,2.5522,-0.0044948
4.675,2.972,0.005,0.361,-0.0005996,2.2368e-24,0,0.0021491,0.00029153,7.3719,-0.0042019
7.675,0.024,0.005,-0.2188,-0.0031141,-1.5857e-24,0,0.00098505,0.00016913,5.8242,0.0095804
7.625,0.072,0.005,-0.22301,-0.004359,-2.8109e-24,0,0.001122,0.00067743,1.6563,0.0078926
7.575,0.12,0.005,-0.21949,-0.008214,-8.4254e-24,0,0.0012757,0.0012352,1.0328,0.0065072
7.525,0.168,0.005,-0.21443,-0.010293,-4.4136e-24,0,0.0013217,0.001607,0.82245,0.00505
7.475,0.216,0.005,-0.2082,-0.012294,8.752e-24,0,0.0013176,0.0018507,0.71193,0.0037186
7.425,0.264,0.005,-0.20071,-0.013814,-2.6599e-24,0,0.0012833,0.0017313,0.63624,0.0024661
7.375,0.312,0.005,-0.19199,-0.015064,5.5743e-24,0,0.0012346,0.001617,0.57747,0.0013032
7.325,0.36,0.005,-0.18256,-0.015938,-2.209e-24,0,0.0011812,0.0015454,0.53034,0.00022678
7.275,0.408,0.005,-0.17267,-0.016483,-2.8571e-24,0,0.0011291,0.00149,0.49244,-0.00075847
7.225,0.456,0.005,-0.16244,-0.016762,1.6807e-24,0,0.0010815,0.0014399,0.46184,-0.0016513
7.175,0.50502,0.005,-0.15168,-0.016857,-4.3865e-24,0,0.0010393,0.0014005,0.43667,-0.0024598
7.125,0.55506,0.005,-0.14053,-0.016793,2.4806e-24,0,0.0010038,0.0013763,0.41556,-0.0031859
7.075,0.60511,0.005,-0.12936,-0.016568,-2.2981e-24,0,0.00097787,0.0013695,0.39839,-0.0038281
7.025,0.65515,0.005,-0.11824,-0.016211,-2.0697e-37,0,0.00096293,0.0013832,0.38464,-0.0043926
6.975,0.70519,0.005,-0.10727,-0.015748,-3.7082e-33,0,0.00096015,0.0014208,0.37384,-0.0048862
6.925,0.75523,0.005,-0.096503,-0.0152,5.5419e-24,0,0.00096996,0.001486,0.36551,-0.0053159
6.875,0.80528,0.005,-0.086028,-0.014592,-2.7149e-24,0,0.00099199,0.0015814,0.35921,-0.0056888
6.825,0.85532,0.005,-0.075907,-0.013946,-2.2365e-24,0,0.0010249,0.0017079,0.35454,-0.0060114
6.775,0.90536,0.005,-0.066185,-0.013283,8.7274e-25,0,0.0010666,0.0018636,0.3512,-0.0062899
6.725,0.9554,0.005,-0.056886,-0.012623,6.5727e-25,0,0.0011145,0.0020442,0.34896,-0.0065301
6.675,1.0054,0.005,-0.048014,-0.011987,-1.0971e-24,0,0.0011657,0.002243,0.34756,-0.0067369
6.625,1.0555,0.005,-0.039556,-0.011388,-3.5671e-24,0,0.0012173,0.0024522,0.34677,-0.0069149
6.575,1.1055,0.005,-0.031483,-0.010836,-3.407e-24,0,0.0012669,0.0026638,0.34634,-0.0070682
6.525,1.1556,0.005,-0.023755,-0.010328,-1.9498e-38,0,0.0013126,0.0028702,0.34611,-0.0072006
6.475,1.2056,0.005,-0.01632,-0.0098524,2.0252e-24,0,0.0013532,0.0030644,0.346,-0.0073149
6.425,1.2557,0.005,-0.0091288,-0.0094002,-1.8991e-24,0,0.0013878,0.0032389,0.34607,-0.0074135
6.375,1.3057,0.005,-0.0021326,-0.0089669,-2.8229e-24,0,0.0014165,0.0033888,0.34644,-0.0074988
6.325,1.3557,0.005,0.0047092,-0.0085492,-1.2412e-24,0,0.0014391,0.0035154,0.34723,-0.0075722
6.275,1.4058,0.005,0.01142,-0.0081482,7.2624e-25,0,0.0014562,0.0036229,0.34856,-0.0076345
6.225,1.4558,0.005,0.018022,-0.007763,2.8851e-25,0,0.0014683,0.0037069,0.35056,-0.0076867
6.175,1.5059,0.005,0.024556,-0.0073909,1.5448e-24,0,0.0014757,0.0037453,0.35331,-0.0077297
6.125,1.5559,0.005,0.03111,-0.0070286,3.4398e-25,0,0.0014784,0.0036993,0.35689,-0.0077644
6.075,1.606,0.005,0.037779,-0.0066704,-1.2969e-24,0,0.0014758,0.0036026,0.36122,-0.0077914
6.025,1.656,0.005,0.044626,-0.0063081,-5.2754e-25,0,0.0014672,0.0034691,0.36613,-0.007811
5.975,1.706,0.005,0.051712,-0.0059313,0,0,0.0014519,0.003303,0.3715,-0.0078232
5.925,1.7561,0.005,0.059105,-0.0055289,4.8716e-25,0,0.0014293,0.0031076,0.37727,-0.0078284
5.875,1.8061,0.005,0.066875,-0.0050904,5.0758e-25,0,0.001399,0.0028904,0.3834,-0.0078266
5.825,1.8562,0.005,0.075084,-0.0046085,-5.4353e-25,0,0.0013609,0.002663,0.38982,-0.0078182
5.775,1.9062,0.005,0.083771,-0.00408,-1.5715e-24,0,0.0013151,0.0024385,0.39643,-0.0078028
5.725,1.9563,0.005,0.092934,-0.0035087,-7.4271e-25,0,0.0012626,0.0022274,0.40306,-0.00778
5.675,2.0063,0.005,0.10254,-0.0029052,9.7169e-25,0,0.0012047,0.0020356,0.40956,-0.0077489
5.625,2.0563,0.005,0.11252,-0.0022854,2.5304e-25,0,0.001144,0.0018648,0.41594,-0.0077083
5.575,2.1064,0.005,0.1228,-0.0016681,-1.0747e-24,0,0.0010835,0.0017137,0.42257,-0.0076568
5.525,2.1564,0.005,0.13334,-0.0010734,-8.2905e-26,0,0.0010275,0.0015822,0.43035,-0.0075932
5.475,2.2065,0.005,0.14409,-0.00052166,7.9361e-25,0,0.00098123,0.0014753,0.44107,-0.0075158
5.425,2.2565,0.005,0.155,-3.3935e-05,-3.9105e-25,0,0.00095292,0.0014076,0.45819,-0.0074233
5.375,2.3066,0.005,0.16597,0.00036481,8.0776e-25,0,0.00095574,0.0014,0.48858,-0.0073149
5.325,2.3566,0.005,0.17684,0.00063978,-8.5451e-25,0,0.0010078,0.0014655,0.54237,-0.0071913
5.275,2.4066,0.005,0.18767,0.00075336,-1.462e-24,0,0.0011224,0.0015868,0.61654,-0.0070523
5.225,2.4567,0.005,0.1988,0.00068353,0,0,0.0013071,0.0017396,0.7025,-0.0068961
5.175,2.5067,0.005,0.21062,0.00043272,2.6156e-24,0,0.0015688,0.0019253,0.80037,-0.0067233
5.125,2.5568,0.005,0.22342,8.5984e-05,-2.0703e-24,0,0.0019042,0.0020897,0.91123,-0.0065244
5.075,2.6068,0.005,0.23743,-0.0003365,2.1629e-24,0,0.002298,0.0021981,1.0455,-0.0063052
5.025,2.6569,0.005,0.25294,-0.00081527,3.4608e-25,0,0.0027042,0.002233,1.211,-0.0060752
4.975,2.7069,0.005,0.27033,-0.00132,-1.4181e-24,0,0.0030542,0.0021857,1.3974,-0.0058317
4.925,2.7569,0.005,0.28985,-0.0017694,4.0646e-25,0,0.0032666,0.0020517,1.5921,-0.0055758
4.875,2.807,0.005,0.31132,-0.0020456,-6.7199e-26,0,0.0032452,0.0018233,1.7799,-0.0053083
4.825,2.86,0.005,0.33524,-0.0020852,-1.3335e-24,0,0.0028781,0.0014475,1.9883,-0.0050396
4.775,2.916,0.005,0.35827,-0.0016361,-4.4234e-38,0,0.0020479,0.00080451,2.5455,-0.0047636
4.725,2.972,0.005,0.36003,-0.00063057,2.0698e-24,0,0.0021411,0.00029099,7.3581,-0.004493
7.725,0.024,0.005,-0.21493,-0.0034426,-1.7562e-24,0,0.00097536,0.0001683,5.7955,0.010972
7.675,0.072,0.005,-0.21898,-0.0048431,-3.1024e-24,0,0.0011398,0.00068824,1.6562,0.0091673
7.625,0.12,0.005,-0.21574,-0.0090431,-3.918e-24,0,0.0012929,0.0012441,1.0393,0.0076857
7.575,0.168,0.005,-0.21101,-0.011323,-1.2373e-23,0,0.0013335,0.0016082,0.82919,0.0061302
7.525,0.216,0.005,-0.20504,-0.013531,0,0,0.0013239,0.0018259,0.71722,0.0047037
7.475,0.264,0.005,-0.19776,-0.015198,-3.3554e-24,0,0.001285,0.0017113,0.63973,0.0033555
7.425,0.312,0.005,-0.18932,-0.016558,-2.8334e-24,0,0.0012333,0.0016149,0.57943,0.0021025
7.375,0.36,0.005,-0.1802,-0.017485,6.2289e-24,0,0.0011781,0.0015544,0.53118,0.0009395
7.325,0.408,0.005,-0.17061,-0.018057,-5.0552e-24,0,0.001125,0.0015028,0.49242,-0.00012544
7.275,0.456,0.005,-0.16063,-0.018337,4.5634e-24,0,0.0010765,0.0014539,0.46107,-0.001091
7.225,0.50502,0.005,-0.15011,-0.018416,-7.551e-24,0,0.0010333,0.0014149,0.43524,-0.0019655
7.175,0.55506,0.005,-0.13918,-0.018319,8.4824e-24,0,0.00099667,0.0013904,0.41353,-0.002751
7.125,0.60511,0.005,-0.1282,-0.01805,-1.0785e-24,0,0.00096924,0.0013825,0.39581,-0.0034456
7.075,0.65515,0.005,-0.11726,-0.017638,-3.5762e-24,0,0.00095254,0.0013944,0.38155,-0.0040561
7.025,0.70519,0.005,-0.10645,-0.017112,-4.022e-33,0,0.00094775,0.0014296,0.3703,-0.0045897
6.975,0.75523,0.005,-0.095824,-0.016497,-4.7089e-24,0,0.00095541,0.0014917,0.36161,-0.0050541
6.925,0.80528,0.005,-0.085471,-0.015817,5.9074e-33,0,0.00097529,0.0015837,0.35504,-0.0054566
6.875,0.85532,0.005,-0.075452,-0.015097,1.2108e-24,0,0.0010062,0.0017067,0.35021,-0.0058045
6.825,0.90536,0.005,-0.065813,-0.014358,7.5085e-25,0,0.0010464,0.0018592,0.34684,-0.0061046
6.775,0.9554,0.005,-0.056579,-0.013621,-3.7529e-24,0,0.0010932,0.0020372,0.34468,-0.0063629
6.725,1.0054,0.005,-0.047756,-0.012905,-4.1568e-33,0,0.0011439,0.0022345,0.34347,-0.0065849
6.675,1.0555,0.005,-0.039332,-0.012227,4.7601e-24,0,0.0011957,0.0024431,0.34299,-0.0067757
6.625,1.1055,0.005,-0.031285,-0.011599,-3.0239e-24,0,0.0012463,0.0026546,0.34298,-0.0069396
6.575,1.1556,0.005,-0.023577,-0.011024,7.6767e-26,0,0.0012935,0.0028615,0.34323,-0.0070806
6.525,1.2056,0.005,-0.016164,-0.010495,1.0806e-24,0,0.0013359,0.0030567,0.34363,-0.0072023
6.475,1.2557,0.005,-0.0089932,-0.0099984,-9.9511e-25,0,0.0013726,0.0032334,0.34418,-0.0073073
6.425,1.3057,0.005,-0.0020162,-0.0095265,9.2572e-25,0,0.0014034,0.003386,0.34499,-0.0073983
6.375,1.3557,0.005,0.0048091,-0.0090742,4.3116e-33,0,0.0014282,0.0035154,0.34617,-0.0074768
6.325,1.4058,0.005,0.011507,-0.0086417,-1.5205e-24,0,0.0014474,0.0036254,0.34786,-0.0075437
6.275,1.4558,0.005,0.018097,-0.0082288,-2.8779e-25,0,0.0014615,0.0037118,0.35018,-0.0076003
6.225,1.5059,0.005,0.024622,-0.0078335,-1.6042e-24,0,0.001471,0.003753,0.35322,-0.0076474
6.175,1.5559,0.005,0.031165,-0.0074519,-1.2956e-37,0,0.0014756,0.0037104,0.35708,-0.0076861
6.125,1.606,0.005,0.03782,-0.0070781,3.732e-25,0,0.001475,0.0036178,0.36168,-0.007717
6.075,1.656,0.005,0.044649,-0.006704,-8.0823e-25,0,0.0014683,0.003489,0.36685,-0.0077404
6.025,1.706,0.005,0.051709,-0.0063194,-5.3692e-25,0,0.0014548,0.0033274,0.37248,-0.0077566
5.975,1.7561,0.005,0.059068,-0.0059128,0,0,0.001434,0.0031354,0.37849,-0.0077658
5.925,1.8061,0.005,0.066799,-0.0054733,5.0137e-25,0,0.0014054,0.0029199,0.38487,-0.0077683
5.875,1.8562,0.005,0.074965,-0.0049926,5.4031e-25,0,0.0013689,0.0026923,0.39156,-0.0077644
5.825,1.9062,0.005,0.083611,-0.0044677,-1.1968e-25,0,0.0013247,0.0024659,0.39846,-0.007754
5.775,1.9563,0.005,0.092741,-0.003901,-4.1978e-25,0,0.0012733,0.002252,0.40542,-0.0077368
5.725,2.0063,0.005,0.10232,-0.0033019,6.4246e-25,0,0.0012163,0.002057,0.41228,-0.0077119
5.675,2.0563,0.005,0.1123,-0.0026857,1.6184e-24,0,0.0011561,0.0018828,0.41906,-0.0076785
5.625,2.1064,0.005,0.1226,-0.0020711,1.6598e-24,0,0.001096,0.0017286,0.42609,-0.0076352
5.575,2.1564,0.005,0.13317,-0.0014779,8.9877e-25,0,0.0010401,0.0015944,0.43429,-0.0075806
5.525,2.2065,0.005,0.14397,-0.00092685,1.5384e-24,0,0.00099406,0.0014852,0.44542,-0.0075135
5.475,2.2565,0.005,0.15497,-0.00043885,4.1821e-26,0,0.00096624,0.0014154,0.4629,-0.0074323
5.425,2.3066,0.005,0.16603,-3.8688e-05,-2.9966e-25,0,0.00096985,0.0014053,0.49327,-0.0073365
5.375,2.3566,0.005,0.17704,0.00023985,7.5015e-25,0,0.0010229,0.0014678,0.54631,-0.0072262
5.325,2.4066,0.005,0.18803,0.00036023,-2.4693e-24,0,0.0011383,0.0015875,0.61905,-0.0071018
5.275,2.4567,0.005,0.19933,0.00030184,6.6096e-25,0,0.0013227,0.001742,0.70262,-0.0069623
5.225,2.5067,0.005,0.21127,7.1182e-05,1.2747e-24,0,0.0015819,0.0019317,0.7979,-0.0068057
5.175,2.5568,0.005,0.22413,-0.00025651,-5.6188e-25,0,0.0019113,0.0021076,0.90686,-0.0066254
5.125,2.6068,0.005,0.23816,-0.00064531,-1.1422e-25,0,0.0022934,0.0022059,1.0396,-0.0064253
5.075,2.6569,0.005,0.25367,-0.0010799,1.798e-24,0,0.0026842,0.0022332,1.2019,-0.0062144
5.025,2.7069,0.005,0.27099,-0.0015345,-4.3679e-26,0,0.0030187,0.0021812,1.384,-0.0059906
4.975,2.7569,0.005,0.29035,-0.0019342,-5.5483e-25,0,0.0032184,0.0020444,1.5742,-0.0057554
4.925,2.807,0.005,0.31157,-0.0021584,-1.5627e-24,0,0.0031915,0.0018141,1.7593,-0.0055087
4.875,2.86,0.005,0.33512,-0.0021621,-1.1691e-24,0,0.0028299,0.001437,1.9694,-0.0052646
4.825,2.916,0.005,0.35766,-0.0016731,1.6046e-24,0,0.0020237,0.00079709,2.5388,-0.0050112
4.775,2.972,0.005,0.35903,-0.00066132,-4.299e-27,0,0.0021327,0.00029041,7.3437,-0.0047611
7.775,0.024,0.005,-0.21066,-0.0038016,1.5976e-23,0,0.00096567,0.00016746,5.7667,0.012448
7.725,0.072,0.005,-0.21456,-0.0053668,-1.5519e-23,0,0.0011582,0.00069906,1.6567,0.010522
7.675,0.12,0.005,-0.21165,-0.009936,-2.7808e-24,0,0.0013103,0.0012522,1.0465,0.0089404
7.625,0.168,0.005,-0.20727,-0.012434,1.4434e-23,0,0.0013453,0.0016082,0.83651,0.0072827
7.575,0.216,0.005,-0.20158,-0.014862,-1.7618e-23,0,0.0013298,0.0017836,0.72299,0.0057588
7.525,0.264,0.005,-0.19456,-0.016699,9.961e-24,0,0.0012865,0.0016886,0.64361,0.0043094
7.475,0.312,0.005,-0.18644,-0.018174,-6.3384e-24,0,0.001232,0.0016116,0.58183,0.0029616
7.425,0.36,0.005,-0.17766,-0.019162,1.5134e-23,0,0.0011753,0.0015632,0.53247,0.0017064
7.375,0.408,0.005,-0.16839,-0.019764,-3.3699e-24,0,0.0011213,0.0015164,0.49284,0.00055623
7.325,0.456,0.005,-0.1587,-0.020046,-5.1654e-24,0,0.001072,0.0014696,0.46073,-0.00048733
7.275,0.50502,0.005,-0.14843,-0.020107,-4.7892e-24,0,0.0010279,0.0014316,0.43422,-0.0014329
7.225,0.55506,0.005,-0.13774,-0.019976,4.5412e-24,0,0.00099013,0.0014072,0.41189,-0.0022825
7.175,0.60511,0.005,-0.12697,-0.019658,-5.3899e-24,0,0.00096125,0.0013985,0.3936,-0.0030339
7.125,0.65515,0.005,-0.11622,-0.019188,3.8222e-24,0,0.00094279,0.0014087,0.37883,-0.0036941
7.075,0.70519,0.005,-0.10558,-0.018594,-2.1808e-24,0,0.00093596,0.0014413,0.36712,-0.0042711
7.025,0.75523,0.005,-0.095106,-0.017906,3.1601e-24,0,0.00094142,0.0015003,0.35803,-0.0047729
6.975,0.80528,0.005,-0.084884,-0.017149,0,0,0.00095906,0.0015889,0.35116,-0.0052077
6.925,0.85532,0.005,-0.074975,-0.016348,-1.8105e-37,0,0.00098793,0.0017083,0.34614,-0.0055832
6.875,0.90536,0.005,-0.065425,-0.015528,-1.0478e-24,0,0.0010263,0.0018574,0.34269,-0.0059067
6.825,0.9554,0.005,-0.056263,-0.014708,1.1977e-24,0,0.0010718,0.0020327,0.34055,-0.0061848
6.775,1.0054,0.005,-0.047495,-0.013908,3.5236e-24,0,0.0011219,0.0022284,0.33949,-0.0064236
6.725,1.0555,0.005,-0.039111,-0.013145,7.8173e-25,0,0.0011738,0.0024364,0.33925,-0.0066285
6.675,1.1055,0.005,-0.031093,-0.012433,3.7002e-24,0,0.001225,0.0026481,0.3396,-0.0068041
6.625,1.1556,0.005,-0.023407,-0.011781,1.2459e-24,0,0.0012736,0.0028553,0.3403,-0.0069547
6.575,1.2056,0.005,-0.016013,-0.011185,-3.4039e-24,0,0.0013178,0.0030508,0.3412,-0.0070842
6.525,1.2557,0.005,-0.008862,-0.010636,9.2453e-38,0,0.0013566,0.0032287,0.34224,-0.007196
6.475,1.3057,0.005,-0.0019039,-0.010121,2.0977e-24,0,0.0013894,0.0033834,0.34349,-0.0072929
6.425,1.3557,0.005,0.0049049,-0.0096298,1.0913e-24,0,0.0014163,0.003515,0.34507,-0.0073767
6.375,1.4058,0.005,0.011589,-0.0091628,5.0776e-25,0,0.0014377,0.0036276,0.34712,-0.0074485
6.325,1.4558,0.005,0.018169,-0.0087186,1.0148e-24,0,0.0014539,0.0037165,0.34976,-0.0075096
6.275,1.5059,0.005,0.024685,-0.0082962,6.7456e-25,0,0.0014654,0.0037604,0.3531,-0.0075609
6.225,1.5559,0.005,0.031219,-0.0078921,-6.3722e-25,0,0.001472,0.0037209,0.35724,-0.0076036
6.175,1.606,0.005,0.037861,-0.0074998,-5.1384e-25,0,0.0014733,0.0036326,0.3621,-0.0076384
6.125,1.656,0.005,0.044671,-0.007111,-5.8593e-25,0,0.0014685,0.0035085,0.36753,-0.0076657
6.075,1.706,0.005,0.051706,-0.0067154,3.0862e-25,0,0.001457,0.0033514,0.3734,-0.0076857
6.025,1.7561,0.005,0.059032,-0.0063016,1.4934e-24,0,0.001438,0.0031629,0.37966,-0.0076988
5.975,1.8061,0.005,0.066723,-0.0058583,1.0705e-24,0,0.0014112,0.0029493,0.38628,-0.0077053
5.925,1.8562,0.005,0.074847,-0.0053767,-5.3887e-25,0,0.0013764,0.0027218,0.39323,-0.0077057
5.875,1.9062,0.005,0.08345,-0.0048525,-2.5221e-38,0,0.0013336,0.0024938,0.40042,-0.0077
5.825,1.9563,0.005,0.092546,-0.0042878,9.3263e-25,0,0.0012836,0.0022771,0.4077,-0.007688
5.775,2.0063,0.005,0.10211,-0.003691,2.1142e-24,0,0.0012276,0.0020788,0.41493,-0.007669
5.725,2.0563,0.005,0.11208,-0.0030766,1.038e-24,0,0.001168,0.0019013,0.42211,-0.0076422
5.675,2.1064,0.005,0.12239,-0.0024629,-7.7492e-25,0,0.0011083,0.0017439,0.42957,-0.0076064
5.625,2.1564,0.005,0.13299,-0.00187,-1.6393e-38,0,0.0010527,0.0016069,0.43821,-0.0075604
5.575,2.2065,0.005,0.14385,-0.0013183,4.6729e-25,0,0.0010069,0.0014954,0.44978,-0.0075027
5.525,2.2565,0.005,0.15491,-0.00082905,-4.2535e-26,0,0.00097964,0.0014235,0.46765,-0.0074322
5.475,2.3066,0.005,0.16608,-0.00042678,-2.242e-38,0,0.00098407,0.0014109,0.49805,-0.007348
5.425,2.3566,0.005,0.17722,-0.00014449,-1.0533e-24,0,0.001038,0.0014705,0.55025,-0.0072504
5.375,2.4066,0.005,0.18837,-1.7117e-05,-2.582e-25,0,0.0011541,0.0015887,0.62145,-0.0071396
5.325,2.4567,0.005,0.19982,-6.354e-05,0,0,0.0013381,0.0017447,0.70283,-0.0070147
5.275,2.5067,0.005,0.21189,-0.00027748,1.229e-24,0,0.001595,0.001939,0.79573,-0.0068747
5.225,2.5568,0.005,0.22479,-0.00058041,1.7086e-24,0,0.0019182,0.0021246,0.90287,-0.0067115
5.175,2.6068,0.005,0.23884,-0.00094224,-1.1755e-24,0,0.0022886,0.0022132,1.0341,-0.0065292
5.125,2.6569,0.005,0.25434,-0.001333,-1.8236e-25,0,0.0026645,0.0022334,1.193,-0.0063373
5.075,2.7069,0.005,0.2716,-0.0017416,-4.3408e-25,0,0.002984,0.0021767,1.3709,-0.0061323
5.025,2.7569,0.005,0.29081,-0.0020931,1.234e-24,0,0.0031715,0.0020372,1.5568,-0.0059168
4.975,2.807,0.005,0.31177,-0.002267,-1.4641e-24,0,0.003139,0.0018048,1.7392,-0.0056895
4.925,2.86,0.005,0.33496,-0.0022439,2.5188e-24,0,0.0027827,0.0014263,1.9509,-0.005468
4.875,2.916,0.005,0.35702,-0.0017042,1.3784e-24,0,0.0019995,0.00078968,2.532,-0.0052362
4.825,2.972,0.005,0.358,-0.00069303,-8.4302e-27,0,0.0021239,0.00028981,7.3285,-0.0050064
7.825,0.024,0.005,-0.20594,-0.0041947,1.2245e-36,0,0.00095604,0.00016662,5.7379,0.014008
7.775,0.072,0.005,-0.20974,-0.0059335,-7.5529e-24,0,0.001177,0.00070984,1.6581,0.011957
7.725,0.12,0.005,-0.2072,-0.010896,7.3628e-24,0,0.001328,0.0012594,1.0545,0.010273
7.675,0.168,0.005,-0.20319,-0.013629,2.6444e-23,0,0.001357,0.001607,0.84446,0.0085104
7.625,0.216,0.005,-0.19781,-0.016294,-6.5719e-24,0,0.0013353,0.0017376,0.72928,0.0068864
7.575,0.264,0.005,-0.19108,-0.01832,3.4836e-24,0,0.0012878,0.0016632,0.64793,0.0053322
7.525,0.312,0.005,-0.18332,-0.019918,3.6183e-24,0,0.0012308,0.0016066,0.58471,0.0038832
7.475,0.36,0.005,-0.17493,-0.020976,-1.0002e-23,0,0.0011729,0.0015711,0.53427,0.0025305
7.425,0.408,0.005,-0.16601,-0.021613,1.5305e-23,0,0.0011181,0.0015302,0.49374,0.0012895
7.375,0.456,0.005,-0.15663,-0.0219,-1.5799e-23,0,0.001068,0.0014868,0.46084,0.00016247
7.325,0.50502,0.005,-0.14664,-0.021942,1.0671e-23,0,0.0010231,0.0014507,0.43364,-0.00085942
7.275,0.55506,0.005,-0.13619,-0.021775,-3.1472e-24,0,0.00098425,0.0014268,0.41068,-0.001778
7.225,0.60511,0.005,-0.12565,-0.021404,-2.9135e-24,0,0.00095394,0.0014176,0.39182,-0.0025906
7.175,0.65515,0.005,-0.11511,-0.02087,6.7274e-24,0,0.00093372,0.0014263,0.37652,-0.0033046
7.125,0.70519,0.005,-0.10465,-0.020204,2.3595e-24,0,0.00092484,0.0014565,0.36433,-0.0039284
7.075,0.75523,0.005,-0.094345,-0.019436,-8.7947e-24,0,0.00092805,0.0015124,0.35483,-0.0044709
7.025,0.80528,0.005,-0.084263,-0.018596,3.4879e-33,0,0.00094336,0.0015974,0.34762,-0.0049408
6.975,0.85532,0.005,-0.074472,-0.01771,-2.7085e-24,0,0.00097002,0.0017131,0.34237,-0.0053463
6.925,0.90536,0.005,-0.06502,-0.016801,5.8401e-24,0,0.0010065,0.0018588,0.33879,-0.0056953
6.875,0.9554,0.005,-0.055936,-0.015893,3.5046e-33,0,0.0010506,0.0020311,0.33663,-0.005995
6.825,1.0054,0.005,-0.047228,-0.015004,-3.7892e-24,0,0.0010998,0.0022247,0.33565,-0.006252
6.775,1.0555,0.005,-0.038891,-0.014151,1.6517e-24,0,0.0011515,0.0024321,0.3356,-0.0064723
6.725,1.1055,0.005,-0.030905,-0.013348,1.9963e-24,0,0.0012032,0.0026443,0.33624,-0.0066608
6.675,1.1556,0.005,-0.023243,-0.012608,-1.437e-24,0,0.0012528,0.0028522,0.33734,-0.0068221
6.625,1.2056,0.005,-0.015868,-0.011935,-4.6989e-34,0,0.0012987,0.003048,0.33871,-0.0069604
6.575,1.2557,0.005,-0.0087358,-0.011321,7.9112e-26,0,0.0013395,0.0032258,0.34025,-0.0070794
6.525,1.3057,0.005,-0.0017959,-0.010754,2.3346e-24,0,0.0013746,0.0033815,0.34196,-0.0071825
6.475,1.3557,0.005,0.0049968,-0.01022,2.258e-24,0,0.0014036,0.0035147,0.34395,-0.0072718
6.425,1.4058,0.005,0.011668,-0.0097144,3.0772e-24,0,0.0014271,0.003629,0.34636,-0.0073486
6.375,1.4558,0.005,0.018238,-0.0092362,-7.6147e-25,0,0.0014454,0.0037206,0.34932,-0.0074143
6.325,1.5059,0.005,0.024745,-0.008783,-3.8898e-25,0,0.0014589,0.0037677,0.35295,-0.0074701
6.275,1.5559,0.005,0.03127,-0.0083526,1.3349e-24,0,0.0014676,0.0037312,0.35736,-0.0075169
6.225,1.606,0.005,0.0379,-0.0079386,-1.2769e-24,0,0.0014708,0.0036468,0.36248,-0.0075556
6.175,1.656,0.005,0.044693,-0.007532,-1.0226e-24,0,0.001468,0.0035275,0.36816,-0.0075866
6.125,1.706,0.005,0.051704,-0.0071225,1.5716e-25,0,0.0014583,0.0033751,0.37428,-0.0076104
6.075,1.7561,0.005,0.058997,-0.0066985,3.6439e-25,0,0.0014412,0.0031903,0.38078,-0.0076272
6.025,1.8061,0.005,0.066649,-0.0062485,5.6859e-25,0,0.0014163,0.0029788,0.38764,-0.0076377
5.975,1.8562,0.005,0.074729,-0.0057632,0,0,0.0013832,0.0027515,0.39484,-0.0076422
5.925,1.9062,0.005,0.08329,-0.0052373,-5.7091e-25,0,0.001342,0.0025221,0.4023,-0.0076409
5.875,1.9563,0.005,0.09235,-0.0046721,-6.012e-25,0,0.0012933,0.0023027,0.40991,-0.0076337
5.825,2.0063,0.005,0.10189,-0.0040753,1.2604e-24,0,0.0012384,0.0021011,0.41751,-0.0076202
5.775,2.0563,0.005,0.11185,-0.0034607,1.316e-24,0,0.0011797,0.0019202,0.42509,-0.0075996
5.725,2.1064,0.005,0.12217,-0.0028462,-9.9921e-25,0,0.0011204,0.0017597,0.43299,-0.0075708
5.675,2.1564,0.005,0.1328,-0.0022519,1.1214e-24,0,0.0010651,0.0016198,0.4421,-0.0075327
5.625,2.2065,0.005,0.1437,-0.0016984,-1.0334e-24,0,0.0010198,0.001506,0.45415,-0.007484
5.575,2.2565,0.005,0.15484,-0.0012068,-1.1143e-24,0,0.00099311,0.0014319,0.47243,-0.0074233
5.525,2.3066,0.005,0.16611,-0.00080163,-7.6237e-25,0,0.00099837,0.0014169,0.50286,-0.0073499
5.475,2.3566,0.005,0.17738,-0.00051511,-5.57e-25,0,0.001053,0.0014736,0.55414,-0.0072642
5.425,2.4066,0.005,0.18869,-0.00038081,-1.3297e-24,0,0.0011698,0.0015903,0.62375,-0.0071662
5.375,2.4567,0.005,0.20029,-0.00041556,-2.5643e-25,0,0.0013534,0.0017479,0.7031,-0.007055
5.325,2.5067,0.005,0.21248,-0.00061095,1.1885e-24,0,0.0016077,0.0019463,0.79377,-0.0069296
5.275,2.5568,0.005,0.22542,-0.00089258,1.1551e-24,0,0.0019247,0.0021404,0.89921,-0.0067836
5.225,2.6068,0.005,0.23947,-0.0012228,5.3198e-25,0,0.0022836,0.0022199,1.0287,-0.0066183
5.175,2.6569,0.005,0.25497,-0.0015774,-2.6808e-24,0,0.0026451,0.0022335,1.1843,-0.0064439
5.125,2.7069,0.005,0.27215,-0.0019399,-3.9174e-38,0,0.00295,0.0021723,1.358,-0.0062577
5.075,2.7569,0.005,0.29121,-0.0022467,1.1269e-24,0,0.0031257,0.00203,1.5398,-0.0060609
5.025,2.807,0.005,0.31193,-0.0023757,8.9276e-25,0,0.0030878,0.0017956,1.7196,-0.0058528
4.975,2.86,0.005,0.33476,-0.0023199,9.4174e-25,0,0.0027364,0.0014157,1.9329,-0.0056517
4.925,2.916,0.005,0.35636,-0.0017351,-5.0316e-38,0,0.0019753,0.00078228,2.5251,-0.0054403
4.875,2.972,0.005,0.35693,-0.00072523,-1.6068e-24,0,0.0021147,0.00028919,7.3128,-0.0052307
7.875,0.024,0.005,-0.20074,-0.004627,-1.8484e-23,0,0.00094657,0.00016579,5.7094,0.015651
7.825,0.072,0.005,-0.20448,-0.0065451,-3.1093e-39,0,0.0011963,0.00072052,1.6603,0.013473
7.775,0.12,0.005,-0.20235,-0.011924,-3.2664e-24,0,0.0013458,0.0012656,1.0634,0.011687
7.725,0.168,0.005,-0.19876,-0.014916,-9.463e-24,0,0.0013685,0.0016042,0.85306,0.0098153
7.675,0.216,0.005,-0.19371,-0.017836,2.4285e-23,0,0.0013406,0.001687,0.73614,0.0080885
7.625,0.264,0.005,-0.18731,-0.020066,-1.9704e-23,0,0.001289,0.0016346,0.65279,0.0064266
7.575,0.312,0.005,-0.17997,-0.021794,3.949e-24,0,0.0012298,0.0015988,0.58814,0.0048702
7.525,0.36,0.005,-0.17199,-0.022937,-4.0165e-24,0,0.0011709,0.0015768,0.53661,0.0034148
7.475,0.408,0.005,-0.16345,-0.023616,6.2407e-24,0,0.0011154,0.0015436,0.49516,0.0020774
7.425,0.456,0.005,-0.1544,-0.023909,2.0611e-24,0,0.0010647,0.0015052,0.46145,0.00086129
7.375,0.50502,0.005,-0.14472,-0.023933,5.3241e-24,0,0.001019,0.001472,0.43354,-0.00024237
7.325,0.55506,0.005,-0.13455,-0.023727,-8.5833e-24,0,0.00097909,0.0014495,0.40994,-0.001235
7.275,0.60511,0.005,-0.12425,-0.0233,0,0,0.00094738,0.0014403,0.3905,-0.0021135
7.225,0.65515,0.005,-0.11393,-0.022696,-4.3466e-24,0,0.00092541,0.0014477,0.37466,-0.0028856
7.175,0.70519,0.005,-0.10367,-0.021952,-1.0185e-32,0,0.00091445,0.0014756,0.36197,-0.0035601
7.125,0.75523,0.005,-0.093535,-0.0211,4.4469e-24,0,0.00091535,0.0015284,0.35204,-0.0041465
7.075,0.80528,0.005,-0.083604,-0.02017,-4.5643e-24,0,0.00092826,0.0016098,0.34447,-0.0046542
7.025,0.85532,0.005,-0.07394,-0.019191,-7.1303e-39,0,0.00095259,0.0017217,0.33893,-0.0050923
6.975,0.90536,0.005,-0.064594,-0.018188,-1.2502e-24,0,0.00098699,0.0018637,0.33517,-0.0054691
6.925,0.9554,0.005,-0.055594,-0.017184,-9.6192e-25,0,0.0010295,0.0020328,0.33294,-0.0057924
6.875,1.0054,0.005,-0.046954,-0.0162,7.0629e-25,0,0.0010776,0.0022239,0.33199,-0.0060693
6.825,1.0555,0.005,-0.038667,-0.015252,9.7304e-34,0,0.0011289,0.0024303,0.33208,-0.0063062
6.775,1.1055,0.005,-0.03072,-0.014355,-1.6514e-37,0,0.0011808,0.0026431,0.33295,-0.0065089
6.725,1.1556,0.005,-0.023086,-0.013519,-1.3836e-24,0,0.0012313,0.0028525,0.33438,-0.0066821
6.675,1.2056,0.005,-0.015732,-0.012755,3.8071e-24,0,0.0012786,0.0030492,0.33618,-0.0068302
6.625,1.2557,0.005,-0.0086161,-0.012063,-1.2932e-39,0,0.0013214,0.0032265,0.33819,-0.0069572
6.575,1.3057,0.005,-0.0016926,-0.011433,-2.8881e-24,0,0.0013586,0.0033814,0.34037,-0.0070668
6.525,1.3557,0.005,0.0050843,-0.010849,7.5434e-25,0,0.0013899,0.0035151,0.34279,-0.0071618
6.475,1.4058,0.005,0.011743,-0.0103,6.1886e-25,0,0.0014156,0.0036307,0.34557,-0.0072438
6.425,1.4558,0.005,0.018304,-0.009784,-1.8824e-24,0,0.001436,0.0037241,0.34886,-0.0073144
6.375,1.5059,0.005,0.024803,-0.0092977,-2.1154e-24,0,0.0014516,0.0037743,0.35278,-0.0073747
6.325,1.5559,0.005,0.03132,-0.0088372,-6.9867e-25,0,0.0014623,0.0037412,0.35745,-0.0074257
6.275,1.606,0.005,0.037939,-0.0083977,6.6868e-25,0,0.0014675,0.0036606,0.36282,-0.0074683
6.225,1.656,0.005,0.044715,-0.0079702,1.2906e-24,0,0.0014666,0.003546,0.36875,-0.0075032
6.175,1.706,0.005,0.051702,-0.0075438,1.9555e-24,0,0.0014589,0.0033984,0.3751,-0.0075306
6.125,1.7561,0.005,0.058964,-0.0071066,-4.3568e-38,0,0.0014437,0.0032175,0.38184,-0.0075512
6.075,1.8061,0.005,0.066576,-0.0066469,-2.3142e-24,0,0.0014206,0.0030083,0.38893,-0.0075654
6.025,1.8562,0.005,0.074613,-0.0061549,-5.4157e-25,0,0.0013893,0.0027813,0.39638,-0.0075738
5.975,1.9062,0.005,0.083131,-0.0056248,1.1519e-24,0,0.0013498,0.0025506,0.40412,-0.0075767
5.925,1.9563,0.005,0.092152,-0.0050567,2.7643e-38,0,0.0013026,0.0023287,0.41204,-0.0075741
5.875,2.0063,0.005,0.10166,-0.0044576,-6.2817e-25,0,0.0012489,0.0021239,0.42,-0.0075657
5.825,2.0563,0.005,0.11161,-0.0038408,-7.9621e-25,0,0.001191,0.0019395,0.428,-0.0075509
5.775,2.1064,0.005,0.12194,-0.0032236,-2.4631e-24,0,0.0011324,0.0017758,0.43636,-0.0075286
5.725,2.1564,0.005,0.1326,-0.0026262,-7.0031e-25,0,0.0010776,0.0016331,0.44595,-0.0074978
5.675,2.2065,0.005,0.14355,-0.0020695,1.7278e-24,0,0.0010327,0.0015169,0.45851,-0.0074573
5.625,2.2565,0.005,0.15476,-0.0015745,-5.3035e-25,0,0.0010066,0.0014407,0.47721,-0.0074058
5.575,2.3066,0.005,0.16612,-0.0011654,-3.1623e-25,0,0.0010127,0.0014233,0.5077,-0.0073426
5.525,2.3566,0.005,0.17752,-0.00087398,-1.3903e-24,0,0.0010681,0.0014771,0.55798,-0.007268
5.475,2.4066,0.005,0.18898,-0.0007325,-5.6386e-25,0,0.0011853,0.0015923,0.62594,-0.0071821
5.425,2.4567,0.005,0.20074,-0.00075577,-1.7121e-25,0,0.0013684,0.0017515,0.7034,-0.0070837
5.375,2.5067,0.005,0.21303,-0.00093167,-2.4796e-25,0,0.0016199,0.001954,0.79203,-0.0069718
5.325,2.5568,0.005,0.22601,-0.0011903,1.7648e-24,0,0.0019307,0.002155,0.89589,-0.0068413
5.275,2.6068,0.005,0.24006,-0.0014929,5.1376e-25,0,0.0022784,0.0022259,1.0236,-0.0066936
5.225,2.6569,0.005,0.25553,-0.0018092,-4.5706e-25,0,0.0026259,0.0022335,1.1757,-0.0065357
5.175,2.7069,0.005,0.27266,-0.0021317,-6.3348e-38,0,0.0029169,0.0021679,1.3455,-0.0063668
5.125,2.7569,0.005,0.29156,-0.0023935,-2.0476e-24,0,0.0030811,0.0020228,1.5232,-0.0061888
5.075,2.807,0.005,0.31204,-0.0024817,2.3132e-24,0,0.0030379,0.0017864,1.7006,-0.0059994
5.025,2.86,0.005,0.33453,-0.0023905,-1.1878e-24,0,0.0026911,0.001405,1.9154,-0.005818
4.975,2.916,0.005,0.35568,-0.0017652,6.8106e-26,0,0.0019513,0.00077491,2.5181,-0.0056248
4.925,2.972,0.005,0.35583,-0.00075623,7.4034e-27,0,0.0021053,0.00028853,7.2964,-0.0054361
7.925,0.024,0.005,-0.19503,-0.0051056,-2.6975e-24,0,0.00093735,0.00016498,5.6815,0.017378
7.875,0.072,0.005,-0.19876,-0.0072026,-4.5885e-24,0,0.0012161,0.00073104,1.6636,0.015068
7.825,0.12,0.005,-0.19708,-0.01302,-1.5392e-23,0,0.0013637,0.0012705,1.0733,0.013181
7.775,0.168,0.005,-0.19393,-0.016305,3.8955e-24,0,0.0013797,0.0015999,0.86236,0.0112
7.725,0.216,0.005,-0.18924,-0.019496,3.9021e-24,0,0.0013455,0.0016326,0.74359,0.0093659
7.675,0.264,0.005,-0.18322,-0.021947,8.3694e-24,0,0.00129,0.0016021,0.65823,0.0075936
7.625,0.312,0.005,-0.17634,-0.023813,7.2009e-25,0,0.0012291,0.0015869,0.59218,0.0059251
7.575,0.36,0.005,-0.16881,-0.025053,-7.2699e-24,0,0.0011693,0.0015789,0.53957,0.0043622
7.525,0.408,0.005,-0.16069,-0.025782,-1.0983e-23,0,0.0011134,0.0015558,0.49716,0.0029226
7.475,0.456,0.005,-0.15201,-0.026087,1.0166e-23,0,0.0010621,0.0015243,0.4626,0.0016119
7.425,0.50502,0.005,-0.14266,-0.026092,-1.6067e-23,0,0.0010157,0.0014954,0.43397,0.00042097
7.375,0.55506,0.005,-0.13278,-0.025846,3.6683e-24,0,0.00097472,0.0014752,0.40972,-0.00065113
7.325,0.60511,0.005,-0.12275,-0.025359,0,0,0.00094164,0.0014667,0.38969,-0.0016004
7.275,0.65515,0.005,-0.11267,-0.024681,-4.6224e-24,0,0.00091791,0.0014733,0.3733,-0.0024349
7.225,0.70519,0.005,-0.10262,-0.023851,6.9562e-24,0,0.00090487,0.0014991,0.3601,-0.003164
7.175,0.75523,0.005,-0.092672,-0.022907,1.4124e-24,0,0.00090341,0.0015488,0.34971,-0.0037979
7.125,0.80528,0.005,-0.082902,-0.021881,-2.0462e-24,0,0.00091384,0.0016264,0.34174,-0.0043467
7.075,0.85532,0.005,-0.073375,-0.020803,-1.368e-24,0,0.00093572,0.0017345,0.33589,-0.00482
7.025,0.90536,0.005,-0.064142,-0.019698,5.4412e-27,0,0.00096789,0.0018727,0.3319,-0.0052269
6.975,0.9554,0.005,-0.055235,-0.018592,1.0524e-24,0,0.0010085,0.0020384,0.32954,-0.0055758
6.925,1.0054,0.005,-0.046667,-0.017506,-1.556e-24,0,0.0010554,0.0022268,0.32857,-0.0058744
6.875,1.0555,0.005,-0.038438,-0.016457,-2.3978e-24,0,0.001106,0.0024315,0.32873,-0.0061296
6.825,1.1055,0.005,-0.030534,-0.015459,3.4411e-25,0,0.001158,0.0026443,0.32977,-0.0063475
6.775,1.1556,0.005,-0.022932,-0.014524,2.9225e-24,0,0.0012091,0.0028555,0.33147,-0.0065337
6.725,1.2056,0.005,-0.015602,-0.013661,-5.1258e-26,0,0.0012577,0.0030544,0.33363,-0.0066927
6.675,1.2557,0.005,-0.0085042,-0.012876,1.2756e-37,0,0.0013022,0.0032323,0.33608,-0.0068288
6.625,1.3057,0.005,-0.0015957,-0.012168,-1.2475e-24,0,0.0013416,0.0033854,0.33873,-0.0069457
6.575,1.3557,0.005,0.0051672,-0.011522,-3.2143e-24,0,0.0013752,0.0035172,0.34158,-0.0070466
6.525,1.4058,0.005,0.011814,-0.010924,-1.415e-24,0,0.0014031,0.0036328,0.34475,-0.0071339
6.475,1.4558,0.005,0.018366,-0.010366,5.4556e-25,0,0.0014257,0.0037274,0.34838,-0.0072095
6.425,1.5059,0.005,0.024858,-0.0098429,1.8677e-24,0,0.0014434,0.00378,0.35258,-0.0072745
6.375,1.5559,0.005,0.031367,-0.0093499,-7.3113e-25,0,0.001456,0.0037506,0.35751,-0.0073298
6.325,1.606,0.005,0.037976,-0.0088811,-1.8455e-24,0,0.0014633,0.0036743,0.36313,-0.0073766
6.275,1.656,0.005,0.044737,-0.008429,-2.6184e-25,0,0.0014644,0.0035642,0.3693,-0.0074153
6.225,1.706,0.005,0.051701,-0.0079824,4.4705e-25,0,0.0014586,0.0034213,0.37588,-0.0074464
6.175,1.7561,0.005,0.058932,-0.007529,1.1249e-24,0,0.0014453,0.0032445,0.38284,-0.0074705
6.125,1.8061,0.005,0.066505,-0.0070566,5.1374e-25,0,0.0014241,0.0030377,0.39017,-0.0074883
6.075,1.8562,0.005,0.074499,-0.0065551,-5.4569e-25,0,0.0013947,0.0028114,0.39785,-0.0075005
6.025,1.9062,0.005,0.082972,-0.0060179,2.6869e-38,0,0.001357,0.0025794,0.40586,-0.0075074
5.975,1.9563,0.005,0.091954,-0.0054444,5.9802e-25,0,0.0013113,0.002355,0.41409,-0.0075092
5.925,2.0063,0.005,0.10143,-0.0048407,1.8305e-24,0,0.0012589,0.002147,0.42242,-0.0075056
5.875,2.0563,0.005,0.11137,-0.0042195,6.5242e-25,0,0.0012021,0.0019593,0.43084,-0.0074961
5.825,2.1064,0.005,0.1217,-0.0035979,-1.1625e-24,0,0.0011442,0.0017922,0.43967,-0.0074799
5.775,2.1564,0.005,0.13239,-0.0029958,4.2893e-25,0,0.0010899,0.0016467,0.44977,-0.0074559
5.725,2.2065,0.005,0.14339,-0.002434,1.0649e-24,0,0.0010456,0.0015281,0.46285,-0.0074231
5.675,2.2565,0.005,0.15467,-0.0019343,-6.1496e-25,0,0.0010202,0.0014498,0.482,-0.0073802
5.625,2.3066,0.005,0.16612,-0.0015203,8.933e-25,0,0.0010271,0.00143,0.51253,-0.0073264
5.575,2.3566,0.005,0.17765,-0.0012231,5.885e-25,0,0.0010831,0.0014809,0.56177,-0.0072621
5.525,2.4066,0.005,0.18926,-0.0010738,-6.3828e-25,0,0.0012006,0.0015947,0.62806,-0.0071874
5.475,2.4567,0.005,0.20115,-0.0010853,8.9047e-26,0,0.0013831,0.0017556,0.70377,-0.0071012
5.425,2.5067,0.005,0.21354,-0.0012412,5.6187e-25,0,0.0016318,0.0019619,0.79057,-0.007002
5.375,2.5568,0.005,0.22656,-0.0014759,-5.3783e-25,0,0.0019361,0.0021683,0.89289,-0.006886
5.325,2.6068,0.005,0.2406,-0.0017506,1.4737e-24,0,0.0022728,0.0022314,1.0186,-0.0067541
5.275,2.6569,0.005,0.25606,-0.0020335,-4.4309e-25,0,0.0026069,0.0022332,1.1674,-0.0066133
5.225,2.7069,0.005,0.27311,-0.0023135,-8.8403e-25,0,0.0028843,0.0021635,1.3332,-0.0064609
5.175,2.7569,0.005,0.29187,-0.0025359,-4.7352e-25,0,0.0030375,0.0020156,1.507,-0.0063005
5.125,2.807,0.005,0.31211,-0.0025831,-2.6812e-25,0,0.0029891,0.0017771,1.682,-0.0061293
5.075,2.86,0.005,0.33427,-0.0024582,-7.7125e-25,0,0.0026467,0.0013943,1.8982,-0.0059672
5.025,2.916,0.005,0.35497,-0.0017939,-1.0801e-24,0,0.0019273,0.00076757,2.5109,-0.005791
4.975,2.972,0.005,0.35471,-0.00078752,1.3467e-24,0,0.0020955,0.00028786,7.2794,-0.0056237
7.975,0.024,0.005,-0.18877,-0.0056376,-3.0173e-24,0,0.00092848,0.0001642,5.6546,0.019185
7.925,0.072,0.005,-0.19254,-0.0079123,1.0699e-23,0,0.0012365,0.00074134,1.6679,0.016741
7.875,0.12,0.005,-0.19136,-0.014186,7.5905e-37,0,0.0013816,0.0012741,1.0844,0.014754
7.825,0.168,0.005,-0.18869,-0.017806,-1.0861e-23,0,0.0013903,0.0015936,0.87241,0.012663
7.775,0.216,0.005,-0.18438,-0.021286,0,0,0.0013499,0.0015753,0.75167,0.010719
7.725,0.264,0.005,-0.1788,-0.02397,1.3841e-23,0,0.0012909,0.0015658,0.66432,0.0088342
7.675,0.312,0.005,-0.17242,-0.025985,4.7202e-24,0,0.0012285,0.0015702,0.59688,0.0070495
7.625,0.36,0.005,-0.16538,-0.027335,-1.0828e-23,0,0.0011682,0.0015764,0.54317,0.0053748
7.575,0.408,0.005,-0.15771,-0.028124,-9.6159e-24,0,0.0011119,0.0015657,0.49979,0.003828
7.525,0.456,0.005,-0.14943,-0.028444,-2.2364e-24,0,0.0010602,0.0015434,0.46435,0.0024171
7.475,0.50502,0.005,-0.14044,-0.028432,-6.2191e-24,0,0.0010131,0.0015206,0.43496,0.0011332
7.425,0.55506,0.005,-0.13089,-0.028144,5.8743e-24,0,0.00097121,0.001504,0.41005,-2.3707e-05
7.375,0.60511,0.005,-0.12115,-0.027593,-3.6505e-24,0,0.00093679,0.0014971,0.38942,-0.0010489
7.325,0.65515,0.005,-0.11132,-0.026835,0,0,0.00091132,0.0015036,0.37247,-0.0019505
7.275,0.70519,0.005,-0.1015,-0.025915,-2.9566e-24,0,0.00089616,0.0015276,0.35875,-0.0027384
7.225,0.75523,0.005,-0.091751,-0.024871,-5.7455e-37,0,0.00089231,0.0015742,0.34788,-0.0034234
7.175,0.80528,0.005,-0.082153,-0.023741,7.2783e-24,0,0.00090018,0.001648,0.33949,-0.0040164
7.125,0.85532,0.005,-0.072772,-0.022556,-4.1897e-25,0,0.0009195,0.001752,0.33328,-0.0045279
7.075,0.90536,0.005,-0.063661,-0.021343,-1.4784e-24,0,0.00094928,0.0018864,0.32901,-0.0049675
7.025,0.9554,0.005,-0.054854,-0.020128,-2.2946e-33,0,0.00098792,0.0020486,0.32647,-0.0053442
6.975,1.0054,0.005,-0.046367,-0.018932,-1.3819e-24,0,0.0010333,0.0022341,0.32541,-0.0056664
6.925,1.0555,0.005,-0.038201,-0.017774,6.0068e-25,0,0.0010831,0.0024366,0.3256,-0.0059414
6.875,1.1055,0.005,-0.030344,-0.01667,-1.7362e-24,0,0.0011348,0.0026485,0.32676,-0.0061761
6.825,1.1556,0.005,-0.022779,-0.01563,2.133e-25,0,0.0011864,0.0028608,0.32866,-0.0063762
6.775,1.2056,0.005,-0.015476,-0.014663,-1.3861e-24,0,0.001236,0.0030626,0.33111,-0.0065471
6.725,1.2557,0.005,-0.0083991,-0.013776,1.2998e-24,0,0.0012821,0.0032431,0.33394,-0.0066931
6.675,1.3057,0.005,-0.0015065,-0.012973,4.6477e-24,0,0.0013235,0.0033959,0.33703,-0.0068184
6.625,1.3557,0.005,0.0052437,-0.01225,-1.8956e-24,0,0.0013594,0.003524,0.34032,-0.006926
6.575,1.4058,0.005,0.01188,-0.011593,-1.2025e-24,0,0.0013896,0.0036361,0.34389,-0.0070188
6.525,1.4558,0.005,0.018425,-0.010986,1.1621e-24,0,0.0014145,0.0037307,0.34786,-0.0070994
6.475,1.5059,0.005,0.024912,-0.010421,1.9416e-24,0,0.0014342,0.0037851,0.35236,-0.0071692
6.425,1.5559,0.005,0.031414,-0.0098932,4.1136e-25,0,0.0014489,0.0037588,0.35755,-0.0072292
6.375,1.606,0.005,0.038013,-0.0093928,-2.1962e-24,0,0.0014582,0.0036873,0.36341,-0.0072801
6.325,1.656,0.005,0.044759,-0.0089121,-1.1259e-24,0,0.0014612,0.0035823,0.3698,-0.0073227
6.275,1.706,0.005,0.0517,-0.0084418,-4.524e-25,0,0.0014574,0.003444,0.37662,-0.0073575
6.225,1.7561,0.005,0.058901,-0.0079689,-1.3519e-24,0,0.0014461,0.0032713,0.3838,-0.0073852
6.175,1.8061,0.005,0.066436,-0.0074808,1.4784e-25,0,0.0014269,0.0030672,0.39134,-0.0074065
6.125,1.8562,0.005,0.074386,-0.0069667,5.5166e-25,0,0.0013994,0.0028416,0.39926,-0.0074222
6.075,1.9062,0.005,0.082814,-0.0064196,-1.8162e-24,0,0.0013634,0.0026085,0.40753,-0.0074329
6.025,1.9563,0.005,0.091755,-0.0058381,-1.8896e-24,0,0.0013194,0.0023816,0.41606,-0.0074388
5.975,2.0063,0.005,0.1012,-0.0052274,-1.3219e-26,0,0.0012685,0.0021705,0.42476,-0.0074397
5.925,2.0563,0.005,0.11112,-0.0045996,6.5446e-25,0,0.0012128,0.0019794,0.43361,-0.0074353
5.875,2.1064,0.005,0.12146,-0.0039715,6.7406e-25,0,0.0011558,0.0018091,0.44292,-0.0074247
5.825,2.1564,0.005,0.13217,-0.0033629,4.9124e-25,0,0.0011022,0.0016606,0.45355,-0.0074072
5.775,2.2065,0.005,0.14322,-0.0027947,2.1191e-24,0,0.0010584,0.0015397,0.46717,-0.0073815
5.725,2.2565,0.005,0.15456,-0.0022885,1.0595e-24,0,0.0010339,0.0014592,0.48678,-0.0073465
5.675,2.3066,0.005,0.16611,-0.0018685,7.777e-25,0,0.0010416,0.001437,0.51735,-0.0073016
5.625,2.3566,0.005,0.17776,-0.0015645,8.3574e-25,0,0.0010981,0.0014851,0.56552,-0.007247
5.575,2.4066,0.005,0.18951,-0.0014065,1.6355e-38,0,0.0012158,0.0015976,0.63016,-0.0071828
5.525,2.4567,0.005,0.20154,-0.0014054,5.922e-39,0,0.0013976,0.0017603,0.70425,-0.0071079
5.475,2.5067,0.005,0.21403,-0.001541,8.8592e-26,0,0.0016433,0.0019702,0.78936,-0.0070207
5.425,2.5568,0.005,0.22708,-0.0017515,3.5484e-25,0,0.0019409,0.0021802,0.89021,-0.0069185
5.375,2.6068,0.005,0.24111,-0.0019977,-4.8225e-25,0,0.0022669,0.0022362,1.0137,-0.0068015
5.325,2.6569,0.005,0.25654,-0.0022484,8.6852e-25,0,0.002588,0.0022326,1.1592,-0.006676
5.275,2.7069,0.005,0.27352,-0.0024903,-3.7994e-25,0,0.0028524,0.002159,1.3212,-0.0065407
5.225,2.7569,0.005,0.29212,-0.0026699,8.2778e-25,0,0.002995,0.0020084,1.4912,-0.0063969
5.175,2.807,0.005,0.31214,-0.0026804,-2.2284e-24,0,0.0029415,0.0017678,1.6639,-0.0062434
5.125,2.86,0.005,0.33397,-0.0025245,-4.8172e-25,0,0.0026031,0.0013836,1.8814,-0.0060994
5.075,2.916,0.005,0.35425,-0.0018214,-2.52e-38,0,0.0019035,0.00076026,2.5037,-0.0059395
5.025,2.972,0.005,0.35357,-0.00082176,0,0,0.0020854,0.00028717,7.2619,-0.005794
8.025,0.024,0.005,-0.18191,-0.0062283,0,0,0.00092008,0.00016345,5.629,0.021068
7.975,0.072,0.005,-0.18577,-0.008676,-2.8023e-23,0,0.0012574,0.00075132,1.6736,0.018492
7.925,0.12,0.005,-0.18515,-0.01545,1.3489e-23,0,0.0013995,0.0012763,1.0966,0.016403
7.875,0.168,0.005,-0.18299,-0.019425,-7.0505e-24,0,0.0014,0.0015428,0.88323,0.014204
7.825,0.216,0.005,-0.1791,-0.023223,-6.0654e-24,0,0.0013537,0.0015157,0.76042,0.012146
7.775,0.264,0.005,-0.17402,-0.026146,0,0,0.0012917,0.0015258,0.67112,0.010148
7.725,0.312,0.005,-0.16818,-0.028319,1.8239e-23,0,0.0012282,0.0015479,0.6023,0.0082442
7.675,0.36,0.005,-0.16168,-0.029792,1.668e-23,0,0.0011677,0.0015681,0.54748,0.0064542
7.625,0.408,0.005,-0.15449,-0.030652,-1.2688e-23,0,0.0011112,0.001572,0.50308,0.0047957
7.575,0.456,0.005,-0.14666,-0.030994,-6.9965e-24,0,0.0010591,0.0015616,0.46675,0.0032792
7.525,0.50502,0.005,-0.13806,-0.030967,4.7221e-24,0,0.0010114,0.001547,0.43658,0.001897
7.475,0.55506,0.005,-0.12886,-0.030635,-1.0488e-23,0,0.00096863,0.0015356,0.41099,0.00064973
7.425,0.60511,0.005,-0.11943,-0.030018,-3.923e-24,0,0.00093291,0.0015316,0.38975,-0.00045659
7.375,0.65515,0.005,-0.10988,-0.029175,5.1916e-24,0,0.00090571,0.0015389,0.37223,-0.0014302
7.325,0.70519,0.005,-0.1003,-0.028156,-6.3479e-24,0,0.00088842,0.0015618,0.35797,-0.0022812
7.275,0.75523,0.005,-0.090766,-0.027005,1.1329e-23,0,0.00088214,0.0016055,0.34659,-0.0030212
7.225,0.80528,0.005,-0.081351,-0.025763,-6.2262e-24,0,0.00088737,0.0016754,0.33775,-0.0036619
7.175,0.85532,0.005,-0.072127,-0.024463,3.4429e-24,0,0.00090401,0.0017752,0.33115,-0.0042144
7.125,0.90536,0.005,-0.063148,-0.023134,3.0555e-24,0,0.00093126,0.0019055,0.32656,-0.0046894
7.075,0.9554,0.005,-0.05445,-0.021802,1.4456e-24,0,0.00096767,0.0020641,0.32377,-0.0050963
7.025,1.0054,0.005,-0.04605,-0.020488,1.4343e-24,0,0.0010113,0.0022465,0.32258,-0.005444
6.975,1.0555,0.005,-0.037952,-0.019214,-2.7458e-24,0,0.00106,0.0024466,0.32272,-0.0057407
6.925,1.1055,0.005,-0.030149,-0.017995,8.6856e-33,0,0.0011113,0.002657,0.32394,-0.0059935
6.875,1.1556,0.005,-0.022624,-0.016845,-1.1559e-37,0,0.0011631,0.002869,0.32599,-0.0062089
6.825,1.2056,0.005,-0.015352,-0.01577,9.516e-26,0,0.0012135,0.0030729,0.32867,-0.0063925
6.775,1.2557,0.005,-0.0082986,-0.014775,0,0,0.0012609,0.0032573,0.33181,-0.0065495
6.725,1.3057,0.005,-0.0014242,-0.013867,4.6835e-38,0,0.0013042,0.0034127,0.33529,-0.0066839
6.675,1.3557,0.005,0.0053126,-0.013048,1.0976e-24,0,0.0013423,0.0035389,0.33901,-0.0067992
6.625,1.4058,0.005,0.01194,-0.012313,2.5115e-25,0,0.001375,0.0036445,0.34299,-0.0068983
6.575,1.4558,0.005,0.018479,-0.011649,2.9106e-25,0,0.0014021,0.0037345,0.34731,-0.0069841
6.525,1.5059,0.005,0.024962,-0.011038,8.464e-25,0,0.0014241,0.0037901,0.35211,-0.0070588
6.475,1.5559,0.005,0.031459,-0.01047,0,0,0.0014408,0.0037664,0.35757,-0.0071235
6.425,1.606,0.005,0.03805,-0.0099354,1.5313e-24,0,0.0014521,0.0036992,0.36367,-0.0071788
6.375,1.656,0.005,0.044781,-0.0094239,2.3274e-24,0,0.0014572,0.0035998,0.37028,-0.0072253
6.325,1.706,0.005,0.051701,-0.0089257,1.3764e-24,0,0.0014554,0.0034666,0.3773,-0.0072638
6.275,1.7561,0.005,0.058872,-0.0084298,1.2014e-24,0,0.0014461,0.003298,0.3847,-0.007295
6.225,1.8061,0.005,0.066369,-0.0079228,-7.2353e-38,0,0.0014288,0.0030966,0.39246,-0.0073198
6.175,1.8562,0.005,0.074275,-0.0073931,-1.119e-24,0,0.0014033,0.0028719,0.4006,-0.007339
6.125,1.9062,0.005,0.082658,-0.0068331,-6.9185e-25,0,0.0013692,0.0026379,0.40912,-0.0073533
6.075,1.9563,0.005,0.091557,-0.0062408,-6.1576e-25,0,0.001327,0.0024087,0.41796,-0.007363
6.025,2.0063,0.005,0.10097,-0.0056205,6.1219e-25,0,0.0012776,0.0021944,0.42702,-0.0073682
5.975,2.0563,0.005,0.11088,-0.0049838,6.3956e-25,0,0.0012232,0.0019998,0.4363,-0.0073685
5.925,2.1064,0.005,0.12121,-0.0043471,-1.355e-24,0,0.0011671,0.0018262,0.4461,-0.0073632
5.875,2.1564,0.005,0.13194,-0.0037301,-5.5251e-25,0,0.0011143,0.0016749,0.45727,-0.0073516
5.825,2.2065,0.005,0.14303,-0.0031538,2.1454e-25,0,0.0010713,0.0015516,0.47146,-0.0073325
5.775,2.2565,0.005,0.15444,-0.0026398,4.8548e-38,0,0.0010475,0.0014689,0.49154,-0.007305
5.725,2.3066,0.005,0.16609,-0.0022121,3.3269e-25,0,0.0010561,0.0014444,0.52216,-0.0072684
5.675,2.3566,0.005,0.17786,-0.0019003,4.8516e-25,0,0.0011131,0.0014898,0.56927,-0.0072227
5.625,2.4066,0.005,0.18975,-0.0017326,-5.2992e-39,0,0.0012309,0.0016011,0.63228,-0.0071683
5.575,2.4567,0.005,0.20191,-0.0017176,7.0426e-39,0,0.0014118,0.0017657,0.70488,-0.007104
5.525,2.5067,0.005,0.21448,-0.0018324,5.2749e-25,0,0.0016543,0.0019788,0.78842,-0.0070281
5.475,2.5568,0.005,0.22756,-0.0020187,5.9886e-25,0,0.0019451,0.0021909,0.88779,-0.0069388
5.425,2.6068,0.005,0.24158,-0.0022358,1.2566e-25,0,0.0022605,0.0022405,1.009,-0.0068363
5.375,2.6569,0.005,0.25697,-0.0024555,1.2568e-24,0,0.0025692,0.0022318,1.1512,-0.0067253
5.325,2.7069,0.005,0.27387,-0.0026599,-1.0654e-24,0,0.002821,0.0021544,1.3095,-0.0066054
5.275,2.7569,0.005,0.29234,-0.002801,7.3412e-25,0,0.0029533,0.0020011,1.4758,-0.0064787
5.225,2.807,0.005,0.31213,-0.0027719,-4.0143e-25,0,0.0028949,0.0017584,1.6463,-0.0063418
5.175,2.86,0.005,0.33365,-0.0025844,6.9007e-25,0,0.0025604,0.0013729,1.865,-0.0062151
5.125,2.916,0.005,0.3535,-0.0018476,4.1767e-26,0,0.0018797,0.00075299,2.4964,-0.0060713
5.075,2.972,0.005,0.3524,-0.00085655,-2.1717e-24,0,0.002075,0.00028645,7.2439,-0.0059468
8.075,0.024,0.005,-0.1744,-0.006885,-3.7673e-24,0,0.00091228,0.00016276,5.6051,0.023018
8.025,0.072,0.005,-0.1784,-0.0094848,-6.1859e-24,0,0.0012787,0.00076081,1.6808,0.020318
7.975,0.12,0.005,-0.1784,-0.016834,-4.5256e-24,0,0.0014173,0.0012771,1.1098,0.01813
7.925,0.168,0.005,-0.17675,-0.021169,2.5191e-23,0,0.0014088,0.0014658,0.89494,0.01582
7.875,0.216,0.005,-0.17336,-0.025329,-5.1834e-24,0,0.001357,0.0014547,0.76986,0.013648
7.825,0.264,0.005,-0.16885,-0.028484,1.108e-23,0,0.0012923,0.0014825,0.67869,0.011533
7.775,0.312,0.005,-0.16361,-0.030827,-9.7666e-24,0,0.0012282,0.0015195,0.60848,0.0095091
7.725,0.36,0.005,-0.15768,-0.032434,1.7828e-23,0,0.0011677,0.0015531,0.55254,0.0076012
7.675,0.408,0.005,-0.15102,-0.033377,2.6366e-24,0,0.0011111,0.0015731,0.50711,0.0058273
7.625,0.456,0.005,-0.14367,-0.033749,-1.0344e-23,0,0.0010588,0.0015775,0.46983,0.0042004
7.575,0.50502,0.005,-0.1355,-0.03371,2.3313e-24,0,0.0010107,0.0015737,0.43886,0.0027145
7.525,0.55506,0.005,-0.12668,-0.033334,-4.7977e-37,0,0.00096704,0.0015696,0.41257,0.0013715
7.475,0.60511,0.005,-0.11758,-0.032647,-6.0195e-24,0,0.00093008,0.0015702,0.39071,0.00017886
7.425,0.65515,0.005,-0.10833,-0.031713,-5.4589e-37,0,0.00090117,0.0015797,0.37262,-0.00087166
7.375,0.70519,0.005,-0.099016,-0.030589,3.3988e-24,0,0.00088175,0.0016023,0.3578,-0.0017904
7.325,0.75523,0.005,-0.089711,-0.029324,-9.0192e-24,0,0.00087298,0.0016436,0.34591,-0.0025895
7.275,0.80528,0.005,-0.080493,-0.02796,2.5487e-24,0,0.00087552,0.0017097,0.33658,-0.0032813
7.225,0.85532,0.005,-0.071436,-0.026536,-3.6356e-24,0,0.00088937,0.0018049,0.32955,-0.0038781
7.175,0.90536,0.005,-0.062597,-0.025083,1.7278e-24,0,0.00091392,0.001931,0.32459,-0.0043911
7.125,0.9554,0.005,-0.054016,-0.023625,-2.8507e-24,0,0.00094793,0.0020858,0.32151,-0.0048307
7.075,1.0054,0.005,-0.045712,-0.022186,-1.0193e-24,0,0.00098963,0.0022649,0.32011,-0.0052062
7.025,1.0555,0.005,-0.037689,-0.020787,4.4052e-24,0,0.0010369,0.0024623,0.32014,-0.0055263
6.975,1.1055,0.005,-0.029945,-0.019446,4.844e-25,0,0.0010876,0.0026709,0.32136,-0.0057989
6.925,1.1556,0.005,-0.022465,-0.018176,-1.4387e-24,0,0.0011394,0.0028817,0.3235,-0.0060309
6.875,1.2056,0.005,-0.015226,-0.016986,-1.4216e-24,0,0.0011904,0.0030859,0.32636,-0.0062284
6.825,1.2557,0.005,-0.0081996,-0.015881,-1.386e-24,0,0.001239,0.0032732,0.32975,-0.006397
6.775,1.3057,0.005,-0.001346,-0.014864,-1.283e-24,0,0.0012839,0.0034331,0.33354,-0.0065413
6.725,1.3557,0.005,0.0053747,-0.013937,5.6779e-25,0,0.001324,0.0035618,0.33765,-0.0066652
6.675,1.4058,0.005,0.011991,-0.013104,-6.7535e-38,0,0.001359,0.0036632,0.34202,-0.0067715
6.625,1.4558,0.005,0.018527,-0.012362,-1.2437e-24,0,0.0013887,0.0037434,0.34672,-0.0068633
6.575,1.5059,0.005,0.025009,-0.011697,-1.9978e-24,0,0.0014129,0.0037945,0.35183,-0.0069431
6.525,1.5559,0.005,0.031504,-0.011085,1.6727e-24,0,0.0014318,0.0037731,0.35755,-0.0070126
6.475,1.606,0.005,0.038087,-0.010512,2.4019e-24,0,0.0014451,0.0037103,0.36389,-0.0070724
6.425,1.656,0.005,0.044805,-0.009967,1.9767e-24,0,0.0014522,0.0036162,0.37072,-0.007123
6.375,1.706,0.005,0.051704,-0.0094385,-7.5307e-25,0,0.0014524,0.0034889,0.37795,-0.0071652
6.325,1.7561,0.005,0.058845,-0.0089154,5.0177e-25,0,0.0014451,0.0033247,0.38555,-0.0072
6.275,1.8061,0.005,0.066305,-0.0083859,1.271e-24,0,0.0014299,0.0031262,0.39352,-0.0072281
6.225,1.8562,0.005,0.074167,-0.0078375,0,0,0.0014064,0.0029025,0.40188,-0.0072506
6.175,1.9062,0.005,0.082503,-0.0072616,-5.9912e-25,0,0.0013743,0.0026676,0.41065,-0.0072683
6.125,1.9563,0.005,0.091359,-0.0066555,7.2504e-25,0,0.0013339,0.0024361,0.41978,-0.0072817
6.075,2.0063,0.005,0.10074,-0.0060231,2.5935e-24,0,0.0012862,0.0022186,0.4292,-0.0072909
6.025,2.0563,0.005,0.11062,-0.005375,2.7394e-24,0,0.0012332,0.0020206,0.43891,-0.0072956
5.975,2.1064,0.005,0.12096,-0.0047275,1.3419e-24,0,0.0011782,0.0018438,0.44922,-0.0072953
5.925,2.1564,0.005,0.13171,-0.0041001,7.312e-38,0,0.0011263,0.0016895,0.46095,-0.0072893
5.875,2.2065,0.005,0.14284,-0.0035139,-7.0858e-25,0,0.0010841,0.0015637,0.47571,-0.0072764
5.825,2.2565,0.005,0.15432,-0.0029905,-1.4585e-24,0,0.0010612,0.001479,0.49627,-0.0072558
5.775,2.3066,0.005,0.16606,-0.0025538,-1.1006e-24,0,0.0010707,0.0014521,0.52696,-0.0072269
5.725,2.3566,0.005,0.17795,-0.0022326,-1.3245e-24,0,0.0011281,0.001495,0.57303,-0.0071896
5.675,2.4066,0.005,0.18997,-0.0020539,-1.2364e-24,0,0.0012458,0.0016053,0.63447,-0.0071443
5.625,2.4567,0.005,0.20225,-0.0020238,-7.1513e-25,0,0.0014258,0.0017718,0.70567,-0.0070898
5.575,2.5067,0.005,0.2149,-0.002117,-5.892e-26,0,0.0016649,0.0019877,0.78773,-0.0070247
5.525,2.5568,0.005,0.228,-0.002278,4.9717e-25,0,0.0019486,0.0022004,0.88559,-0.0069475
5.475,2.6068,0.005,0.242,-0.0024662,5.5514e-25,0,0.0022537,0.0022441,1.0043,-0.0068587
5.425,2.6569,0.005,0.25736,-0.0026554,-1.3414e-24,0,0.0025504,0.0022306,1.1434,-0.0067617
5.375,2.7069,0.005,0.27419,-0.0028236,2.5261e-25,0,0.0027902,0.0021496,1.298,-0.0066565
5.325,2.7569,0.005,0.29251,-0.0029267,1.31e-24,0,0.0029126,0.0019938,1.4608,-0.0065452
5.275,2.807,0.005,0.31208,-0.0028619,-1.9066e-25,0,0.0028494,0.0017491,1.6291,-0.0064254
5.225,2.86,0.005,0.33329,-0.0026427,-3.0267e-26,0,0.0025185,0.0013621,1.8489,-0.0063156
5.175,2.916,0.005,0.35274,-0.0018732,-7.8101e-25,0,0.0018561,0.00074575,2.4889,-0.0061865
5.125,2.972,0.005,0.3512,-0.00088927,-3.9991e-26,0,0.0020644,0.00028571,7.2253,-0.0060824
8.125,0.024,0.005,-0.1662,-0.0076204,0,0,0.00090527,0.00016213,5.5835,0.02503
8.075,0.072,0.005,-0.17039,-0.010336,-6.8466e-24,0,0.0013005,0.00076961,1.6898,0.022209
8.025,0.12,0.005,-0.17109,-0.01835,-1.5294e-23,0,0.0014347,0.0012763,1.1241,0.01993
7.975,0.168,0.005,-0.16997,-0.023065,-7.9574e-24,0,0.0014168,0.0013913,0.90762,0.01751
7.925,0.216,0.005,-0.16716,-0.027605,1.2493e-23,0,0.0013597,0.0013932,0.78018,0.015224
7.875,0.264,0.005,-0.16329,-0.030995,4.452e-37,0,0.0012929,0.0014365,0.68711,0.012987
7.825,0.312,0.005,-0.15868,-0.033524,-4.2294e-24,0,0.0012285,0.0014848,0.6155,0.010843
7.775,0.36,0.005,-0.15335,-0.035272,-3.3646e-24,0,0.0011682,0.0015306,0.55839,0.0088151
7.725,0.408,0.005,-0.14727,-0.03631,1.4622e-23,0,0.0011118,0.0015674,0.5119,0.0069234
7.675,0.456,0.005,-0.14045,-0.036722,-5.7101e-24,0,0.0010594,0.0015893,0.47366,0.0051822
7.625,0.50502,0.005,-0.13275,-0.036674,-2.2143e-25,0,0.0010109,0.0015995,0.44185,0.0035876
7.575,0.55506,0.005,-0.12434,-0.036255,-4.9072e-24,0,0.00096652,0.0016051,0.41484,0.0021438
7.525,0.60511,0.005,-0.1156,-0.035495,-9.0143e-24,0,0.00092838,0.0016125,0.39236,0.00085964
7.475,0.65515,0.005,-0.10667,-0.034466,-4.4614e-37,0,0.0008978,0.0016262,0.37367,-0.00027285
7.425,0.70519,0.005,-0.097639,-0.03323,-3.6299e-24,0,0.00087625,0.0016499,0.3583,-0.001264
7.375,0.75523,0.005,-0.088581,-0.031841,3.1766e-24,0,0.00086497,0.0016895,0.34586,-0.0021263
7.325,0.80528,0.005,-0.079574,-0.030347,2.7254e-24,0,0.00086472,0.0017519,0.33603,-0.002873
7.275,0.85532,0.005,-0.070694,-0.028789,-2.2825e-24,0,0.00087569,0.0018426,0.32853,-0.0035173
7.225,0.90536,0.005,-0.062005,-0.027202,-6.8022e-41,0,0.0008974,0.0019638,0.32316,-0.0040712
7.175,0.9554,0.005,-0.05355,-0.025611,1.5451e-24,0,0.0009288,0.0021147,0.31973,-0.0045459
7.125,1.0054,0.005,-0.045349,-0.024038,3.7537e-24,0,0.00096831,0.0022904,0.31805,-0.0049516
7.075,1.0555,0.005,-0.03741,-0.022506,-3.1231e-24,0,0.001014,0.0024847,0.31792,-0.0052971
7.025,1.1055,0.005,-0.02973,-0.021034,1.5132e-24,0,0.0010637,0.0026911,0.31906,-0.0055912
6.975,1.1556,0.005,-0.0223,-0.019635,-1.2672e-37,0,0.0011152,0.0029007,0.32123,-0.0058413
6.925,1.2056,0.005,-0.015099,-0.018321,1.4537e-25,0,0.0011666,0.0031035,0.3242,-0.006054
6.875,1.2557,0.005,-0.0081002,-0.0171,-5.2601e-38,0,0.0012162,0.0032912,0.32778,-0.0062352
6.825,1.3057,0.005,-0.0012693,-0.01597,1.0834e-25,0,0.0012625,0.0034543,0.33184,-0.0063901
6.775,1.3557,0.005,0.0054334,-0.014931,1.2109e-24,0,0.0013046,0.0035874,0.33626,-0.0065229
6.725,1.4058,0.005,0.012037,-0.013988,-1.4441e-39,0,0.0013418,0.0036907,0.34101,-0.006637
6.675,1.4558,0.005,0.018567,-0.013145,-2.9299e-25,0,0.0013738,0.0037642,0.34607,-0.0067361
6.625,1.5059,0.005,0.025051,-0.012404,-2.1765e-24,0,0.0014005,0.0038035,0.35151,-0.006822
6.575,1.5559,0.005,0.031546,-0.011741,-8.732e-25,0,0.0014217,0.0037789,0.3575,-0.0068964
6.525,1.606,0.005,0.038124,-0.011126,8.3692e-25,0,0.0014372,0.0037207,0.36408,-0.0069606
6.475,1.656,0.005,0.044829,-0.010544,8.0816e-25,0,0.0014463,0.0036319,0.37113,-0.0070154
6.425,1.706,0.005,0.051708,-0.0099832,-1.2617e-24,0,0.0014485,0.0035102,0.37856,-0.0070615
6.375,1.7561,0.005,0.05882,-0.0094304,-2.0596e-24,0,0.0014433,0.0033513,0.38635,-0.0070998
6.325,1.8061,0.005,0.066243,-0.0088741,-2.0848e-24,0,0.0014301,0.003156,0.39452,-0.0071312
6.275,1.8562,0.005,0.074061,-0.0083034,-1.1617e-24,0,0.0014087,0.0029333,0.4031,-0.007157
6.225,1.9062,0.005,0.08235,-0.0077085,-4.6577e-38,0,0.0013787,0.0026977,0.41211,-0.007178
6.175,1.9563,0.005,0.091162,-0.0070857,3.5851e-38,0,0.0013402,0.0024639,0.42153,-0.0071948
6.125,2.0063,0.005,0.10051,-0.0064382,-1.3208e-24,0,0.0012943,0.0022433,0.4313,-0.0072078
6.075,2.0563,0.005,0.11037,-0.0057762,-1.6077e-24,0,0.0012428,0.0020418,0.44145,-0.0072167
6.025,2.1064,0.005,0.12071,-0.0051155,-1.3704e-24,0,0.0011891,0.0018616,0.45227,-0.007221
5.975,2.1564,0.005,0.13147,-0.0044756,-7.0698e-25,0,0.0011382,0.0017045,0.46457,-0.0072201
5.925,2.2065,0.005,0.14265,-0.0038776,8.1074e-25,0,0.001097,0.0015762,0.47993,-0.0072131
5.875,2.2565,0.005,0.15419,-0.003343,-7.1529e-25,0,0.001075,0.0014894,0.50099,-0.007199
5.825,2.3066,0.005,0.16601,-0.0028958,-9.508e-25,0,0.0010853,0.0014603,0.53176,-0.0071772
5.775,2.3566,0.005,0.17802,-0.0025636,-1.995e-24,0,0.0011432,0.0015008,0.57691,-0.0071477
5.725,2.4066,0.005,0.19018,-0.0023724,-1.8385e-24,0,0.0012607,0.0016101,0.63675,-0.0071109
5.675,2.4567,0.005,0.20257,-0.0023257,4.9088e-39,0,0.0014397,0.0017788,0.70669,-0.0070657
5.625,2.5067,0.005,0.2153,-0.0023963,1.0626e-32,0,0.001675,0.0019969,0.78729,-0.0070106
5.575,2.5568,0.005,0.22841,-0.0025304,-5.1179e-26,0,0.0019516,0.0022088,0.88355,-0.0069448
5.525,2.6068,0.005,0.2424,-0.0026899,4.4792e-25,0,0.0022465,0.0022471,0.99974,-0.006869
5.475,2.6569,0.005,0.25772,-0.002849,5.0227e-25,0,0.0025316,0.002229,1.1357,-0.0067856
5.425,2.7069,0.005,0.27446,-0.0029821,-6.9906e-25,0,0.0027597,0.0021446,1.2868,-0.0066947
5.375,2.7569,0.005,0.29264,-0.0030486,-6.0549e-25,0,0.0028727,0.0019864,1.4462,-0.006598
5.325,2.807,0.005,0.312,-0.0029483,7.097e-25,0,0.0028049,0.0017396,1.6123,-0.0064937
5.275,2.86,0.005,0.33291,-0.0026999,-6.5369e-25,0,0.0024774,0.0013514,1.8332,-0.0064017
5.225,2.916,0.005,0.35195,-0.0018976,6.999e-25,0,0.0018327,0.00073857,2.4814,-0.006287
5.175,2.972,0.005,0.34999,-0.00091944,5.353e-26,0,0.0020535,0.00028496,7.2064,-0.0062013
8.175,0.024,0.005,-0.15722,-0.0084469,2.815e-23,0,0.00089918,0.00016159,5.5647,0.027097
8.125,0.072,0.005,-0.16166,-0.011278,-2.0198e-23,0,0.001323,0.00077825,1.7,0.024159
8.075,0.12,0.005,-0.16311,-0.020003,-5.41e-24,0,0.0014509,0.0012187,1.1396,0.021794
8.025,0.168,0.005,-0.1626,-0.025145,-3.7474e-23,0,0.001424,0.0013175,0.92134,0.019267
7.975,0.216,0.005,-0.16045,-0.030058,-1.3406e-23,0,0.0013618,0.0013309,0.79153,0.016869
7.925,0.264,0.005,-0.15729,-0.033694,1.898e-23,0,0.0012933,0.0013866,0.69648,0.014508
7.875,0.312,0.005,-0.15336,-0.036423,2.4769e-23,0,0.001229,0.0014435,0.6234,0.012243
7.825,0.36,0.005,-0.14868,-0.03832,-2.6966e-23,0,0.0011692,0.0015007,0.56508,0.010095
7.775,0.408,0.005,-0.14322,-0.039462,1.5116e-38,0,0.0011132,0.0015535,0.51753,0.0080836
7.725,0.456,0.005,-0.13697,-0.039925,8.3662e-24,0,0.0010609,0.0015949,0.47829,0.0062253
7.675,0.50502,0.005,-0.12978,-0.039876,-8.0696e-24,0,0.0010121,0.0016227,0.4456,0.0045178
7.625,0.55506,0.005,-0.12182,-0.039412,-2.0815e-24,0,0.00096713,0.001641,0.41785,0.0029683
7.575,0.60511,0.005,-0.11347,-0.038577,-4.8199e-24,0,0.0009279,0.0016578,0.39472,0.0015877
7.525,0.65515,0.005,-0.10489,-0.03745,6.0503e-24,0,0.00089571,0.0016783,0.37544,0.00036832
7.475,0.70519,0.005,-0.096162,-0.036095,-5.4829e-24,0,0.00087203,0.0017054,0.35949,-0.00069996
7.425,0.75523,0.005,-0.087368,-0.034573,4.9624e-24,0,0.0008582,0.0017444,0.34649,-0.0016298
7.375,0.80528,0.005,-0.078587,-0.032938,-2.9038e-24,0,0.00085511,0.0018034,0.33613,-0.0024353
7.325,0.85532,0.005,-0.069899,-0.031236,2.0342e-37,0,0.00086309,0.0018896,0.32813,-0.0031305
7.275,0.90536,0.005,-0.06137,-0.029504,1.9904e-24,0,0.00088182,0.0020059,0.3223,-0.0037283
7.225,0.9554,0.005,-0.053048,-0.02777,-1.5897e-24,0,0.00091043,0.002152,0.31848,-0.0042407
7.175,1.0054,0.005,-0.044959,-0.026056,-2.7872e-24,0,0.00094751,0.0023242,0.31647,-0.0046787
7.125,1.0555,0.005,-0.037111,-0.024382,-4.0321e-24,0,0.00099128,0.0025155,0.31609,-0.005052
7.075,1.1055,0.005,-0.029502,-0.022769,-3.8957e-25,0,0.0010397,0.0027187,0.31708,-0.0053693
7.025,1.1556,0.005,-0.022127,-0.021234,-3.735e-38,0,0.0010907,0.0029263,0.31921,-0.005639
6.975,1.2056,0.005,-0.014968,-0.019786,1.7124e-24,0,0.0011422,0.0031277,0.32223,-0.0058683
6.925,1.2557,0.005,-0.0079992,-0.018437,-2.0202e-26,0,0.0011926,0.0033134,0.32595,-0.0060632
6.875,1.3057,0.005,-0.0011915,-0.017189,-1.3185e-24,0,0.0012402,0.0034763,0.33021,-0.0062295
6.825,1.3557,0.005,0.0054922,-0.016036,-1.9456e-25,0,0.001284,0.0036125,0.3349,-0.0063719
6.775,1.4058,0.005,0.012081,-0.014981,1.1514e-24,0,0.0013233,0.0037203,0.33996,-0.006494
6.725,1.4558,0.005,0.018603,-0.014025,1.6529e-24,0,0.0013577,0.0037953,0.34535,-0.0066005
6.675,1.5059,0.005,0.025087,-0.013179,2.9221e-24,0,0.0013868,0.0038272,0.35113,-0.0066944
6.625,1.5559,0.005,0.031587,-0.012443,-2.3675e-24,0,0.0014104,0.0037892,0.35741,-0.0067746
6.575,1.606,0.005,0.038161,-0.011781,-3.3853e-24,0,0.0014281,0.0037299,0.36424,-0.0068433
6.525,1.656,0.005,0.044855,-0.011159,-2.1364e-24,0,0.0014393,0.0036469,0.3715,-0.0069024
6.475,1.706,0.005,0.051714,-0.010562,0,0,0.0014436,0.0035308,0.37914,-0.0069525
6.425,1.7561,0.005,0.058798,-0.0099777,8.0877e-25,0,0.0014405,0.0033771,0.38712,-0.0069943
6.375,1.8061,0.005,0.066184,-0.0093922,-4.8811e-25,0,0.0014294,0.0031859,0.39548,-0.007029
6.325,1.8562,0.005,0.073958,-0.0087949,2.1051e-25,0,0.0014101,0.0029647,0.40426,-0.0070579
6.275,1.9062,0.005,0.0822,-0.0081773,6.3034e-38,0,0.0013822,0.0027282,0.41351,-0.0070821
6.225,1.9563,0.005,0.090967,-0.0075346,8.1039e-25,0,0.0013458,0.0024921,0.42321,-0.0071022
6.175,2.0063,0.005,0.10028,-0.0068691,2.026e-24,0,0.0013018,0.0022683,0.43333,-0.0071188
6.125,2.0563,0.005,0.11012,-0.0061905,-6.9361e-25,0,0.0012519,0.0020634,0.44392,-0.0071316
6.075,2.1064,0.005,0.12045,-0.0055141,-3.662e-24,0,0.0011996,0.0018798,0.45526,-0.0071403
6.025,2.1564,0.005,0.13123,-0.0048594,-7.3294e-25,0,0.0011499,0.0017197,0.46815,-0.0071442
5.975,2.2065,0.005,0.14245,-0.0042474,-4.2128e-26,0,0.0011097,0.0015891,0.48412,-0.0071426
5.925,2.2565,0.005,0.15405,-0.0036998,3.092e-38,0,0.0010887,0.0015001,0.50568,-0.0071345
5.875,2.3066,0.005,0.16596,-0.0032403,7.0663e-25,0,0.0011,0.0014689,0.53656,-0.0071193
5.825,2.3566,0.005,0.17808,-0.0028958,-4.5916e-25,0,0.0011584,0.0015073,0.58091,-0.0070973
5.775,2.4066,0.005,0.19037,-0.0026903,-8.8133e-25,0,0.0012756,0.0016158,0.63922,-0.0070683
5.725,2.4567,0.005,0.20287,-0.0026253,0,0,0.0014533,0.0017865,0.70792,-0.0070316
5.675,2.5067,0.005,0.21566,-0.0026718,1.261e-24,0,0.0016846,0.0020064,0.78709,-0.0069861
5.625,2.5568,0.005,0.22879,-0.0027778,1.1917e-25,0,0.0019539,0.0022162,0.88163,-0.0069311
5.575,2.6068,0.005,0.24276,-0.0029081,-8.6437e-26,0,0.0022389,0.0022495,0.99528,-0.0068675
5.525,2.6569,0.005,0.25804,-0.0030367,3.1941e-26,0,0.0025127,0.0022271,1.1282,-0.0067971
5.475,2.7069,0.005,0.2747,-0.0031359,-1.0785e-25,0,0.0027297,0.0021395,1.2759,-0.0067201
5.425,2.7569,0.005,0.29273,-0.0031666,3.4978e-26,0,0.0028335,0.0019789,1.4319,-0.0066377
5.375,2.807,0.005,0.31188,-0.0030318,5.4088e-25,0,0.0027613,0.0017301,1.596,-0.0065479
5.325,2.86,0.005,0.33249,-0.0027552,-4.3082e-25,0,0.0024371,0.0013407,1.8178,-0.0064724
5.275,2.916,0.005,0.35115,-0.0019216,-1.9259e-38,0,0.0018094,0.00073144,2.4738,-0.0063732
5.225,2.972,0.005,0.34875,-0.0009469,-7.3803e-25,0,0.0020424,0.00028419,7.1869,-0.0063051
8.225,0.024,0.005,-0.14738,-0.0093788,2.1382e-36,0,0.00089409,0.00016113,5.5489,0.029205
8.175,0.072,0.005,-0.15216,-0.012332,1.2963e-23,0,0.0013466,0.00078687,1.7113,0.026158
8.125,0.12,0.005,-0.15439,-0.021794,-1.2513e-36,0,0.0014662,0.0011436,1.1568,0.023716
8.075,0.168,0.005,-0.1546,-0.027442,-1.1157e-36,0,0.0014303,0.0012451,0.93617,0.021087
8.025,0.216,0.005,-0.15322,-0.032714,-7.1454e-24,0,0.0013634,0.0012681,0.80402,0.018577
7.975,0.264,0.005,-0.15084,-0.036606,7.4972e-24,0,0.0012937,0.0013324,0.70689,0.016094
7.925,0.312,0.005,-0.14763,-0.039542,1.4999e-23,0,0.0012297,0.001396,0.63225,0.013706
7.875,0.36,0.005,-0.14363,-0.041592,-3.4224e-24,0,0.0011707,0.0014634,0.57265,0.011437
7.825,0.408,0.005,-0.13883,-0.042845,-9.7537e-24,0,0.0011154,0.0015307,0.52402,0.009306
7.775,0.456,0.005,-0.13321,-0.04337,-2.7582e-25,0,0.0010633,0.0015918,0.48378,0.0073293
7.725,0.50502,0.005,-0.12658,-0.043329,-6.1052e-24,0,0.0010144,0.0016408,0.45018,0.0055057
7.675,0.55506,0.005,-0.1191,-0.042822,7.7178e-24,0,0.00096893,0.0016759,0.42163,0.0038461
7.625,0.60511,0.005,-0.11118,-0.041908,-1.2138e-23,0,0.00092871,0.0017051,0.39784,0.0023646
7.575,0.65515,0.005,-0.10297,-0.040678,-6.3247e-24,0,0.00089498,0.0017356,0.37796,0.0010536
7.525,0.70519,0.005,-0.094576,-0.039199,-1.6416e-32,0,0.0008692,0.001769,0.36142,-9.6529e-05
7.475,0.75523,0.005,-0.086068,-0.037536,-5.1725e-24,0,0.0008528,0.0018095,0.34785,-0.0010982
7.425,0.80528,0.005,-0.077529,-0.035749,7.7496e-24,0,0.00084681,0.001866,0.33693,-0.0019664
7.375,0.85532,0.005,-0.069044,-0.033892,-2.5921e-24,0,0.0008517,0.0019476,0.3284,-0.002716
7.325,0.90536,0.005,-0.060686,-0.032004,2.1235e-24,0,0.00086732,0.002059,0.32208,-0.003361
7.275,0.9554,0.005,-0.052507,-0.030116,-3.3135e-24,0,0.00089295,0.0021999,0.3178,-0.0039139
7.225,1.0054,0.005,-0.044537,-0.028251,-1.6374e-24,0,0.00092738,0.0023674,0.31541,-0.0043864
7.175,1.0555,0.005,-0.036788,-0.026428,3.5189e-24,0,0.00096897,0.0025553,0.31471,-0.0047894
7.125,1.1055,0.005,-0.029258,-0.024665,-2.9183e-24,0,0.0010158,0.0027552,0.31548,-0.0051321
7.075,1.1556,0.005,-0.021943,-0.022983,-1.6183e-24,0,0.001066,0.0029593,0.31749,-0.0054229
7.025,1.2056,0.005,-0.014829,-0.021393,3.9756e-25,0,0.0011174,0.0031584,0.32049,-0.0056699
6.975,1.2557,0.005,-0.0078954,-0.019904,-1.63e-24,0,0.0011682,0.0033427,0.32427,-0.0058801
6.925,1.3057,0.005,-0.0011125,-0.018526,0,0,0.0012169,0.0035038,0.32868,-0.0060587
6.875,1.3557,0.005,0.0055533,-0.017254,-1.5143e-24,0,0.0012623,0.0036409,0.33358,-0.0062114
6.825,1.4058,0.005,0.012127,-0.016085,-1.4509e-24,0,0.0013035,0.0037511,0.3389,-0.0063424
6.775,1.4558,0.005,0.018639,-0.01502,0,0,0.0013401,0.0038308,0.34459,-0.0064563
6.725,1.5059,0.005,0.025123,-0.01406,1.0229e-24,0,0.0013717,0.003864,0.35067,-0.0065578
6.675,1.5559,0.005,0.031623,-0.013214,9.59e-25,0,0.0013978,0.0038163,0.35726,-0.0066464
6.625,1.606,0.005,0.038198,-0.012482,-1.4081e-24,0,0.0014179,0.0037432,0.36435,-0.0067203
6.575,1.656,0.005,0.044883,-0.011816,-4.5666e-25,0,0.0014313,0.0036606,0.37184,-0.0067836
6.525,1.706,0.005,0.051723,-0.011179,4.9526e-25,0,0.0014377,0.0035509,0.37967,-0.0068377
6.475,1.7561,0.005,0.05878,-0.01056,1.6901e-24,0,0.0014367,0.0034025,0.38785,-0.0068833
6.425,1.8061,0.005,0.066129,-0.0099431,1.4134e-24,0,0.0014278,0.0032154,0.39639,-0.0069213
6.375,1.8562,0.005,0.073859,-0.0093166,6.1023e-25,0,0.0014107,0.0029963,0.40537,-0.0069533
6.325,1.9062,0.005,0.082053,-0.008672,8.4884e-25,0,0.0013849,0.0027593,0.41484,-0.0069804
6.275,1.9563,0.005,0.090773,-0.0080058,6.7044e-25,0,0.0013507,0.0025208,0.42482,-0.0070037
6.225,2.0063,0.005,0.10005,-0.0073192,8.5357e-25,0,0.0013087,0.0022937,0.43529,-0.0070236
6.175,2.0563,0.005,0.10986,-0.006621,3.1117e-24,0,0.0012606,0.0020853,0.44631,-0.0070401
6.125,2.1064,0.005,0.12019,-0.0059264,2.1764e-24,0,0.0012099,0.0018984,0.45818,-0.0070529
6.075,2.1564,0.005,0.13099,-0.0052544,1.5864e-24,0,0.0011615,0.0017353,0.47166,-0.0070614
6.025,2.2065,0.005,0.14224,-0.0046262,3.7205e-24,0,0.0011224,0.0016022,0.48826,-0.0070648
5.975,2.2565,0.005,0.1539,-0.0040636,1.4264e-24,0,0.0011025,0.0015112,0.51035,-0.0070623
5.925,2.3066,0.005,0.1659,-0.0035899,6.148e-25,0,0.0011147,0.0014779,0.54136,-0.0070534
5.875,2.3566,0.005,0.17813,-0.0032313,6.8159e-25,0,0.0011737,0.0015145,0.585,-0.0070382
5.825,2.4066,0.005,0.19054,-0.0030097,-3.9035e-25,0,0.0012904,0.0016224,0.64189,-0.0070165
5.775,2.4567,0.005,0.20315,-0.0029244,5.8497e-25,0,0.0014665,0.0017948,0.70926,-0.0069878
5.725,2.5067,0.005,0.21599,-0.0029451,7.9988e-25,0,0.0016937,0.0020163,0.78708,-0.0069513
5.675,2.5568,0.005,0.22914,-0.0030221,8.535e-25,0,0.0019555,0.0022228,0.87975,-0.0069065
5.625,2.6068,0.005,0.24309,-0.003122,-3.2511e-25,0,0.0022308,0.0022512,0.99092,-0.0068545
5.575,2.6569,0.005,0.25831,-0.0032196,-4.9688e-25,0,0.0024938,0.0022248,1.1209,-0.0067966
5.525,2.7069,0.005,0.27489,-0.0032854,-5.9474e-25,0,0.0027001,0.0021341,1.2652,-0.0067329
5.475,2.7569,0.005,0.29279,-0.0032815,-1.7589e-25,0,0.0027951,0.0019712,1.418,-0.0066644
5.425,2.807,0.005,0.31173,-0.0031126,-1.7231e-25,0,0.0027186,0.0017206,1.5801,-0.0065887
5.375,2.86,0.005,0.33206,-0.0028089,1.394e-25,0,0.0023976,0.00133,1.8028,-0.0065286
5.325,2.916,0.005,0.35034,-0.001945,-2.2049e-38,0,0.0017863,0.00072436,2.4661,-0.0064441
5.275,2.972,0.005,0.34749,-0.00097225,6.2372e-25,0,0.0020311,0.0002834,7.167,-0.0063941
8.275,0.024,0.005,-0.13659,-0.010435,-6.1844e-24,0,0.0008901,0.00016077,5.5366,0.031336
8.225,0.072,0.005,-0.14181,-0.013509,2.2622e-23,0,0.001371,0.0007954,1.7236,0.028195
8.175,0.12,0.005,-0.14489,-0.023746,1.8843e-23,0,0.0014809,0.0010722,1.176,0.025688
8.125,0.168,0.005,-0.14594,-0.029945,2.4608e-23,0,0.0014356,0.0011739,0.95254,0.022963
8.075,0.216,0.005,-0.14542,-0.035589,-3.1297e-23,0,0.0013644,0.0012055,0.81778,0.020339
8.025,0.264,0.005,-0.14388,-0.03976,-1.3878e-23,0,0.0012938,0.0012748,0.71842,0.017737
7.975,0.312,0.005,-0.14146,-0.042904,8.2757e-24,0,0.0012304,0.0013435,0.64209,0.015228
7.925,0.36,0.005,-0.1382,-0.04511,3.0854e-23,0,0.0011725,0.0014194,0.58116,0.012838
7.875,0.408,0.005,-0.1341,-0.046473,-1.8005e-23,0,0.0011181,0.0014988,0.53141,0.010587
7.825,0.456,0.005,-0.12914,-0.047069,-1.6293e-23,0,0.0010666,0.0015781,0.49017,0.0084924
7.775,0.50502,0.005,-0.12313,-0.047047,9.232e-24,0,0.0010178,0.0016506,0.45563,0.0065509
7.725,0.55506,0.005,-0.11619,-0.046501,2.0366e-24,0,0.00097195,0.0017073,0.42625,0.0047778
7.675,0.60511,0.005,-0.10872,-0.045505,-3.686e-24,0,0.00093088,0.0017526,0.40177,0.0031912
7.625,0.65515,0.005,-0.10091,-0.044168,-9.5787e-38,0,0.00089571,0.0017967,0.38127,0.0017843
7.575,0.70519,0.005,-0.092871,-0.042559,-8.6923e-33,0,0.00086788,0.0018407,0.36414,0.00054789
7.525,0.75523,0.005,-0.084673,-0.040746,1.5779e-24,0,0.0008489,0.0018858,0.34997,-0.00053001
7.475,0.80528,0.005,-0.076395,-0.038797,0,0,0.00083996,0.0019411,0.33847,-0.0014647
7.425,0.85532,0.005,-0.068127,-0.036773,2.7401e-24,0,0.00084167,0.0020181,0.32938,-0.0022721
7.375,0.90536,0.005,-0.05995,-0.034717,-6.1478e-24,0,0.00085404,0.0021243,0.32252,-0.0029674
7.325,0.9554,0.005,-0.051924,-0.032662,5.1282e-24,0,0.00087652,0.0022602,0.31774,-0.0035638
7.275,1.0054,0.005,-0.044081,-0.030635,3.3668e-24,0,0.00090806,0.0024222,0.3149,-0.0040734
7.225,1.0555,0.005,-0.036437,-0.028653,1.6912e-24,0,0.00094721,0.0026051,0.31383,-0.0045079
7.175,1.1055,0.005,-0.028993,-0.026732,3.0892e-24,0,0.00099221,0.0028018,0.31431,-0.0048778
7.125,1.1556,0.005,-0.021745,-0.024892,-7.0488e-38,0,0.0010411,0.0030027,0.31611,-0.0051917
7.075,1.2056,0.005,-0.014682,-0.023151,-1.8896e-24,0,0.0010921,0.0032,0.31902,-0.0054577
7.025,1.2557,0.005,-0.0077843,-0.021515,9.0517e-38,0,0.0011432,0.0033835,0.3228,-0.0056843
6.975,1.3057,0.005,-0.0010314,-0.019995,2.7451e-38,0,0.0011927,0.0035422,0.32728,-0.0058775
6.925,1.3557,0.005,0.0056125,-0.018596,-1.3792e-24,0,0.0012395,0.0036752,0.33233,-0.0060424
6.875,1.4058,0.005,0.012173,-0.01731,1.0947e-37,0,0.0012825,0.0037843,0.33786,-0.0061841
6.825,1.4558,0.005,0.018678,-0.016134,2.7882e-25,0,0.0013212,0.003843,0.3438,-0.0063065
6.775,1.5059,0.005,0.025158,-0.015064,-3.2352e-25,0,0.0013551,0.00387,0.35016,-0.0064141
6.725,1.5559,0.005,0.031662,-0.014098,-1.8604e-40,0,0.0013837,0.0038592,0.35702,-0.0065097
6.675,1.606,0.005,0.038234,-0.013251,1.9078e-24,0,0.0014063,0.003775,0.36438,-0.006591
6.625,1.656,0.005,0.044913,-0.012517,1.3872e-24,0,0.0014222,0.0036778,0.37212,-0.0066589
6.575,1.706,0.005,0.051736,-0.011839,1.0151e-24,0,0.0014308,0.0035697,0.38017,-0.006717
6.525,1.7561,0.005,0.058766,-0.011181,5.4848e-25,0,0.0014319,0.0034278,0.38853,-0.0067664
6.475,1.8061,0.005,0.066078,-0.01053,1.1655e-24,0,0.0014252,0.0032448,0.39726,-0.0068079
6.425,1.8562,0.005,0.073763,-0.0098717,-1.1337e-24,0,0.0014103,0.003028,0.40643,-0.0068428
6.375,1.9062,0.005,0.081909,-0.0091975,1.5701e-38,0,0.0013868,0.002791,0.41612,-0.0068728
6.325,1.9563,0.005,0.090582,-0.0085036,8.9812e-25,0,0.0013548,0.0025502,0.42637,-0.0068991
6.275,2.0063,0.005,0.099814,-0.0077921,7.1424e-25,0,0.0013149,0.0023197,0.43719,-0.0069222
6.225,2.0563,0.005,0.1096,-0.0070713,-1.6298e-24,0,0.0012688,0.0021076,0.44864,-0.0069422
6.175,2.1064,0.005,0.11992,-0.0063555,-1.4929e-24,0,0.0012198,0.0019173,0.46103,-0.0069588
6.125,2.1564,0.005,0.13074,-0.0056636,8.5418e-25,0,0.0011729,0.0017513,0.47513,-0.0069715
6.075,2.2065,0.005,0.14202,-0.0050168,6.5531e-25,0,0.0011351,0.0016158,0.49236,-0.0069797
6.025,2.2565,0.005,0.15375,-0.0044369,2.269e-24,0,0.0011164,0.0015227,0.51499,-0.0069824
5.975,2.3066,0.005,0.16584,-0.003947,6.8433e-25,0,0.0011295,0.0014875,0.54616,-0.0069793
5.925,2.3566,0.005,0.17817,-0.0035724,-1.296e-24,0,0.001189,0.0015223,0.58917,-0.0069704
5.875,2.4066,0.005,0.1907,-0.0033327,-1.1573e-24,0,0.0013052,0.0016299,0.64473,-0.0069558
5.825,2.4567,0.005,0.2034,-0.0032251,8.6819e-39,0,0.0014794,0.0018039,0.71074,-0.0069344
5.775,2.5067,0.005,0.2163,-0.0032179,1.409e-24,0,0.0017021,0.0020263,0.78718,-0.0069062
5.725,2.5568,0.005,0.22945,-0.0032649,9.6423e-25,0,0.0019565,0.0022286,0.87791,-0.0068713
5.675,2.6068,0.005,0.24338,-0.003333,5.2858e-25,0,0.0022223,0.0022523,0.98665,-0.0068303
5.625,2.6569,0.005,0.25856,-0.003399,4.8696e-25,0,0.0024748,0.0022221,1.1138,-0.0067844
5.575,2.7069,0.005,0.27505,-0.0034312,-3.238e-26,0,0.0026707,0.0021285,1.2547,-0.0067333
5.525,2.7569,0.005,0.29281,-0.0033931,4.3504e-26,0,0.0027574,0.0019634,1.4044,-0.0066784
5.475,2.807,0.005,0.31155,-0.0031926,-6.1882e-26,0,0.0026768,0.0017109,1.5645,-0.0066163
5.425,2.86,0.005,0.33159,-0.0028612,2.2404e-25,0,0.0023589,0.0013193,1.788,-0.006571
5.375,2.916,0.005,0.3495,-0.0019679,1.2213e-38,0,0.0017634,0.00071734,2.4583,-0.0065005
5.325,2.972,0.005,0.34621,-0.00099573,-4.6625e-25,0,0.0020196,0.00028259,7.1468,-0.0064675
8.325,0.024,0.005,-0.12471,-0.011641,7.1258e-24,0,0.00088726,0.00016051,5.5277,0.033468
8.275,0.072,0.005,-0.13054,-0.014831,-2.3806e-23,0,0.0013961,0.00080374,1.737,0.030251
8.225,0.12,0.005,-0.13455,-0.025887,-4.6783e-24,0,0.0014947,0.0010031,1.1973,0.027692
8.175,0.168,0.005,-0.13656,-0.03268,-9.0179e-24,0,0.0014399,0.0011029,0.97072,0.024883
8.125,0.216,0.005,-0.13701,-0.038708,-1.6232e-23,0,0.0013648,0.001141,0.83298,0.022147
8.075,0.264,0.005,-0.1364,-0.043181,-5.4136e-24,0,0.0012937,0.0012134,0.73119,0.019431
8.025,0.312,0.005,-0.13483,-0.046538,1.8314e-23,0,0.0012312,0.0012869,0.65299,0.016802
7.975,0.36,0.005,-0.13235,-0.048896,-8.8371e-24,0,0.0011745,0.0013696,0.59064,0.014293
7.925,0.408,0.005,-0.12899,-0.050367,1.3377e-23,0,0.0011214,0.0014585,0.53975,0.011924
7.875,0.456,0.005,-0.12475,-0.051035,-1.5425e-23,0,0.0010708,0.0015527,0.4975,0.0097113
7.825,0.50502,0.005,-0.11941,-0.051045,9.1077e-24,0,0.0010223,0.0016484,0.462,0.007652
7.775,0.55506,0.005,-0.11305,-0.050467,-1.4958e-23,0,0.00097624,0.0017318,0.43174,0.005763
7.725,0.60511,0.005,-0.10608,-0.049384,7.6018e-24,0,0.00093447,0.0017984,0.40653,0.0040678
7.675,0.65515,0.005,-0.098697,-0.047933,-2.7718e-37,0,0.00089799,0.0018601,0.38541,0.0025613
7.625,0.70519,0.005,-0.091039,-0.046189,3.0395e-24,0,0.00086818,0.0019198,0.36768,0.0012347
7.575,0.75523,0.005,-0.083175,-0.044219,-1.6633e-23,0,0.00084664,0.0019739,0.35291,7.6728e-05
7.525,0.80528,0.005,-0.075178,-0.042097,6.8295e-33,0,0.0008347,0.0020307,0.3408,-0.00092824
7.475,0.85532,0.005,-0.067142,-0.039892,-5.0543e-37,0,0.00083314,0.0021041,0.33111,-0.001797
7.425,0.90536,0.005,-0.059158,-0.037656,4.7424e-24,0,0.00084214,0.0022044,0.32367,-0.0025455
7.375,0.9554,0.005,-0.051293,-0.035423,-1.7003e-24,0,0.0008613,0.002335,0.31835,-0.0031882
7.325,1.0054,0.005,-0.043587,-0.03322,-1.7177e-24,0,0.00088974,0.0024919,0.315,-0.0037379
7.275,1.0555,0.005,-0.036056,-0.031067,-2.8134e-24,0,0.00092617,0.0026702,0.31349,-0.0042063
7.225,1.1055,0.005,-0.028703,-0.028981,7.7619e-25,0,0.00096899,0.0028637,0.3136,-0.0046052
7.175,1.1556,0.005,-0.021529,-0.026976,-2.1992e-24,0,0.0010164,0.0030618,0.31513,-0.0049445
7.125,1.2056,0.005,-0.014525,-0.025075,-6.0696e-33,0,0.0010665,0.0032542,0.31785,-0.0052326
7.075,1.2557,0.005,-0.0076718,-0.02329,1.6212e-24,0,0.0011175,0.0034336,0.32155,-0.005478
7.025,1.3057,0.005,-0.00094642,-0.021623,1.5937e-24,0,0.0011677,0.0035814,0.32605,-0.0056878
6.975,1.3557,0.005,0.0056788,-0.02008,-1.0598e-25,0,0.0012156,0.0036703,0.33119,-0.0058668
6.925,1.4058,0.005,0.012227,-0.018663,-2.2442e-37,0,0.0012602,0.0037409,0.33687,-0.0060205
6.875,1.4558,0.005,0.018723,-0.017364,2.5891e-25,0,0.0013009,0.0037925,0.34302,-0.0061528
6.825,1.5059,0.005,0.025201,-0.01618,6.321e-25,0,0.001337,0.0038243,0.34961,-0.0062673
6.775,1.5559,0.005,0.0317,-0.015107,2.0803e-24,0,0.001368,0.0038349,0.35672,-0.006367
6.725,1.606,0.005,0.038271,-0.014137,5.7224e-25,0,0.0013932,0.0038238,0.36434,-0.0064542
6.675,1.656,0.005,0.044944,-0.013286,-9.5737e-25,0,0.0014116,0.0037131,0.37234,-0.0065281
6.625,1.706,0.005,0.051754,-0.012544,-1.4546e-24,0,0.0014227,0.0035909,0.38062,-0.0065903
6.575,1.7561,0.005,0.058757,-0.011846,-7.1615e-25,0,0.0014261,0.0034523,0.38917,-0.0066433
6.525,1.8061,0.005,0.066033,-0.011156,1.2263e-24,0,0.0014216,0.0032747,0.39808,-0.0066883
6.475,1.8562,0.005,0.073672,-0.010463,-6.4814e-25,0,0.001409,0.00306,0.40745,-0.0067263
6.425,1.9062,0.005,0.081768,-0.0097573,-9.3168e-25,0,0.0013878,0.0028227,0.41735,-0.0067592
6.375,1.9563,0.005,0.090393,-0.0090329,7.1404e-25,0,0.0013582,0.0025799,0.42786,-0.0067882
6.325,2.0063,0.005,0.099585,-0.0082922,1.6898e-24,0,0.0013205,0.0023462,0.43901,-0.0068142
6.275,2.0563,0.005,0.10935,-0.0075448,9.5101e-25,0,0.0012766,0.0021304,0.4509,-0.0068375
6.225,2.1064,0.005,0.11966,-0.0068048,-1.711e-24,0,0.0012294,0.0019366,0.46383,-0.0068577
6.175,2.1564,0.005,0.13048,-0.0060903,-1.8325e-24,0,0.001184,0.0017676,0.47854,-0.0068745
6.125,2.2065,0.005,0.14181,-0.0054223,-2.3516e-24,0,0.0011477,0.0016297,0.49642,-0.006887
6.075,2.2565,0.005,0.15359,-0.0048228,-3.2988e-24,0,0.0011302,0.0015346,0.5196,-0.0068947
6.025,2.3066,0.005,0.16576,-0.0043144,-5.8145e-28,0,0.0011444,0.0014976,0.55095,-0.006897
5.975,2.3566,0.005,0.17821,-0.0039213,-7.1419e-25,0,0.0012043,0.0015309,0.59341,-0.006894
5.925,2.4066,0.005,0.19084,-0.0036616,-1.9069e-24,0,0.0013199,0.0016382,0.64772,-0.0068859
5.875,2.4567,0.005,0.20363,-0.0035295,-6.0945e-25,0,0.0014918,0.0018137,0.71232,-0.0068715
5.825,2.5067,0.005,0.21657,-0.003492,5.4567e-25,0,0.0017099,0.0020366,0.78731,-0.006851
5.775,2.5568,0.005,0.22973,-0.0035072,6.5268e-25,0,0.0019569,0.0022336,0.87611,-0.0068256
5.725,2.6068,0.005,0.24364,-0.0035424,0,0,0.0022134,0.0022529,0.98247,-0.0067952
5.675,2.6569,0.005,0.25877,-0.0035762,-2.5429e-25,0,0.0024558,0.0022189,1.1067,-0.0067606
5.625,2.7069,0.005,0.27517,-0.0035744,-1.1599e-38,0,0.0026417,0.0021226,1.2445,-0.0067214
5.575,2.7569,0.005,0.29279,-0.0035031,-2.6711e-26,0,0.0027203,0.0019554,1.3911,-0.0066799
5.525,2.807,0.005,0.31133,-0.0032688,2.1326e-25,0,0.0026358,0.0017012,1.5494,-0.0066309
5.475,2.86,0.005,0.3311,-0.0029119,1.0479e-25,0,0.0023208,0.0013086,1.7736,-0.0066001
5.425,2.916,0.005,0.34865,-0.0019904,-2.5293e-25,0,0.0017407,0.00071038,2.4504,-0.0065432
5.375,2.972,0.005,0.34491,-0.0010175,-4.4721e-25,0,0.002008,0.00028177,7.1261,-0.0065262
8.375,0.024,0.005,-0.11154,-0.013021,-3.6747e-23,0,0.00088543,0.00016035,5.522,0.035577
8.325,0.072,0.005,-0.11824,-0.016347,-7.0864e-25,0,0.0014221,0.0008119,1.7516,0.032306
8.275,0.12,0.005,-0.1233,-0.028242,-3.3764e-23,0,0.0015076,0.00093599,1.221,0.029709
8.225,0.168,0.005,-0.1264,-0.035688,1.0113e-23,0,0.0014431,0.0010327,0.99086,0.026831
8.175,0.216,0.005,-0.12793,-0.042108,6.9328e-24,0,0.0013644,0.0010755,0.84974,0.023991
8.125,0.264,0.005,-0.12834,-0.046898,-1.0402e-23,0,0.0012931,0.0011491,0.74528,0.021165
8.075,0.312,0.005,-0.12769,-0.050472,-1.6918e-39,0,0.0012318,0.0012267,0.66503,0.018422
8.025,0.36,0.005,-0.12606,-0.052979,9.731e-24,0,0.0011767,0.0013146,0.60115,0.015795
7.975,0.408,0.005,-0.12349,-0.05455,7.7271e-37,0,0.0011251,0.0014109,0.54907,0.013309
7.925,0.456,0.005,-0.12,-0.055286,1.7636e-24,0,0.0010757,0.001516,0.5058,0.010981
7.875,0.50502,0.005,-0.11538,-0.055334,-2.4861e-24,0,0.0010278,0.0016315,0.46935,0.0088056
7.825,0.55506,0.005,-0.10967,-0.054737,-1.0677e-23,0,0.00098179,0.0017439,0.43817,0.0068001
7.775,0.60511,0.005,-0.10324,-0.053566,-1.4163e-23,0,0.00093949,0.0018387,0.41218,0.0049934
7.725,0.65515,0.005,-0.096316,-0.051991,-5.5127e-37,0,0.00090189,0.0019231,0.39042,0.0033843
7.675,0.70519,0.005,-0.089071,-0.050105,6.3264e-24,0,0.00087023,0.0020048,0.37208,0.0019645
7.625,0.75523,0.005,-0.081568,-0.047968,-1.2637e-36,0,0.00084616,0.0020747,0.35669,0.00072315
7.575,0.80528,0.005,-0.073874,-0.045663,-5.1282e-24,0,0.00083117,0.0021378,0.34395,-0.00035551
7.525,0.85532,0.005,-0.066087,-0.043266,7.647e-24,0,0.00082627,0.0022107,0.33363,-0.0012892
7.475,0.90536,0.005,-0.058307,-0.040836,2.5074e-24,0,0.00083177,0.0023069,0.32558,-0.0020942
7.425,0.9554,0.005,-0.050612,-0.038413,-9.4025e-24,0,0.00084745,0.0024321,0.31966,-0.002786
7.375,1.0054,0.005,-0.043052,-0.036022,-1.6862e-24,0,0.00087259,0.0025835,0.31575,-0.0033786
7.325,1.0555,0.005,-0.035643,-0.033689,-4.8006e-25,0,0.00090603,0.0027547,0.31372,-0.0038847
7.275,1.1055,0.005,-0.028392,-0.031432,-1.6721e-24,0,0.00094636,0.0029407,0.3134,-0.0043162
7.225,1.1556,0.005,-0.021297,-0.029261,2.2667e-24,0,0.00099192,0.0031344,0.31458,-0.0046838
7.175,1.2056,0.005,-0.014351,-0.027192,2.023e-24,0,0.0010409,0.0032831,0.31704,-0.0049969
7.125,1.2557,0.005,-0.0075392,-0.02524,1.2903e-37,0,0.0010914,0.0034044,0.32059,-0.0052634
7.075,1.3057,0.005,-0.00084605,-0.023414,-1.8139e-24,0,0.0011419,0.0035132,0.32503,-0.0054913
7.025,1.3557,0.005,0.0057556,-0.021716,3.0467e-24,0,0.0011906,0.0036058,0.3302,-0.0056855
6.975,1.4058,0.005,0.012292,-0.020151,1.5203e-24,0,0.0012367,0.0036809,0.33598,-0.0058508
6.925,1.4558,0.005,0.01878,-0.018719,0,0,0.0012792,0.0037373,0.34228,-0.0059927
6.875,1.5059,0.005,0.025254,-0.017413,-1.1578e-24,0,0.0013174,0.0037742,0.34906,-0.0061146
6.825,1.5559,0.005,0.031748,-0.016227,1.0935e-24,0,0.0013508,0.0037902,0.35639,-0.0062197
6.775,1.606,0.005,0.038308,-0.01515,4.3251e-25,0,0.0013784,0.0037845,0.36423,-0.0063109
6.725,1.656,0.005,0.044974,-0.014171,5.2148e-25,0,0.0013996,0.0037575,0.37247,-0.0063905
6.675,1.706,0.005,0.051775,-0.013313,5.3098e-25,0,0.0014133,0.0036278,0.38099,-0.0064578
6.625,1.7561,0.005,0.058755,-0.012557,-5.8038e-25,0,0.0014192,0.003478,0.38977,-0.006514
6.575,1.8061,0.005,0.065993,-0.011828,-1.9135e-24,0,0.001417,0.0033044,0.39886,-0.0065623
6.525,1.8562,0.005,0.073588,-0.011096,-3.7849e-25,0,0.0014067,0.0030929,0.40841,-0.0066033
6.475,1.9062,0.005,0.081632,-0.010354,-9.758e-25,0,0.001388,0.0028553,0.41853,-0.0066389
6.425,1.9563,0.005,0.090208,-0.0095952,-2.7222e-24,0,0.0013607,0.0026104,0.4293,-0.0066706
6.375,2.0063,0.005,0.099357,-0.0088232,-4.3044e-24,0,0.0013255,0.0023734,0.44079,-0.0066995
6.325,2.0563,0.005,0.10909,-0.008046,-3.0191e-24,0,0.0012837,0.0021538,0.45311,-0.0067258
6.275,2.1064,0.005,0.11939,-0.0072779,-6.006e-25,0,0.0012386,0.0019564,0.46657,-0.0067495
6.225,2.1564,0.005,0.13023,-0.0065378,-1.7062e-25,0,0.001195,0.0017844,0.48191,-0.0067699
6.175,2.2065,0.005,0.14159,-0.0058459,2.5692e-24,0,0.0011602,0.001644,0.50044,-0.0067866
6.125,2.2565,0.005,0.15343,-0.005224,-8.0402e-25,0,0.0011441,0.001547,0.52418,-0.0067989
6.075,2.3066,0.005,0.16568,-0.0046947,-2.4761e-24,0,0.0011594,0.0015083,0.55574,-0.0068062
6.025,2.3566,0.005,0.17823,-0.0042807,7.5134e-25,0,0.0012197,0.0015403,0.59769,-0.0068087
5.975,2.4066,0.005,0.19096,-0.0039984,6.8366e-25,0,0.0013346,0.0016474,0.65081,-0.0068067
5.925,2.4567,0.005,0.20384,-0.0038395,5.5349e-25,0,0.0015039,0.0018242,0.71399,-0.006799
5.875,2.5067,0.005,0.21682,-0.0037692,-4.6445e-25,0,0.0017171,0.0020471,0.78746,-0.0067857
5.825,2.5568,0.005,0.22998,-0.0037507,-7.5972e-25,0,0.0019566,0.0022378,0.87435,-0.0067693
5.775,2.6068,0.005,0.24386,-0.0037516,1.2792e-25,0,0.0022041,0.0022528,0.97837,-0.0067492
5.725,2.6569,0.005,0.25894,-0.0037524,-1.4732e-25,0,0.0024366,0.0022154,1.0999,-0.0067255
5.675,2.7069,0.005,0.27526,-0.0037163,1.675e-25,0,0.002613,0.0021165,1.2346,-0.0066976
5.625,2.7569,0.005,0.29274,-0.0036124,9.7338e-26,0,0.0026838,0.0019473,1.3782,-0.0066689
5.575,2.807,0.005,0.31109,-0.0033429,1.0344e-25,0,0.0025956,0.0016914,1.5346,-0.0066328
5.525,2.86,0.005,0.33059,-0.0029615,3.989e-26,0,0.0022835,0.0012979,1.7595,-0.0066159
5.475,2.916,0.005,0.34778,-0.0020126,-1.878e-39,0,0.0017182,0.00070347,2.4425,-0.0065725
5.425,2.972,0.005,0.3436,-0.0010377,2.9484e-25,0,0.0019961,0.00028094,7.1051,-0.0065709
8.425,0.024,0.005,-0.09688,-0.014595,0,0,0.00088411,0.00016023,5.5179,0.037607
8.375,0.072,0.005,-0.10481,-0.01813,0,0,0.0014486,0.00081983,1.767,0.034336
8.325,0.12,0.005,-0.11102,-0.030849,2.0175e-23,0,0.001519,0.00087153,1.2471,0.031713
8.275,0.168,0.005,-0.11538,-0.039007,-8.4184e-24,0,0.001445,0.00096303,1.0132,0.028786
8.225,0.216,0.005,-0.11813,-0.04583,-4.1357e-23,0,0.0013631,0.0010096,0.8682,0.025854
8.175,0.264,0.005,-0.11965,-0.050949,1.63e-23,0,0.001292,0.0010831,0.76079,0.022928
8.125,0.312,0.005,-0.12002,-0.05474,0,0,0.0012321,0.0011636,0.67829,0.020075
8.075,0.36,0.005,-0.11931,-0.057391,2.5475e-24,0,0.0011787,0.0012554,0.61275,0.017336
8.025,0.408,0.005,-0.11758,-0.059052,-1.0063e-23,0,0.001129,0.0013569,0.5594,0.014737
7.975,0.456,0.005,-0.11488,-0.059845,3.6366e-37,0,0.0010811,0.0014695,0.5151,0.012296
7.925,0.50502,0.005,-0.11102,-0.05993,-8.3548e-24,0,0.0010343,0.0015989,0.4777,0.010007
7.875,0.55506,0.005,-0.10602,-0.059328,9.2166e-24,0,0.00098856,0.0017379,0.44558,0.0078866
7.825,0.60511,0.005,-0.10018,-0.058075,-6.7183e-24,0,0.00094597,0.001866,0.41876,0.0059669
7.775,0.65515,0.005,-0.093761,-0.056365,5.9116e-24,0,0.00090747,0.0019806,0.39632,0.0042514
7.725,0.70519,0.005,-0.086957,-0.054325,-5.134e-24,0,0.00087414,0.0020898,0.37737,0.0027356
7.675,0.75523,0.005,-0.079844,-0.052013,1.2967e-23,0,0.0008476,0.002185,0.36135,0.0014081
7.625,0.80528,0.005,-0.07248,-0.049517,-7.5924e-24,0,0.00082955,0.0022615,0.34795,0.00025185
7.575,0.85532,0.005,-0.064962,-0.04692,-4.6934e-24,0,0.00082122,0.0023373,0.33698,-0.00075084
7.525,0.90536,0.005,-0.057402,-0.044284,5.3947e-24,0,0.00082312,0.0024308,0.32827,-0.0016166
7.475,0.9554,0.005,-0.049889,-0.041658,-4.4096e-33,0,0.00083517,0.0025496,0.32171,-0.0023612
7.425,1.0054,0.005,-0.042478,-0.039073,-1.9414e-24,0,0.00085681,0.0026948,0.31719,-0.0030001
7.375,1.0555,0.005,-0.035192,-0.036549,7.5454e-24,0,0.00088704,0.0028197,0.31459,-0.0035469
7.325,1.1055,0.005,-0.028041,-0.034104,-2.0718e-24,0,0.00092457,0.0029468,0.31376,-0.0040137
7.275,1.1556,0.005,-0.021028,-0.031752,4.7373e-24,0,0.00096791,0.0030775,0.31451,-0.0044122
7.225,1.2056,0.005,-0.014147,-0.029505,1.01e-32,0,0.0010154,0.0032066,0.31665,-0.0047516
7.175,1.2557,0.005,-0.0073825,-0.027374,-1.9355e-24,0,0.0010651,0.0033289,0.31997,-0.0050402
7.125,1.3057,0.005,-0.0007216,-0.025376,-1.7846e-24,0,0.0011156,0.0034401,0.32428,-0.0052858
7.075,1.3557,0.005,0.0058555,-0.023517,-4.1527e-26,0,0.001165,0.0035364,0.32942,-0.005495
7.025,1.4058,0.005,0.012371,-0.021798,1.4488e-24,0,0.0012122,0.0036159,0.33524,-0.0056721
6.975,1.4558,0.005,0.018845,-0.020219,2.6777e-25,0,0.0012563,0.0036773,0.34163,-0.005823
6.925,1.5059,0.005,0.025309,-0.018778,3.4718e-25,0,0.0012965,0.0037196,0.34855,-0.0059525
6.875,1.5559,0.005,0.031796,-0.017465,-1.167e-24,0,0.001332,0.0037411,0.35605,-0.0060641
6.825,1.606,0.005,0.038346,-0.016271,-1.3777e-24,0,0.0013621,0.0037412,0.36408,-0.0061607
6.775,1.656,0.005,0.045001,-0.015183,-4.6614e-38,0,0.0013858,0.0037201,0.37253,-0.0062452
6.725,1.706,0.005,0.051795,-0.014195,2.0888e-24,0,0.0014024,0.003678,0.38129,-0.0063186
6.675,1.7561,0.005,0.05876,-0.013329,2.5761e-24,0,0.0014109,0.0035154,0.3903,-0.0063788
6.625,1.8061,0.005,0.065963,-0.012548,-6.9564e-25,0,0.0014113,0.0033353,0.3996,-0.0064297
6.575,1.8562,0.005,0.073509,-0.011776,-1.0801e-24,0,0.0014034,0.0031266,0.40933,-0.0064736
6.525,1.9062,0.005,0.081503,-0.010993,3.6107e-38,0,0.0013871,0.0028893,0.41966,-0.0065118
6.475,1.9563,0.005,0.090025,-0.010198,7.7046e-25,0,0.0013624,0.0026414,0.43069,-0.0065462
6.425,2.0063,0.005,0.099131,-0.0093909,-2.1102e-24,0,0.0013297,0.0024008,0.44251,-0.0065776
6.375,2.0563,0.005,0.10883,-0.008579,-2.7e-24,0,0.0012904,0.0021777,0.45526,-0.0066069
6.325,2.1064,0.005,0.11912,-0.0077792,-2.7268e-24,0,0.0012474,0.0019766,0.46926,-0.0066337
6.275,2.1564,0.005,0.12997,-0.0070096,4.4146e-38,0,0.0012057,0.0018016,0.48523,-0.0066577
6.225,2.2065,0.005,0.14136,-0.0062909,-1.6958e-25,0,0.0011726,0.0016589,0.50442,-0.0066783
6.175,2.2565,0.005,0.15326,-0.0056439,1.9307e-24,0,0.001158,0.00156,0.52873,-0.0066947
6.125,2.3066,0.005,0.16559,-0.0050909,8.0995e-25,0,0.0011744,0.0015197,0.5605,-0.0067068
6.075,2.3566,0.005,0.17824,-0.0046532,-2.3934e-24,0,0.0012351,0.0015506,0.602,-0.0067145
6.025,2.4066,0.005,0.19108,-0.0043453,-6.948e-25,0,0.0013491,0.0016575,0.65399,-0.0067181
5.975,2.4567,0.005,0.20403,-0.0041571,-2.2301e-38,0,0.0015157,0.0018355,0.71572,-0.0067169
5.925,2.5067,0.005,0.21704,-0.0040514,5.7172e-25,0,0.0017237,0.002058,0.78762,-0.0067103
5.875,2.5568,0.005,0.2302,-0.0039969,4.956e-25,0,0.0019558,0.0022413,0.87261,-0.0067024
5.825,2.6068,0.005,0.24406,-0.0039621,6.7722e-26,0,0.0021944,0.0022522,0.97434,-0.0066922
5.775,2.6569,0.005,0.25909,-0.0039285,-3.8509e-25,0,0.0024174,0.0022114,1.0931,-0.0066791
5.725,2.7069,0.005,0.27531,-0.003858,2.332e-25,0,0.0025845,0.00211,1.2249,-0.0066623
5.675,2.7569,0.005,0.29266,-0.0037208,7.7628e-25,0,0.0026479,0.0019389,1.3656,-0.0066452
5.625,2.807,0.005,0.31081,-0.0034196,5.7351e-25,0,0.0025561,0.0016815,1.5202,-0.0066223
5.575,2.86,0.005,0.33005,-0.0030107,1.476e-25,0,0.0022469,0.0012872,1.7457,-0.0066185
5.525,2.916,0.005,0.34689,-0.0020345,6.6929e-26,0,0.0016959,0.00069662,2.4344,-0.0065887
5.475,2.972,0.005,0.34227,-0.0010575,2.4579e-25,0,0.0019841,0.00028009,7.0838,-0.0066021
8.475,0.024,0.005,-0.080671,-0.016369,-1.156e-23,0,0.00088234,0.00016007,5.5123,0.039449
8.425,0.072,0.005,-0.09017,-0.020274,4.2642e-23,0,0.0014744,0.00082323,1.7823,0.03629
8.375,0.12,0.005,-0.09764,-0.033767,1.1838e-23,0,0.0015287,0.00081042,1.2756,0.033671
8.325,0.168,0.005,-0.10343,-0.042681,-3.42e-23,0,0.0014454,0.00089426,1.0379,0.030722
8.275,0.216,0.005,-0.10755,-0.049923,7.2539e-37,0,0.0013607,0.0009437,0.8885,0.027715
8.225,0.264,0.005,-0.11031,-0.055375,-3.8096e-24,0,0.0012901,0.0010163,0.77783,0.024702
8.175,0.312,0.005,-0.11177,-0.05938,-1.5318e-23,0,0.0012317,0.0010986,0.69285,0.021749
8.125,0.36,0.005,-0.11206,-0.062167,-1.9649e-36,0,0.0011805,0.0011928,0.6255,0.018905
8.075,0.408,0.005,-0.11123,-0.063906,2.3527e-23,0,0.0011328,0.0012978,0.57079,0.016198
8.025,0.456,0.005,-0.10937,-0.06474,-3.1219e-23,0,0.0010868,0.001415,0.52541,0.013649
7.975,0.50502,0.005,-0.10631,-0.064853,1.0769e-23,0,0.0010414,0.0015522,0.48707,0.01125
7.925,0.55506,0.005,-0.10207,-0.064252,1.1059e-23,0,0.00099644,0.0017107,0.45401,0.009018
7.875,0.60511,0.005,-0.096893,-0.062932,-5.9365e-24,0,0.00095385,0.001872,0.4263,0.0069864
7.825,0.65515,0.005,-0.091012,-0.061086,-7.5108e-24,0,0.00091471,0.0020219,0.40313,0.0051617
7.775,0.70519,0.005,-0.084679,-0.058872,-1.1863e-24,0,0.00087997,0.0021609,0.38357,0.0035462
7.725,0.75523,0.005,-0.077992,-0.056385,-5.9267e-24,0,0.00085107,0.0022901,0.36691,0.002128
7.675,0.80528,0.005,-0.070979,-0.053695,5.3355e-24,0,0.00082993,0.0023522,0.35284,0.00088987
7.625,0.85532,0.005,-0.063745,-0.050884,-3.1134e-37,0,0.00081811,0.002398,0.34117,-0.00018589
7.575,0.90536,0.005,-0.056417,-0.048029,2.9437e-24,0,0.00081632,0.0024605,0.33177,-0.0011162
7.525,0.9554,0.005,-0.049094,-0.045183,-9.8e-25,0,0.00082461,0.002541,0.32452,-0.0019174
7.475,1.0054,0.005,-0.041839,-0.042385,1.5133e-24,0,0.00084256,0.0026384,0.31934,-0.0026053
7.425,1.0555,0.005,-0.034685,-0.039654,-1.5552e-24,0,0.00086936,0.0027501,0.31612,-0.0031945
7.375,1.1055,0.005,-0.02764,-0.037006,6.7877e-24,0,0.00090388,0.002872,0.31472,-0.0036978
7.325,1.1556,0.005,-0.020713,-0.034458,-3.393e-24,0,0.00094475,0.0029994,0.31498,-0.0041271
7.275,1.2056,0.005,-0.013901,-0.032023,0,0,0.00099037,0.0031269,0.31672,-0.0044929
7.225,1.2557,0.005,-0.0071925,-0.029712,2.0944e-24,0,0.0010391,0.0032497,0.31974,-0.0048037
7.175,1.3057,0.005,-0.00057542,-0.027535,1.933e-24,0,0.0010891,0.0033629,0.32386,-0.0050673
7.125,1.3557,0.005,0.0059683,-0.025501,-3.4676e-24,0,0.0011388,0.0034625,0.32889,-0.0052912
7.075,1.4058,0.005,0.012459,-0.023615,-3.3155e-24,0,0.0011869,0.0035464,0.33468,-0.0054811
7.025,1.4558,0.005,0.018916,-0.021877,-2.8873e-25,0,0.0012324,0.0036128,0.34111,-0.0056424
6.975,1.5059,0.005,0.025367,-0.020284,-3.7294e-25,0,0.0012743,0.0036605,0.34811,-0.0057802
6.925,1.5559,0.005,0.031842,-0.018831,-1.25e-24,0,0.0013119,0.0036878,0.35573,-0.0058988
6.875,1.606,0.005,0.038382,-0.017508,-1.1844e-24,0,0.0013443,0.0036938,0.36392,-0.0060015
6.825,1.656,0.005,0.045025,-0.016301,-5.3047e-25,0,0.0013706,0.0036787,0.37256,-0.0060912
6.775,1.706,0.005,0.051809,-0.0152,0,0,0.0013898,0.0036428,0.38153,-0.0061702
6.725,1.7561,0.005,0.058764,-0.014204,6.0672e-25,0,0.0014013,0.0035673,0.39076,-0.0062378
6.675,1.8061,0.005,0.065944,-0.013327,1.3803e-24,0,0.0014044,0.0033736,0.40028,-0.0062908
6.625,1.8562,0.005,0.073441,-0.012507,-1.0459e-24,0,0.0013991,0.0031617,0.41022,-0.006337
6.575,1.9062,0.005,0.081379,-0.011682,1.9041e-38,0,0.0013854,0.0029245,0.42074,-0.0063776
6.525,1.9563,0.005,0.089849,-0.010843,1.0907e-24,0,0.0013633,0.002674,0.43203,-0.0064142
6.475,2.0063,0.005,0.098909,-0.009994,1.6675e-24,0,0.0013332,0.0024291,0.44418,-0.0064484
6.425,2.0563,0.005,0.10858,-0.0091478,3.3698e-24,0,0.0012964,0.0022018,0.45736,-0.0064803
6.375,2.1064,0.005,0.11885,-0.0083127,1.4864e-24,0,0.0012558,0.0019975,0.4719,-0.0065101
6.325,2.1564,0.005,0.12971,-0.0075103,3.9859e-24,0,0.0012163,0.0018194,0.48851,-0.0065374
6.275,2.2065,0.005,0.14113,-0.0067608,3.9342e-24,0,0.001185,0.0016743,0.50837,-0.0065616
6.225,2.2565,0.005,0.15309,-0.0060857,-1.9106e-24,0,0.0011719,0.0015736,0.53325,-0.006582
6.175,2.3066,0.005,0.1655,-0.005506,9.7196e-25,0,0.0011895,0.0015318,0.56525,-0.0065985
6.125,2.3566,0.005,0.17824,-0.0050417,1.5958e-24,0,0.0012505,0.0015617,0.60633,-0.006611
6.075,2.4066,0.005,0.19117,-0.004705,-2.1524e-24,0,0.0013634,0.0016687,0.65722,-0.0066199
6.025,2.4567,0.005,0.20419,-0.0044843,-7.116e-25,0,0.001527,0.0018476,0.7175,-0.0066247
5.975,2.5067,0.005,0.21722,-0.0043407,5.3142e-27,0,0.0017297,0.0020693,0.78779,-0.0066247
5.925,2.5568,0.005,0.23039,-0.0042476,5.0638e-25,0,0.0019544,0.0022441,0.8709,-0.0066248
5.875,2.6068,0.005,0.24422,-0.0041758,2.3324e-38,0,0.0021844,0.002251,0.9704,-0.0066243
5.825,2.6569,0.005,0.2592,-0.0041062,-1.1033e-24,0,0.0023981,0.002207,1.0866,-0.0066211
5.775,2.7069,0.005,0.27533,-0.0040002,-3.312e-25,0,0.0025562,0.0021032,1.2154,-0.0066153
5.725,2.7569,0.005,0.29254,-0.0038293,-5.5163e-33,0,0.0026125,0.0019304,1.3534,-0.0066095
5.675,2.807,0.005,0.31051,-0.003497,-2.0059e-27,0,0.0025174,0.0016714,1.5061,-0.0065993
5.625,2.86,0.005,0.32949,-0.0030606,1.7249e-26,0,0.002211,0.0012765,1.7321,-0.0066084
5.575,2.916,0.005,0.34599,-0.0020556,-3.0733e-26,0,0.0016738,0.00068983,2.4264,-0.0065914
5.525,2.972,0.005,0.34092,-0.0010724,-3.3055e-26,0,0.001972,0.00027923,7.0621,-0.0066199
8.525,0.024,0.005,-0.062714,-0.018326,-1.3399e-23,0,0.00088175,0.00016001,5.5105,0.040994
8.475,0.072,0.005,-0.074078,-0.02283,2.6321e-23,0,0.0014964,0.00076663,1.7956,0.038098
8.425,0.12,0.005,-0.083064,-0.037106,1.4115e-23,0,0.0015362,0.00075307,1.3067,0.035536
8.375,0.168,0.005,-0.090454,-0.046774,3.6866e-23,0,0.0014441,0.00082712,1.0651,0.032603
8.325,0.216,0.005,-0.096117,-0.054444,-3.0686e-23,0,0.001357,0.00087818,0.91083,0.029548
8.275,0.264,0.005,-0.10024,-0.060227,-3.234e-23,0,0.0012871,0.00094929,0.79652,0.026465
8.225,0.312,0.005,-0.10292,-0.064438,1.4093e-23,0,0.0012306,0.0010325,0.70881,0.023427
8.175,0.36,0.005,-0.10428,-0.067347,-1.3149e-23,0,0.0011816,0.0011278,0.63949,0.020488
8.125,0.408,0.005,-0.10443,-0.069148,-1.8338e-36,0,0.0011363,0.0012348,0.58329,0.017681
8.075,0.456,0.005,-0.10345,-0.070004,4.5868e-25,0,0.0010926,0.0013545,0.53676,0.01503
8.025,0.50502,0.005,-0.10124,-0.070126,-1.0289e-23,0,0.0010491,0.0014948,0.49747,0.012527
7.975,0.55506,0.005,-0.097797,-0.069525,0,0,0.0010052,0.0016632,0.46348,0.010188
7.925,0.60511,0.005,-0.093338,-0.068153,0,0,0.00096302,0.0018514,0.43484,0.0080485
7.875,0.65515,0.005,-0.088049,-0.06618,0,0,0.00092355,0.0020373,0.41088,0.006115
7.825,0.70519,0.005,-0.08221,-0.063787,1.0299e-24,0,0.00088773,0.0022098,0.39069,0.0043959
7.775,0.75523,0.005,-0.075966,-0.061119,-5.052e-24,0,0.00085659,0.0022942,0.37338,0.0028837
7.725,0.80528,0.005,-0.069329,-0.058221,4.393e-24,0,0.00083245,0.0023213,0.35861,0.0015601
7.675,0.85532,0.005,-0.062404,-0.055186,-4e-37,0,0.0008172,0.0023603,0.34623,0.00040782
7.625,0.90536,0.005,-0.055328,-0.052094,-3.2103e-24,0,0.00081171,0.002415,0.33611,-0.00058972
7.575,0.9554,0.005,-0.048209,-0.049009,5.5792e-24,0,0.00081618,0.0024872,0.32815,-0.0014497
7.525,1.0054,0.005,-0.041122,-0.045975,-6.2393e-25,0,0.00083034,0.0025766,0.32226,-0.0021885
7.475,1.0555,0.005,-0.034106,-0.04302,-3.3523e-24,0,0.00085354,0.002681,0.31836,-0.0028216
7.425,1.1055,0.005,-0.027181,-0.040161,2.6243e-24,0,0.00088482,0.0027971,0.31634,-0.0033625
7.375,1.1556,0.005,-0.020353,-0.037407,-2.7383e-24,0,0.00092292,0.0029202,0.31604,-0.0038234
7.325,1.2056,0.005,-0.013622,-0.034771,6.4666e-25,0,0.00096637,0.0030455,0.31731,-0.0042159
7.275,1.2557,0.005,-0.0069798,-0.032266,2.2827e-24,0,0.0010136,0.0031678,0.31996,-0.0045496
7.225,1.3057,0.005,-0.00041294,-0.029899,1.1328e-37,0,0.0010628,0.0032823,0.3238,-0.0048327
7.175,1.3557,0.005,0.006093,-0.027678,-1.8822e-24,0,0.0011124,0.0033848,0.32866,-0.0050729
7.125,1.4058,0.005,0.012554,-0.025611,-1.9303e-25,0,0.0011611,0.0034727,0.33435,-0.0052765
7.075,1.4558,0.005,0.01899,-0.023701,-1.2409e-24,0,0.0012076,0.003544,0.34075,-0.0054494
7.025,1.5059,0.005,0.025424,-0.021944,1.0335e-24,0,0.001251,0.0035971,0.34779,-0.0055968
6.975,1.5559,0.005,0.031887,-0.020337,-2.6843e-24,0,0.0012905,0.0036303,0.35548,-0.0057232
6.925,1.606,0.005,0.038413,-0.018871,-1.0527e-24,0,0.001325,0.0036424,0.36378,-0.0058324
6.875,1.656,0.005,0.045043,-0.017533,-5.6836e-25,0,0.0013538,0.0036335,0.37258,-0.0059276
6.825,1.706,0.005,0.051814,-0.016313,-5.6514e-25,0,0.0013757,0.0036039,0.38174,-0.0060115
6.775,1.7561,0.005,0.058765,-0.0152,-1.1175e-24,0,0.0013901,0.0035536,0.39119,-0.0060864
6.725,1.8061,0.005,0.065925,-0.014197,-6.9184e-25,0,0.0013962,0.0034226,0.40091,-0.0061469
6.675,1.8562,0.005,0.073386,-0.013297,-1.081e-24,0,0.0013937,0.0032021,0.41106,-0.0061935
6.625,1.9062,0.005,0.081264,-0.012423,1.1124e-24,0,0.0013827,0.0029613,0.42179,-0.006236
6.575,1.9563,0.005,0.089677,-0.011539,1.9825e-24,0,0.0013633,0.0027082,0.43333,-0.0062746
6.525,2.0063,0.005,0.098689,-0.010646,1.7448e-24,0,0.001336,0.0024592,0.44581,-0.0063108
6.475,2.0563,0.005,0.10833,-0.0097549,2.371e-24,0,0.0013018,0.0022271,0.45943,-0.0063455
6.425,2.1064,0.005,0.11859,-0.0088831,1.1912e-24,0,0.0012638,0.0020186,0.47451,-0.0063782
6.375,2.1564,0.005,0.12945,-0.0080435,2.3667e-24,0,0.0012265,0.0018377,0.49175,-0.0064086
6.325,2.2065,0.005,0.14091,-0.00726,6.9148e-25,0,0.0011972,0.0016903,0.51229,-0.0064362
6.275,2.2565,0.005,0.15291,-0.006553,1.114e-24,0,0.0011858,0.0015878,0.53773,-0.0064604
6.225,2.3066,0.005,0.1654,-0.0059433,-1.0484e-24,0,0.0012046,0.0015448,0.56996,-0.0064809
6.175,2.3566,0.005,0.17822,-0.0054492,1.28e-25,0,0.0012659,0.0015739,0.61066,-0.0064979
6.125,2.4066,0.005,0.19125,-0.0050803,-7.7028e-25,0,0.0013777,0.001681,0.66048,-0.0065117
6.075,2.4567,0.005,0.20433,-0.0048238,-7.6316e-25,0,0.001538,0.0018606,0.7193,-0.0065222
6.025,2.5067,0.005,0.21738,-0.0046393,1.8874e-24,0,0.0017351,0.002081,0.78795,-0.0065287
5.975,2.5568,0.005,0.23054,-0.0045049,5.7627e-25,0,0.0019525,0.0022463,0.8692,-0.0065364
5.925,2.6068,0.005,0.24435,-0.0043939,-4.688e-26,0,0.002174,0.0022493,0.96652,-0.0065451
5.875,2.6569,0.005,0.25927,-0.0042873,-3.9906e-25,0,0.0023787,0.0022022,1.0801,-0.0065516
5.825,2.7069,0.005,0.27532,-0.0041458,-7.0416e-25,0,0.0025282,0.0020962,1.2061,-0.0065565
5.775,2.7569,0.005,0.29239,-0.0039388,-2.2945e-26,0,0.0025776,0.0019216,1.3414,-0.006562
5.725,2.807,0.005,0.31017,-0.0035739,7.2968e-26,0,0.0024793,0.0016613,1.4924,-0.006564
5.675,2.86,0.005,0.32891,-0.0031112,-1.8904e-25,0,0.0021757,0.0012658,1.7189,-0.0065863
5.625,2.916,0.005,0.34507,-0.002074,-4.5963e-40,0,0.0016519,0.00068309,2.4183,-0.00658
5.575,2.972,0.005,0.33955,-0.0011074,0,0,0.0019597,0.00027836,7.0402,-0.0066255
8.575,0.024,0.005,-0.040997,-0.020197,-1.6717e-23,0,0.00087967,0.00015983,5.5039,0.042285
8.525,0.072,0.005,-0.056444,-0.025708,-1.0198e-36,0,0.0015166,0.0007096,1.8156,0.039691
8.475,0.12,0.005,-0.067215,-0.040965,4.014e-23,0,0.0015411,0.00069896,1.3409,0.03725
8.425,0.168,0.005,-0.076381,-0.051352,-1.5037e-23,0,0.0014406,0.00076299,1.0952,0.034381
8.375,0.216,0.005,-0.083758,-0.059462,1.7144e-24,0,0.0013515,0.00081361,0.9354,0.031316
8.325,0.264,0.005,-0.089398,-0.065565,1.6886e-23,0,0.0012826,0.00088278,0.81699,0.028189
8.275,0.312,0.005,-0.093418,-0.069966,1.5791e-23,0,0.0012282,0.00096592,0.72626,0.025085
8.225,0.36,0.005,-0.095961,-0.072976,-4.3731e-23,0,0.0011818,0.0010615,0.65476,0.022067
8.175,0.408,0.005,-0.097155,-0.074817,1.3351e-23,0,0.0011393,0.0011693,0.59696,0.019173
8.125,0.456,0.005,-0.097116,-0.075671,-2.3307e-23,0,0.001098,0.00129,0.54918,0.016429
8.075,0.50502,0.005,-0.095777,-0.075778,3.6153e-25,0,0.0010568,0.0014304,0.5089,0.013829
8.025,0.55506,0.005,-0.093176,-0.075164,9.574e-24,0,0.0010147,0.0016002,0.47399,0.011391
7.975,0.60511,0.005,-0.089491,-0.073748,-1.7585e-23,0,0.00097329,0.0018037,0.44441,0.0091481
7.925,0.65515,0.005,-0.084852,-0.071662,8.0659e-24,0,0.00093386,0.0020214,0.41959,0.0071095
7.875,0.70519,0.005,-0.079537,-0.069095,1.953e-23,0,0.00089733,0.0022287,0.3987,0.0052864
7.825,0.75523,0.005,-0.073749,-0.06623,-1.8269e-23,0,0.00086436,0.0022701,0.38076,0.0036793
7.775,0.80528,0.005,-0.067514,-0.063123,-4.7233e-24,0,0.00083748,0.0022926,0.36529,0.0022685
7.725,0.85532,0.005,-0.060929,-0.059855,-7.9617e-37,0,0.00081891,0.0023252,0.35219,0.0010377
7.675,0.90536,0.005,-0.054133,-0.05651,8.3352e-24,0,0.00080976,0.0023723,0.34133,-2.9863e-05
7.625,0.9554,0.005,-0.047243,-0.053166,-2.8916e-24,0,0.00081038,0.0024363,0.33263,-0.00095122
7.575,1.0054,0.005,-0.04034,-0.049876,-3.9974e-24,0,0.00082064,0.0025173,0.326,-0.0017432
7.525,1.0555,0.005,-0.033478,-0.046675,-1.4551e-37,0,0.00084005,0.0026139,0.32137,-0.002422
7.475,1.1055,0.005,-0.026682,-0.043582,1.425e-24,0,0.00086781,0.0027233,0.31866,-0.0030022
7.425,1.1556,0.005,-0.01996,-0.040606,1.0376e-24,0,0.00090283,0.0028413,0.31775,-0.003497
7.375,1.2056,0.005,-0.013317,-0.037755,1.4036e-32,0,0.00094375,0.0029633,0.31848,-0.0039183
7.325,1.2557,0.005,-0.0067462,-0.035041,-2.4854e-24,0,0.00098905,0.0030842,0.32068,-0.0042765
7.275,1.3057,0.005,-0.00023681,-0.032471,0,0,0.0010371,0.0031993,0.32417,-0.0045807
7.225,1.3557,0.005,0.0062256,-0.030053,2.0031e-24,0,0.0010862,0.0033039,0.32877,-0.0048388
7.175,1.4058,0.005,0.012654,-0.027794,2.0679e-25,0,0.0011351,0.0033954,0.3343,-0.0050575
7.125,1.4558,0.005,0.019064,-0.025699,-5.9845e-38,0,0.0011823,0.0034712,0.34061,-0.005243
7.075,1.5059,0.005,0.025479,-0.023766,-6.8548e-25,0,0.0012269,0.0035296,0.34761,-0.0054009
7.025,1.5559,0.005,0.031927,-0.021992,4.337e-24,0,0.001268,0.0035686,0.35532,-0.005536
6.975,1.606,0.005,0.038439,-0.02037,1.1314e-32,0,0.0013046,0.0035869,0.3637,-0.0056524
6.925,1.656,0.005,0.045054,-0.01889,-1.2984e-24,0,0.0013356,0.0035845,0.3726,-0.0057537
6.875,1.706,0.005,0.051811,-0.017538,-6.4414e-25,0,0.0013601,0.0035613,0.38193,-0.0058427
6.825,1.7561,0.005,0.058749,-0.016304,1.3045e-25,0,0.0013774,0.0035175,0.39158,-0.0059221
6.775,1.8061,0.005,0.065907,-0.01518,1.1514e-24,0,0.0013866,0.0034532,0.40153,-0.0059925
6.725,1.8562,0.005,0.073337,-0.014167,-4.5668e-25,0,0.0013871,0.0032492,0.41186,-0.0060441
6.675,1.9062,0.005,0.081161,-0.013225,-9.7524e-38,0,0.0013789,0.0030027,0.42281,-0.0060867
6.625,1.9563,0.005,0.089514,-0.012289,5.7084e-25,0,0.0013624,0.002744,0.4346,-0.0061271
6.575,2.0063,0.005,0.098475,-0.011348,4.2814e-24,0,0.0013379,0.0024901,0.44741,-0.0061653
6.525,2.0563,0.005,0.10808,-0.01041,3.1305e-24,0,0.0013067,0.0022534,0.46146,-0.0062022
6.475,2.1064,0.005,0.11832,-0.0094915,6.0137e-25,0,0.0012713,0.0020407,0.47709,-0.0062376
6.425,2.1564,0.005,0.12919,-0.0086144,-1.2568e-24,0,0.0012365,0.0018565,0.49497,-0.0062709
6.375,2.2065,0.005,0.14067,-0.0077923,-6.626e-24,0,0.0012094,0.001707,0.51617,-0.0063017
6.325,2.2565,0.005,0.15273,-0.0070498,-5.5011e-24,0,0.0011998,0.0016029,0.54218,-0.0063294
6.275,2.3066,0.005,0.16529,-0.0064062,1.9696e-25,0,0.0012198,0.0015587,0.57464,-0.0063537
6.225,2.3566,0.005,0.1782,-0.0058787,-1.205e-24,0,0.0012813,0.0015871,0.61496,-0.0063749
6.175,2.4066,0.005,0.19131,-0.0054742,-2.4275e-24,0,0.0013917,0.0016945,0.66374,-0.0063933
6.125,2.4567,0.005,0.20444,-0.005178,1.0526e-25,0,0.0015486,0.0018747,0.72111,-0.0064089
6.075,2.5067,0.005,0.21751,-0.0049493,1.1773e-24,0,0.0017401,0.0020931,0.78811,-0.0064218
6.025,2.5568,0.005,0.23066,-0.0047707,1.8277e-24,0,0.0019501,0.0022479,0.86753,-0.006437
5.975,2.6068,0.005,0.24445,-0.0046185,5.7064e-25,0,0.0021634,0.0022471,0.96272,-0.0064544
5.925,2.6569,0.005,0.25932,-0.0044732,-4.1009e-25,0,0.0023592,0.002197,1.0738,-0.0064704
5.875,2.7069,0.005,0.27527,-0.0042947,-4.3704e-25,0,0.0025003,0.0020888,1.197,-0.0064856
5.825,2.7569,0.005,0.29221,-0.0040508,-7.4319e-25,0,0.0025432,0.0019126,1.3297,-0.0065024
5.775,2.807,0.005,0.30981,-0.0036515,1.3955e-38,0,0.0024419,0.001651,1.4791,-0.0065161
5.725,2.86,0.005,0.3283,-0.0031618,2.7643e-25,0,0.002141,0.0012551,1.7059,-0.006552
5.675,2.916,0.005,0.34414,-0.002092,-3.0242e-26,0,0.0016303,0.00067639,2.4102,-0.0065562
5.625,2.972,0.005,0.33818,-0.0011296,-6.2014e-26,0,0.0019473,0.00027748,7.018,-0.0066199
8.625,0.024,0.005,-0.019363,-0.023318,0,0,0.00087896,0.00015976,5.5017,0.043179
8.575,0.072,0.005,-0.036916,-0.02856,-5.0275e-23,0,0.0015336,0.00065072,1.8436,0.041025
8.525,0.12,0.005,-0.049992,-0.045234,4.259e-23,0,0.0015435,0.00064406,1.3815,0.038753
8.475,0.168,0.005,-0.061142,-0.056469,2.0455e-23,0,0.0014346,0.00070146,1.1288,0.035997
8.425,0.216,0.005,-0.070404,-0.065054,-1.5495e-24,0,0.0013439,0.00075026,0.96246,0.032974
8.375,0.264,0.005,-0.07773,-0.071458,4.482e-38,0,0.0012763,0.00081723,0.83939,0.029839
8.325,0.312,0.005,-0.083228,-0.076025,-1.6024e-23,0,0.0012241,0.00089954,0.74529,0.026697
8.275,0.36,0.005,-0.087058,-0.079106,1.6182e-23,0,0.0011806,0.00099466,0.67141,0.02362
8.225,0.408,0.005,-0.089384,-0.080957,-4.1446e-23,0,0.0011411,0.0011022,0.61185,0.020655
8.175,0.456,0.005,-0.09035,-0.08178,1.2764e-23,0,0.0011029,0.0012228,0.56273,0.017832
8.125,0.50502,0.005,-0.089931,-0.081842,-1.2668e-23,0,0.0010643,0.0013621,0.52138,0.015145
8.075,0.55506,0.005,-0.088195,-0.081187,0,0,0.0010244,0.0015284,0.48553,0.012615
8.025,0.60511,0.005,-0.085327,-0.079727,-9.0832e-24,0,0.00098439,0.0017338,0.45503,0.010279
7.975,0.65515,0.005,-0.081398,-0.077542,8.3788e-24,0,0.00094543,0.0019738,0.42928,0.0081416
7.925,0.70519,0.005,-0.076648,-0.074807,-6.6512e-24,0,0.00090863,0.0022139,0.40763,0.0062172
7.875,0.75523,0.005,-0.071337,-0.071738,1.1559e-23,0,0.00087439,0.0022475,0.38906,0.0045154
7.825,0.80528,0.005,-0.065542,-0.068419,-7.2908e-24,0,0.00084515,0.0022664,0.3729,0.0030184
7.775,0.85532,0.005,-0.059334,-0.064903,4.3741e-24,0,0.0008235,0.0022934,0.35908,0.0017072
7.725,0.90536,0.005,-0.052847,-0.06129,-1.4444e-24,0,0.0008108,0.0023333,0.34749,0.00056682
7.675,0.9554,0.005,-0.046206,-0.057667,-9.425e-24,0,0.00080758,0.0023891,0.33803,-0.00041879
7.625,1.0054,0.005,-0.039504,-0.0541,7.9748e-25,0,0.00081384,0.0024616,0.33062,-0.0012668
7.575,1.0555,0.005,-0.032806,-0.050629,-5.7736e-24,0,0.00082928,0.0025499,0.32522,-0.0019941
7.525,1.1055,0.005,-0.026146,-0.047279,1.546e-24,0,0.00085327,0.0026519,0.32176,-0.0026161
7.475,1.1556,0.005,-0.019539,-0.044061,-1.778e-37,0,0.00088488,0.0027639,0.32016,-0.0031469
7.425,1.2056,0.005,-0.01299,-0.04098,7.6489e-25,0,0.0009229,0.0028816,0.32027,-0.003599
7.375,1.2557,0.005,-0.0064969,-0.038044,-2.7031e-24,0,0.0009659,0.0030001,0.32195,-0.0039836
7.325,1.3057,0.005,-5.0116e-05,-0.035259,1.8391e-25,0,0.0010123,0.0031147,0.32502,-0.0043102
7.275,1.3557,0.005,0.0063629,-0.032633,7.865e-38,0,0.0010606,0.0032207,0.32929,-0.0045876
7.225,1.4058,0.005,0.012753,-0.030172,2.2185e-25,0,0.0011092,0.0033151,0.33458,-0.0048226
7.175,1.4558,0.005,0.019135,-0.02788,1.8224e-24,0,0.0011568,0.003395,0.34073,-0.0050219
7.125,1.5059,0.005,0.025529,-0.025759,-1.2113e-24,0,0.0012023,0.0034584,0.34765,-0.0051913
7.075,1.5559,0.005,0.031959,-0.023807,1.5616e-24,0,0.0012447,0.0035031,0.35532,-0.0053361
7.025,1.606,0.005,0.038456,-0.022017,2.6911e-24,0,0.001283,0.0035276,0.36371,-0.0054604
6.975,1.656,0.005,0.045057,-0.02038,2.792e-24,0,0.0013162,0.0035316,0.37268,-0.0055684
6.925,1.706,0.005,0.0518,-0.018886,1.3378e-24,0,0.0013432,0.003515,0.38213,-0.005663
6.875,1.7561,0.005,0.058725,-0.017521,-2.0117e-24,0,0.0013632,0.0034779,0.39195,-0.0057471
6.825,1.8061,0.005,0.065873,-0.016275,-2.5044e-24,0,0.0013754,0.0034204,0.40212,-0.0058231
6.775,1.8562,0.005,0.073286,-0.01514,0,0,0.0013792,0.0033023,0.41265,-0.0058863
6.725,1.9062,0.005,0.081069,-0.014103,1.857e-37,0,0.0013741,0.0030488,0.42381,-0.0059301
6.675,1.9563,0.005,0.089359,-0.013102,-2.1728e-24,0,0.0013606,0.0027834,0.43585,-0.0059712
6.625,2.0063,0.005,0.098266,-0.012106,-4.1776e-24,0,0.0013392,0.0025228,0.44899,-0.0060111
6.575,2.0563,0.005,0.10783,-0.011116,-4.2715e-24,0,0.0013109,0.0022807,0.46347,-0.00605
6.525,2.1064,0.005,0.11806,-0.010149,-1.7025e-24,0,0.0012784,0.0020639,0.47964,-0.0060878
6.475,2.1564,0.005,0.12893,-0.0092236,-1.3333e-24,0,0.0012462,0.0018762,0.49816,-0.0061238
6.425,2.2065,0.005,0.14044,-0.0083628,1.3154e-24,0,0.0012215,0.0017243,0.52003,-0.0061575
6.375,2.2565,0.005,0.15255,-0.00758,-2.29e-24,0,0.0012138,0.0016189,0.5466,-0.0061885
6.325,2.3066,0.005,0.16518,-0.0068987,-2.4196e-24,0,0.001235,0.0015736,0.57927,-0.0062164
6.275,2.3566,0.005,0.17817,-0.0063335,1.9641e-25,0,0.0012968,0.0016015,0.61922,-0.0062415
6.225,2.4066,0.005,0.19135,-0.0058894,-1.0195e-24,0,0.0014057,0.0017093,0.66699,-0.0062642
6.175,2.4567,0.005,0.20452,-0.0055494,1.8215e-24,0,0.0015589,0.0018899,0.72291,-0.0062847
6.125,2.5067,0.005,0.2176,-0.0052733,6.648e-25,0,0.0017445,0.0021058,0.78826,-0.0063035
6.075,2.5568,0.005,0.23075,-0.0050477,-8.6773e-25,0,0.0019473,0.0022489,0.86587,-0.0063262
6.025,2.6068,0.005,0.24452,-0.0048513,1.7638e-24,0,0.0021524,0.0022444,0.95899,-0.0063522
5.975,2.6569,0.005,0.25933,-0.0046663,9.9373e-25,0,0.0023397,0.0021915,1.0676,-0.0063775
5.925,2.7069,0.005,0.27519,-0.0044482,-2.0057e-25,0,0.0024727,0.0020811,1.1881,-0.0064027
5.875,2.7569,0.005,0.292,-0.0041665,-4.4292e-25,0,0.0025093,0.0019034,1.3183,-0.0064304
5.825,2.807,0.005,0.30942,-0.003732,-7.6842e-25,0,0.0024051,0.0016406,1.466,-0.0064555
5.775,2.86,0.005,0.32767,-0.003212,-1.0371e-25,0,0.002107,0.0012443,1.6932,-0.0065042
5.725,2.916,0.005,0.34319,-0.0021139,0,0,0.0016088,0.00066974,2.4022,-0.0065209
5.675,2.972,0.005,0.33678,-0.0011519,-3.1566e-25,0,0.0019349,0.00027659,6.9955,-0.0065982
8.675,0.024,0.005,0.0050807,-0.032774,0,0,0.00087983,0.00015984,5.5046,0.043537
8.625,0.072,0.005,-0.015221,-0.031754,-1.5082e-23,0,0.0015398,0.00059169,1.877,0.041932
8.575,0.12,0.005,-0.031009,-0.049942,5.2901e-23,0,0.0015423,0.00058593,1.4303,0.039969
8.525,0.168,0.005,-0.044586,-0.062176,7.1752e-24,0,0.0014258,0.0006394,1.1669,0.037389
8.475,0.216,0.005,-0.055973,-0.071299,-3.5428e-23,0,0.0013338,0.00068774,0.99243,0.034464
8.425,0.264,0.005,-0.065178,-0.077987,2.1938e-23,0,0.0012674,0.00075284,0.8639,0.031369
8.375,0.312,0.005,-0.072309,-0.082684,3.5478e-23,0,0.0012178,0.00083374,0.76602,0.028224
8.325,0.36,0.005,-0.077551,-0.085796,-1.7963e-23,0,0.0011775,0.00092784,0.68949,0.025118
8.275,0.408,0.005,-0.081102,-0.087616,-1.615e-23,0,0.0011415,0.0010345,0.62802,0.022104
8.225,0.456,0.005,-0.083144,-0.088372,-5.976e-25,0,0.0011066,0.0011541,0.57745,0.01922
8.175,0.50502,0.005,-0.083695,-0.088353,-2.4504e-23,0,0.0010712,0.0012915,0.53495,0.016461
8.125,0.55506,0.005,-0.082856,-0.087621,1.1572e-23,0,0.001034,0.001453,0.49812,0.013851
8.075,0.60511,0.005,-0.08083,-0.086097,9.8125e-24,0,0.00099594,0.0016514,0.46669,0.011431
8.025,0.65515,0.005,-0.077669,-0.083827,-1.737e-23,0,0.000958,0.0018984,0.43998,0.0092051
7.975,0.70519,0.005,-0.073536,-0.080933,-7.6496e-24,0,0.00092139,0.0021668,0.41749,0.0071856
7.925,0.75523,0.005,-0.068732,-0.077653,2.7046e-23,0,0.00088653,0.002226,0.39827,0.0053903
7.875,0.80528,0.005,-0.063408,-0.074113,-1.7214e-23,0,0.00085544,0.0022426,0.38145,0.0038079
7.825,0.85532,0.005,-0.057612,-0.070341,-5.9479e-24,0,0.00083103,0.0022649,0.36692,0.0024156
7.775,0.90536,0.005,-0.051465,-0.066448,7.9871e-24,0,0.00081497,0.0022983,0.3546,0.0012008
7.725,0.9554,0.005,-0.045097,-0.06253,-5.0078e-24,0,0.00080797,0.0023462,0.34437,0.00014848
7.675,1.0054,0.005,-0.038615,-0.058663,-2.7388e-24,0,0.0008102,0.0024101,0.33617,-0.00075837
7.625,1.0555,0.005,-0.032093,-0.0549,6.3581e-24,0,0.00082153,0.0024899,0.32995,-0.0015368
7.575,1.1055,0.005,-0.025578,-0.051269,-5.9499e-24,0,0.00084152,0.0025838,0.32569,-0.0022029
7.525,1.1556,0.005,-0.019093,-0.047786,-1.1337e-37,0,0.00086941,0.0026889,0.32333,-0.0027718
7.475,1.2056,0.005,-0.012646,-0.044456,3.1915e-24,0,0.00090416,0.0028014,0.32276,-0.0032567
7.425,1.2557,0.005,-0.0062356,-0.041283,-4.9372e-25,0,0.00094448,0.0029165,0.32384,-0.0036693
7.375,1.3057,0.005,0.00014335,-0.038271,2.5101e-24,0,0.00098886,0.0030296,0.3264,-0.00402
7.325,1.3557,0.005,0.0065021,-0.035425,-8.8678e-34,0,0.0010358,0.0031361,0.33027,-0.004318
7.275,1.4058,0.005,0.01285,-0.032751,2.1764e-24,0,0.0010837,0.0032326,0.33525,-0.0045705
7.225,1.4558,0.005,0.0192,-0.030253,3.8857e-25,0,0.0011313,0.003316,0.34117,-0.0047847
7.175,1.5059,0.005,0.025569,-0.027933,1.8193e-24,0,0.0011774,0.003384,0.34793,-0.0049667
7.125,1.5559,0.005,0.031981,-0.02579,-2.7879e-24,0,0.0012208,0.0034341,0.35551,-0.005122
7.075,1.606,0.005,0.038462,-0.023821,-1.9816e-24,0,0.0012606,0.0034646,0.36386,-0.0052552
7.025,1.656,0.005,0.045049,-0.022016,-7.1106e-25,0,0.0012957,0.0034751,0.37285,-0.0053704
6.975,1.706,0.005,0.051778,-0.020365,-6.9074e-25,0,0.001325,0.0034652,0.38238,-0.0054713
6.925,1.7561,0.005,0.058689,-0.018857,2.1624e-24,0,0.0013477,0.0034349,0.39235,-0.0055607
6.875,1.8061,0.005,0.065826,-0.017479,2.4157e-25,0,0.0013629,0.0033843,0.40271,-0.005641
6.825,1.8562,0.005,0.073232,-0.016224,-1.2044e-24,0,0.0013699,0.0033132,0.41346,-0.0057136
6.775,1.9062,0.005,0.080979,-0.015072,-1.6528e-37,0,0.0013682,0.0030985,0.4248,-0.0057658
6.725,1.9563,0.005,0.089215,-0.013989,2.2768e-24,0,0.0013579,0.0028276,0.43708,-0.0058066
6.675,2.0063,0.005,0.098064,-0.012927,-1.3478e-24,0,0.0013396,0.0025582,0.45055,-0.0058475
6.625,2.0563,0.005,0.10759,-0.011879,-6.253e-24,0,0.0013145,0.0023096,0.46546,-0.0058882
6.575,2.1064,0.005,0.11779,-0.010858,-4.9575e-24,0,0.0012851,0.002088,0.48219,-0.0059281
6.525,2.1564,0.005,0.12867,-0.0098826,1.414e-24,0,0.0012557,0.0018972,0.50134,-0.0059667
6.475,2.2065,0.005,0.14021,-0.0089721,4.9739e-24,0,0.0012335,0.0017427,0.52387,-0.0060031
6.425,2.2565,0.005,0.15237,-0.0081488,4.0824e-24,0,0.0012278,0.0016357,0.55098,-0.006037
6.375,2.3066,0.005,0.16506,-0.0074245,-2.5663e-25,0,0.0012503,0.0015897,0.58386,-0.0060684
6.325,2.3566,0.005,0.17813,-0.0068175,-1.207e-24,0,0.0013122,0.0016172,0.62344,-0.0060972
6.275,2.4066,0.005,0.19137,-0.006329,-9.0126e-25,0,0.0014194,0.0017254,0.6702,-0.006124
6.225,2.4567,0.005,0.20458,-0.0059408,-2.0594e-38,0,0.0015688,0.0019063,0.72467,-0.0061491
6.175,2.5067,0.005,0.21766,-0.0056133,2.2731e-24,0,0.0017485,0.0021191,0.78838,-0.0061736
6.125,2.5568,0.005,0.2308,-0.0053376,-5.8375e-25,0,0.001944,0.0022494,0.86422,-0.0062036
6.075,2.6068,0.005,0.24455,-0.0050943,-1.6278e-24,0,0.0021412,0.0022413,0.95533,-0.0062382
6.025,2.6569,0.005,0.25931,-0.0048667,1.4862e-24,0,0.0023201,0.0021855,1.0616,-0.0062727
5.975,2.7069,0.005,0.27508,-0.0046078,5.7525e-25,0,0.0024453,0.0020731,1.1795,-0.0063077
5.925,2.7569,0.005,0.29175,-0.0042874,3.0208e-25,0,0.0024758,0.001894,1.3072,-0.0063459
5.875,2.807,0.005,0.309,-0.0038172,3.2732e-25,0,0.0023689,0.00163,1.4533,-0.0063821
5.825,2.86,0.005,0.32701,-0.0032629,1.0651e-25,0,0.0020735,0.0012336,1.6808,-0.0064423
5.775,2.916,0.005,0.34223,-0.0021394,3.938e-25,0,0.0015876,0.00066314,2.3941,-0.0064731
5.725,2.972,0.005,0.33535,-0.0011682,-1.1629e-38,0,0.0019223,0.00027568,6.9728,-0.0065602
8.725,0.024,0.005,0.028003,-0.029254,-2.0026e-23,0,0.00093003,0.00016433,5.6594,0.043154
8.675,0.072,0.005,0.0092884,-0.035515,-4.2755e-24,0,0.0014803,0.0006061,1.8808,0.042208
8.625,0.12,0.005,-0.010108,-0.055385,-1.0136e-23,0,0.001533,0.00052791,1.4887,0.040744
8.575,0.168,0.005,-0.026469,-0.068586,6.2505e-23,0,0.0014127,0.00057769,1.2103,0.038466
8.525,0.216,0.005,-0.040348,-0.078279,-1.5135e-23,0,0.0013203,0.00062567,1.0257,0.035717
8.475,0.264,0.005,-0.051677,-0.08524,0,0,0.0012555,0.0006895,0.89073,0.032721
8.425,0.312,0.005,-0.060624,-0.090026,-7.8852e-24,0,0.0012086,0.00076875,0.78855,0.029624
8.375,0.36,0.005,-0.067416,-0.093115,1.3756e-23,0,0.0011718,0.00086147,0.70909,0.026525
8.325,0.408,0.005,-0.072296,-0.094851,1.8367e-36,0,0.0011396,0.00096682,0.64554,0.023494
8.275,0.456,0.005,-0.075491,-0.095491,-5.816e-23,0,0.0011087,0.001085,0.5934,0.020571
8.225,0.50502,0.005,-0.07707,-0.095349,1.2537e-23,0,0.0010769,0.00122,0.54966,0.017759
8.175,0.55506,0.005,-0.077164,-0.094499,1.2136e-23,0,0.001043,0.0013766,0.51179,0.015085
8.125,0.60511,0.005,-0.076001,-0.092872,-9.9802e-24,0,0.0010075,0.0015651,0.47942,0.012592
8.075,0.65515,0.005,-0.073647,-0.090514,-8.9443e-24,0,0.00097119,0.0018042,0.45174,0.01029
8.025,0.70519,0.005,-0.070196,-0.087479,1.5318e-23,0,0.00093531,0.0020912,0.42832,0.0081862
7.975,0.75523,0.005,-0.065931,-0.083981,-7.8314e-24,0,0.00090048,0.0022049,0.4084,0.006301
7.925,0.80528,0.005,-0.061107,-0.080212,1.24e-23,0,0.00086815,0.0022206,0.39095,0.0046343
7.875,0.85532,0.005,-0.055756,-0.076184,-9.9538e-24,0,0.00084141,0.0022394,0.37573,0.003162
7.825,0.90536,0.005,-0.049981,-0.072003,5.7454e-24,0,0.00082227,0.0022672,0.36268,0.0018721
7.775,0.9554,0.005,-0.043913,-0.067776,1.7115e-24,0,0.00081164,0.0023079,0.35168,0.00075121
7.725,1.0054,0.005,-0.03767,-0.06359,-5.8853e-24,0,0.00080989,0.0023634,0.34268,-0.00021677
7.675,1.0555,0.005,-0.03134,-0.05951,6.5727e-24,0,0.00081703,0.0024344,0.33562,-0.0010488
7.625,1.1055,0.005,-0.024981,-0.055574,2.2777e-24,0,0.00083283,0.0025198,0.33051,-0.0017615
7.575,1.1556,0.005,-0.018625,-0.051802,-7.3185e-38,0,0.00085672,0.0026173,0.32733,-0.0023706
7.525,1.2056,0.005,-0.012285,-0.048201,9.076e-25,0,0.00088786,0.0027236,0.32599,-0.0028901
7.475,1.2557,0.005,-0.0059645,-0.044772,1.7874e-37,0,0.00092509,0.0028343,0.32639,-0.0033325
7.425,1.3057,0.005,0.00034123,-0.041517,-4.4526e-25,0,0.00096702,0.0029449,0.32837,-0.0037088
7.375,1.3557,0.005,0.006641,-0.038438,5.1621e-24,0,0.0010122,0.0030509,0.33176,-0.0040286
7.325,1.4058,0.005,0.012943,-0.03554,-4.4743e-24,0,0.001059,0.0031486,0.33635,-0.0042999
7.275,1.4558,0.005,0.019257,-0.032825,0,0,0.0011062,0.0032348,0.34198,-0.0045302
7.225,1.5059,0.005,0.025599,-0.030296,-5.4555e-25,0,0.0011524,0.0033067,0.34851,-0.0047258
7.175,1.5559,0.005,0.03199,-0.027952,-1.8323e-24,0,0.0011966,0.0033619,0.35593,-0.0048925
7.125,1.606,0.005,0.038454,-0.025791,-1.7173e-24,0,0.0012376,0.0033982,0.36419,-0.0050353
7.075,1.656,0.005,0.045026,-0.023806,-3.1635e-24,0,0.0012743,0.0034151,0.37315,-0.0051587
7.025,1.706,0.005,0.051742,-0.021987,-3.1692e-24,0,0.0013058,0.0034119,0.38272,-0.0052663
6.975,1.7561,0.005,0.058641,-0.020323,3.5933e-39,0,0.001331,0.0033885,0.39279,-0.0053616
6.925,1.8061,0.005,0.065766,-0.018802,3.7485e-24,0,0.001349,0.0033449,0.40331,-0.0054469
6.875,1.8562,0.005,0.073164,-0.017416,1.7487e-24,0,0.0013593,0.003281,0.41429,-0.0055247
6.825,1.9062,0.005,0.080889,-0.016145,1.077e-37,0,0.0013611,0.0031515,0.42583,-0.0055899
6.775,1.9563,0.005,0.089078,-0.014964,-1.0391e-24,0,0.0013542,0.0028746,0.43832,-0.0056329
6.725,2.0063,0.005,0.09787,-0.013822,1.0777e-24,0,0.0013393,0.0025975,0.45212,-0.0056743
6.675,2.0563,0.005,0.10735,-0.012707,5.4852e-24,0,0.0013175,0.0023406,0.46746,-0.0057162
6.625,2.1064,0.005,0.11753,-0.011625,7.8123e-25,0,0.0012913,0.0021135,0.48473,-0.005758
6.575,2.1564,0.005,0.12842,-0.010594,1.4987e-24,0,0.001265,0.001919,0.50451,-0.0057988
6.525,2.2065,0.005,0.13998,-0.0096317,4.9513e-24,0,0.0012454,0.0017625,0.52769,-0.0058379
6.475,2.2565,0.005,0.15218,-0.0087566,2.9007e-24,0,0.0012419,0.0016538,0.55532,-0.0058746
6.425,2.3066,0.005,0.16493,-0.007989,2.7729e-24,0,0.0012658,0.0016069,0.58838,-0.0059089
6.375,2.3566,0.005,0.17807,-0.0073341,-2.5498e-25,0,0.0013276,0.0016345,0.62758,-0.0059413
6.325,2.4066,0.005,0.19137,-0.0067964,-1.9107e-24,0,0.001433,0.0017431,0.67334,-0.0059719
6.275,2.4567,0.005,0.20461,-0.0063551,-2.1209e-25,0,0.0015783,0.001924,0.72639,-0.0060016
6.225,2.5067,0.005,0.21769,-0.0059715,0,0,0.001752,0.0021331,0.78847,-0.0060315
6.175,2.5568,0.005,0.23082,-0.005642,1.4727e-24,0,0.0019403,0.0022493,0.86259,-0.0060688
6.125,2.6068,0.005,0.24455,-0.0053488,-5.2374e-25,0,0.0021297,0.0022377,0.95175,-0.0061121
6.075,2.6569,0.005,0.25925,-0.0050757,-4.2127e-24,0,0.0023005,0.0021791,1.0557,-0.0061557
6.025,2.7069,0.005,0.27494,-0.0047744,-2.0504e-24,0,0.002418,0.0020648,1.171,-0.0062007
5.975,2.7569,0.005,0.29148,-0.0044146,2.7264e-25,0,0.0024426,0.0018843,1.2963,-0.0062489
5.925,2.807,0.005,0.30855,-0.0039093,1.9941e-25,0,0.0023332,0.0016193,1.4409,-0.0062959
5.875,2.86,0.005,0.32633,-0.0033158,2.5827e-25,0,0.0020406,0.0012229,1.6687,-0.0063665
5.825,2.916,0.005,0.34126,-0.0021673,4.8622e-25,0,0.0015667,0.00065658,2.3861,-0.0064115
5.775,2.972,0.005,0.33391,-0.0011841,3.7931e-25,0,0.0019096,0.00027477,6.9498,-0.00651
8.775,0.024,0.005,0.067772,-0.027639,-6.0648e-23,0,0.00097858,0.00016857,5.8051,0.041793
8.725,0.072,0.005,0.035896,-0.039895,-3.6614e-36,0,0.0015369,0.00047233,2.0214,0.041597
8.675,0.12,0.005,0.012929,-0.061822,0,0,0.0014939,0.00046373,1.5787,0.040918
8.625,0.168,0.005,-0.0067017,-0.075925,4.3495e-23,0,0.0013908,0.00051683,1.2616,0.039089
8.575,0.216,0.005,-0.023385,-0.086133,-3.315e-23,0,0.0013019,0.00056482,1.0626,0.036638
8.525,0.264,0.005,-0.037149,-0.093322,-2.8764e-23,0,0.0012395,0.00062697,0.92006,0.033826
8.475,0.312,0.005,-0.048134,-0.098141,0,0,0.0011957,0.00070458,0.81298,0.030838
8.425,0.36,0.005,-0.056635,-0.10114,1.2516e-23,0,0.0011628,0.00079574,0.73025,0.027799
8.375,0.408,0.005,-0.06296,-0.10273,-1.9434e-23,0,0.0011349,0.00089959,0.66444,0.024788
8.325,0.456,0.005,-0.067391,-0.10319,-1.6461e-23,0,0.0011084,0.0010161,0.61062,0.021859
8.275,0.50502,0.005,-0.070059,-0.10287,-4.4466e-24,0,0.0010809,0.0011485,0.56555,0.019018
8.225,0.55506,0.005,-0.071127,-0.10186,1.0906e-23,0,0.0010507,0.0013005,0.52656,0.016299
8.175,0.60511,0.005,-0.07085,-0.10008,0,0,0.0010185,0.0014792,0.49322,0.013751
8.125,0.65515,0.005,-0.069326,-0.0976,6.6986e-37,0,0.00098452,0.001703,0.46458,0.011385
8.075,0.70519,0.005,-0.06662,-0.094444,1.6437e-32,0,0.00094999,0.0019908,0.44015,0.0092093
8.025,0.75523,0.005,-0.062936,-0.090731,-2.1682e-23,0,0.00091584,0.0021834,0.41945,0.0072428
7.975,0.80528,0.005,-0.058633,-0.086723,6.8797e-24,0,0.00088297,0.0021998,0.40138,0.0054942
7.925,0.85532,0.005,-0.053758,-0.082442,1.1659e-24,0,0.00085442,0.0022165,0.38549,0.0039443
7.875,0.90536,0.005,-0.048385,-0.077971,0,0,0.00083257,0.0022397,0.37172,0.0025799
7.825,0.9554,0.005,-0.042645,-0.073427,5.5658e-24,0,0.00081857,0.0022739,0.35998,0.0013896
7.775,1.0054,0.005,-0.036665,-0.068907,-3.1505e-24,0,0.00081296,0.0023216,0.35017,0.00035879
7.725,1.0555,0.005,-0.030544,-0.064487,-7.2701e-24,0,0.00081593,0.0023839,0.34227,-0.00052906
7.675,1.1055,0.005,-0.024353,-0.06022,1.0696e-23,0,0.00082741,0.0024605,0.33628,-0.0012906
7.625,1.1556,0.005,-0.018135,-0.056132,4.0273e-24,0,0.00084709,0.0025499,0.33221,-0.0019421
7.575,1.2056,0.005,-0.01191,-0.052234,-8.4202e-24,0,0.00087429,0.0026491,0.33004,-0.0024981
7.525,1.2557,0.005,-0.0056844,-0.048528,3.4412e-24,0,0.00090805,0.0027544,0.32968,-0.0029719
7.475,1.3057,0.005,0.00054258,-0.045012,6.1352e-38,0,0.00094711,0.0028614,0.331,-0.0033752
7.425,1.3557,0.005,0.0067783,-0.041686,-2.8955e-24,0,0.00099007,0.0029658,0.33383,-0.0037182
7.375,1.4058,0.005,0.013029,-0.03855,1.7288e-39,0,0.0010354,0.0030638,0.33795,-0.0040096
7.325,1.4558,0.005,0.019304,-0.035607,-4.532e-25,0,0.0010818,0.003152,0.3432,-0.004257
7.275,1.5059,0.005,0.025616,-0.032857,-2.1444e-24,0,0.0011278,0.0032273,0.34945,-0.0044673
7.225,1.5559,0.005,0.031984,-0.030302,-2.2701e-37,0,0.0011723,0.003287,0.35665,-0.0046464
7.175,1.606,0.005,0.038431,-0.027938,-1.5485e-24,0,0.0012142,0.0033289,0.36476,-0.0047997
7.125,1.656,0.005,0.044988,-0.02576,-3.4233e-24,0,0.0012524,0.0033519,0.37364,-0.0049319
7.075,1.706,0.005,0.05169,-0.023761,-7.9862e-25,0,0.0012857,0.0033553,0.38319,-0.005047
7.025,1.7561,0.005,0.058577,-0.021929,9.0612e-25,0,0.0013132,0.0033388,0.39332,-0.0051485
6.975,1.8061,0.005,0.065692,-0.020254,-1.5554e-24,0,0.001334,0.0033023,0.40397,-0.0052394
6.925,1.8562,0.005,0.073081,-0.018724,-3.3922e-24,0,0.0013474,0.0032456,0.41515,-0.0053219
6.875,1.9062,0.005,0.080795,-0.017329,-6.027e-38,0,0.0013528,0.0031687,0.42693,-0.0053968
6.825,1.9563,0.005,0.088941,-0.016035,2.5201e-24,0,0.0013496,0.0029236,0.4396,-0.005449
6.775,2.0063,0.005,0.097682,-0.014803,1.1447e-24,0,0.0013382,0.0026406,0.45369,-0.0054905
6.725,2.0563,0.005,0.10712,-0.013609,3.0677e-24,0,0.0013199,0.0023743,0.46947,-0.0055333
6.675,2.1064,0.005,0.11728,-0.012458,2.777e-24,0,0.0012971,0.0021407,0.48728,-0.0055767
6.625,2.1564,0.005,0.12816,-0.011364,-9.0966e-38,0,0.001274,0.0019422,0.50768,-0.0056196
6.575,2.2065,0.005,0.13974,-0.010344,-7.0346e-25,0,0.0012572,0.0017833,0.53149,-0.005661
6.525,2.2565,0.005,0.15199,-0.009415,1.5453e-24,0,0.001256,0.0016735,0.55961,-0.0057004
6.475,2.3066,0.005,0.1648,-0.0085921,2.9612e-24,0,0.0012812,0.0016257,0.59283,-0.0057375
6.425,2.3566,0.005,0.178,-0.0078886,1.6697e-24,0,0.0013431,0.0016532,0.63163,-0.005773
6.375,2.4066,0.005,0.19135,-0.007295,-2.5513e-24,0,0.0014464,0.0017624,0.6764,-0.0058073
6.325,2.4567,0.005,0.20461,-0.0067953,2.4871e-38,0,0.0015875,0.0019431,0.72804,-0.0058415
6.275,2.5067,0.005,0.21768,-0.0063509,7.7325e-25,0,0.0017551,0.0021479,0.78853,-0.0058768
6.225,2.5568,0.005,0.2308,-0.0059632,-9.4133e-25,0,0.0019362,0.0022488,0.86098,-0.0059212
6.175,2.6068,0.005,0.24451,-0.0056165,2.2712e-24,0,0.002118,0.0022337,0.94823,-0.0059731
6.125,2.6569,0.005,0.25916,-0.0052948,9.4606e-25,0,0.0022808,0.0021723,1.0499,-0.0060261
6.075,2.7069,0.005,0.27476,-0.0049488,-1.1816e-24,0,0.0023909,0.0020562,1.1628,-0.0060811
6.025,2.7569,0.005,0.29117,-0.0045483,3.2591e-25,0,0.0024099,0.0018743,1.2857,-0.0061395
5.975,2.807,0.005,0.30807,-0.0040087,9.8552e-25,0,0.0022981,0.0016084,1.4288,-0.006197
5.925,2.86,0.005,0.32562,-0.0033783,5.1126e-38,0,0.0020082,0.001212,1.6569,-0.0062764
5.875,2.916,0.005,0.34027,-0.0021963,-6.3223e-25,0,0.0015459,0.00065006,2.3781,-0.0063347
5.825,2.972,0.005,0.33246,-0.0012005,0,0,0.0018968,0.00027385,6.9266,-0.0064478
8.825,0.024,0.005,0.090625,-0.028252,-7.5485e-23,0,0.0010271,0.00010282,5.9472,0.038426
8.775,0.072,0.005,0.066687,-0.044735,-3.0159e-23,0,0.0015594,0.00041501,2.1398,0.039964
8.725,0.12,0.005,0.038391,-0.069887,1.1318e-23,0,0.0014703,0.00040831,1.6601,0.040275
8.675,0.168,0.005,0.014958,-0.084444,3.865e-23,0,0.0013435,0.00045248,1.3321,0.039102
8.625,0.216,0.005,-0.005037,-0.095054,5.2579e-38,0,0.0012743,0.00050493,1.1051,0.037096
8.575,0.264,0.005,-0.02151,-0.10237,-3.3021e-23,0,0.0012179,0.00056593,0.95191,0.034588
8.525,0.312,0.005,-0.034797,-0.10714,0,0,0.001178,0.00064119,0.83933,0.031798
8.475,0.36,0.005,-0.045194,-0.10996,-1.0506e-23,0,0.0011494,0.00073069,0.753,0.028883
8.425,0.408,0.005,-0.053094,-0.11131,3.2022e-23,0,0.0011265,0.00083297,0.68475,0.025946
8.375,0.456,0.005,-0.058852,-0.11152,-5.4242e-23,0,0.001105,0.00094771,0.62916,0.02305
8.325,0.50502,0.005,-0.062672,-0.11096,-6.7557e-25,0,0.0010823,0.0010776,0.5827,0.020212
8.275,0.55506,0.005,-0.064761,-0.10973,3.4207e-24,0,0.0010567,0.0012253,0.54252,0.017473
8.225,0.60511,0.005,-0.065394,-0.10775,9.9402e-24,0,0.0010282,0.001396,0.50813,0.014889
8.175,0.65515,0.005,-0.06471,-0.10511,-1.0485e-23,0,0.00099739,0.0016031,0.47852,0.012476
8.125,0.70519,0.005,-0.062793,-0.10181,8.8368e-24,0,0.00096492,0.0018729,0.45307,0.010243
8.075,0.75523,0.005,-0.059758,-0.097905,5.9602e-37,0,0.0009321,0.0021604,0.43145,0.0082076
8.025,0.80528,0.005,-0.055982,-0.093647,-5.74e-24,0,0.00089945,0.0021793,0.41273,0.0063829
7.975,0.85532,0.005,-0.051609,-0.08912,1.0637e-24,0,0.00086974,0.0021953,0.39618,0.0047595
7.925,0.90536,0.005,-0.046669,-0.084364,0,0,0.00084564,0.0022154,0.38172,0.0033226
7.875,0.9554,0.005,-0.041287,-0.0795,0,0,0.00082862,0.0022441,0.36924,0.0020634
7.825,1.0054,0.005,-0.035595,-0.074635,0,0,0.00081939,0.0022846,0.35865,0.00096873
7.775,1.0555,0.005,-0.029702,-0.069858,-5.0199e-24,0,0.00081828,0.0023386,0.3499,2.336e-05
7.725,1.1055,0.005,-0.023694,-0.065235,-4.4733e-25,0,0.00082543,0.0024064,0.34302,-0.00078908
7.675,1.1556,0.005,-0.017623,-0.060804,-2.7502e-24,0,0.00084073,0.0024871,0.33803,-0.0014849
7.625,1.2056,0.005,-0.01152,-0.056583,-2.1352e-32,0,0.00086373,0.0025786,0.33496,-0.0020793
7.575,1.2557,0.005,-0.0053956,-0.052574,3.7092e-24,0,0.00089367,0.0026776,0.33376,-0.0025862
7.525,1.3057,0.005,0.00074735,-0.048775,-8.0537e-25,0,0.00092946,0.00278,0.33434,-0.003018
7.475,1.3557,0.005,0.006914,-0.045182,3.0841e-24,0,0.00096979,0.0028818,0.33652,-0.0033857
7.425,1.4058,0.005,0.01311,-0.041794,5.2745e-24,0,0.0010132,0.0029791,0.3401,-0.0036983
7.375,1.4558,0.005,0.019341,-0.038609,9.777e-25,0,0.0010583,0.0030684,0.3449,-0.0039639
7.325,1.5059,0.005,0.02562,-0.035627,-6.3818e-25,0,0.0011037,0.0031463,0.35079,-0.0041898
7.275,1.5559,0.005,0.031963,-0.032848,-7.5238e-25,0,0.0011483,0.00321,0.35771,-0.0043823
7.225,1.606,0.005,0.03839,-0.03027,-2.0164e-24,0,0.0011907,0.0032569,0.36561,-0.0045469
7.175,1.656,0.005,0.044931,-0.027889,-2.8046e-24,0,0.00123,0.0032858,0.37435,-0.0046887
7.125,1.706,0.005,0.051621,-0.025698,-9.4866e-25,0,0.001265,0.0032957,0.38383,-0.004812
7.075,1.7561,0.005,0.058497,-0.023686,2.9437e-24,0,0.0012946,0.0032861,0.39398,-0.0049204
7.025,1.8061,0.005,0.065602,-0.021844,4.3553e-24,0,0.0013181,0.0032567,0.40473,-0.0050172
6.975,1.8562,0.005,0.072983,-0.02016,1.0164e-24,0,0.0013345,0.0032073,0.41608,-0.0051048
6.925,1.9062,0.005,0.080693,-0.018625,1.5868e-24,0,0.0013433,0.0031379,0.42809,-0.0051858
6.875,1.9563,0.005,0.088806,-0.017209,-1.1384e-24,0,0.001344,0.0029761,0.44098,-0.0052513
6.825,2.0063,0.005,0.097499,-0.01588,2.4386e-24,0,0.0013363,0.0026859,0.45532,-0.0052951
6.775,2.0563,0.005,0.10689,-0.014594,2.8694e-24,0,0.0013217,0.0024113,0.47151,-0.0053388
6.725,2.1064,0.005,0.11703,-0.013364,-2.5671e-24,0,0.0013025,0.0021701,0.48985,-0.0053835
6.675,2.1564,0.005,0.12791,-0.0122,-2.9853e-24,0,0.0012828,0.0019671,0.51087,-0.0054282
6.625,2.2065,0.005,0.13951,-0.011116,-5.9766e-24,0,0.001269,0.0018057,0.53528,-0.0054716
6.575,2.2565,0.005,0.15179,-0.010126,-6.5827e-24,0,0.0012702,0.0016946,0.56386,-0.0055133
6.525,2.3066,0.005,0.16466,-0.0092456,3.2707e-25,0,0.0012968,0.0016465,0.59719,-0.0055532
6.475,2.3566,0.005,0.17791,-0.0084809,3.037e-25,0,0.0013585,0.001674,0.63557,-0.0055916
6.425,2.4066,0.005,0.1913,-0.0078295,-4.3223e-32,0,0.0014597,0.0017835,0.67936,-0.0056293
6.375,2.4567,0.005,0.20457,-0.0072644,1.2417e-24,0,0.0015963,0.0019638,0.72962,-0.0056678
6.325,2.5067,0.005,0.21763,-0.0067543,5.1463e-25,0,0.0017578,0.0021636,0.78856,-0.0057087
6.275,2.5568,0.005,0.23075,-0.0063038,1.0244e-24,0,0.0019317,0.0022478,0.85938,-0.0057603
6.225,2.6068,0.005,0.24444,-0.0058996,-9.4338e-25,0,0.0021061,0.0022292,0.94479,-0.0058208
6.175,2.6569,0.005,0.25904,-0.005526,7.463e-25,0,0.0022611,0.0021652,1.0443,-0.0058831
6.125,2.7069,0.005,0.27455,-0.0051322,8.0016e-25,0,0.002364,0.0020472,1.1547,-0.0059482
6.075,2.7569,0.005,0.29084,-0.0046889,-4.5386e-25,0,0.0023775,0.0018641,1.2754,-0.0060175
6.025,2.807,0.005,0.30757,-0.0041127,1.3872e-24,0,0.0022634,0.0015974,1.417,-0.006086
5.975,2.86,0.005,0.3249,-0.0034541,3.7978e-25,0,0.0019762,0.0012011,1.6453,-0.0061749
5.925,2.916,0.005,0.33927,-0.0022314,-1.5191e-26,0,0.0015254,0.0006436,2.3702,-0.0062373
5.875,2.972,0.005,0.33098,-0.0012183,0,0,0.0018839,0.00027291,6.9031,-0.0063721
8.875,0.024,0.005,0.15205,-0.03105,1.1284e-23,0,0.0011029,0.00017896,6.1626,0.033661
8.825,0.072,0.005,0.09811,-0.051947,4.9298e-23,0,0.0015808,0.00034034,2.2955,0.036501
8.775,0.12,0.005,0.067026,-0.078721,6.2735e-23,0,0.0014397,0.00035785,1.75,0.038537
8.725,0.168,0.005,0.038624,-0.094243,5.4244e-23,0,0.0013004,0.00039771,1.3924,0.038286
8.675,0.216,0.005,0.014802,-0.10527,3.8443e-23,0,0.0012236,0.0004413,1.1601,0.036939
8.625,0.264,0.005,-0.0047586,-0.11256,1.4364e-25,0,0.0011872,0.00050598,0.98722,0.034884
8.575,0.312,0.005,-0.02058,-0.11714,-3.6368e-23,0,0.001154,0.00057922,0.86743,0.032412
8.525,0.36,0.005,-0.033088,-0.11968,7.4754e-24,0,0.0011305,0.00066636,0.77726,0.029711
8.475,0.408,0.005,-0.042707,-0.12069,-2.3038e-23,0,0.0011131,0.00076701,0.70644,0.026914
8.425,0.456,0.005,-0.049888,-0.12055,-9.8048e-24,0,0.0010974,0.00088006,0.64903,0.024105
8.375,0.50502,0.005,-0.054927,-0.11967,-1.8652e-23,0,0.0010804,0.0010076,0.60114,0.021311
8.325,0.55506,0.005,-0.058082,-0.11815,1.4976e-23,0,0.0010599,0.0011514,0.55973,0.018583
8.275,0.60511,0.005,-0.059654,-0.11591,-2.8936e-38,0,0.0010361,0.0013152,0.52423,0.015989
8.225,0.65515,0.005,-0.059822,-0.11305,9.0778e-24,0,0.0010091,0.0015088,0.49359,0.013547
8.175,0.70519,0.005,-0.058704,-0.10959,-9.4675e-24,0,0.00097951,0.0017535,0.46711,0.011274
8.125,0.75523,0.005,-0.056384,-0.10551,-2.502e-25,0,0.00094855,0.0020678,0.44444,0.009185
8.075,0.80528,0.005,-0.053153,-0.10099,6.7111e-24,0,0.00091705,0.0021578,0.425,0.0072944
8.025,0.85532,0.005,-0.049301,-0.096217,-1.445e-23,0,0.00088691,0.0021749,0.40779,0.0056032
7.975,0.90536,0.005,-0.044825,-0.091185,-6.4084e-24,0,0.00086115,0.0021932,0.39264,0.0040978
7.925,0.9554,0.005,-0.03983,-0.086006,6.0354e-24,0,0.00084156,0.0022179,0.37945,0.0027714
7.875,1.0054,0.005,-0.034451,-0.080793,7.1278e-24,0,0.00082903,0.0022522,0.3681,0.001613
7.825,1.0555,0.005,-0.02881,-0.075648,-1.0567e-23,0,0.00082407,0.0022985,0.35853,0.0006091
7.775,1.1055,0.005,-0.023,-0.070649,-4.923e-24,0,0.00082697,0.0023577,0.35075,-0.00025584
7.725,1.1556,0.005,-0.017088,-0.065848,-1.5591e-37,0,0.00083782,0.0024297,0.34483,-0.00099788
7.675,1.2056,0.005,-0.011114,-0.061274,8.5386e-24,0,0.00085641,0.0025129,0.34081,-0.0016326
7.625,1.2557,0.005,-0.0050976,-0.056934,6.1569e-39,0,0.00088223,0.0026047,0.33871,-0.0021743
7.575,1.3057,0.005,0.00095594,-0.052827,-7.1121e-24,0,0.00091436,0.0027016,0.33845,-0.0026361
7.525,1.3557,0.005,0.0070486,-0.048946,-4.6607e-26,0,0.00095165,0.0027998,0.3399,-0.0030297
7.475,1.4058,0.005,0.013184,-0.045287,3.1626e-25,0,0.00099268,0.0028953,0.34286,-0.0033647
7.425,1.4558,0.005,0.019368,-0.041845,5.2669e-25,0,0.0010361,0.0029847,0.34713,-0.0036496
7.375,1.5059,0.005,0.02561,-0.038617,5.0489e-24,0,0.0010805,0.0030644,0.35259,-0.0038922
7.325,1.5559,0.005,0.031925,-0.035603,-1.5534e-37,0,0.0011247,0.0031314,0.35917,-0.0040989
7.275,1.606,0.005,0.038331,-0.0328,-2.1858e-24,0,0.0011674,0.0031828,0.36679,-0.0042758
7.225,1.656,0.005,0.044856,-0.030203,3.1426e-24,0,0.0012075,0.0032171,0.37534,-0.0044279
7.175,1.706,0.005,0.051533,-0.027808,4.0135e-24,0,0.0012439,0.0032333,0.38471,-0.00456
7.125,1.7561,0.005,0.058398,-0.025604,1.0632e-24,0,0.0012754,0.0032304,0.39482,-0.004676
7.075,1.8061,0.005,0.065495,-0.023583,-1.8079e-24,0,0.0013013,0.0032081,0.40562,-0.0047791
7.025,1.8562,0.005,0.072869,-0.021733,0,0,0.0013206,0.0031662,0.4171,-0.0048724
6.975,1.9062,0.005,0.080574,-0.020044,1.713e-24,0,0.0013328,0.0031044,0.42933,-0.0049582
6.925,1.9563,0.005,0.088672,-0.0185,-1.6501e-24,0,0.0013373,0.0030224,0.44247,-0.0050354
6.875,2.0063,0.005,0.097316,-0.017059,-2.9317e-24,0,0.0013337,0.002733,0.45703,-0.0050867
6.825,2.0563,0.005,0.10667,-0.015674,-3.6497e-25,0,0.0013229,0.0024514,0.47359,-0.0051314
6.775,2.1064,0.005,0.11678,-0.014353,3.8338e-25,0,0.0013075,0.002202,0.49246,-0.0051773
6.725,2.1564,0.005,0.12765,-0.013109,2.7825e-24,0,0.0012914,0.0019939,0.51407,-0.0052235
6.675,2.2065,0.005,0.13928,-0.011953,3.9455e-24,0,0.0012808,0.0018298,0.53906,-0.0052689
6.625,2.2565,0.005,0.1516,-0.010897,-6.6368e-24,0,0.0012844,0.0017174,0.56806,-0.0053128
6.575,2.3066,0.005,0.16451,-0.0099517,-5.0587e-24,0,0.0013124,0.0016689,0.60146,-0.0053551
6.525,2.3566,0.005,0.17781,-0.0091224,-2.2042e-24,0,0.0013739,0.0016971,0.6394,-0.0053963
6.475,2.4066,0.005,0.19123,-0.0083998,-1.1549e-24,0,0.0014727,0.0018068,0.6822,-0.005437
6.425,2.4567,0.005,0.2045,-0.0077664,1.3362e-24,0,0.0016049,0.0019859,0.73111,-0.0054799
6.375,2.5067,0.005,0.21754,-0.0071845,-3.2869e-24,0,0.00176,0.0021802,0.78853,-0.0055264
6.325,2.5568,0.005,0.23065,-0.0066666,-1.5079e-24,0,0.0019269,0.0022464,0.85779,-0.0055852
6.275,2.6068,0.005,0.24432,-0.0062003,1.0294e-24,0,0.002094,0.0022243,0.94142,-0.0056543
6.225,2.6569,0.005,0.25887,-0.0057712,-2.4315e-24,0,0.0022414,0.0021577,1.0388,-0.005726
6.175,2.7069,0.005,0.2743,-0.0053266,-1.7498e-24,0,0.0023372,0.0020379,1.1469,-0.0058014
6.125,2.7569,0.005,0.29047,-0.0048376,4.6255e-25,0,0.0023455,0.0018536,1.2654,-0.0058818
6.075,2.807,0.005,0.30704,-0.004221,-1.2769e-24,0,0.0022293,0.0015861,1.4055,-0.0059619
6.025,2.86,0.005,0.32415,-0.0035343,-8.2601e-25,0,0.0019447,0.0011902,1.634,-0.0060639
5.975,2.916,0.005,0.33819,-0.0022739,8.2569e-25,0,0.0015051,0.00063717,2.3622,-0.0061277
5.925,2.972,0.005,0.32949,-0.0012338,-8.6212e-25,0,0.001871,0.00027197,6.8794,-0.0062823
8.925,0.024,0.005,0.17079,-0.03095,1.1809e-22,0,0.0011562,7.5008e-05,6.3099,0.024106
8.875,0.072,0.005,0.14506,-0.062767,9.9405e-23,0,0.0015643,0.00031552,2.4094,0.031477
8.825,0.12,0.005,0.097668,-0.090229,7.1161e-23,0,0.0014025,0.00030355,1.8609,0.035108
8.775,0.168,0.005,0.064625,-0.10553,3.1211e-23,0,0.0012524,0.00034399,1.4614,0.036355
8.725,0.216,0.005,0.036281,-0.11691,-1.9326e-23,0,0.0011732,0.00038439,1.2093,0.035969
8.675,0.264,0.005,0.01313,-0.12408,-7.6006e-38,0,0.0011345,0.00044256,1.0309,0.034568
8.625,0.312,0.005,-0.0055191,-0.12829,1.925e-24,0,0.0011209,0.00051853,0.89734,0.032564
8.575,0.36,0.005,-0.020326,-0.13039,-2.1517e-37,0,0.0011046,0.00060326,0.80274,0.030199
8.525,0.408,0.005,-0.031824,-0.13093,0,0,0.0010935,0.00070177,0.7294,0.027631
8.475,0.456,0.005,-0.040531,-0.13034,-4.1925e-23,0,0.0010844,0.00081316,0.6702,0.024976
8.425,0.50502,0.005,-0.046855,-0.12905,-1.9088e-23,0,0.0010739,0.00093855,0.62091,0.022277
8.375,0.55506,0.005,-0.051119,-0.12716,4.0906e-23,0,0.0010596,0.0010791,0.57826,0.019602
8.325,0.60511,0.005,-0.053656,-0.1246,4.6745e-24,0,0.0010413,0.0012372,0.54161,0.017027
8.275,0.65515,0.005,-0.054687,-0.12146,-1.7583e-23,0,0.0010189,0.0014198,0.50988,0.014582
8.225,0.70519,0.005,-0.054369,-0.11777,-2.0139e-32,0,0.00099302,0.0016427,0.48232,0.012287
8.175,0.75523,0.005,-0.052802,-0.11353,1.6019e-23,0,0.00096469,0.0019322,0.45854,0.010161
8.125,0.80528,0.005,-0.050156,-0.10877,-1.4174e-23,0,0.00093507,0.0021339,0.43821,0.0082203
8.075,0.85532,0.005,-0.046831,-0.10373,-6.8388e-24,0,0.00090538,0.0021541,0.42031,0.0064692
8.025,0.90536,0.005,-0.042843,-0.098432,5.2954e-24,0,0.00087864,0.0021724,0.40446,0.0049016
7.975,0.9554,0.005,-0.038264,-0.092948,9.0127e-33,0,0.00085703,0.0021944,0.39056,0.0035114
7.925,1.0054,0.005,-0.033227,-0.087392,-3.7617e-24,0,0.00084167,0.0022238,0.37848,0.0022909
7.875,1.0555,0.005,-0.02786,-0.081874,1.1638e-23,0,0.00083318,0.0022633,0.36813,0.0012284
7.825,1.1055,0.005,-0.022267,-0.076485,-1.2767e-23,0,0.00083202,0.0023145,0.35949,0.00030988
7.775,1.1556,0.005,-0.016527,-0.071293,9.7127e-24,0,0.00083846,0.0023777,0.35263,-0.00047996
7.725,1.2056,0.005,-0.010692,-0.066339,4.9606e-32,0,0.00085255,0.0024524,0.34764,-0.0011567
7.675,1.2557,0.005,-0.0047899,-0.061638,-5.0162e-24,0,0.00087399,0.0025365,0.34457,-0.0017349
7.625,1.3057,0.005,0.001169,-0.057194,3.9729e-24,0,0.00090212,0.002627,0.34341,-0.0022283
7.575,1.3557,0.005,0.0071828,-0.053,-7.1721e-24,0,0.00093595,0.0027205,0.34404,-0.0026491
7.525,1.4058,0.005,0.013254,-0.049048,-1.0141e-24,0,0.00097418,0.0028132,0.34629,-0.0030077
7.475,1.4558,0.005,0.019386,-0.04533,-2.9724e-24,0,0.0010155,0.0029016,0.34996,-0.003313
7.425,1.5059,0.005,0.025587,-0.041842,1.4886e-24,0,0.0010584,0.0029823,0.35491,-0.0035732
7.375,1.5559,0.005,0.031871,-0.038579,7.6045e-24,0,0.0011019,0.0030517,0.36107,-0.003795
7.325,1.606,0.005,0.038254,-0.035537,2.3686e-24,0,0.0011445,0.0031071,0.36836,-0.0039849
7.275,1.656,0.005,0.044762,-0.032714,1.0588e-24,0,0.0011851,0.0031464,0.37666,-0.0041482
7.225,1.706,0.005,0.051425,-0.030102,3.2321e-24,0,0.0012226,0.0031685,0.38586,-0.0042898
7.175,1.7561,0.005,0.058281,-0.027695,3.1786e-24,0,0.0012558,0.0031722,0.39588,-0.0044138
7.125,1.8061,0.005,0.065369,-0.025482,-2.7253e-24,0,0.0012839,0.0031569,0.40669,-0.0045239
7.075,1.8562,0.005,0.072738,-0.023454,-2.3869e-24,0,0.001306,0.0031223,0.41827,-0.0046232
7.025,1.9062,0.005,0.08044,-0.021599,-3.0439e-24,0,0.0013214,0.0030682,0.43069,-0.0047141
6.975,1.9563,0.005,0.088536,-0.019912,-3.0235e-24,0,0.0013297,0.0029942,0.44409,-0.004799
6.925,2.0063,0.005,0.097135,-0.018342,3.0982e-24,0,0.0013303,0.0027844,0.45887,-0.0048632
6.875,2.0563,0.005,0.10644,-0.016857,-1.7981e-24,0,0.0013236,0.0024942,0.47575,-0.0049094
6.825,2.1064,0.005,0.11653,-0.015435,-4.7785e-24,0,0.0013122,0.0022367,0.49511,-0.0049569
6.775,2.1564,0.005,0.12741,-0.014101,1.8868e-24,0,0.0012998,0.0020231,0.51729,-0.0050047
6.725,2.2065,0.005,0.13904,-0.012864,4.8831e-24,0,0.0012925,0.001856,0.54283,-0.0050519
6.675,2.2565,0.005,0.1514,-0.011733,7.0665e-24,0,0.0012987,0.0017423,0.5722,-0.0050977
6.625,2.3066,0.005,0.16435,-0.010716,-3.633e-25,0,0.0013281,0.0016936,0.60562,-0.0051421
6.575,2.3566,0.005,0.17769,-0.0098152,-6.1018e-24,0,0.0013892,0.0017224,0.64308,-0.0051859
6.525,2.4066,0.005,0.19112,-0.0090169,-2.4739e-24,0,0.0014855,0.0018328,0.6849,-0.0052295
6.475,2.4567,0.005,0.20439,-0.0083013,-1.4374e-24,0,0.001613,0.0020098,0.7325,-0.0052765
6.425,2.5067,0.005,0.21741,-0.007645,9.1933e-25,0,0.0017619,0.0021976,0.78847,-0.0053291
6.375,2.5568,0.005,0.23051,-0.0070541,-7.5993e-25,0,0.0019218,0.0022445,0.85621,-0.0053952
6.325,2.6068,0.005,0.24417,-0.0065213,-2.2404e-24,0,0.0020817,0.002219,0.93812,-0.0054731
6.275,2.6569,0.005,0.25867,-0.0060325,1.0433e-24,0,0.0022216,0.0021498,1.0334,-0.0055542
6.225,2.7069,0.005,0.27401,-0.0055334,9.714e-25,0,0.0023106,0.0020283,1.1392,-0.00564
6.175,2.7569,0.005,0.29006,-0.0049958,2.5596e-24,0,0.0023138,0.0018429,1.2556,-0.0057316
6.125,2.807,0.005,0.30647,-0.0043354,6.5837e-25,0,0.0021956,0.0015747,1.3943,-0.0058237
6.075,2.86,0.005,0.32338,-0.0036151,7.173e-25,0,0.0019137,0.0011791,1.623,-0.00594
6.025,2.916,0.005,0.33709,-0.002319,-8.6224e-25,0,0.001485,0.00063075,2.3544,-0.0060155
5.975,2.972,0.005,0.32798,-0.0012434,-7.6684e-25,0,0.001858,0.00027102,6.8555,-0.0061806
8.975,0.024,0.005,0.27529,-0.044591,1.7034e-22,0,0.0012632,0.00016896,6.5952,0.013703
8.925,0.072,0.005,0.17257,-0.067925,3.4111e-36,0,0.0015766,0.00023743,2.7079,0.021777
8.875,0.12,0.005,0.13658,-0.10386,-1.3255e-22,0,0.0013454,0.00027644,1.949,0.029883
8.825,0.168,0.005,0.092789,-0.11949,-7.1225e-23,0,0.0011956,0.00029479,1.537,0.032864
8.775,0.216,0.005,0.059405,-0.13028,-9.2612e-23,0,0.0011164,0.00033053,1.2638,0.033907
8.725,0.264,0.005,0.032234,-0.13701,-7.1775e-23,0,0.0010786,0.00038511,1.0703,0.03346
8.675,0.312,0.005,0.010335,-0.14074,-1.0275e-23,0,0.0010673,0.00045488,0.9327,0.032119
8.625,0.36,0.005,-0.0069784,-0.14221,-2.5367e-23,0,0.0010694,0.00054165,0.82903,0.030238
8.575,0.408,0.005,-0.020493,-0.14213,7.9213e-23,0,0.0010662,0.00063765,0.75332,0.02802
8.525,0.456,0.005,-0.030827,-0.14095,-1.4414e-23,0,0.0010646,0.0007471,0.69257,0.025605
8.475,0.50502,0.005,-0.0385,-0.13913,-7.7354e-24,0,0.0010616,0.00087056,0.64201,0.023067
8.425,0.55506,0.005,-0.043911,-0.13679,0,0,0.0010545,0.0010084,0.59818,0.020494
8.375,0.60511,0.005,-0.047434,-0.13384,8.2467e-24,0,0.0010426,0.0011618,0.56038,0.017979
8.325,0.65515,0.005,-0.049339,-0.13036,-2.9358e-37,0,0.0010259,0.0013358,0.52749,0.015561
8.275,0.70519,0.005,-0.049817,-0.12639,-6.4406e-37,0,0.0010046,0.0015412,0.49879,0.013267
8.225,0.75523,0.005,-0.049005,-0.12193,-8.9065e-24,0,0.00097979,0.0017997,0.47384,0.011123
8.175,0.80528,0.005,-0.047016,-0.11696,1.4742e-23,0,0.0009528,0.0021061,0.4524,0.0091489
8.125,0.85532,0.005,-0.044205,-0.11165,6.3744e-24,0,0.00092447,0.0021313,0.43375,0.0073494
8.075,0.90536,0.005,-0.040722,-0.1061,-5.5208e-24,0,0.00089756,0.0021515,0.41718,0.0057284
8.025,0.9554,0.005,-0.036584,-0.10032,-1.7426e-23,0,0.00087458,0.0021725,0.40256,0.0042803
7.975,1.0054,0.005,-0.031915,-0.094435,3.9482e-24,0,0.00085692,0.0021985,0.38977,0.0030006
7.925,1.0555,0.005,-0.026846,-0.088548,8.2763e-24,0,0.00084536,0.0022325,0.37866,0.0018808
7.875,1.1055,0.005,-0.02149,-0.082764,2.894e-24,0,0.00084047,0.0022764,0.3692,0.00090854
7.825,1.1556,0.005,-0.015938,-0.077165,-5.12e-24,0,0.00084268,0.0023315,0.36144,6.9828e-05
7.775,1.2056,0.005,-0.010253,-0.071806,-4.8225e-24,0,0.00085226,0.0023976,0.35547,-0.00065034
7.725,1.2557,0.005,-0.0044716,-0.066717,-8.0921e-25,0,0.00086917,0.0024735,0.3514,-0.0012666
7.675,1.3057,0.005,0.0013871,-0.061906,1.2393e-23,0,0.00089302,0.0025569,0.34926,-0.0017931
7.625,1.3557,0.005,0.0073176,-0.05737,7.6991e-24,0,0.00092302,0.0026448,0.349,-0.0022426
7.575,1.4058,0.005,0.01332,-0.0531,-3.144e-24,0,0.00095802,0.0027337,0.35045,-0.002626
7.525,1.4558,0.005,0.019395,-0.049086,6.0947e-25,0,0.00099674,0.0028201,0.35344,-0.0029528
7.475,1.5059,0.005,0.025553,-0.045318,-8.0272e-25,0,0.0010379,0.0029006,0.35781,-0.0032315
7.425,1.5559,0.005,0.031802,-0.04179,-2.7439e-24,0,0.0010802,0.0029717,0.36348,-0.0034693
7.375,1.606,0.005,0.038159,-0.038497,4.0666e-24,0,0.0011223,0.0030303,0.37037,-0.003673
7.325,1.656,0.005,0.044648,-0.035433,-1.2691e-24,0,0.0011631,0.0030741,0.37835,-0.0038482
7.275,1.706,0.005,0.051298,-0.032593,1.0851e-24,0,0.0012014,0.0031017,0.38733,-0.0039999
7.225,1.7561,0.005,0.058143,-0.02997,-9.4122e-25,0,0.001236,0.0031116,0.39722,-0.0041327
7.175,1.8061,0.005,0.065225,-0.027553,2.1077e-24,0,0.0012661,0.0031033,0.40799,-0.0042502
7.125,1.8562,0.005,0.072589,-0.025335,1.2942e-24,0,0.0012908,0.003076,0.41963,-0.0043559
7.075,1.9062,0.005,0.080289,-0.023303,0,0,0.0013093,0.0030295,0.43219,-0.0044524
7.025,1.9563,0.005,0.088386,-0.021451,-1.3064e-24,0,0.0013213,0.0029636,0.44584,-0.0045425
6.975,2.0063,0.005,0.096963,-0.019748,1.5799e-37,0,0.0013262,0.0028412,0.46087,-0.0046205
6.925,2.0563,0.005,0.10622,-0.018151,1.5214e-24,0,0.0013238,0.0025394,0.47802,-0.0046717
6.875,2.1064,0.005,0.11629,-0.016619,-1.9626e-24,0,0.0013165,0.0022743,0.49782,-0.0047209
6.825,2.1564,0.005,0.12716,-0.015184,-5.6567e-38,0,0.001308,0.0020548,0.52055,-0.0047703
6.775,2.2065,0.005,0.13881,-0.013856,-4.0636e-25,0,0.0013041,0.0018846,0.54658,-0.0048192
6.725,2.2565,0.005,0.15119,-0.012642,7.8728e-25,0,0.001313,0.0017696,0.57627,-0.0048669
6.675,2.3066,0.005,0.16417,-0.011545,3.8268e-24,0,0.0013438,0.0017207,0.60966,-0.0049133
6.625,2.3566,0.005,0.17754,-0.010564,-2.5329e-24,0,0.0014045,0.0017502,0.6466,-0.0049594
6.575,2.4066,0.005,0.19099,-0.009683,-6.1687e-25,0,0.0014981,0.0018614,0.68745,-0.0050057
6.525,2.4567,0.005,0.20424,-0.0088782,-3.8692e-25,0,0.0016208,0.0020359,0.73378,-0.0050563
6.475,2.5067,0.005,0.21724,-0.0081354,1.4037e-24,0,0.0017635,0.002216,0.78835,-0.0051156
6.425,2.5568,0.005,0.23032,-0.0074699,3.4128e-24,0,0.0019164,0.0022423,0.85466,-0.0051896
6.375,2.6068,0.005,0.24397,-0.006865,-2.4322e-24,0,0.0020691,0.0022132,0.93489,-0.0052761
6.325,2.6569,0.005,0.25843,-0.0063123,-3.4524e-24,0,0.0022018,0.0021415,1.0281,-0.0053669
6.275,2.7069,0.005,0.27369,-0.0057547,4.6357e-38,0,0.0022842,0.0020183,1.1317,-0.0054632
6.225,2.7569,0.005,0.28962,-0.0051648,-7.9131e-33,0,0.0022825,0.0018318,1.246,-0.0055662
6.175,2.807,0.005,0.30588,-0.0044585,2.7804e-26,0,0.0021623,0.001563,1.3834,-0.0056705
6.125,2.86,0.005,0.32258,-0.0036983,3.9242e-25,0,0.0018831,0.001168,1.6123,-0.0058002
6.075,2.916,0.005,0.33597,-0.0023662,-8.5638e-27,0,0.0014651,0.00062433,2.3467,-0.0058927
6.025,2.972,0.005,0.32645,-0.0012519,1.0738e-24,0,0.0018449,0.00027006,6.8314,-0.0060687
8.975,0.072,0.005,0.2638,-0.10204,0,0,0.0014808,0.00024639,2.7401,0.011961
8.925,0.12,0.005,0.1649,-0.11718,1.2446e-23,0,0.0013087,0.00019699,2.2327,0.020733
8.875,0.168,0.005,0.12441,-0.13516,8.2362e-23,0,0.0011296,0.00025409,1.6288,0.027479
8.825,0.216,0.005,0.08419,-0.14601,4.1286e-23,0,0.0010506,0.00028317,1.3231,0.030397
8.775,0.264,0.005,0.052344,-0.15166,-2.1793e-36,0,0.0010153,0.00033073,1.1133,0.031301
8.725,0.312,0.005,0.02697,-0.15453,1.2342e-23,0,0.001007,0.00039567,0.96546,0.030912
8.675,0.36,0.005,0.0068402,-0.15522,1.0364e-23,0,0.001016,0.00047805,0.85854,0.029707
8.625,0.408,0.005,-0.0088127,-0.15433,3.3351e-24,0,0.001029,0.00057527,0.77773,0.027986
8.575,0.456,0.005,-0.020852,-0.15243,-2.0657e-23,0,0.0010364,0.0006823,0.71587,0.025925
8.525,0.50502,0.005,-0.029926,-0.14997,-4.381e-24,0,0.001042,0.00080359,0.66439,0.023632
8.475,0.55506,0.005,-0.036512,-0.14707,1.1262e-23,0,0.0010432,0.00093889,0.61956,0.021224
8.425,0.60511,0.005,-0.041035,-0.14365,2.2138e-23,0,0.001039,0.0010884,0.58065,0.018815
8.375,0.65515,0.005,-0.043816,-0.13977,7.536e-24,0,0.0010289,0.0012555,0.54658,0.016459
8.325,0.70519,0.005,-0.045086,-0.13547,-1.8766e-23,0,0.0010133,0.0014477,0.51667,0.014196
8.275,0.75523,0.005,-0.045011,-0.13074,-7.4283e-24,0,0.00099299,0.0016796,0.49049,0.012056
8.225,0.80528,0.005,-0.04372,-0.12555,7.021e-24,0,0.00096931,0.0019684,0.46779,0.010066
8.175,0.85532,0.005,-0.041434,-0.11997,-6.007e-37,0,0.00094344,0.0021049,0.4482,0.0082361
8.125,0.90536,0.005,-0.03846,-0.11417,-6.6313e-24,0,0.00091726,0.002129,0.43083,0.0065713
8.075,0.9554,0.005,-0.034784,-0.10812,-9.7985e-33,0,0.00089366,0.002151,0.41546,0.0050732
8.025,1.0054,0.005,-0.030508,-0.10192,4.1196e-24,0,0.00087436,0.0021753,0.40195,0.0037396
7.975,1.0555,0.005,-0.025761,-0.095673,-1.1872e-23,0,0.00086028,0.0022052,0.39012,0.0025651
7.925,1.1055,0.005,-0.020665,-0.089497,1.6651e-23,0,0.0008521,0.0022431,0.37988,0.0015401
7.875,1.1556,0.005,-0.015317,-0.083483,-1.0737e-23,0,0.0008504,0.0022906,0.37125,0.00065218
7.825,1.2056,0.005,-0.0097935,-0.077703,-7.3536e-24,0,0.0008556,0.0023484,0.36433,-0.0001125
7.775,1.2557,0.005,-0.0041418,-0.072199,-1.7568e-37,0,0.00086794,0.002416,0.35924,-0.00076825
7.725,1.3057,0.005,0.0016111,-0.066993,-4.8965e-24,0,0.0008873,0.0024918,0.35609,-0.0013292
7.675,1.3557,0.005,0.0074537,-0.062086,-4.66e-26,0,0.00091315,0.0025733,0.35485,-0.0018087
7.625,1.4058,0.005,0.013383,-0.05747,-2.7169e-37,0,0.00094452,0.0026575,0.35542,-0.0022182
7.575,1.4558,0.005,0.019399,-0.053134,4.1113e-24,0,0.00098026,0.002741,0.35764,-0.0025676
7.525,1.5059,0.005,0.025508,-0.049065,4.057e-24,0,0.0010191,0.0028203,0.36136,-0.0028657
7.475,1.5559,0.005,0.031719,-0.045254,-5.9319e-24,0,0.0010598,0.002892,0.36646,-0.0031205
7.425,1.606,0.005,0.038048,-0.041693,-3.4475e-24,0,0.0011011,0.002953,0.37288,-0.0033388
7.375,1.656,0.005,0.044517,-0.038375,-1.2405e-24,0,0.0011417,0.0030007,0.38048,-0.0035266
7.325,1.706,0.005,0.051152,-0.035294,-1.1718e-24,0,0.0011805,0.0030333,0.38918,-0.0036891
7.275,1.7561,0.005,0.057986,-0.032442,1.3539e-24,0,0.0012163,0.0030492,0.39888,-0.0038311
7.225,1.8061,0.005,0.065061,-0.029809,2.2764e-24,0,0.0012481,0.0030475,0.40956,-0.0039566
7.175,1.8562,0.005,0.072421,-0.027387,1.4039e-24,0,0.0012752,0.0030274,0.42121,-0.0040691
7.125,1.9062,0.005,0.080121,-0.025166,7.2845e-25,0,0.0012967,0.0029886,0.43389,-0.0041717
7.075,1.9563,0.005,0.088221,-0.023136,-1.4119e-24,0,0.0013122,0.0029307,0.44775,-0.0042668
7.025,2.0063,0.005,0.096793,-0.021287,-5.7032e-25,0,0.0013213,0.0028535,0.46306,-0.0043555
6.975,2.0563,0.005,0.10601,-0.01956,-3.6174e-24,0,0.0013235,0.0025888,0.48043,-0.0044172
6.925,2.1064,0.005,0.11604,-0.017915,-1.6683e-24,0,0.0013205,0.0023152,0.50062,-0.0044675
6.875,2.1564,0.005,0.12691,-0.016367,4.483e-38,0,0.001316,0.0020893,0.52383,-0.0045189
6.825,2.2065,0.005,0.13858,-0.014938,1.2988e-24,0,0.0013157,0.0019159,0.55032,-0.0045695
6.775,2.2565,0.005,0.15098,-0.013631,2.1049e-24,0,0.0013273,0.0017996,0.58026,-0.004619
6.725,2.3066,0.005,0.16399,-0.012445,-5.8618e-38,0,0.0013595,0.0017507,0.61355,-0.0046674
6.675,2.3566,0.005,0.17737,-0.011375,2.3095e-24,0,0.0014196,0.0017811,0.64994,-0.0047156
6.625,2.4066,0.005,0.19081,-0.010402,2.8439e-32,0,0.0015104,0.0018929,0.68983,-0.0047646
6.575,2.4567,0.005,0.20404,-0.0094992,0,0,0.0016282,0.0020637,0.73495,-0.0048182
6.525,2.5067,0.005,0.21701,-0.0086669,2.0648e-24,0,0.0017646,0.002236,0.78819,-0.0048851
6.475,2.5568,0.005,0.23009,-0.0079138,8.6121e-25,0,0.0019106,0.0022396,0.85312,-0.0049672
6.425,2.6068,0.005,0.24373,-0.0072348,1.9046e-24,0,0.0020565,0.0022072,0.93174,-0.0050628
6.375,2.6569,0.005,0.25814,-0.0066126,-6.0971e-25,0,0.0021819,0.0021329,1.023,-0.0051631
6.325,2.7069,0.005,0.27332,-0.0059925,-1.1623e-24,0,0.0022579,0.002008,1.1244,-0.0052702
6.275,2.7569,0.005,0.28914,-0.0053461,1.0943e-24,0,0.0022514,0.0018205,1.2367,-0.0053849
6.225,2.807,0.005,0.30525,-0.0045915,-1.0678e-24,0,0.0021294,0.0015512,1.3728,-0.0055019
6.175,2.86,0.005,0.32174,-0.0037871,-1.1625e-24,0,0.0018529,0.0011567,1.6018,-0.0056439
6.125,2.916,0.005,0.33482,-0.002416,1.099e-24,0,0.0014454,0.00061792,2.3392,-0.0057529
6.075,2.972,0.005,0.3249,-0.0012622,9.9916e-25,0,0.0018317,0.00026909,6.8071,-0.0059433
8.975,0.12,0.005,0.23789,-0.1577,1.1981e-22,0,0.001193,0.00021037,2.2941,0.010647
8.925,0.168,0.005,0.15333,-0.15492,6.7938e-23,0,0.0010657,0.00018685,1.8411,0.018949
8.875,0.216,0.005,0.11049,-0.16359,-5.3498e-23,0,0.00097816,0.00023758,1.4136,0.025081
8.825,0.264,0.005,0.073586,-0.16828,3.8642e-23,0,0.00094342,0.00028372,1.1635,0.027813
8.775,0.312,0.005,0.044074,-0.1699,2.7644e-23,0,0.00093894,0.00033985,1.0014,0.028709
8.725,0.36,0.005,0.021019,-0.16943,9.9327e-24,0,0.00095213,0.0004169,0.88738,0.028456
8.675,0.408,0.005,0.0030479,-0.16756,9.707e-24,0,0.00097662,0.00051275,0.80342,0.027421
8.625,0.456,0.005,-0.01073,-0.16478,-3.1748e-24,0,0.00099782,0.00061979,0.7393,0.025858
8.575,0.50502,0.005,-0.021224,-0.16157,-6.4336e-23,0,0.0010134,0.0007384,0.68747,0.023914
8.525,0.55506,0.005,-0.028996,-0.15802,-3.486e-41,0,0.0010241,0.00087094,0.64207,0.021747
8.475,0.60511,0.005,-0.034517,-0.15404,-5.5728e-24,0,0.0010288,0.0010171,0.60229,0.019502
8.425,0.65515,0.005,-0.038167,-0.1497,1.2752e-36,0,0.0010267,0.0011786,0.56711,0.017253
8.375,0.70519,0.005,-0.040217,-0.14501,6.9687e-24,0,0.0010179,0.0013608,0.53597,0.015053
8.325,0.75523,0.005,-0.040864,-0.13996,5.0199e-37,0,0.0010033,0.0015733,0.50851,0.012943
8.275,0.80528,0.005,-0.040253,-0.13453,-6.8731e-24,0,0.00098394,0.001831,0.4845,0.010957
8.225,0.85532,0.005,-0.038547,-0.1287,2.0119e-23,0,0.00096139,0.0020732,0.46373,0.0091161
8.175,0.90536,0.005,-0.036066,-0.12262,-5.9085e-24,0,0.00093699,0.0021033,0.44548,0.0074217
8.125,0.9554,0.005,-0.032866,-0.11631,-5.0687e-24,0,0.00091363,0.0021282,0.42929,0.005884
8.075,1.0054,0.005,-0.029002,-0.10982,-4.272e-24,0,0.00089342,0.0021527,0.41503,0.0045038
8.025,1.0555,0.005,-0.0246,-0.10324,3.5128e-24,0,0.00087748,0.0021802,0.40248,0.0032792
7.975,1.1055,0.005,-0.019784,-0.096686,-8.9024e-24,0,0.00086658,0.0022135,0.3915,0.0022037
7.925,1.1556,0.005,-0.01466,-0.090261,3.9689e-37,0,0.0008614,0.0022546,0.38206,0.0012673
7.875,1.2056,0.005,-0.0093116,-0.08405,5.3427e-24,0,0.00086252,0.0023048,0.37423,0.00045775
7.825,1.2557,0.005,-0.0037991,-0.078113,-5.0958e-24,0,0.00087039,0.0023642,0.36815,-0.00023848
7.775,1.3057,0.005,0.0018415,-0.072484,-9.9895e-24,0,0.00088517,0.0024321,0.36395,-0.00083526
7.725,1.3557,0.005,0.0075918,-0.067177,-1.4605e-25,0,0.00090662,0.0025067,0.36168,-0.0013461
7.675,1.4058,0.005,0.013444,-0.062186,-4.1208e-25,0,0.000934,0.0025853,0.36128,-0.0017829
7.625,1.4558,0.005,0.019397,-0.0575,-1.4049e-32,0,0.00096635,0.0026648,0.36264,-0.002156
7.575,1.5059,0.005,0.025454,-0.053106,-6.8762e-24,0,0.0010025,0.002742,0.36561,-0.0024746
7.525,1.5559,0.005,0.031624,-0.048991,3.2004e-24,0,0.0010412,0.0028135,0.37007,-0.0027472
7.475,1.606,0.005,0.037923,-0.045144,2.4806e-32,0,0.0010812,0.002876,0.37594,-0.0029808
7.425,1.656,0.005,0.044369,-0.041556,-2.6832e-24,0,0.0011213,0.0029268,0.3831,-0.0031819
7.375,1.706,0.005,0.050988,-0.038219,-2.6793e-24,0,0.0011602,0.0029638,0.39145,-0.0033559
7.325,1.7561,0.005,0.057812,-0.035124,-8.4144e-38,0,0.0011968,0.0029852,0.40091,-0.0035078
7.275,1.8061,0.005,0.064879,-0.032263,1.5017e-24,0,0.0012302,0.0029899,0.41145,-0.0036417
7.225,1.8562,0.005,0.072236,-0.029625,0,0,0.0012594,0.0029769,0.42306,-0.0037615
7.175,1.9062,0.005,0.079936,-0.027202,-1.5341e-24,0,0.0012837,0.0029456,0.43581,-0.0038703
7.125,1.9563,0.005,0.08804,-0.024982,-3.7912e-24,0,0.0013027,0.0028958,0.44985,-0.0039708
7.075,2.0063,0.005,0.096622,-0.022962,3.0973e-24,0,0.0013158,0.0028271,0.46543,-0.0040661
7.025,2.0563,0.005,0.1058,-0.02109,5.9762e-24,0,0.0013227,0.0026449,0.48302,-0.0041425
6.975,2.1064,0.005,0.1158,-0.019332,-1.7839e-24,0,0.0013242,0.0023596,0.5035,-0.0041954
6.925,2.1564,0.005,0.12666,-0.017662,-2.2508e-24,0,0.0013239,0.0021271,0.52715,-0.0042488
6.875,2.2065,0.005,0.13834,-0.01612,-4.1019e-24,0,0.0013273,0.0019503,0.55402,-0.0043013
6.825,2.2565,0.005,0.15076,-0.014709,-4.4762e-24,0,0.0013416,0.0018327,0.58415,-0.0043526
6.775,2.3066,0.005,0.16379,-0.013423,4.014e-25,0,0.0013751,0.0017841,0.61728,-0.0044029
6.725,2.3566,0.005,0.17718,-0.012253,3.9492e-25,0,0.0014345,0.0018153,0.65309,-0.0044531
6.675,2.4066,0.005,0.1906,-0.011179,-1.9165e-24,0,0.0015223,0.0019273,0.69202,-0.0045051
6.625,2.4567,0.005,0.20379,-0.010169,7.0909e-38,0,0.0016351,0.0020934,0.73597,-0.0045617
6.575,2.5067,0.005,0.21674,-0.0092414,3.8033e-24,0,0.0017653,0.0022403,0.78799,-0.0046367
6.525,2.5568,0.005,0.22981,-0.008394,3.3497e-24,0,0.0019046,0.0022365,0.85161,-0.0047277
6.475,2.6068,0.005,0.24345,-0.0076311,3.6389e-24,0,0.0020436,0.0022006,0.92866,-0.0048317
6.425,2.6569,0.005,0.25781,-0.0069368,4.0329e-24,0,0.002162,0.0021239,1.018,-0.0049422
6.375,2.7069,0.005,0.27291,-0.0062488,-1.095e-37,0,0.0022316,0.0019974,1.1173,-0.0050601
6.325,2.7569,0.005,0.28862,-0.0055417,-1.9468e-24,0,0.0022206,0.0018089,1.2276,-0.0051868
6.275,2.807,0.005,0.30458,-0.0047354,1.1405e-24,0,0.0020969,0.0015391,1.3624,-0.005317
6.225,2.86,0.005,0.32087,-0.0038791,2.2622e-25,0,0.001823,0.0011454,1.5916,-0.0054713
6.175,2.916,0.005,0.33363,-0.002468,-1.2286e-24,0,0.001426,0.0006115,2.3319,-0.0055956
6.125,2.972,0.005,0.32332,-0.0012749,0,0,0.0018185,0.00026811,6.7825,-0.0058015
8.975,0.168,0.005,0.20494,-0.19404,-7.2582e-36,0,0.00096152,0.00021259,2.0196,0.0087607
8.925,0.216,0.005,0.13642,-0.18658,-9.0994e-23,0,0.00089974,0.00018569,1.5953,0.017193
8.875,0.264,0.005,0.094891,-0.18663,-7.0067e-23,0,0.00086608,0.00023468,1.2562,0.022648
8.825,0.312,0.005,0.061774,-0.18677,-2.3576e-23,0,0.00086304,0.00029166,1.0498,0.0253
8.775,0.36,0.005,0.035217,-0.18496,-5.1357e-23,0,0.00088047,0.00035971,0.91891,0.02628
8.725,0.408,0.005,0.014885,-0.18177,-4.0588e-23,0,0.00091014,0.00045089,0.82921,0.026199
8.675,0.456,0.005,-0.00066114,-0.17794,-2.2287e-23,0,0.00094611,0.00055933,0.76264,0.025313
8.625,0.50502,0.005,-0.012532,-0.17387,2.8643e-24,0,0.00097407,0.00067642,0.71053,0.02385
8.575,0.55506,0.005,-0.021461,-0.16961,-8.3972e-38,0,0.0009955,0.00080563,0.66521,0.022018
8.525,0.60511,0.005,-0.027957,-0.16502,-1.5661e-23,0,0.0010105,0.00094809,0.62501,0.020004
8.475,0.65515,0.005,-0.032452,-0.16015,5.2092e-24,0,0.0010178,0.0011049,0.58897,0.017913
8.425,0.70519,0.005,-0.03526,-0.15501,-5.7365e-24,0,0.0010173,0.0012792,0.55668,0.015816
8.375,0.75523,0.005,-0.036606,-0.1496,-3.6192e-24,0,0.0010095,0.0014776,0.52793,0.013768
8.325,0.80528,0.005,-0.036657,-0.14387,-5.0486e-37,0,0.00099565,0.0017106,0.50256,0.01181
8.275,0.85532,0.005,-0.035554,-0.1378,-6.4494e-24,0,0.00097733,0.0019822,0.48044,0.0099755
8.225,0.90536,0.005,-0.033555,-0.13144,6.4315e-24,0,0.00095587,0.0020727,0.46116,0.0082695
8.175,0.9554,0.005,-0.030833,-0.12488,-5.2075e-24,0,0.00093375,0.0021027,0.44407,0.006705
8.125,1.0054,0.005,-0.027397,-0.11812,4.4015e-24,0,0.00091345,0.0021293,0.42898,0.0052878
8.075,1.0555,0.005,-0.02336,-0.11123,4.7332e-37,0,0.00089638,0.0021563,0.4157,0.0040197
8.025,1.1055,0.005,-0.018844,-0.10432,-2.9009e-24,0,0.00088343,0.0021867,0.404,0.0028978
7.975,1.1556,0.005,-0.013962,-0.097499,5.7973e-24,0,0.00087534,0.0022228,0.3938,0.0019149
7.925,1.2056,0.005,-0.0088044,-0.090859,9.5911e-24,0,0.00087281,0.0022663,0.38512,0.0010609
7.875,1.2557,0.005,-0.003442,-0.084479,5.3557e-24,0,0.00087647,0.0023182,0.37808,0.00032375
7.825,1.3057,0.005,0.002079,-0.078408,-1.0124e-23,0,0.00088674,0.0023782,0.37286,-0.00030985
7.775,1.3557,0.005,0.0077322,-0.072673,-4.6628e-24,0,0.00090364,0.0024454,0.36953,-0.00085329
7.725,1.4058,0.005,0.013505,-0.067277,-4.4124e-25,0,0.00092676,0.0025177,0.3681,-0.0013186
7.675,1.4558,0.005,0.019391,-0.062213,-3.9784e-24,0,0.00095534,0.0025924,0.36851,-0.0017165
7.625,1.5059,0.005,0.025393,-0.057466,-3.6944e-24,0,0.00098835,0.0026665,0.37065,-0.0020566
7.575,1.5559,0.005,0.03152,-0.053023,-1.1935e-24,0,0.0010246,0.0027368,0.37438,-0.0023478
7.525,1.606,0.005,0.037785,-0.048869,2.6776e-32,0,0.0010629,0.0028,0.37962,-0.0025977
7.475,1.656,0.005,0.044206,-0.044993,1.5991e-24,0,0.001102,0.0028531,0.38626,-0.0028128
7.425,1.706,0.005,0.050808,-0.041384,1.5307e-24,0,0.0011408,0.0028939,0.3942,-0.0029989
7.375,1.7561,0.005,0.05762,-0.038033,1.5882e-24,0,0.0011779,0.0029203,0.40336,-0.0031611
7.325,1.8061,0.005,0.064681,-0.034929,-2.6531e-24,0,0.0012125,0.0029309,0.4137,-0.003304
7.275,1.8562,0.005,0.072035,-0.032063,-3.3044e-24,0,0.0012436,0.0029247,0.42522,-0.0034314
7.225,1.9062,0.005,0.079735,-0.029424,-4.9795e-24,0,0.0012706,0.0029009,0.43799,-0.0035468
7.175,1.9563,0.005,0.087844,-0.027002,-2.5756e-24,0,0.0012928,0.0028591,0.45216,-0.003653
7.125,2.0063,0.005,0.096433,-0.024792,-2.3838e-24,0,0.0013099,0.002799,0.46797,-0.0037529
7.075,2.0563,0.005,0.1056,-0.022768,1.201e-24,0,0.0013215,0.0027082,0.48581,-0.0038431
7.025,2.1064,0.005,0.11556,-0.020876,4.6515e-24,0,0.0013276,0.0024089,0.5065,-0.003903
6.975,2.1564,0.005,0.12641,-0.019077,1.9462e-24,0,0.0013316,0.0021686,0.53049,-0.0039583
6.925,2.2065,0.005,0.13809,-0.017411,4.3725e-24,0,0.0013387,0.0019881,0.55768,-0.0040129
6.875,2.2565,0.005,0.15053,-0.015884,-2.3791e-24,0,0.0013558,0.0018694,0.58791,-0.004066
6.825,2.3066,0.005,0.16356,-0.014487,-2.3076e-24,0,0.0013905,0.0018213,0.62081,-0.0041182
6.775,2.3566,0.005,0.17695,-0.013205,-1.3731e-24,0,0.0014492,0.0018534,0.65601,-0.0041703
6.725,2.4066,0.005,0.19034,-0.012017,-3.671e-24,0,0.0015339,0.0019649,0.69402,-0.0042255
6.675,2.4567,0.005,0.20349,-0.010891,1.8879e-24,0,0.0016416,0.0021251,0.73687,-0.0042864
6.625,2.5067,0.005,0.21642,-0.0098587,-2.3128e-32,0,0.0017656,0.0022413,0.78774,-0.0043688
6.575,2.5568,0.005,0.22949,-0.008912,-1.2938e-24,0,0.0018983,0.002233,0.85012,-0.0044701
6.525,2.6068,0.005,0.24311,-0.0080616,2.3861e-24,0,0.0020306,0.0021936,0.92566,-0.004582
6.475,2.6569,0.005,0.25743,-0.0072851,2.9175e-24,0,0.002142,0.0021144,1.0131,-0.0047025
6.425,2.7069,0.005,0.27246,-0.0065265,1.3784e-24,0,0.0022055,0.0019864,1.1103,-0.004832
6.375,2.7569,0.005,0.28805,-0.0057533,-1.7878e-24,0,0.00219,0.0017969,1.2188,-0.0049708
6.325,2.807,0.005,0.30387,-0.0048913,-2.5368e-24,0,0.0020647,0.0015267,1.3524,-0.0051148
6.275,2.86,0.005,0.31996,-0.003979,1.6043e-24,0,0.0017936,0.0011339,1.5817,-0.0052821
6.225,2.916,0.005,0.33241,-0.0025277,-1.4525e-40,0,0.0014067,0.00060507,2.3248,-0.0054213
6.175,2.972,0.005,0.32171,-0.0012896,-1.3846e-24,0,0.0018052,0.00026713,6.7577,-0.0056428
8.975,0.216,0.005,0.17077,-0.21878,6.7855e-23,0,0.0008186,0.00023071,2.0015,0.0071493
8.925,0.264,0.005,0.11663,-0.21015,2.7641e-23,0,0.00078181,0.00019803,1.4616,0.015372
8.875,0.312,0.005,0.078483,-0.20516,6.4574e-23,0,0.0007822,0.00024035,1.1531,0.020349
8.825,0.36,0.005,0.049452,-0.20153,3.4172e-23,0,0.00080209,0.00030916,0.96686,0.023007
8.775,0.408,0.005,0.026347,-0.19692,-4.3493e-23,0,0.00083607,0.0003941,0.85817,0.024156
8.725,0.456,0.005,0.0090845,-0.19178,-6.871e-23,0,0.00087863,0.00050011,0.78724,0.024193
8.675,0.50502,0.005,-0.0040597,-0.18675,-2.8091e-23,0,0.00092256,0.00061894,0.73343,0.023369
8.625,0.55506,0.005,-0.014047,-0.18175,2.0585e-24,0,0.00095584,0.00074487,0.68864,0.021986
8.575,0.60511,0.005,-0.021451,-0.17652,3.1016e-23,0,0.00098237,0.00088284,0.64858,0.020285
8.525,0.65515,0.005,-0.026746,-0.17109,-7.2376e-24,0,0.0010005,0.0010345,0.61206,0.01841
8.475,0.70519,0.005,-0.030275,-0.16547,6.9595e-24,0,0.0010097,0.0012023,0.5788,0.016462
8.425,0.75523,0.005,-0.032287,-0.15964,-5.7688e-24,0,0.0010102,0.0013898,0.54879,0.01451
8.375,0.80528,0.005,-0.032966,-0.15358,6.1375e-24,0,0.0010032,0.0016041,0.52203,0.012609
8.325,0.85532,0.005,-0.032464,-0.14724,2.7575e-41,0,0.00099028,0.0018523,0.49847,0.0108
8.275,0.90536,0.005,-0.030956,-0.14063,-4.1306e-38,0,0.0009729,0.0020356,0.47795,0.0091034
8.225,0.9554,0.005,-0.028698,-0.13381,6.2976e-24,0,0.00095312,0.0020728,0.45982,0.0075269
8.175,1.0054,0.005,-0.025697,-0.12679,-1.0808e-23,0,0.00093367,0.0021037,0.44382,0.0060847
8.125,1.0555,0.005,-0.022039,-0.11962,3.7295e-24,0,0.0009163,0.0021322,0.42974,0.0047819
8.075,1.1055,0.005,-0.017842,-0.11238,5.9793e-24,0,0.00090204,0.0021615,0.41732,0.0036194
8.025,1.1556,0.005,-0.013219,-0.10519,-5.964e-24,0,0.00089172,0.0021942,0.40639,0.0025936
7.975,1.2056,0.005,-0.0082689,-0.098133,-1.3196e-23,0,0.00088613,0.0022325,0.39692,0.0016969
7.925,1.2557,0.005,-0.0030689,-0.09131,5.5979e-24,0,0.000886,0.0022776,0.389,0.00091917
7.875,1.3057,0.005,0.0023242,-0.084785,5.317e-24,0,0.00089196,0.0023302,0.38278,0.00024826
7.825,1.3557,0.005,0.0078752,-0.078601,-9.8616e-24,0,0.00090434,0.0023899,0.3784,-0.00032869
7.775,1.4058,0.005,0.013564,-0.072774,4.0996e-24,0,0.00092303,0.0024555,0.3759,-0.00082363
7.725,1.4558,0.005,0.019382,-0.067302,1.6193e-24,0,0.00094752,0.0025247,0.3753,-0.0012475
7.675,1.5059,0.005,0.025327,-0.062175,8.9962e-24,0,0.000977,0.0025948,0.37652,-0.0016101
7.625,1.5559,0.005,0.031408,-0.057377,3.7037e-24,0,0.0010104,0.0026629,0.37944,-0.0019209
7.575,1.606,0.005,0.037637,-0.052893,-8.4051e-24,0,0.0010466,0.0027257,0.38397,-0.0021878
7.525,1.656,0.005,0.044032,-0.048708,-1.5657e-24,0,0.0010844,0.0027803,0.39002,-0.0024176
7.475,1.706,0.005,0.050614,-0.044809,4.7755e-24,0,0.0011225,0.002824,0.39748,-0.0026164
7.425,1.7561,0.005,0.057415,-0.041184,8.136e-24,0,0.0011598,0.0028548,0.40627,-0.0027897
7.375,1.8061,0.005,0.064468,-0.037824,9.2486e-24,0,0.0011953,0.002871,0.41635,-0.002942
7.325,1.8562,0.005,0.071819,-0.034715,2.7632e-24,0,0.0012281,0.0028712,0.42773,-0.0030774
7.275,1.9062,0.005,0.07952,-0.031847,2.2202e-37,0,0.0012574,0.0028547,0.44047,-0.0031996
7.225,1.9563,0.005,0.087634,-0.02921,8.0382e-25,0,0.0012827,0.0028208,0.45471,-0.0033118
7.175,2.0063,0.005,0.096231,-0.026796,3.6107e-24,0,0.0013035,0.0027693,0.47071,-0.0034166
7.125,2.0563,0.005,0.1054,-0.024601,-6.5897e-25,0,0.0013196,0.0026997,0.4888,-0.0035163
7.075,2.1064,0.005,0.11531,-0.022555,-6.0224e-24,0,0.0013307,0.0024643,0.50962,-0.0035889
7.025,2.1564,0.005,0.12615,-0.020623,-2.0798e-24,0,0.0013391,0.0022148,0.53386,-0.0036455
6.975,2.2065,0.005,0.13784,-0.018821,-4.4756e-25,0,0.00135,0.0020297,0.56127,-0.0037024
6.925,2.2565,0.005,0.15028,-0.017165,2.5277e-24,0,0.0013699,0.00191,0.59153,-0.0037574
6.875,2.3066,0.005,0.16332,-0.015645,1.6133e-24,0,0.0014057,0.0018628,0.62413,-0.0038114
6.825,2.3566,0.005,0.17668,-0.014237,-1.4888e-24,0,0.0014634,0.0018958,0.65869,-0.0038653
6.775,2.4066,0.005,0.19003,-0.012921,-1.7324e-24,0,0.001545,0.0020058,0.69581,-0.003924
6.725,2.4567,0.005,0.20312,-0.011671,-1.1719e-37,0,0.0016476,0.0021586,0.73763,-0.0039903
6.675,2.5067,0.005,0.21603,-0.010524,-1.8769e-24,0,0.0017654,0.0022419,0.78746,-0.0040801
6.625,2.5568,0.005,0.22911,-0.0094717,-5.6319e-24,0,0.0018918,0.0022291,0.84868,-0.0041917
6.575,2.6068,0.005,0.24273,-0.0085287,-4.0931e-24,0,0.0020173,0.0021862,0.92273,-0.0043127
6.525,2.6569,0.005,0.25701,-0.0076644,8.0284e-25,0,0.002122,0.0021046,1.0083,-0.0044432
6.475,2.7069,0.005,0.27196,-0.0068257,2.1524e-25,0,0.0021795,0.001975,1.1035,-0.0045843
6.425,2.7569,0.005,0.28745,-0.0059837,1.4249e-24,0,0.0021597,0.0017846,1.2101,-0.0047361
6.375,2.807,0.005,0.30312,-0.0050606,-4.2121e-25,0,0.0020328,0.0015141,1.3426,-0.004894
6.325,2.86,0.005,0.31902,-0.0040886,1.7852e-24,0,0.0017644,0.0011223,1.5722,-0.0050754
6.275,2.916,0.005,0.33116,-0.0025923,1.5004e-24,0,0.0013876,0.00059862,2.318,-0.0052301
6.225,2.972,0.005,0.32007,-0.001306,-1.5323e-24,0,0.0017917,0.00026613,6.7326,-0.0054677
8.975,0.264,0.005,0.13771,-0.23324,6.8262e-23,0,0.00073389,0.00029498,2.2096,0.005857
8.925,0.312,0.005,0.095544,-0.22711,-2.0851e-35,0,0.00069861,0.00021972,1.4192,0.013651
8.875,0.36,0.005,0.061897,-0.21931,1.5772e-23,0,0.00071939,0.00025799,1.0796,0.018281
8.825,0.408,0.005,0.037179,-0.21261,4.6733e-23,0,0.00075633,0.0003414,0.90807,0.021136
8.775,0.456,0.005,0.01812,-0.20604,-1.6421e-23,0,0.00080329,0.00044851,0.81624,0.02239
8.725,0.50502,0.005,0.0039113,-0.19995,-3.0502e-23,0,0.00085578,0.00056628,0.7583,0.022406
8.675,0.55506,0.005,-0.0069491,-0.19421,-5.7202e-24,0,0.00090402,0.00069118,0.71249,0.021602
8.625,0.60511,0.005,-0.015133,-0.18841,-1.373e-23,0,0.00094288,0.00082393,0.67286,0.020306
8.575,0.65515,0.005,-0.021141,-0.18245,1.3368e-23,0,0.00097309,0.00096934,0.63627,0.018716
8.525,0.70519,0.005,-0.025331,-0.17634,8.1868e-24,0,0.00099346,0.0011298,0.60233,0.016965
8.475,0.75523,0.005,-0.027963,-0.17008,-4.84e-24,0,0.0010039,0.0013084,0.57117,0.01515
8.425,0.80528,0.005,-0.029232,-0.16366,8.9008e-24,0,0.0010053,0.0015087,0.54302,0.013338
8.375,0.85532,0.005,-0.029295,-0.15702,7.5011e-24,0,0.00099904,0.0017358,0.51796,0.011579
8.325,0.90536,0.005,-0.028301,-0.15014,-1.2215e-23,0,0.00098698,0.0019864,0.49597,0.00991
8.275,0.9554,0.005,-0.026481,-0.14306,5.3898e-24,0,0.00097074,0.0020366,0.47666,0.0083393
8.225,1.0054,0.005,-0.023914,-0.1358,-6.2123e-24,0,0.00095323,0.002074,0.45961,0.0068864
8.175,1.0555,0.005,-0.020642,-0.12837,1.0032e-23,0,0.00093647,0.0021062,0.44462,0.0055597
8.125,1.1055,0.005,-0.016778,-0.12084,-9.2421e-24,0,0.00092173,0.0021365,0.43142,0.0043647
8.075,1.1556,0.005,-0.012431,-0.1133,7.8032e-37,0,0.00090995,0.0021677,0.41978,0.0033012
8.025,1.2056,0.005,-0.007703,-0.10586,-3.339e-32,0,0.00090197,0.0022022,0.40958,0.0023649
7.975,1.2557,0.005,-0.0026785,-0.098606,-1.0381e-24,0,0.00089862,0.0022419,0.40083,0.001548
7.925,1.3057,0.005,0.0025773,-0.091628,1.6666e-23,0,0.00090069,0.0022878,0.39369,0.00084003
7.875,1.3557,0.005,0.0080201,-0.084983,5.1901e-24,0,0.00090873,0.0023404,0.38827,0.00022909
7.825,1.4058,0.005,0.013623,-0.078702,-9.687e-24,0,0.00092295,0.0023991,0.38471,-0.0002964
7.775,1.4558,0.005,0.019369,-0.072796,-1.4913e-37,0,0.00094315,0.0024622,0.38306,-0.00074714
7.725,1.5059,0.005,0.025255,-0.067259,1.1565e-24,0,0.00096877,0.0025276,0.38328,-0.0011334
7.675,1.5559,0.005,0.031289,-0.062079,1.3821e-24,0,0.00099893,0.0025925,0.38532,-0.0014648
7.625,1.606,0.005,0.037481,-0.057239,3.7391e-24,0,0.0010326,0.002654,0.38906,-0.0017494
7.575,1.656,0.005,0.043847,-0.052722,-1.5619e-37,0,0.0010685,0.002709,0.39443,-0.0019947
7.525,1.706,0.005,0.05041,-0.048512,5.1492e-24,0,0.0011057,0.002755,0.40133,-0.002207
7.475,1.7561,0.005,0.057197,-0.044597,5.0699e-24,0,0.0011428,0.0027895,0.40969,-0.0023918
7.425,1.8061,0.005,0.064243,-0.040963,-1.9079e-24,0,0.0011789,0.0028106,0.41945,-0.002554
7.375,1.8562,0.005,0.071592,-0.037597,-2.9767e-24,0,0.001213,0.0028169,0.43062,-0.0026979
7.325,1.9062,0.005,0.079294,-0.034487,2.8881e-24,0,0.0012444,0.0028074,0.44327,-0.0028273
7.275,1.9563,0.005,0.087411,-0.031622,-3.9344e-32,0,0.0012725,0.0027813,0.45753,-0.0029455
7.225,2.0063,0.005,0.096017,-0.028991,2.7582e-24,0,0.0012969,0.0027381,0.47365,-0.0030553
7.175,2.0563,0.005,0.1052,-0.026592,6.6411e-24,0,0.0013174,0.0026778,0.49195,-0.0031607
7.125,2.1064,0.005,0.11509,-0.024379,1.5761e-24,0,0.0013334,0.0025283,0.5129,-0.0032489
7.075,2.1564,0.005,0.12589,-0.02231,2.677e-24,0,0.0013464,0.0022658,0.53724,-0.0033088
7.025,2.2065,0.005,0.13758,-0.020359,2.7083e-24,0,0.0013611,0.0020761,0.56478,-0.0033679
6.975,2.2565,0.005,0.15002,-0.018561,-4.9231e-24,0,0.0013837,0.0019552,0.59497,-0.003425
6.925,2.3066,0.005,0.16304,-0.016903,-1.5063e-37,0,0.0014206,0.0019089,0.6272,-0.0034809
6.875,2.3566,0.005,0.17636,-0.015357,-2.4863e-24,0,0.0014772,0.0019431,0.66112,-0.0035366
6.825,2.4066,0.005,0.18966,-0.013897,-3.1944e-24,0,0.0015555,0.0020501,0.69739,-0.0035982
6.775,2.4567,0.005,0.2027,-0.012513,-5.6594e-25,0,0.001653,0.002194,0.73826,-0.0036717
6.725,2.5067,0.005,0.21559,-0.011242,1.3244e-24,0,0.0017647,0.0022419,0.78715,-0.0037694
6.675,2.5568,0.005,0.22868,-0.010078,3.8095e-24,0,0.0018849,0.0022247,0.84727,-0.0038905
6.625,2.6068,0.005,0.24228,-0.0090355,-4.5953e-24,0,0.0020039,0.0021784,0.91987,-0.0040215
6.575,2.6569,0.005,0.25652,-0.0080764,-8.5181e-24,0,0.0021019,0.0020943,1.0036,-0.0041631
6.525,2.7069,0.005,0.27141,-0.0071526,-3.0114e-24,0,0.0021535,0.0019632,1.0969,-0.0043161
6.475,2.7569,0.005,0.28679,-0.0062329,1.1157e-32,0,0.0021295,0.001772,1.2018,-0.004481
6.425,2.807,0.005,0.30233,-0.0052457,2.9447e-24,0,0.0020012,0.0015012,1.3331,-0.0046538
6.375,2.86,0.005,0.31803,-0.004209,6.1352e-25,0,0.0017356,0.0011105,1.5629,-0.0048496
6.325,2.916,0.005,0.32987,-0.0026623,-1.6487e-24,0,0.0013688,0.00059215,2.3116,-0.0050209
6.275,2.972,0.005,0.31839,-0.0013245,1.78e-24,0,0.0017782,0.00026512,6.7072,-0.0052753
8.975,0.312,0.005,0.1069,-0.24113,-6.257e-23,0,0.00068884,0.00026382,2.611,0.0050017
8.925,0.36,0.005,0.074246,-0.23809,-7.0172e-23,0,0.00064177,0.00025626,1.4261,0.012061
8.875,0.408,0.005,0.045643,-0.22901,-4.8608e-23,0,0.00067337,0.00029315,1.0335,0.016769
8.825,0.456,0.005,0.025845,-0.22022,1.5538e-23,0,0.00072312,0.00040151,0.86951,0.019791
8.775,0.50502,0.005,0.010967,-0.21304,1.3275e-23,0,0.00078029,0.00052599,0.78954,0.020901
8.725,0.55506,0.005,-0.00042813,-0.20666,-6.7877e-37,0,0.00083948,0.00064845,0.73852,0.020825
8.675,0.60511,0.005,-0.0091685,-0.20041,-3.9917e-24,0,0.00089125,0.00077518,0.69819,0.020036
8.625,0.65515,0.005,-0.015753,-0.19405,-2.9731e-25,0,0.00093412,0.0009126,0.66162,0.018802
8.575,0.70519,0.005,-0.02051,-0.18753,2.2932e-32,0,0.0009669,0.0010645,0.62727,0.017305
8.525,0.75523,0.005,-0.023697,-0.18086,-3.7449e-24,0,0.0009888,0.0012332,0.59515,0.015669
8.475,0.80528,0.005,-0.025507,-0.17406,-1.3643e-23,0,0.0010002,0.0014219,0.56563,0.013979
8.425,0.85532,0.005,-0.026095,-0.16711,1.1854e-36,0,0.0010022,0.0016329,0.53902,0.012298
8.375,0.90536,0.005,-0.025604,-0.15995,5.6046e-24,0,0.00099673,0.0018652,0.51543,0.010676
8.325,0.9554,0.005,-0.024207,-0.15261,1.0833e-32,0,0.00098551,0.0019921,0.49472,0.0091321
8.275,1.0054,0.005,-0.022062,-0.14512,-1.8434e-32,0,0.00097112,0.0020382,0.47645,0.0076837
8.225,1.0555,0.005,-0.019179,-0.13745,-3.8425e-24,0,0.00095601,0.0020764,0.46042,0.0063461
8.175,1.1055,0.005,-0.015655,-0.12965,9.2977e-24,0,0.00094171,0.0021098,0.44634,0.0051283
8.125,1.1556,0.005,-0.011597,-0.12181,6.1719e-24,0,0.00092931,0.0021416,0.43394,0.0040343
8.075,1.2056,0.005,-0.007106,-0.11401,-5.1061e-24,0,0.00091973,0.0021742,0.42301,0.0030631
8.025,1.2557,0.005,-0.0022701,-0.10635,6.0044e-24,0,0.00091385,0.00221,0.41351,0.0022098
7.975,1.3057,0.005,0.0028382,-0.098936,-1.1542e-23,0,0.00091258,0.0022505,0.4055,0.0014659
7.925,1.3557,0.005,0.008166,-0.091829,5.249e-24,0,0.00091664,0.0022966,0.39912,0.00082118
7.875,1.4058,0.005,0.013678,-0.085082,-4.5566e-24,0,0.00092655,0.0023486,0.39452,0.00026468
7.825,1.4558,0.005,0.019351,-0.07872,1.8623e-32,0,0.0009424,0.0024053,0.39179,-0.00021379
7.775,1.5059,0.005,0.025178,-0.072747,-5.7483e-24,0,0.00096392,0.0024654,0.39098,-0.00062461
7.725,1.5559,0.005,0.031163,-0.067157,-8.4895e-24,0,0.00099047,0.0025264,0.39205,-0.00097744
7.675,1.606,0.005,0.037317,-0.061934,2.9916e-24,0,0.0010211,0.0025856,0.39494,-0.0012809
7.625,1.656,0.005,0.043655,-0.05706,-5.6196e-24,0,0.0010549,0.0026402,0.39954,-0.0015424
7.575,1.706,0.005,0.050196,-0.052518,-5.302e-24,0,0.0010906,0.0026875,0.40581,-0.0017687
7.525,1.7561,0.005,0.056969,-0.048291,2.008e-24,0,0.0011272,0.0027249,0.41365,-0.0019656
7.475,1.8061,0.005,0.064008,-0.044365,-3.32e-24,0,0.0011635,0.0027503,0.42303,-0.0021383
7.425,1.8562,0.005,0.071354,-0.040725,-7.4051e-24,0,0.0011986,0.0027622,0.43393,-0.0022912
7.375,1.9062,0.005,0.079058,-0.037359,-2.1236e-24,0,0.0012318,0.0027593,0.44642,-0.0024281
7.325,1.9563,0.005,0.08718,-0.034253,-2.1359e-24,0,0.0012624,0.0027407,0.46063,-0.0025525
7.275,2.0063,0.005,0.095792,-0.031394,2.1386e-24,0,0.0012901,0.0027059,0.4768,-0.0026674
7.225,2.0563,0.005,0.10498,-0.028773,-5.6992e-37,0,0.0013147,0.0026546,0.49524,-0.0027764
7.175,2.1064,0.005,0.11487,-0.026375,-7.2389e-24,0,0.0013356,0.0025869,0.5163,-0.0028781
7.125,2.1564,0.005,0.12563,-0.024143,-2.7506e-37,0,0.0013532,0.002324,0.54062,-0.0029468
7.075,2.2065,0.005,0.1373,-0.022035,1.0073e-23,0,0.0013718,0.0021281,0.56818,-0.0030074
7.025,2.2565,0.005,0.14973,-0.020081,8.088e-24,0,0.001397,0.0020058,0.59821,-0.0030668
6.975,2.3066,0.005,0.16273,-0.01827,-2.0656e-38,0,0.0014349,0.0019603,0.63001,-0.0031247
6.925,2.3566,0.005,0.176,-0.016571,-2.6394e-24,0,0.0014904,0.0019952,0.66326,-0.0031826
6.875,2.4066,0.005,0.18922,-0.014953,-1.4276e-24,0,0.0015654,0.0020977,0.69874,-0.0032465
6.825,2.4567,0.005,0.2022,-0.013426,0,0,0.0016579,0.0022315,0.73877,-0.0033291
6.775,2.5067,0.005,0.21509,-0.01202,1.4194e-24,0,0.0017636,0.0022415,0.78681,-0.0034354
6.725,2.5568,0.005,0.22818,-0.010734,4.4941e-24,0,0.0018778,0.0022199,0.84591,-0.0035657
6.675,2.6068,0.005,0.24178,-0.0095848,5.8552e-24,0,0.0019902,0.0021701,0.9171,-0.0037068
6.625,2.6569,0.005,0.25598,-0.0085237,-4.6509e-24,0,0.0020817,0.0020837,0.99907,-0.0038605
6.575,2.7069,0.005,0.2708,-0.0075084,-2.5118e-24,0,0.0021275,0.001951,1.0905,-0.0040262
6.525,2.7569,0.005,0.28608,-0.0065062,3.9747e-24,0,0.0020995,0.001759,1.1936,-0.0042046
6.475,2.807,0.005,0.30149,-0.0054466,3.6818e-24,0,0.0019699,0.001488,1.3239,-0.0043926
6.425,2.86,0.005,0.317,-0.0043422,6.0718e-25,0,0.0017071,0.0010985,1.554,-0.0046039
6.375,2.916,0.005,0.32854,-0.0027383,1.0458e-37,0,0.0013502,0.00058564,2.3054,-0.004792
6.325,2.972,0.005,0.31667,-0.0013453,1.8603e-24,0,0.0017646,0.0002641,6.6815,-0.0050643
8.975,0.36,0.005,0.07872,-0.24551,5.8301e-23,0,0.00068782,0.00021723,3.1664,0.0043083
8.925,0.408,0.005,0.053839,-0.24389,-4.6585e-23,0,0.00060449,0.0003299,1.4655,0.011132
8.875,0.456,0.005,0.030885,-0.23405,-8.2965e-24,0,0.00064143,0.00036373,1.0093,0.016191
8.825,0.50502,0.005,0.016419,-0.22532,-2.9737e-23,0,0.00070086,0.0005029,0.84796,0.018802
8.775,0.55506,0.005,0.0051256,-0.21852,1.0895e-23,0,0.0007648,0.00062586,0.77342,0.019626
8.725,0.60511,0.005,-0.0037896,-0.21211,-1.1819e-23,0,0.00082812,0.0007441,0.72646,0.019448
8.675,0.65515,0.005,-0.010721,-0.20559,-1.4006e-23,0,0.00088307,0.00086962,0.68865,0.018649
8.625,0.70519,0.005,-0.015912,-0.19884,1.1284e-23,0,0.0009287,0.0010098,0.65376,0.017463
8.575,0.75523,0.005,-0.019562,-0.19188,-9.809e-24,0,0.00096321,0.001167,0.62082,0.016048
8.525,0.80528,0.005,-0.021848,-0.18475,-8.7097e-24,0,0.00098616,0.0013431,0.59004,0.014516
8.475,0.85532,0.005,-0.022913,-0.17747,4.6999e-24,0,0.00099821,0.0015404,0.56184,0.012944
8.425,0.90536,0.005,-0.022887,-0.17004,5.183e-24,0,0.0010009,0.0017576,0.53654,0.011391
8.375,0.9554,0.005,-0.021914,-0.16245,-5.5196e-24,0,0.00099611,0.0019372,0.5142,0.0098924
8.325,1.0054,0.005,-0.020165,-0.15471,-1.8435e-32,0,0.00098624,0.0019943,0.49452,0.0084665
8.275,1.0555,0.005,-0.017663,-0.14681,-3.8519e-24,0,0.00097396,0.0020408,0.47725,0.0071325
8.225,1.1055,0.005,-0.014482,-0.13878,9.2708e-24,0,0.00096112,0.0020797,0.46215,0.0059037
8.175,1.1556,0.005,-0.010722,-0.13067,-6.2035e-24,0,0.00094901,0.0021141,0.44889,0.0047882
8.125,1.2056,0.005,-0.0064796,-0.12255,-4.4843e-24,0,0.00093868,0.002147,0.43721,0.0037886
8.075,1.2557,0.005,-0.0018447,-0.11453,-5.0964e-24,0,0.00093108,0.0021807,0.42697,0.0029031
8.025,1.3057,0.005,0.0031056,-0.1067,-1.1916e-23,0,0.00092715,0.0022172,0.41817,0.0021258
7.975,1.3557,0.005,0.0083109,-0.099139,-1.2048e-25,0,0.00092779,0.002258,0.41089,0.0014483
7.925,1.4058,0.005,0.013728,-0.091925,1.0124e-23,0,0.00093371,0.0023038,0.40529,0.00086098
7.875,1.4558,0.005,0.019325,-0.085092,-3.9958e-32,0,0.00094531,0.0023544,0.40152,0.00035426
7.825,1.5059,0.005,0.025092,-0.078663,-8.2416e-24,0,0.00096263,0.0024088,0.39964,-8.1858e-05
7.775,1.5559,0.005,0.031031,-0.072638,-5.3145e-37,0,0.00098532,0.0024652,0.39969,-0.00045706
7.725,1.606,0.005,0.037147,-0.067005,-6.0862e-24,0,0.0010127,0.0025213,0.40164,-0.00078005
7.675,1.656,0.005,0.043454,-0.061748,-7.991e-24,0,0.0010438,0.0025745,0.40542,-0.0010586
7.625,1.706,0.005,0.049974,-0.056849,-5.9612e-24,0,0.0010776,0.0026222,0.41096,-0.0012997
7.575,1.7561,0.005,0.056733,-0.052288,-7.4296e-24,0,0.0011131,0.0026617,0.41821,-0.0015094
7.525,1.8061,0.005,0.063764,-0.04805,-4.4586e-24,0,0.0011493,0.0026908,0.42711,-0.0016931
7.475,1.8562,0.005,0.071107,-0.044119,2.2714e-24,0,0.001185,0.0027076,0.43767,-0.0018553
7.425,1.9062,0.005,0.078813,-0.040479,3.3399e-24,0,0.0012197,0.0027108,0.44993,-0.0020002
7.375,1.9563,0.005,0.08694,-0.037117,-3.2515e-24,0,0.0012526,0.0026994,0.46402,-0.0021312
7.325,2.0063,0.005,0.09556,-0.034017,8.5862e-25,0,0.0012833,0.0026726,0.48016,-0.0022513
7.275,2.0563,0.005,0.10476,-0.031165,-8.0978e-25,0,0.0013116,0.0026303,0.49864,-0.0023637
7.225,2.1064,0.005,0.11464,-0.028554,-2.3299e-24,0,0.0013371,0.0025725,0.51979,-0.0024727
7.175,2.1564,0.005,0.12535,-0.026129,-5.9937e-24,0,0.0013596,0.0023922,0.54399,-0.0025568
7.125,2.2065,0.005,0.137,-0.02386,-8.1562e-24,0,0.001382,0.0021866,0.57143,-0.0026189
7.075,2.2565,0.005,0.14941,-0.021734,-3.0161e-24,0,0.0014098,0.0020626,0.60121,-0.0026805
7.025,2.3066,0.005,0.16237,-0.019751,5.8772e-24,0,0.0014486,0.0020178,0.63254,-0.0027403
6.975,2.3566,0.005,0.17557,-0.017882,-2.804e-24,0,0.0015028,0.0020519,0.66513,-0.0028016
6.925,2.4066,0.005,0.1887,-0.016094,-4.1487e-24,0,0.0015744,0.0021481,0.69987,-0.0028687
6.875,2.4567,0.005,0.20164,-0.014417,-1.7738e-24,0,0.001662,0.0022485,0.73917,-0.0029608
6.825,2.5067,0.005,0.21452,-0.012862,7.2854e-25,0,0.001762,0.0022405,0.78645,-0.0030771
6.775,2.5568,0.005,0.22763,-0.011447,1.3171e-24,0,0.0018704,0.0022145,0.84459,-0.003216
6.725,2.6068,0.005,0.24121,-0.010181,2.1068e-24,0,0.0019763,0.0021613,0.9144,-0.0033674
6.675,2.6569,0.005,0.25538,-0.0090096,6.0141e-24,0,0.0020614,0.0020725,0.99465,-0.0035334
6.625,2.7069,0.005,0.27013,-0.0078957,6.7573e-38,0,0.0021016,0.0019384,1.0842,-0.0037128
6.575,2.7569,0.005,0.28532,-0.0068049,-2.3457e-24,0,0.0020697,0.0017456,1.1857,-0.0039057
6.525,2.807,0.005,0.30059,-0.0056679,1.8223e-24,0,0.0019388,0.0014744,1.315,-0.0041092
6.475,2.86,0.005,0.31592,-0.0044881,3.1713e-25,0,0.0016789,0.0010864,1.5454,-0.0043365
6.425,2.916,0.005,0.32717,-0.0028217,1.9234e-24,0,0.0013317,0.00057909,2.2997,-0.0045425
6.375,2.972,0.005,0.31491,-0.0013688,-2.1257e-24,0,0.0017508,0.00026306,6.6555,-0.0048337
8.975,0.408,0.005,0.053023,-0.24743,5.8621e-23,0,0.00072434,0.0001888,3.8364,0.0037658
8.925,0.456,0.005,0.034814,-0.24525,-4.4015e-23,0,0.0005826,0.00038298,1.5212,0.011774
8.875,0.50502,0.005,0.019336,-0.23585,-2.8467e-26,0,0.00062156,0.00053191,1.0014,0.016141
8.825,0.55506,0.005,0.009216,-0.2289,6.2692e-24,0,0.00068752,0.00064609,0.83825,0.018012
8.775,0.60511,0.005,0.00068721,-0.22285,2.4753e-25,0,0.00075593,0.00074637,0.7649,0.018537
8.725,0.65515,0.005,-0.0062406,-0.21662,-4.5733e-24,0,0.00082103,0.00085197,0.71952,0.018241
8.675,0.70519,0.005,-0.011652,-0.20997,-2.0662e-23,0,0.00087847,0.00097308,0.68248,0.017422
8.625,0.75523,0.005,-0.015641,-0.20293,3.5614e-24,0,0.0009259,0.0011139,0.64843,0.016274
8.575,0.80528,0.005,-0.018316,-0.1956,-3.3339e-32,0,0.00096155,0.0012752,0.6164,0.014935
8.525,0.85532,0.005,-0.019799,-0.18806,-7.9168e-24,0,0.00098521,0.0014575,0.58661,0.013501
8.475,0.90536,0.005,-0.020196,-0.18037,1.6597e-24,0,0.00099781,0.0016607,0.55951,0.012042
8.425,0.9554,0.005,-0.019627,-0.17252,2.2143e-25,0,0.0010011,0.00187,0.53534,0.010609
8.375,1.0054,0.005,-0.018249,-0.16454,4.5683e-24,0,0.00099726,0.0019401,0.51401,0.0092242
8.325,1.0555,0.005,-0.016115,-0.15643,-5.8532e-24,0,0.00098919,0.0019972,0.4953,0.0079101
8.275,1.1055,0.005,-0.013273,-0.14818,-6.0575e-24,0,0.00097898,0.0020439,0.47896,0.0066835
8.225,1.1556,0.005,-0.0098137,-0.13983,6.1832e-24,0,0.00096819,0.0020835,0.46469,0.0055571
8.175,1.2056,0.005,-0.0058286,-0.13144,6.2484e-24,0,0.00095803,0.0021187,0.45217,0.0045372
8.125,1.2557,0.005,-0.0014053,-0.12309,-1.2537e-23,0,0.00094957,0.0021523,0.44118,0.0036255
8.075,1.3057,0.005,0.0033766,-0.11488,4.1166e-25,0,0.00094379,0.0021866,0.43162,0.0028186
8.025,1.3557,0.005,0.0084516,-0.1069,3.139e-33,0,0.00094168,0.0022235,0.42351,0.0021106
7.975,1.4058,0.005,0.013768,-0.099227,2.0218e-37,0,0.00094414,0.0022642,0.41699,0.0014934
7.925,1.4558,0.005,0.019288,-0.091924,2.1453e-24,0,0.00095179,0.0023091,0.4122,0.0009585
7.875,1.5059,0.005,0.024996,-0.085025,3.6375e-24,0,0.00096498,0.0023578,0.40927,0.00049665
7.825,1.5559,0.005,0.030888,-0.078543,5.1192e-37,0,0.00098365,0.0024093,0.40827,9.8402e-05
7.775,1.606,0.005,0.036967,-0.072476,-2.6399e-24,0,0.0010074,0.0024617,0.40923,-0.00024496
7.725,1.656,0.005,0.043246,-0.06681,6.6029e-24,0,0.0010355,0.0025127,0.4121,-0.00054136
7.675,1.706,0.005,0.049745,-0.061528,1.2795e-23,0,0.001067,0.0025598,0.41684,-0.00079793
7.625,1.7561,0.005,0.056489,-0.056611,2.3359e-24,0,0.001101,0.0026005,0.4234,-0.001021
7.575,1.8061,0.005,0.063512,-0.05204,-7.6667e-24,0,0.0011365,0.0026324,0.43175,-0.0012162
7.525,1.8562,0.005,0.070852,-0.047796,-9.8062e-32,0,0.0011726,0.0026536,0.44188,-0.0013883
7.475,1.9062,0.005,0.07856,-0.043865,6.0715e-24,0,0.0012083,0.0026624,0.45383,-0.0015416
7.425,1.9563,0.005,0.086692,-0.040229,9.8689e-25,0,0.0012431,0.0026577,0.46772,-0.0016796
7.375,2.0063,0.005,0.095319,-0.036873,4.0803e-37,0,0.0012764,0.0026387,0.48374,-0.0018054
7.325,2.0563,0.005,0.10452,-0.03378,-8.2809e-25,0,0.0013081,0.0026049,0.50217,-0.0019217
7.275,2.1064,0.005,0.1144,-0.030934,7.8993e-25,0,0.0013379,0.0025566,0.52329,-0.0020325
7.225,2.1564,0.005,0.12508,-0.028297,5.8123e-24,0,0.0013653,0.0024751,0.54734,-0.002133
7.175,2.2065,0.005,0.13668,-0.02584,5.4497e-24,0,0.0013915,0.002253,0.5745,-0.0022003
7.125,2.2565,0.005,0.14906,-0.023527,-5.9095e-24,0,0.0014218,0.0021262,0.60394,-0.002264
7.075,2.3066,0.005,0.16195,-0.021356,-3.1109e-24,0,0.0014613,0.0020819,0.63475,-0.0023258
7.025,2.3566,0.005,0.17507,-0.019295,3.4923e-24,0,0.0015142,0.0021134,0.66672,-0.00239
6.975,2.4066,0.005,0.18811,-0.017325,-2.7874e-24,0,0.0015825,0.0022017,0.70079,-0.0024644
6.925,2.4567,0.005,0.20101,-0.015488,2.6261e-24,0,0.0016653,0.002252,0.73948,-0.0025653
6.875,2.5067,0.005,0.21388,-0.013775,2.4844e-24,0,0.00176,0.0022389,0.78609,-0.0026931
6.825,2.5568,0.005,0.227,-0.012222,4.7208e-25,0,0.0018625,0.0022086,0.84331,-0.0028399
6.775,2.6068,0.005,0.24058,-0.010828,1.2429e-24,0,0.0019622,0.002152,0.91178,-0.0030018
6.725,2.6569,0.005,0.25472,-0.0095379,2.2186e-24,0,0.002041,0.0020609,0.99034,-0.0031805
6.675,2.7069,0.005,0.2694,-0.0083174,0,0,0.0020757,0.0019253,1.0781,-0.0033741
6.625,2.7569,0.005,0.2845,-0.007131,-3.9685e-24,0,0.0020399,0.0017317,1.178,-0.0035824
6.575,2.807,0.005,0.29965,-0.0059108,-4.3048e-24,0,0.001908,0.0014605,1.3064,-0.0038026
6.525,2.86,0.005,0.31479,-0.0046513,-4.078e-26,0,0.0016509,0.001074,1.5372,-0.0040462
6.475,2.916,0.005,0.32574,-0.0029127,7.6955e-26,0,0.0013135,0.00057249,2.2944,-0.0042703
6.425,2.972,0.005,0.3131,-0.0013952,2.4e-24,0,0.0017369,0.00026201,6.629,-0.0045823
8.975,0.456,0.005,0.028878,-0.24466,-4.3411e-23,0,0.00079125,0.00017287,4.5772,0.0048596
8.925,0.50502,0.005,0.019115,-0.24135,3.8298e-23,0,0.00057582,0.00036502,1.5775,0.013269
8.875,0.55506,0.005,0.011354,-0.23662,6.8898e-25,0,0.00061155,0.00060805,1.0058,0.016114
8.825,0.60511,0.005,0.0040188,-0.23169,1.0457e-23,0,0.0006813,0.00081518,0.83577,0.017367
8.775,0.65515,0.005,-0.0024947,-0.2264,1.8516e-23,0,0.00075163,0.00088281,0.76123,0.017595
8.725,0.70519,0.005,-0.0078729,-0.22041,1.0916e-23,0,0.00081771,0.00096913,0.71575,0.017178
8.675,0.75523,0.005,-0.012026,-0.21369,8.1029e-24,0,0.00087665,0.0010835,0.67874,0.016337
8.625,0.80528,0.005,-0.014984,-0.20641,-9.538e-24,0,0.00092519,0.0012234,0.64504,0.015226
8.575,0.85532,0.005,-0.016803,-0.19876,-9.201e-37,0,0.00096154,0.0013876,0.61359,0.013959
8.525,0.90536,0.005,-0.017571,-0.19087,3.013e-37,0,0.00098571,0.0015743,0.58459,0.01262
8.475,0.9554,0.005,-0.017375,-0.18279,4.692e-24,0,0.00099878,0.0017779,0.55843,0.011272
8.425,1.0054,0.005,-0.016345,-0.17459,7.3842e-25,0,0.0010027,0.0018735,0.5352,0.0099475
8.375,1.0555,0.005,-0.014557,-0.16627,-3.6451e-37,0,0.0010004,0.0019434,0.51479,0.0086695
8.325,1.1055,0.005,-0.012044,-0.15782,-2.8499e-24,0,0.00099418,0.0020004,0.49698,0.0074594
8.275,1.1556,0.005,-0.0088842,-0.14925,-4.3422e-37,0,0.00098585,0.0020475,0.48149,0.0063341
8.225,1.2056,0.005,-0.0051608,-0.14062,4.574e-24,0,0.00097689,0.0020875,0.46798,0.0053038
8.175,1.2557,0.005,-0.00095765,-0.13199,6.3353e-24,0,0.00096851,0.0021232,0.45615,0.0043733
8.125,1.3057,0.005,0.0036468,-0.12344,-3.7296e-25,0,0.00096177,0.0021573,0.44583,0.0035424
8.075,1.3557,0.005,0.0085829,-0.11507,-2.0448e-25,0,0.00095772,0.0021919,0.43693,0.0028075
8.025,1.4058,0.005,0.013793,-0.10697,-1.0909e-23,0,0.00095738,0.0022288,0.42955,0.0021623
7.975,1.4558,0.005,0.019234,-0.099209,1.1142e-23,0,0.00096157,0.0022689,0.42381,0.0016
7.925,1.5059,0.005,0.024884,-0.091839,1.3696e-23,0,0.00097088,0.0023124,0.41985,0.0011126
7.875,1.5559,0.005,0.03073,-0.084888,5.0874e-24,0,0.00098557,0.002359,0.4178,0.00069088
7.825,1.606,0.005,0.036775,-0.078367,-1.1783e-23,0,0.0010055,0.0024071,0.41772,0.00032652
7.775,1.656,0.005,0.043027,-0.072269,-3.7137e-37,0,0.0010303,0.0024552,0.41963,1.1569e-05
7.725,1.706,0.005,0.049506,-0.06658,9.2564e-24,0,0.0010591,0.0025009,0.42349,-0.0002612
7.675,1.7561,0.005,0.056236,-0.061282,1.6079e-23,0,0.0010912,0.0025419,0.42927,-0.00049835
7.625,1.8061,0.005,0.063251,-0.056354,1.3404e-23,0,0.0011256,0.0025759,0.43697,-0.00070564
7.575,1.8562,0.005,0.070589,-0.051777,7.9396e-24,0,0.0011614,0.0026006,0.44658,-0.00088812
7.525,1.9062,0.005,0.078298,-0.047533,-3.8479e-24,0,0.0011977,0.0026144,0.45812,-0.0010502
7.475,1.9563,0.005,0.086435,-0.043605,-5.4082e-24,0,0.001234,0.0026159,0.47172,-0.0011956
7.425,2.0063,0.005,0.095067,-0.039975,4.4939e-24,0,0.0012696,0.0026041,0.48753,-0.0013275
7.375,2.0563,0.005,0.10427,-0.036625,1.0726e-23,0,0.0013043,0.0025787,0.50579,-0.0014484
7.325,2.1064,0.005,0.11415,-0.033534,2.7204e-24,0,0.0013377,0.0025395,0.52677,-0.001561
7.275,2.1564,0.005,0.1248,-0.030672,3.4556e-24,0,0.0013696,0.0024873,0.55063,-0.0016685
7.225,2.2065,0.005,0.13633,-0.027985,2.8771e-24,0,0.0013999,0.0023328,0.57736,-0.0017504
7.175,2.2565,0.005,0.14865,-0.025466,3.3675e-24,0,0.0014327,0.0021982,0.60639,-0.001815
7.125,2.3066,0.005,0.16147,-0.023088,-4.8914e-25,0,0.0014729,0.0021522,0.63666,-0.0018792
7.075,2.3566,0.005,0.17448,-0.02082,-2.5931e-24,0,0.0015245,0.0021797,0.66801,-0.0019465
7.025,2.4066,0.005,0.18745,-0.018664,2.9532e-24,0,0.0015896,0.0022586,0.70153,-0.0020314
6.975,2.4567,0.005,0.2003,-0.016644,2.8037e-24,0,0.0016677,0.0022545,0.73972,-0.0021409
6.925,2.5067,0.005,0.21318,-0.014766,4.4342e-24,0,0.0017574,0.0022365,0.78575,-0.0022798
6.875,2.5568,0.005,0.22631,-0.013067,-1.0153e-24,0,0.0018543,0.002202,0.84209,-0.0024352
6.825,2.6068,0.005,0.23988,-0.011531,-1.1047e-24,0,0.0019478,0.0021422,0.90924,-0.0026081
6.775,2.6569,0.005,0.25398,-0.010113,1.1958e-24,0,0.0020204,0.0020487,0.98616,-0.0027998
6.725,2.7069,0.005,0.26861,-0.0087767,2.8404e-37,0,0.0020497,0.0019117,1.0722,-0.0030082
6.675,2.7569,0.005,0.28361,-0.0074868,6.4577e-24,0,0.0020103,0.0017174,1.1705,-0.003233
6.625,2.807,0.005,0.29864,-0.0061763,-2.6245e-24,0,0.0018773,0.0014462,1.2981,-0.0034709
6.575,2.86,0.005,0.3136,-0.0048343,2.2955e-24,0,0.0016232,0.0010613,1.5294,-0.0037325
6.525,2.916,0.005,0.32426,-0.0030141,9.8356e-26,0,0.0012955,0.00056583,2.2896,-0.0039737
6.475,2.972,0.005,0.31125,-0.0014243,4.9028e-24,0,0.0017228,0.00026094,6.6022,-0.0043081
8.975,0.50502,0.005,0.0054467,-0.23676,-3.802e-23,0,0.00087642,0.00016622,5.2727,0.010004
8.925,0.55506,0.005,0.011,-0.23851,1.17e-36,0,0.0005741,0.00035509,1.6168,0.014222
8.875,0.60511,0.005,0.0058097,-0.23746,-1.2098e-23,0,0.00061221,0.00060283,1.0156,0.016061
8.825,0.65515,0.005,0.00038696,-0.23413,4.8788e-37,0,0.00067971,0.00081226,0.83681,0.016786
8.775,0.70519,0.005,-0.0046234,-0.22948,3.8193e-24,0,0.00075006,0.00098602,0.7607,0.016771
8.725,0.75523,0.005,-0.0087825,-0.22366,1.1996e-24,0,0.00081716,0.0010918,0.71409,0.016246
8.675,0.80528,0.005,-0.011905,-0.21686,2.1528e-23,0,0.00087696,0.0011978,0.67677,0.015385
8.625,0.85532,0.005,-0.013983,-0.20937,4.6281e-37,0,0.00092612,0.0013364,0.64317,0.014311
8.575,0.90536,0.005,-0.015053,-0.20143,-1.1623e-23,0,0.0009629,0.0015018,0.61212,0.013117
8.525,0.9554,0.005,-0.015188,-0.19321,-8.2458e-25,0,0.00098746,0.0016886,0.58377,0.011875
8.475,1.0054,0.005,-0.014483,-0.18481,4.8354e-24,0,0.001001,0.0017926,0.55841,0.010627
8.425,1.0555,0.005,-0.013015,-0.17629,-3.6537e-24,0,0.0010062,0.0018771,0.53601,0.0094015
8.375,1.1055,0.005,-0.010815,-0.16765,2.7281e-24,0,0.0010054,0.0019468,0.51646,0.0082228
8.325,1.1556,0.005,-0.0079484,-0.15889,-4.3363e-37,0,0.0010009,0.0020038,0.49949,0.0071117
8.275,1.2056,0.005,-0.0044877,-0.15005,-6.2005e-24,0,0.00099428,0.002051,0.48477,0.006082
8.225,1.2557,0.005,-0.00050977,-0.14117,6.3557e-24,0,0.00098699,0.0020913,0.47195,0.0051419
8.175,1.3057,0.005,0.0039088,-0.13234,5.9838e-24,0,0.00098024,0.0021273,0.46079,0.0042938
8.125,1.3557,0.005,0.0086974,-0.12362,-2.6402e-25,0,0.00097515,0.0021617,0.45111,0.0035369
8.075,1.4058,0.005,0.013797,-0.11513,-4.4329e-24,0,0.00097282,0.0021964,0.44292,0.0028671
8.025,1.4558,0.005,0.019156,-0.10693,1.1593e-23,0,0.0009742,0.0022329,0.43629,0.0022794
7.975,1.5059,0.005,0.024747,-0.099099,-1.1164e-23,0,0.00098008,0.0022721,0.43136,0.0017671
7.925,1.5559,0.005,0.03055,-0.091678,5.3623e-24,0,0.000991,0.0023139,0.42827,0.0013221
7.875,1.606,0.005,0.036562,-0.08469,5.1453e-24,0,0.0010071,0.0023578,0.42715,0.00093644
7.825,1.656,0.005,0.042791,-0.078142,-7.3543e-24,0,0.0010284,0.0024025,0.42804,0.00060238
7.775,1.706,0.005,0.049252,-0.072023,-4.7413e-24,0,0.0010542,0.0024461,0.43095,0.00031275
7.725,1.7561,0.005,0.055971,-0.06632,2.7005e-24,0,0.0010838,0.0024866,0.43587,6.0914e-05
7.675,1.8061,0.005,0.062978,-0.061012,8.7953e-24,0,0.0011167,0.0025217,0.44282,-0.00015906
7.625,1.8562,0.005,0.070313,-0.056079,2.8512e-24,0,0.0011517,0.0025492,0.4518,-0.00035242
7.575,1.9062,0.005,0.078023,-0.051502,-7.0147e-24,0,0.0011882,0.0025672,0.46285,-0.0005237
7.525,1.9563,0.005,0.086163,-0.04726,-1.0935e-23,0,0.0012254,0.0025743,0.47604,-0.00067686
7.475,2.0063,0.005,0.094799,-0.043336,3.91e-24,0,0.0012629,0.0025693,0.49153,-0.00081523
7.425,2.0563,0.005,0.10401,-0.03971,9.6926e-24,0,0.0013001,0.0025515,0.50952,-0.00094152
7.375,2.1064,0.005,0.11387,-0.036359,6.6837e-24,0,0.0013367,0.002521,0.53023,-0.0010578
7.325,2.1564,0.005,0.12449,-0.033253,7.5001e-25,0,0.0013724,0.0024782,0.55377,-0.0011661
7.275,2.2065,0.005,0.13595,-0.030328,-5.8306e-25,0,0.0014069,0.0024256,0.58004,-0.0012617
7.225,2.2565,0.005,0.14819,-0.027562,-3.0457e-24,0,0.0014422,0.002282,0.60852,-0.001331
7.175,2.3066,0.005,0.16091,-0.024952,-7.7438e-39,0,0.0014831,0.0022306,0.63824,-0.0013983
7.125,2.3566,0.005,0.17381,-0.022469,-5.8386e-25,0,0.0015334,0.0022515,0.66904,-0.0014726
7.075,2.4066,0.005,0.1867,-0.020116,-4.1433e-24,0,0.0015953,0.0022722,0.70211,-0.0015673
7.025,2.4567,0.005,0.19952,-0.017896,-2.9903e-24,0,0.0016693,0.002256,0.73991,-0.0016874
6.975,2.5067,0.005,0.2124,-0.015844,-2.8801e-24,0,0.0017542,0.0022334,0.78545,-0.0018341
6.925,2.5568,0.005,0.22553,-0.013987,2.765e-24,0,0.0018456,0.0021947,0.84093,-0.0019993
6.875,2.6068,0.005,0.2391,-0.012298,-4.1107e-24,0,0.001933,0.0021317,0.90678,-0.002184
6.825,2.6569,0.005,0.25317,-0.01074,-1.0098e-23,0,0.0019996,0.0020361,0.9821,-0.0023893
6.775,2.7069,0.005,0.26774,-0.0092775,-2.0772e-24,0,0.0020237,0.0018977,1.0664,-0.0026133
6.725,2.7569,0.005,0.28266,-0.0078749,8.4002e-25,0,0.0019807,0.0017027,1.1633,-0.0028555
6.675,2.807,0.005,0.29757,-0.0064652,2.8117e-24,0,0.0018467,0.0014315,1.2901,-0.0031125
6.625,2.86,0.005,0.31235,-0.0050372,5.3651e-25,0,0.0015957,0.0010483,1.5221,-0.0033941
6.575,2.916,0.005,0.32272,-0.0031243,-2.5774e-24,0,0.0012777,0.00055911,2.2853,-0.0036513
6.525,2.972,0.005,0.30933,-0.0014569,-2.674e-24,0,0.0017086,0.00025986,6.5749,-0.0040102
8.975,0.55506,0.005,0.0047327,-0.22381,-1.3548e-23,0,0.00088071,0.00016662,5.2857,0.012486
8.925,0.60511,0.005,0.005813,-0.23701,-3.8259e-24,0,0.00058206,0.00035184,1.6543,0.014806
8.875,0.65515,0.005,0.0021371,-0.23853,-7.6455e-24,0,0.00061804,0.00060259,1.0257,0.015893
8.825,0.70519,0.005,-0.0020781,-0.23639,-8.8692e-24,0,0.00068243,0.00081232,0.8401,0.016242
8.775,0.75523,0.005,-0.0059326,-0.23223,5.0375e-38,0,0.00075109,0.0009861,0.76168,0.016036
8.725,0.80528,0.005,-0.00909,-0.22649,-5.9154e-24,0,0.0008184,0.0011462,0.71401,0.015431
8.675,0.85532,0.005,-0.011345,-0.21958,1.5555e-24,0,0.0008788,0.0012996,0.67621,0.014562
8.625,0.90536,0.005,-0.012673,-0.21187,-2.7878e-24,0,0.00092836,0.0014448,0.64255,0.01353
8.575,0.9554,0.005,-0.013098,-0.20366,0,0,0.0009654,0.001578,0.61178,0.01241
8.525,1.0054,0.005,-0.012684,-0.19515,0,0,0.00099026,0.0016956,0.58401,0.011256
8.475,1.0555,0.005,-0.011513,-0.18646,3.5064e-24,0,0.0010048,0.0017964,0.55932,0.010098
8.425,1.1055,0.005,-0.0096081,-0.17764,5.7195e-24,0,0.0010112,0.0018807,0.53769,0.0089652
8.375,1.1556,0.005,-0.007024,-0.16871,-5.8188e-24,0,0.001012,0.0019501,0.51895,0.0078819
8.325,1.2056,0.005,-0.0038227,-0.15968,-6.1044e-24,0,0.0010091,0.0020071,0.50275,0.006865
8.275,1.2557,0.005,-7.3395e-05,-0.15059,-6.3259e-24,0,0.001004,0.0020543,0.48873,0.0059255
8.225,1.3057,0.005,0.0041524,-0.14151,6.0846e-24,0,0.00099829,0.0020946,0.47659,0.0050685
8.175,1.3557,0.005,0.0087879,-0.1325,6.266e-24,0,0.00099314,0.0021309,0.46606,0.004296
8.125,1.4058,0.005,0.01377,-0.12365,6.1499e-24,0,0.00098972,0.0021654,0.45706,0.0036062
8.075,1.4558,0.005,0.019045,-0.11505,-4.6665e-24,0,0.00098908,0.0021999,0.44959,0.0029962
8.025,1.5059,0.005,0.024575,-0.10679,-7.5536e-24,0,0.00099215,0.0022358,0.44375,0.002461
7.975,1.5559,0.005,0.030337,-0.098904,-5.6264e-24,0,0.00099971,0.0022738,0.43967,0.0019935
7.925,1.606,0.005,0.036321,-0.091449,6.1456e-24,0,0.0010122,0.0023136,0.43751,0.0015866
7.875,1.656,0.005,0.042529,-0.084437,2.5815e-24,0,0.0010298,0.0023547,0.43735,0.0012332
7.825,1.706,0.005,0.048977,-0.077872,-2.2815e-24,0,0.0010524,0.0023958,0.43926,0.00092623
7.775,1.7561,0.005,0.055686,-0.071742,-4.8616e-24,0,0.0010793,0.002435,0.44325,0.00065912
7.725,1.8061,0.005,0.062687,-0.066032,-1.5381e-23,0,0.0011101,0.0024703,0.44936,0.00042587
7.675,1.8562,0.005,0.07002,-0.06072,-1.5221e-23,0,0.0011439,0.0024997,0.45761,0.00022112
7.625,1.9062,0.005,0.07773,-0.055787,-3.1131e-24,0,0.00118,0.0025212,0.46803,4.0145e-05
7.575,1.9563,0.005,0.085872,-0.051211,1.1468e-24,0,0.0012176,0.0025331,0.4807,-0.00012118
7.525,2.0063,0.005,0.094509,-0.046971,9.4722e-24,0,0.0012563,0.0025341,0.49576,-0.00026636
7.475,2.0563,0.005,0.10371,-0.043047,3.1616e-24,0,0.0012955,0.0025236,0.51336,-0.00039832
7.425,2.1064,0.005,0.11356,-0.039414,-6.317e-24,0,0.0013347,0.002501,0.53368,-0.00051935
7.375,2.1564,0.005,0.12414,-0.036041,6.6852e-37,0,0.0013736,0.002467,0.55678,-0.0006307
7.325,2.2065,0.005,0.13552,-0.032875,-3.1622e-24,0,0.0014116,0.0024234,0.5825,-0.00073193
7.275,2.2565,0.005,0.14764,-0.029852,-3.7015e-24,0,0.0014498,0.0023754,0.61032,-0.00081336
7.225,2.3066,0.005,0.16026,-0.026979,-6.4018e-37,0,0.0014914,0.002319,0.6395,-0.00088428
7.175,2.3566,0.005,0.17305,-0.02426,-2.8456e-24,0,0.0015406,0.0022999,0.66985,-0.00096756
7.125,2.4066,0.005,0.18586,-0.021683,-5.9073e-24,0,0.0015997,0.0022769,0.7026,-0.0010713
7.075,2.4567,0.005,0.19866,-0.019255,-3.2035e-24,0,0.0016699,0.0022563,0.74011,-0.0012021
7.025,2.5067,0.005,0.21154,-0.017017,3.0949e-24,0,0.0017503,0.0022292,0.78519,-0.0013551
6.975,2.5568,0.005,0.22468,-0.014987,1.826e-24,0,0.0018364,0.0021867,0.83983,-0.0015298
6.925,2.6068,0.005,0.23823,-0.013133,4.4465e-24,0,0.0019179,0.0021206,0.90442,-0.0017272
6.875,2.6569,0.005,0.25228,-0.011424,-2.7395e-24,0,0.0019786,0.0020228,0.97817,-0.0019468
6.825,2.7069,0.005,0.26679,-0.0098242,-1.1312e-24,0,0.0019976,0.001883,1.0608,-0.0021871
6.775,2.7569,0.005,0.28163,-0.0082986,9.149e-25,0,0.0019512,0.0016874,1.1564,-0.0024477
6.725,2.807,0.005,0.29643,-0.0067804,1.7989e-24,0,0.0018163,0.0014163,1.2825,-0.002725
6.675,2.86,0.005,0.31103,-0.0052563,-2.2384e-24,0,0.0015683,0.0010351,1.5152,-0.0030289
6.625,2.916,0.005,0.32109,-0.0032437,-2.9232e-24,0,0.00126,0.00055231,2.2814,-0.0033053
6.575,2.972,0.005,0.30736,-0.0014913,-2.8319e-24,0,0.0016941,0.00025876,6.5472,-0.0036878
8.975,0.60511,0.005,0.0019336,-0.21735,2.4754e-23,0,0.00088685,0.0001672,5.3041,0.013768
8.925,0.65515,0.005,0.0025972,-0.2361,-6.9301e-24,0,0.00059288,0.00035233,1.6827,0.015044
8.875,0.70519,0.005,-0.00032381,-0.23975,-2.6796e-24,0,0.00062687,0.000606,1.0344,0.015647
8.825,0.75523,0.005,-0.0036186,-0.23851,2.8173e-24,0,0.00068771,0.00081453,0.8443,0.015721
8.775,0.80528,0.005,-0.006584,-0.23469,8.2378e-25,0,0.00075461,0.00098804,0.76375,0.015375
8.725,0.85532,0.005,-0.008922,-0.22898,1.6855e-24,0,0.00082134,0.0011485,0.71514,0.01472
8.675,0.90536,0.005,-0.010435,-0.22191,-2.6869e-24,0,0.00088172,0.0013027,0.67683,0.013862
8.625,0.9554,0.005,-0.011111,-0.21398,-7.6097e-24,0,0.00093152,0.0014486,0.64303,0.012877
8.575,1.0054,0.005,-0.010971,-0.20551,3.888e-24,0,0.00096895,0.001582,0.61248,0.011828
8.525,1.0555,0.005,-0.010072,-0.19673,-1.0043e-36,0,0.00099452,0.0016996,0.58515,0.010751
8.475,1.1055,0.005,-0.0084426,-0.18776,-2.7085e-24,0,0.00101,0.0018001,0.56109,0.0096785
8.425,1.1556,0.005,-0.0061289,-0.17867,2.3154e-36,0,0.0010178,0.0018841,0.54019,0.0086367
8.375,1.2056,0.005,-0.0031824,-0.16947,7.3918e-24,0,0.00102,0.0019532,0.52219,0.0076451
8.325,1.2557,0.005,0.00033803,-0.1602,-6.2409e-24,0,0.0010185,0.00201,0.50671,0.0067172
8.275,1.3057,0.005,0.0043684,-0.1509,-6.3161e-24,0,0.0010149,0.0020571,0.49335,0.0058609
8.225,1.3557,0.005,0.0088447,-0.14164,-4.2489e-25,0,0.0010107,0.0020976,0.48184,0.0050807
8.175,1.4058,0.005,0.013704,-0.13249,6.2669e-24,0,0.0010072,0.002134,0.47198,0.004377
8.125,1.4558,0.005,0.018889,-0.12353,-1.0901e-23,0,0.0010054,0.0021684,0.46369,0.0037492
8.075,1.5059,0.005,0.024357,-0.11486,-3.7025e-24,0,0.0010065,0.0022025,0.45698,0.003194
8.025,1.5559,0.005,0.030079,-0.10654,2.4725e-37,0,0.0010113,0.0022375,0.45196,0.0027058
7.975,1.606,0.005,0.036037,-0.098631,-1.3908e-23,0,0.0010205,0.002274,0.44879,0.0022786
7.925,1.656,0.005,0.04223,-0.091155,-2.7501e-24,0,0.0010347,0.0023117,0.44759,0.001906
7.875,1.706,0.005,0.048668,-0.084132,5.3414e-24,0,0.0010538,0.0023499,0.44846,0.0015814
7.825,1.7561,0.005,0.055372,-0.07756,-2.0721e-24,0,0.0010778,0.0023873,0.45146,0.0012986
7.775,1.8061,0.005,0.062371,-0.071427,-5.0022e-24,0,0.001106,0.0024222,0.45663,0.0010516
7.725,1.8562,0.005,0.069703,-0.065715,-1.3144e-31,0,0.0011381,0.0024526,0.46404,0.00083491
7.675,1.9062,0.005,0.077412,-0.060403,4.7088e-24,0,0.0011732,0.0024766,0.47373,0.00064377
7.625,1.9563,0.005,0.085553,-0.05547,1.2034e-24,0,0.0012108,0.0024925,0.48576,0.00047387
7.575,2.0063,0.005,0.094187,-0.050893,-1.0712e-24,0,0.0012501,0.002499,0.50026,0.00032152
7.525,2.0563,0.005,0.10338,-0.046648,-9.6326e-25,0,0.0012907,0.0024948,0.51734,0.00018355
7.475,2.1064,0.005,0.11321,-0.04271,-6.789e-24,0,0.001332,0.0024797,0.53715,5.7395e-05
7.425,2.1564,0.005,0.12374,-0.039047,-8.3547e-24,0,0.0013733,0.0024537,0.55969,-5.8723e-05
7.375,2.2065,0.005,0.13503,-0.035608,1.4396e-24,0,0.0014142,0.0024183,0.5848,-0.00016491
7.325,2.2565,0.005,0.14703,-0.032332,-4.5654e-24,0,0.0014548,0.0023773,0.61194,-0.00025909
7.275,2.3066,0.005,0.15952,-0.029188,5.8227e-25,0,0.0014974,0.0023378,0.64053,-0.00034048
7.225,2.3566,0.005,0.17221,-0.026201,-3.6738e-24,0,0.0015458,0.0023054,0.67051,-0.00043057
7.175,2.4066,0.005,0.18495,-0.023377,-9.0429e-24,0,0.0016027,0.0022797,0.70302,-0.00054242
7.125,2.4567,0.005,0.19771,-0.020731,-2.485e-24,0,0.0016696,0.0022552,0.74032,-0.00068007
7.075,2.5067,0.005,0.21059,-0.018296,4.472e-24,0,0.0017458,0.002224,0.78498,-0.00084045
7.025,2.5568,0.005,0.22373,-0.016075,5.1883e-24,0,0.0018267,0.0021777,0.8388,-0.001025
6.975,2.6068,0.005,0.23728,-0.014043,0,0,0.0019024,0.0021087,0.90215,-0.0012354
6.925,2.6569,0.005,0.2513,-0.01217,4.4446e-24,0,0.0019574,0.0020088,0.97437,-0.00147
6.875,2.7069,0.005,0.26576,-0.010421,2.4674e-24,0,0.0019714,0.0018678,1.0555,-0.0017273
6.825,2.7569,0.005,0.28052,-0.008762,4.7439e-24,0,0.0019217,0.0016715,1.1497,-0.0020073
6.775,2.807,0.005,0.29521,-0.0071253,4.0628e-24,0,0.001786,0.0014006,1.2752,-0.0023061
6.725,2.86,0.005,0.30964,-0.0054917,3.0074e-24,0,0.0015412,0.0010215,1.5087,-0.0026332
6.675,2.916,0.005,0.31938,-0.0033753,1.77e-25,0,0.0012425,0.0005454,2.2782,-0.0029359
6.625,2.972,0.005,0.30532,-0.0015275,3.1554e-24,0,0.0016795,0.00025763,6.5189,-0.00334
8.975,0.65515,0.005,0.00080969,-0.21419,-4.5479e-24,0,0.00089222,0.0001677,5.3202,0.014428
8.925,0.70519,0.005,0.0004767,-0.23616,-2.2638e-25,0,0.0006052,0.00035518,1.7039,0.015092
8.875,0.75523,0.005,-0.0018852,-0.24112,2.1131e-37,0,0.00063705,0.00061097,1.0427,0.015352
8.825,0.80528,0.005,-0.0044914,-0.24047,3.9234e-24,0,0.00069491,0.00081919,0.84829,0.015222
8.775,0.85532,0.005,-0.006718,-0.23688,-2.8642e-25,0,0.00075999,0.00099126,0.76669,0.014782
8.725,0.90536,0.005,-0.0083677,-0.23113,1.2182e-37,0,0.00082586,0.0011513,0.7173,0.014105
8.675,0.9554,0.005,-0.0092452,-0.2239,-1.4122e-24,0,0.00088601,0.0013059,0.67844,0.01327
8.625,1.0054,0.005,-0.0093554,-0.21573,3.6092e-24,0,0.00093595,0.0014523,0.64445,0.012337
8.575,1.0555,0.005,-0.0087063,-0.207,-4.2542e-24,0,0.00097379,0.0015858,0.61405,0.011354
8.525,1.1055,0.005,-0.0073366,-0.19796,7.3796e-24,0,0.001,0.0017033,0.58713,0.010355
8.475,1.1556,0.005,-0.0052806,-0.18874,5.3579e-24,0,0.0010165,0.0018034,0.56366,0.0093681
8.425,1.2056,0.005,-0.0025821,-0.17938,-1.2954e-24,0,0.0010255,0.001887,0.54345,0.0084143
8.375,1.2557,0.005,0.00071278,-0.16995,0,0,0.001029,0.0019557,0.52614,0.0075096
8.325,1.3057,0.005,0.0045455,-0.16047,-6.3056e-24,0,0.0010289,0.0020123,0.5113,0.0066645
8.275,1.3557,0.005,0.0088571,-0.15099,-6.3336e-24,0,0.0010269,0.0020595,0.4986,0.0058857
8.225,1.4058,0.005,0.013587,-0.14158,5.2834e-24,0,0.0010243,0.0021001,0.48775,0.0051757
8.175,1.4558,0.005,0.018676,-0.13232,-3.0904e-32,0,0.0010224,0.0021364,0.47858,0.0045358
8.125,1.5059,0.005,0.024079,-0.12329,6.2182e-24,0,0.0010223,0.0021705,0.47101,0.0039649
8.075,1.5559,0.005,0.02976,-0.11456,2.3462e-24,0,0.0010251,0.0022041,0.4651,0.0034589
8.025,1.606,0.005,0.035695,-0.10621,-5.3176e-32,0,0.0010317,0.002238,0.46097,0.0030131
7.975,1.656,0.005,0.041877,-0.098281,5.8026e-24,0,0.0010427,0.0022728,0.45875,0.0026221
7.925,1.706,0.005,0.048311,-0.090799,1.1907e-23,0,0.0010585,0.0023083,0.45857,0.0022803
7.875,1.7561,0.005,0.055015,-0.083774,5.4742e-24,0,0.0010793,0.0023436,0.46054,0.0019816
7.825,1.8061,0.005,0.062015,-0.077203,-5.3136e-24,0,0.0011048,0.0023774,0.46471,0.0017204
7.775,1.8562,0.005,0.069348,-0.071072,5.1607e-24,0,0.0011347,0.0024081,0.47117,0.0014914
7.725,1.9062,0.005,0.077058,-0.065361,1.4396e-36,0,0.0011683,0.0024339,0.48001,0.0012896
7.675,1.9563,0.005,0.085197,-0.060049,-8.5109e-24,0,0.0012051,0.002453,0.49128,0.0011107
7.625,2.0063,0.005,0.093823,-0.055112,-3.6464e-24,0,0.0012445,0.0024639,0.50508,0.0009508
7.575,2.0563,0.005,0.103,-0.050525,-1.3965e-23,0,0.0012858,0.0024655,0.52152,0.0008065
7.525,2.1064,0.005,0.1128,-0.046259,-1.1839e-23,0,0.0013284,0.0024569,0.54069,0.00067494
7.475,2.1564,0.005,0.12327,-0.042281,9.3666e-38,0,0.0013717,0.0024382,0.56259,0.00055375
7.425,2.2065,0.005,0.13447,-0.038544,7.1792e-24,0,0.0014148,0.0024102,0.587,0.0004418
7.375,2.2565,0.005,0.14634,-0.034986,9.1537e-24,0,0.0014575,0.0023758,0.61348,0.00033855
7.325,2.3066,0.005,0.1587,-0.031569,-4.0707e-24,0,0.0015012,0.0023402,0.6415,0.00024197
7.275,2.3566,0.005,0.17128,-0.028302,-7.1339e-24,0,0.0015491,0.0023082,0.67113,0.00014262
7.225,2.4066,0.005,0.18395,-0.025217,-5.9045e-32,0,0.0016043,0.0022805,0.70347,2.4153e-05
7.175,2.4567,0.005,0.19668,-0.022339,3.6982e-24,0,0.0016682,0.0022526,0.7406,-0.00011847
7.125,2.5067,0.005,0.20955,-0.019688,-3.5789e-24,0,0.0017404,0.0022175,0.78484,-0.00028695
7.075,2.5568,0.005,0.22269,-0.01726,-1.299e-24,0,0.0018163,0.0021678,0.83786,-0.0004825
7.025,2.6068,0.005,0.23623,-0.015034,5.202e-24,0,0.0018864,0.0020961,0.89999,-0.00070603
6.975,2.6569,0.005,0.25022,-0.012984,-1.6101e-24,0,0.0019358,0.0019942,0.97071,-0.00095625
6.925,2.7069,0.005,0.26464,-0.011074,-1.3468e-24,0,0.001945,0.0018519,1.0503,-0.0012316
6.875,2.7569,0.005,0.27932,-0.009269,-2.9791e-24,0,0.0018921,0.001655,1.1432,-0.0015318
6.825,2.807,0.005,0.29391,-0.0075036,-2.9082e-24,0,0.0017557,0.0013843,1.2683,-0.0018534
6.775,2.86,0.005,0.30817,-0.0057473,3.3396e-24,0,0.0015142,0.0010076,1.5028,-0.0022043
6.725,2.916,0.005,0.3176,-0.0035206,0,0,0.0012251,0.00053837,2.2756,-0.0025364
6.675,2.972,0.005,0.30321,-0.0015684,-6.097e-26,0,0.0016645,0.00025648,6.4899,-0.0029651
8.975,0.70519,0.005,4.0317e-05,-0.21304,-4.3149e-25,0,0.00089689,0.00016814,5.3341,0.014709
8.925,0.75523,0.005,-0.00085763,-0.2368,-2.7957e-24,0,0.00061787,0.00035952,1.7186,0.014997
8.875,0.80528,0.005,-0.0027969,-0.24257,-4.5792e-24,0,0.00064787,0.00061851,1.0475,0.015027
8.825,0.85532,0.005,-0.0048559,-0.24227,-3.5789e-24,0,0.00070336,0.0008253,0.85226,0.014756
8.775,0.90536,0.005,-0.0064625,-0.2388,8.8016e-38,0,0.00076678,0.0009953,0.77041,0.014261
8.725,0.9554,0.005,-0.0075163,-0.23296,5.7007e-24,0,0.00083172,0.0011547,0.72032,0.01358
8.675,1.0054,0.005,-0.0078303,-0.22553,-6.3231e-24,0,0.00089153,0.0013093,0.6809,0.012779
8.625,1.0555,0.005,-0.0074273,-0.21713,6.6779e-24,0,0.00094152,0.0014559,0.64669,0.011902
8.575,1.1055,0.005,-0.0063015,-0.20816,-4.5076e-24,0,0.0009797,0.0015894,0.61641,0.010988
8.525,1.1556,0.005,-0.0044946,-0.19887,-5.0744e-24,0,0.0010066,0.0017064,0.58989,0.010068
8.475,1.2056,0.005,-0.0020343,-0.1894,-2.2684e-32,0,0.0010241,0.0018061,0.56699,0.0091647
8.425,1.2557,0.005,0.0010382,-0.17982,6.4602e-24,0,0.0010342,0.0018892,0.54741,0.0082952
8.375,1.3057,0.005,0.0046716,-0.17017,8.322e-26,0,0.001039,0.0019577,0.53072,0.0074723
8.325,1.3557,0.005,0.0088135,-0.1605,1.3054e-32,0,0.0010404,0.0020141,0.51654,0.0067049
8.275,1.4058,0.005,0.013407,-0.15087,-4.4192e-37,0,0.0010399,0.0020613,0.5045,0.0059971
8.225,1.4558,0.005,0.018394,-0.14134,1.672e-24,0,0.001039,0.0021018,0.49433,0.0053524
8.175,1.5059,0.005,0.023727,-0.13199,4.2615e-24,0,0.0010388,0.002138,0.48587,0.0047714
8.125,1.5559,0.005,0.029365,-0.12291,4.4127e-38,0,0.0010404,0.0021718,0.47908,0.0042517
8.075,1.606,0.005,0.035278,-0.11415,-2.8211e-24,0,0.001045,0.0022046,0.47402,0.0037901
8.025,1.656,0.005,0.041453,-0.10579,-3.0987e-24,0,0.0010534,0.0022374,0.47081,0.0033825
7.975,1.706,0.005,0.047888,-0.097856,-1.1857e-23,0,0.0010662,0.0022705,0.4696,0.0030242
7.925,1.7561,0.005,0.054597,-0.090378,3.5094e-24,0,0.0010839,0.0023037,0.47051,0.0027099
7.875,1.8061,0.005,0.061603,-0.08336,9.2772e-24,0,0.0011065,0.0023361,0.47364,0.0024345
7.825,1.8562,0.005,0.068941,-0.076794,-3.7559e-24,0,0.0011338,0.0023665,0.47909,0.0021928
7.775,1.9062,0.005,0.076653,-0.070667,-1.4499e-23,0,0.0011654,0.0023932,0.48696,0.00198
7.725,1.9563,0.005,0.084788,-0.064956,-9.0792e-24,0,0.0012009,0.0024147,0.49734,0.0017917
7.675,2.0063,0.005,0.093403,-0.059638,8.9807e-24,0,0.0012397,0.0024292,0.51032,0.0016239
7.625,2.0563,0.005,0.10256,-0.054686,8.8717e-24,0,0.0012811,0.0024356,0.52599,0.0014729
7.575,2.1064,0.005,0.11232,-0.050071,-8.7524e-24,0,0.0013244,0.0024328,0.54441,0.0013356
7.525,2.1564,0.005,0.12273,-0.045755,-1.2532e-39,0,0.001369,0.0024206,0.56555,0.0012092
7.475,2.2065,0.005,0.13382,-0.041695,7.6677e-24,0,0.0014137,0.0023993,0.58922,0.0010915
7.425,2.2565,0.005,0.14555,-0.037833,9.0326e-24,0,0.0014581,0.0023709,0.61501,0.00098084
7.375,2.3066,0.005,0.15777,-0.034127,1.1651e-23,0,0.0015029,0.0023392,0.64249,0.00087297
7.325,2.3566,0.005,0.17025,-0.030578,7.8425e-25,0,0.0015507,0.0023082,0.6718,0.00076111
7.275,2.4066,0.005,0.18285,-0.027221,-6.3863e-24,0,0.0016044,0.002279,0.704,0.0006348
7.225,2.4567,0.005,0.19554,-0.02409,-3.9731e-24,0,0.0016658,0.0022481,0.74096,0.00048527
7.175,2.5067,0.005,0.20841,-0.021201,2.631e-24,0,0.0017341,0.0022096,0.78481,0.00030799
7.125,2.5568,0.005,0.22155,-0.018548,-1.3798e-24,0,0.0018053,0.0021568,0.83702,0.00010066
7.075,2.6068,0.005,0.23508,-0.016114,2.0427e-24,0,0.00187,0.0020825,0.89795,-0.00013664
7.025,2.6569,0.005,0.24904,-0.013872,6.9154e-24,0,0.0019139,0.0019788,0.9672,-0.00040302
6.975,2.7069,0.005,0.26342,-0.011788,3.3361e-24,0,0.0019184,0.0018353,1.0453,-0.00069721
6.925,2.7569,0.005,0.27803,-0.0098241,1.1928e-24,0,0.0018624,0.0016379,1.1371,-0.0010188
6.875,2.807,0.005,0.29252,-0.007919,-3.255e-24,0,0.0017255,0.0013675,1.2618,-0.0013645
6.825,2.86,0.005,0.3066,-0.0060272,-4.1675e-24,0,0.0014874,0.00099326,1.4974,-0.00174
6.775,2.916,0.005,0.31574,-0.0036811,1.8082e-37,0,0.0012078,0.0005312,2.2737,-0.002102
6.725,2.972,0.005,0.30102,-0.0016159,-5.3137e-37,0,0.0016494,0.00025531,6.4603,-0.0025595
8.975,0.75523,0.005,-0.00036967,-0.21313,-6.2908e-38,0,0.00090054,0.00016848,5.345,0.014762
8.925,0.80528,0.005,-0.0016643,-0.23782,1.9522e-24,0,0.00062983,0.00036518,1.7247,0.014812
8.875,0.85532,0.005,-0.0032331,-0.24403,-1.0662e-37,0,0.00065904,0.0006278,1.0498,0.014695
8.825,0.90536,0.005,-0.0048335,-0.24389,-8.905e-38,0,0.00071272,0.00083211,0.85651,0.014335
8.775,0.9554,0.005,-0.0058981,-0.24046,-6.1551e-24,0,0.0007746,0.00099966,0.77486,0.013814
8.725,1.0054,0.005,-0.0064267,-0.23447,2.9295e-24,0,0.00083858,0.0011581,0.72411,0.013147
8.675,1.0555,0.005,-0.0062272,-0.22684,5.9291e-24,0,0.00089799,0.0013126,0.68413,0.012389
8.625,1.1055,0.005,-0.0053466,-0.2182,-6.1935e-24,0,0.00094795,0.0014591,0.64969,0.011571
8.575,1.1556,0.005,-0.0037774,-0.20899,4.7576e-24,0,0.00098645,0.0015922,0.61954,0.01073
8.525,1.2056,0.005,-0.0015504,-0.19947,4.3546e-24,0,0.001014,0.0017088,0.59339,0.0098887
8.475,1.2557,0.005,0.0013028,-0.18977,5.733e-24,0,0.0010324,0.001808,0.57103,0.0090662
8.425,1.3057,0.005,0.0047358,-0.17998,2.3555e-25,0,0.0010437,0.0018907,0.55203,0.0082769
8.375,1.3557,0.005,0.0087035,-0.17014,1.5906e-32,0,0.0010499,0.0019589,0.53598,0.0075314
8.325,1.4058,0.005,0.013154,-0.16031,-6.3803e-24,0,0.0010529,0.0020153,0.52245,0.0068354
8.275,1.4558,0.005,0.018032,-0.15055,0,0,0.0010541,0.0020624,0.51108,0.0061941
8.225,1.5059,0.005,0.023288,-0.14094,2.2542e-24,0,0.0010548,0.0021028,0.5016,0.0056099
8.175,1.5559,0.005,0.028878,-0.13153,6.4685e-24,0,0.0010563,0.0021388,0.49389,0.0050819
8.125,1.606,0.005,0.034769,-0.12241,-2.9868e-24,0,0.0010598,0.0021721,0.48792,0.0046085
8.075,1.656,0.005,0.040938,-0.11364,-6.3186e-24,0,0.0010663,0.0022041,0.48377,0.0041871
8.025,1.706,0.005,0.047379,-0.10527,-3.5225e-24,0,0.0010766,0.0022357,0.48155,0.003814
7.975,1.7561,0.005,0.054099,-0.097351,-1.215e-23,0,0.0010914,0.0022671,0.48141,0.003485
7.925,1.8061,0.005,0.061117,-0.089885,-1.8174e-24,0,0.001111,0.0022981,0.48347,0.0031957
7.875,1.8562,0.005,0.068463,-0.082878,-1.7993e-24,0,0.0011356,0.0023277,0.48785,0.0029412
7.825,1.9062,0.005,0.076179,-0.07632,7.3489e-38,0,0.0011648,0.0023547,0.49467,0.0027171
7.775,1.9563,0.005,0.084311,-0.070194,1.3806e-24,0,0.0011985,0.0023777,0.50406,0.0025191
7.725,2.0063,0.005,0.092912,-0.064476,8.347e-24,0,0.001236,0.002395,0.5161,0.0023429
7.675,2.0563,0.005,0.10204,-0.059139,1.8913e-23,0,0.0012769,0.0024053,0.53087,0.002185
7.625,2.1064,0.005,0.11175,-0.054152,1.8664e-23,0,0.0013203,0.0024075,0.54842,0.0020417
7.575,2.1564,0.005,0.12209,-0.049478,9.1907e-24,0,0.0013654,0.0024008,0.56871,0.0019098
7.525,2.2065,0.005,0.13307,-0.045073,8.1857e-24,0,0.0014112,0.0023855,0.59157,0.0017865
7.475,2.2565,0.005,0.14467,-0.040885,-3.0246e-38,0,0.0014569,0.0023625,0.61665,0.0016689
7.425,2.3066,0.005,0.15674,-0.036873,4.6851e-24,0,0.0015027,0.0023347,0.64361,0.0015524
7.375,2.3566,0.005,0.16911,-0.033033,1.3635e-23,0,0.0015505,0.0023052,0.67262,0.0014297
7.325,2.4066,0.005,0.18164,-0.029393,0,0,0.0016031,0.002275,0.70466,0.001293
7.275,2.4567,0.005,0.19431,-0.025991,-1.1122e-24,0,0.0016621,0.0022417,0.74146,0.0011343
7.225,2.5067,0.005,0.20716,-0.022844,4.1346e-24,0,0.001727,0.0022003,0.78489,0.00094686
7.175,2.5568,0.005,0.22029,-0.019949,6.5368e-24,0,0.0017935,0.0021446,0.83631,0.00072744
7.125,2.6068,0.005,0.23381,-0.01729,-3.8669e-24,0,0.001853,0.002068,0.89604,0.00047573
7.075,2.6569,0.005,0.24776,-0.014842,-1.1298e-23,0,0.0018916,0.0019625,0.96386,0.00019242
7.025,2.7069,0.005,0.26209,-0.012568,-3.2158e-24,0,0.0018915,0.0018179,1.0405,-0.00012146
6.975,2.7569,0.005,0.27663,-0.010432,-3.5007e-24,0,0.0018326,0.00162,1.1312,-0.00046548
6.925,2.807,0.005,0.29103,-0.0083749,-1.1363e-37,0,0.0016953,0.0013501,1.2557,-0.00083676
6.875,2.86,0.005,0.30494,-0.0063346,-3.1341e-24,0,0.0014606,0.00097852,1.4927,-0.0012382
6.825,2.916,0.005,0.31379,-0.0038581,5.3651e-38,0,0.0011906,0.0005239,2.2727,-0.0016306
6.775,2.972,0.005,0.29873,-0.0016699,4.045e-24,0,0.0016339,0.0002541,6.43,-0.00212
8.975,0.80528,0.005,-0.0005896,-0.21396,-8.7121e-25,0,0.00090365,0.00016877,5.3543,0.014675
8.925,0.85532,0.005,-0.0021099,-0.23904,-8.4911e-25,0,0.00064094,0.00037242,1.721,0.01458
8.875,0.90536,0.005,-0.0033184,-0.24543,1.288e-38,0,0.00067047,0.00063804,1.0508,0.014374
8.825,0.9554,0.005,-0.0045129,-0.24534,2.7016e-24,0,0.00072277,0.00083912,0.86134,0.013966
8.775,1.0054,0.005,-0.0050878,-0.24185,2.5283e-24,0,0.00078317,0.001004,0.78006,0.013444
8.725,1.0555,0.005,-0.0051378,-0.23569,-5.1381e-24,0,0.00084616,0.0011613,0.72864,0.012806
8.675,1.1055,0.005,-0.0044606,-0.22784,5.4958e-24,0,0.00090513,0.0013154,0.68809,0.012099
8.625,1.1556,0.005,-0.003137,-0.21896,2.2979e-38,0,0.00095503,0.0014616,0.65343,0.011346
8.575,1.2056,0.005,-0.0011365,-0.20952,-5.7475e-24,0,0.00099384,0.0015942,0.62339,0.010579
8.525,1.2557,0.005,0.0014971,-0.19977,0,0,0.0010221,0.0017102,0.59762,0.0098148
8.475,1.3057,0.005,0.0047288,-0.18986,5.853e-24,0,0.0010415,0.0018089,0.57573,0.0090705
8.425,1.3557,0.005,0.0085174,-0.17987,-9.5927e-25,0,0.0010541,0.0018913,0.55732,0.0083578
8.375,1.4058,0.005,0.012817,-0.16987,-6.3396e-24,0,0.0010618,0.0019594,0.5419,0.0076838
8.325,1.4558,0.005,0.017577,-0.15991,-3.9301e-32,0,0.0010664,0.0020157,0.52903,0.0070551
8.275,1.5059,0.005,0.022748,-0.15005,-6.5693e-24,0,0.0010692,0.0020627,0.51834,0.0064757
8.225,1.5559,0.005,0.028285,-0.14036,6.0811e-37,0,0.0010717,0.002103,0.5096,0.005946
8.175,1.606,0.005,0.034149,-0.13092,6.5926e-24,0,0.0010751,0.0021386,0.50268,0.0054661
8.125,1.656,0.005,0.040312,-0.12178,6.5433e-24,0,0.0010805,0.0021714,0.49759,0.0050347
8.075,1.706,0.005,0.046761,-0.11301,1.0184e-23,0,0.001089,0.0022026,0.4944,0.0046496
8.025,1.7561,0.005,0.053497,-0.10466,1.0293e-23,0,0.0011014,0.002233,0.49323,0.0043076
7.975,1.8061,0.005,0.060532,-0.096757,-8.3746e-24,0,0.0011183,0.0022627,0.49422,0.0040052
7.925,1.8562,0.005,0.067893,-0.089308,-4.2382e-24,0,0.00114,0.0022914,0.49751,0.0037383
7.875,1.9062,0.005,0.075616,-0.082313,1.0315e-23,0,0.0011667,0.0023183,0.50323,0.0035029
7.825,1.9563,0.005,0.083746,-0.075759,1.1692e-23,0,0.0011981,0.0023421,0.51153,0.0032948
7.775,2.0063,0.005,0.092332,-0.069626,-1.2706e-24,0,0.0012339,0.0023614,0.52252,0.0031101
7.725,2.0563,0.005,0.10143,-0.063886,-5.5935e-24,0,0.0012736,0.0023748,0.53628,0.0029449
7.675,2.1064,0.005,0.11109,-0.058509,-4.4554e-24,0,0.0013164,0.002381,0.55285,0.0027953
7.625,2.1564,0.005,0.12135,-0.053458,5.3595e-24,0,0.0013614,0.0023792,0.57221,0.0026578
7.575,2.2065,0.005,0.13222,-0.048689,-8.7905e-25,0,0.0014076,0.002369,0.5942,0.0025288
7.525,2.2565,0.005,0.14368,-0.044155,-5.1244e-24,0,0.0014541,0.002351,0.61853,0.0024046
7.475,2.3066,0.005,0.15561,-0.039818,-7.5233e-37,0,0.0015007,0.0023269,0.64497,0.0022802
7.425,2.3566,0.005,0.16786,-0.035671,-7.8777e-24,0,0.0015488,0.002299,0.67367,0.0021483
7.375,2.4066,0.005,0.18032,-0.031737,-7.3852e-24,0,0.0016005,0.0022684,0.70555,0.0020011
7.325,2.4567,0.005,0.19295,-0.028048,4.5822e-24,0,0.0016573,0.0022332,0.74214,0.0018316
7.275,2.5067,0.005,0.20579,-0.024626,6.1655e-24,0,0.0017189,0.0021893,0.78513,0.0016328
7.225,2.5568,0.005,0.21892,-0.021472,2.7517e-24,0,0.001781,0.0021311,0.83573,0.0014007
7.175,2.6068,0.005,0.23243,-0.018571,2.4188e-24,0,0.0018353,0.0020523,0.89428,0.001134
7.125,2.6569,0.005,0.24635,-0.015899,-4.0332e-24,0,0.0018688,0.0019453,0.9607,0.00083298
7.075,2.7069,0.005,0.26065,-0.01342,-1.7582e-24,0,0.0018644,0.0017996,1.036,0.00049851
7.025,2.7569,0.005,0.27513,-0.011098,2.3635e-24,0,0.0018027,0.0016014,1.1257,0.00013094
6.975,2.807,0.005,0.28943,-0.0088753,-3.8392e-24,0,0.001665,0.0013319,1.2501,-0.00026733
6.925,2.86,0.005,0.30317,-0.0066729,0,0,0.001434,0.00096332,1.4886,-0.00069623
6.875,2.916,0.005,0.31174,-0.0040533,0,0,0.0011736,0.00051644,2.2725,-0.0011204
6.825,2.972,0.005,0.29634,-0.0017305,-4.4809e-24,0,0.001618,0.00025286,6.3988,-0.0016439
8.975,0.85532,0.005,-0.00067451,-0.21521,-4.9734e-25,0,0.00090628,0.00016902,5.3621,0.014513
8.925,0.90536,0.005,-0.0023008,-0.24033,-2.2353e-24,0,0.00065152,0.00038077,1.711,0.014333
8.875,0.9554,0.005,-0.0031423,-0.24672,-1.7584e-24,0,0.00068216,0.00064868,1.0516,0.014078
8.825,1.0054,0.005,-0.0039678,-0.24657,-1.1696e-37,0,0.00073333,0.00084593,0.8669,0.013658
8.775,1.0555,0.005,-0.0040794,-0.24296,-5.0916e-25,0,0.00079228,0.001008,0.78601,0.013158
8.725,1.1055,0.005,-0.0036805,-0.2366,1.4897e-24,0,0.00085428,0.0011641,0.73387,0.01256
8.675,1.1556,0.005,-0.0025583,-0.22852,-4.0127e-24,0,0.00091277,0.0013176,0.69276,0.011911
8.625,1.2056,0.005,-0.00079947,-0.21942,-4.1952e-24,0,0.00096258,0.0014632,0.65787,0.011228
8.575,1.2557,0.005,0.0016174,-0.20975,-5.2782e-24,0,0.0010017,0.0015952,0.62796,0.010533
8.525,1.3057,0.005,0.0046434,-0.19978,-7.9756e-37,0,0.0010307,0.0017107,0.60251,0.009845
8.475,1.3557,0.005,0.0082482,-0.18968,-1.1468e-24,0,0.0010512,0.001809,0.58112,0.0091763
8.425,1.4058,0.005,0.01239,-0.17952,-6.2644e-24,0,0.0010652,0.0018911,0.5633,0.0085349
8.375,1.4558,0.005,0.017023,-0.16938,-4.2766e-32,0,0.0010745,0.001959,0.54851,0.0079287
8.325,1.5059,0.005,0.022099,-0.15931,-6.613e-24,0,0.0010807,0.0020151,0.53631,0.007363
8.275,1.5559,0.005,0.027573,-0.14937,-6.7036e-24,0,0.0010853,0.0020621,0.52634,0.0068394
8.225,1.606,0.005,0.033403,-0.13963,-6.6841e-24,0,0.0010897,0.0021022,0.51837,0.0063595
8.175,1.656,0.005,0.039558,-0.13016,-4.3022e-37,0,0.001095,0.0021375,0.5123,0.0059232
8.125,1.706,0.005,0.046015,-0.12103,5.3489e-38,0,0.0011025,0.0021697,0.50814,0.0055298
8.075,1.7561,0.005,0.052769,-0.11227,3.6884e-38,0,0.0011132,0.0022001,0.50597,0.0051774
8.025,1.8061,0.005,0.059826,-0.10395,8.6679e-24,0,0.0011278,0.0022292,0.50591,0.0048636
7.975,1.8562,0.005,0.067207,-0.096061,1.2838e-23,0,0.0011469,0.0022572,0.50812,0.0045851
7.925,1.9062,0.005,0.074942,-0.088629,3.6537e-37,0,0.0011709,0.0022838,0.51272,0.0043387
7.875,1.9563,0.005,0.083072,-0.081641,-1.0843e-23,0,0.0011998,0.002308,0.51987,0.0041207
7.825,2.0063,0.005,0.091644,-0.075082,4.7227e-24,0,0.0012335,0.0023285,0.52973,0.0039272
7.775,2.0563,0.005,0.10071,-0.068927,-1.1984e-36,0,0.0012714,0.0023442,0.54238,0.0037544
7.725,2.1064,0.005,0.11031,-0.063144,-2.1085e-23,0,0.001313,0.0023536,0.55788,0.0035983
7.675,2.1564,0.005,0.12049,-0.057699,-1.6076e-23,0,0.0013574,0.0023558,0.57622,0.003455
7.625,2.2065,0.005,0.13125,-0.05255,-9.2983e-24,0,0.0014036,0.00235,0.59727,0.0033203
7.575,2.2565,0.005,0.14257,-0.047653,-2.0888e-23,0,0.0014504,0.0023363,0.62081,0.0031898
7.525,2.3066,0.005,0.15436,-0.042973,-9.7255e-24,0,0.0014975,0.0023156,0.64668,0.0030579
7.475,2.3566,0.005,0.16649,-0.038502,-9.3956e-24,0,0.0015456,0.0022897,0.67505,0.0029174
7.425,2.4066,0.005,0.17888,-0.034258,-1.1866e-23,0,0.0015965,0.002259,0.70672,0.0027604
7.375,2.4567,0.005,0.19147,-0.030268,0,0,0.0016514,0.0022225,0.74306,0.0025798
7.325,2.5067,0.005,0.20429,-0.026555,-4.773e-24,0,0.0017098,0.0021765,0.78557,0.002369
7.275,2.5568,0.005,0.21742,-0.023124,-4.6326e-24,0,0.0017676,0.0021161,0.83532,0.0021235
7.225,2.6068,0.005,0.23092,-0.019965,0,0,0.0018171,0.0020355,0.89269,0.0018412
7.175,2.6569,0.005,0.24482,-0.017052,2.0765e-24,0,0.0018456,0.001927,0.95774,0.0015217
7.125,2.7069,0.005,0.25908,-0.014351,1.923e-24,0,0.0018369,0.0017804,1.0317,0.0011657
7.075,2.7569,0.005,0.2735,-0.011826,7.2435e-24,0,0.0017726,0.0015818,1.1206,0.00077345
7.025,2.807,0.005,0.28771,-0.0094247,9.1455e-24,0,0.0016347,0.001313,1.245,0.00034673
6.975,2.86,0.005,0.30128,-0.007045,9.0818e-25,0,0.0014075,0.00094762,1.4853,-0.00011114
6.925,2.916,0.005,0.30957,-0.0042685,3.534e-25,0,0.0011567,0.00050883,2.2732,-0.00056882
6.875,2.972,0.005,0.29383,-0.0017979,-3.4515e-37,0,0.0016017,0.00025158,6.3666,-0.0011292
8.975,0.90536,0.005,-0.00066872,-0.21667,2.1797e-24,0,0.00090806,0.00016918,5.3674,0.014318
8.925,0.9554,0.005,-0.0023047,-0.24158,0,0,0.00066184,0.00038993,1.6973,0.014096
8.875,1.0054,0.005,-0.0027612,-0.2478,2.8089e-24,0,0.00069414,0.00065929,1.0529,0.013825
8.825,1.0555,0.005,-0.0032501,-0.24757,-1.553e-24,0,0.00074431,0.00085226,0.87334,0.013421
8.775,1.1055,0.005,-0.0029057,-0.2438,-1.1679e-24,0,0.0008018,0.0010115,0.79271,0.01296
8.725,1.1556,0.005,-0.0020849,-0.23721,3.5918e-24,0,0.00086276,0.0011662,0.73982,0.012413
8.675,1.2056,0.005,-0.0005226,-0.2289,4.3107e-24,0,0.00092075,0.0013189,0.69813,0.011829
8.625,1.2557,0.005,0.0016589,-0.21957,-4.9244e-24,0,0.00097046,0.0014637,0.66303,0.011214
8.575,1.3057,0.005,0.0044775,-0.20968,-6.2353e-24,0,0.00101,0.0015951,0.6332,0.010593
8.525,1.3557,0.005,0.0078911,-0.19952,-7.1717e-24,0,0.0010399,0.00171,0.6081,0.0099786
8.475,1.4058,0.005,0.011866,-0.18923,8.0081e-24,0,0.0010616,0.0018079,0.58721,0.0093815
8.425,1.4558,0.005,0.016363,-0.17892,6.4169e-24,0,0.0010771,0.0018897,0.56996,0.0088077
8.375,1.5059,0.005,0.021332,-0.16866,4.1962e-37,0,0.001088,0.0019574,0.55583,0.0082652
8.325,1.5559,0.005,0.026732,-0.1585,3.177e-24,0,0.001096,0.0020135,0.54432,0.0077565
8.275,1.606,0.005,0.03252,-0.1485,-3.5366e-24,0,0.0011025,0.0020603,0.53509,0.007284
8.225,1.656,0.005,0.038659,-0.13873,-1.4617e-23,0,0.0011088,0.0021002,0.52795,0.0068492
8.175,1.706,0.005,0.045122,-0.12926,-1.104e-23,0,0.0011163,0.0021352,0.52279,0.0064524
8.125,1.7561,0.005,0.051895,-0.12014,-6.8727e-24,0,0.001126,0.0021669,0.51962,0.0060933
8.075,1.8061,0.005,0.058977,-0.11141,4.5637e-24,0,0.0011389,0.0021964,0.51854,0.0057705
8.025,1.8562,0.005,0.066381,-0.10311,6.7159e-24,0,0.0011559,0.0022243,0.51967,0.005482
7.975,1.9062,0.005,0.074133,-0.095246,-6.6095e-24,0,0.0011774,0.0022506,0.52316,0.0052255
7.925,1.9563,0.005,0.082268,-0.087825,-1.6371e-23,0,0.0012038,0.0022749,0.52915,0.0049978
7.875,2.0063,0.005,0.090828,-0.080835,-2.1371e-23,0,0.001235,0.0022963,0.53782,0.0047955
7.825,2.0563,0.005,0.099859,-0.074254,-7.4707e-24,0,0.0012708,0.0023135,0.5493,0.0046149
7.775,2.1064,0.005,0.1094,-0.068055,-1.0058e-31,0,0.0013107,0.0023254,0.56365,0.0044521
7.725,2.1564,0.005,0.1195,-0.062203,1.0009e-23,0,0.0013539,0.0023307,0.58089,0.0043029
7.675,2.2065,0.005,0.13015,-0.056659,1.6732e-23,0,0.0013993,0.0023286,0.60093,0.0041625
7.625,2.2565,0.005,0.14134,-0.051384,9.3523e-25,0,0.001446,0.0023186,0.62363,0.004026
7.575,2.3066,0.005,0.15299,-0.046346,-1.1308e-23,0,0.0014932,0.0023012,0.64887,0.0038873
7.525,2.3566,0.005,0.16501,-0.041535,-1.4505e-23,0,0.0015412,0.0022771,0.67684,0.0037386
7.475,2.4066,0.005,0.17731,-0.036964,-4.2338e-24,0,0.0015913,0.0022469,0.70824,0.0035725
7.425,2.4567,0.005,0.18985,-0.032658,5.2606e-24,0,0.0016444,0.0022094,0.74427,0.0033813
7.375,2.5067,0.005,0.20266,-0.028639,0,0,0.0016997,0.0021618,0.78624,0.0031582
7.325,2.5568,0.005,0.21578,-0.024915,-4.98e-24,0,0.0017534,0.0020996,0.83512,0.0028988
7.275,2.6068,0.005,0.22927,-0.021479,-4.8379e-24,0,0.0017981,0.0020174,0.8913,0.0026004
7.225,2.6569,0.005,0.24315,-0.018307,-7.1802e-24,0,0.0018218,0.0019076,0.95502,0.0022617
7.175,2.7069,0.005,0.25737,-0.015368,-8.7708e-24,0,0.0018091,0.0017602,1.0278,0.0018832
7.125,2.7569,0.005,0.27174,-0.012624,-1.0619e-23,0,0.0017422,0.0015613,1.1158,0.0014652
7.075,2.807,0.005,0.28586,-0.010027,-1.1843e-24,0,0.0016042,0.0012933,1.2404,0.0010085
7.025,2.86,0.005,0.29927,-0.0074541,1.9083e-24,0,0.0013811,0.00093138,1.4828,0.00052019
6.975,2.916,0.005,0.30729,-0.0045056,5.0295e-24,0,0.0011399,0.00050104,2.275,2.7002e-05
6.925,2.972,0.005,0.29121,-0.0018724,-9.0428e-27,0,0.001585,0.00025027,6.3334,-0.00057299
8.975,0.9554,0.005,-0.00059696,-0.21818,-1.9779e-24,0,0.00090873,0.00016924,5.3695,0.014124
8.925,1.0054,0.005,-0.0021663,-0.24272,0,0,0.00067211,0.00039965,1.6818,0.01389
8.875,1.0555,0.005,-0.0022131,-0.24865,2.5636e-24,0,0.0007065,0.00066957,1.0552,0.013638
8.825,1.1055,0.005,-0.002383,-0.24833,-1.7392e-32,0,0.00075564,0.00085796,0.88074,0.013266
8.775,1.1556,0.005,-0.0015971,-0.24433,-4.2354e-37,0,0.00081162,0.0010143,0.80019,0.012855
8.725,1.2056,0.005,-0.00035605,-0.23752,4.0907e-26,0,0.0008715,0.0011675,0.74648,0.012368
8.675,1.2557,0.005,0.0016388,-0.22898,4.5577e-24,0,0.00092895,0.0013191,0.70423,0.011849
8.625,1.3057,0.005,0.004228,-0.21943,1.0669e-24,0,0.00097861,0.0014631,0.66888,0.011305
8.575,1.3557,0.005,0.0074444,-0.20933,-7.8207e-37,0,0.0010186,0.0015937,0.63916,0.010757
8.525,1.4058,0.005,0.011243,-0.19898,8.0829e-24,0,0.0010494,0.001708,0.61439,0.010214
8.475,1.4558,0.005,0.015591,-0.18853,8.879e-24,0,0.0010725,0.0018055,0.594,0.0096842
8.425,1.5059,0.005,0.020443,-0.17809,-2.9893e-24,0,0.0010895,0.001887,0.57734,0.0091751
8.375,1.5559,0.005,0.025757,-0.16772,3.0092e-37,0,0.0011021,0.0019546,0.56387,0.0086907
8.325,1.606,0.005,0.03149,-0.15749,-6.9476e-24,0,0.001112,0.0020105,0.55308,0.0082342
8.275,1.656,0.005,0.037604,-0.14745,-1.0906e-24,0,0.0011205,0.0020573,0.54466,0.007808
8.225,1.706,0.005,0.044066,-0.13767,-1.4182e-23,0,0.001129,0.002097,0.53839,0.007414
8.175,1.7561,0.005,0.050855,-0.12821,2.111e-37,0,0.0011387,0.0021317,0.5342,0.0070528
8.125,1.8061,0.005,0.057963,-0.11911,9.5912e-24,0,0.0011508,0.0021628,0.5321,0.0067245
8.075,1.8562,0.005,0.065394,-0.11041,9.9216e-32,0,0.0011662,0.0021914,0.53219,0.0064285
8.025,1.9062,0.005,0.073167,-0.10213,1.6433e-36,0,0.0011857,0.0022179,0.53458,0.0061632
7.975,1.9563,0.005,0.08131,-0.094286,1.3617e-23,0,0.0012096,0.0022425,0.53942,0.0059265
7.925,2.0063,0.005,0.089862,-0.086867,2.2521e-23,0,0.0012384,0.0022644,0.54689,0.0057158
7.875,2.0563,0.005,0.098863,-0.079859,6.5799e-24,0,0.0012718,0.0022828,0.55715,0.0055275
7.825,2.1064,0.005,0.10835,-0.073237,-5.3254e-24,0,0.0013096,0.0022964,0.57029,0.0053579
7.775,2.1564,0.005,0.11836,-0.066969,1.1647e-23,0,0.0013511,0.0023042,0.58637,0.0052027
7.725,2.2065,0.005,0.12891,-0.06102,1.0484e-23,0,0.0013954,0.0023051,0.60534,0.0050568
7.675,2.2565,0.005,0.13996,-0.055355,1.7367e-23,0,0.0014413,0.0022982,0.62713,0.0049145
7.625,2.3066,0.005,0.15148,-0.049943,1.698e-23,0,0.0014882,0.0022836,0.65167,0.0047694
7.575,2.3566,0.005,0.16339,-0.044776,-1.0892e-24,0,0.0015359,0.0022614,0.67916,0.0046136
7.525,2.4066,0.005,0.1756,-0.039864,-7.8329e-24,0,0.0015851,0.0022319,0.7102,0.004439
7.475,2.4567,0.005,0.1881,-0.035227,-5.6198e-24,0,0.0016362,0.0021939,0.74582,0.0042377
7.425,2.5067,0.005,0.20088,-0.030886,7.7473e-24,0,0.0016885,0.002145,0.78718,0.0040028
7.375,2.5568,0.005,0.21399,-0.026853,1.4193e-23,0,0.0017383,0.0020814,0.83515,0.0037294
7.325,2.6068,0.005,0.22747,-0.023121,2.4024e-37,0,0.0017784,0.0019978,0.89015,0.0034143
7.275,2.6569,0.005,0.24134,-0.019673,-7.7704e-24,0,0.0017974,0.0018869,0.95256,0.0030559
7.225,2.7069,0.005,0.25553,-0.016477,-2.2999e-24,0,0.0017808,0.0017388,1.0241,0.0026543
7.175,2.7569,0.005,0.26984,-0.013497,-2.9341e-24,0,0.0017115,0.0015398,1.1115,0.0022093
7.125,2.807,0.005,0.28388,-0.010689,-3.6006e-24,0,0.0015737,0.0012727,1.2365,0.0017214
7.075,2.86,0.005,0.29712,-0.0079038,4.2922e-24,0,0.0013547,0.00091457,1.4812,0.0012011
7.025,2.916,0.005,0.30486,-0.0047667,-3.9539e-37,0,0.0011232,0.00049308,2.2779,0.00067025
6.975,2.972,0.005,0.28844,-0.0019546,-5.7601e-24,0,0.0015678,0.0002489,6.299,2.7633e-05
8.975,1.0054,0.005,-0.00047516,-0.21963,1.5936e-24,0,0.00090814,0.00016918,5.3678,0.013954
8.925,1.0555,0.005,-0.0019502,-0.24366,-5.1901e-38,0,0.0006826,0.0004097,1.6661,0.013737
8.875,1.1055,0.005,-0.001533,-0.24929,-5.548e-25,0,0.00071932,0.00067929,1.0589,0.013524
8.825,1.1556,0.005,-0.0013913,-0.24882,3.6599e-37,0,0.00076723,0.00086287,0.88916,0.013201
8.775,1.2056,0.005,-0.00016334,-0.24456,6.9293e-33,0,0.00082166,0.0010163,0.80846,0.012851
8.725,1.2557,0.005,0.0015048,-0.23753,4.1721e-24,0,0.00088041,0.0011678,0.7539,0.012424
8.675,1.3057,0.005,0.0039113,-0.22877,6.1018e-24,0,0.00093729,0.0013182,0.71102,0.011973
8.625,1.3557,0.005,0.0069058,-0.219,5.3436e-24,0,0.00098691,0.0014611,0.67545,0.011501
8.575,1.4058,0.005,0.01052,-0.2087,2.3294e-24,0,0.0010275,0.0015909,0.64583,0.011025
8.525,1.4558,0.005,0.014705,-0.19817,-6.2073e-24,0,0.0010593,0.0017046,0.62141,0.01055
8.475,1.5059,0.005,0.019428,-0.18757,-3.2268e-24,0,0.0010837,0.0018016,0.60151,0.010085
8.425,1.5559,0.005,0.024642,-0.17702,3.621e-24,0,0.0011024,0.0018829,0.58547,0.0096348
8.375,1.606,0.005,0.030308,-0.16657,-7.9478e-32,0,0.0011169,0.0019503,0.57267,0.0092035
8.325,1.656,0.005,0.036384,-0.15628,2.8529e-24,0,0.0011288,0.0020061,0.56265,0.0087944
8.275,1.706,0.005,0.042836,-0.14622,7.2445e-24,0,0.0011394,0.0020527,0.55508,0.0084101
8.225,1.7561,0.005,0.049636,-0.13645,4.8223e-24,0,0.0011502,0.0020923,0.54976,0.0080527
8.175,1.8061,0.005,0.056767,-0.127,5.0322e-24,0,0.0011624,0.0021266,0.54661,0.0077234
8.125,1.8562,0.005,0.064226,-0.11793,-2.0528e-24,0,0.001177,0.0021571,0.54565,0.007423
8.075,1.9062,0.005,0.072023,-0.10926,1.8456e-24,0,0.0011949,0.0021847,0.54697,0.0071512
8.025,1.9563,0.005,0.080181,-0.101,-2.1843e-31,0,0.0012169,0.0022098,0.55069,0.0069069
7.975,2.0063,0.005,0.088729,-0.093158,1.2561e-23,0,0.0012433,0.0022323,0.55697,0.0066883
7.925,2.0563,0.005,0.097704,-0.085725,3.7509e-23,0,0.0012744,0.0022515,0.56601,0.0064926
7.875,2.1064,0.005,0.10714,-0.078679,2.3643e-23,0,0.0013099,0.0022666,0.57792,0.0063163
7.825,2.1564,0.005,0.11707,-0.071992,6.6792e-24,0,0.0013493,0.0022763,0.59278,0.006155
7.775,2.2065,0.005,0.12751,-0.065632,-1.3133e-23,0,0.0013919,0.0022795,0.61063,0.0060037
7.725,2.2565,0.005,0.13845,-0.059566,-1.735e-23,0,0.0014367,0.0022752,0.63143,0.0058561
7.675,2.3066,0.005,0.14984,-0.05377,6.3421e-24,0,0.0014827,0.0022631,0.65518,0.0057053
7.625,2.3566,0.005,0.16163,-0.048234,6.2286e-24,0,0.0015297,0.0022427,0.68208,0.0055431
7.575,2.4066,0.005,0.17376,-0.042965,-4.8356e-24,0,0.0015778,0.002214,0.71266,0.0053609
7.525,2.4567,0.005,0.18619,-0.037982,-1.4659e-24,0,0.001627,0.0021758,0.74778,0.0051505
7.475,2.5067,0.005,0.19895,-0.033305,5.864e-24,0,0.0016764,0.0021262,0.78846,0.0049045
7.425,2.5568,0.005,0.21204,-0.028945,1.3298e-23,0,0.0017223,0.0020614,0.83547,0.0046176
7.375,2.6068,0.005,0.22551,-0.024901,1.4561e-23,0,0.0017578,0.0019767,0.88927,0.0042859
7.325,2.6569,0.005,0.23937,-0.021157,4.6066e-40,0,0.0017724,0.0018649,0.95041,0.0039074
7.275,2.7069,0.005,0.25352,-0.017686,2.5143e-24,0,0.001752,0.0017161,1.0209,0.0034819
7.225,2.7569,0.005,0.26779,-0.014451,1.0425e-23,0,0.0016806,0.0015171,1.1078,0.0030091
7.175,2.807,0.005,0.28175,-0.011415,1.628e-24,0,0.0015429,0.0012511,1.2333,0.0024885
7.125,2.86,0.005,0.29481,-0.0083978,2.4757e-24,0,0.0013283,0.00089714,1.4806,0.001935
7.075,2.916,0.005,0.30229,-0.005054,5.1182e-25,0,0.0011066,0.00048492,2.282,0.0013643
7.025,2.972,0.005,0.28553,-0.0020453,6.2636e-24,0,0.0015501,0.00024749,6.2633,0.00067594
8.975,1.0555,0.005,-0.00031494,-0.22093,6.2803e-25,0,0.00090617,0.000169,5.362,0.013828
8.925,1.1055,0.005,-0.001538,-0.24437,8.2825e-25,0,0.00069356,0.00041996,1.6515,0.01365
8.875,1.1556,0.005,-0.00076283,-0.24968,-1.8411e-24,0,0.00073257,0.00068816,1.0645,0.013504
8.825,1.2056,0.005,-0.00029399,-0.249,6.5648e-25,0,0.00077905,0.00086694,0.89862,0.013235
8.775,1.2557,0.005,0.001404,-0.24449,-9.7358e-39,0,0.00083187,0.0010175,0.81756,0.012945
8.725,1.3057,0.005,0.0034763,-0.23724,1.5918e-24,0,0.00088939,0.0011671,0.76205,0.012581
8.675,1.3557,0.005,0.0062896,-0.22825,5.0055e-24,0,0.00094563,0.001316,0.71855,0.012203
8.625,1.4058,0.005,0.0096936,-0.21827,2.6016e-24,0,0.00099525,0.0014577,0.68276,0.011804
8.575,1.4558,0.005,0.013708,-0.20779,3.0605e-24,0,0.0010364,0.0015865,0.65325,0.011396
8.525,1.5059,0.005,0.018285,-0.19709,2.9431e-24,0,0.0010693,0.0016996,0.62917,0.010986
8.475,1.5559,0.005,0.023385,-0.18637,5.1331e-37,0,0.0010952,0.0017961,0.60978,0.010581
8.425,1.606,0.005,0.02897,-0.17571,-4.2323e-24,0,0.0011156,0.0018771,0.59435,0.010185
8.375,1.656,0.005,0.034997,-0.1652,-7.2238e-24,0,0.0011321,0.0019443,0.58228,0.0098019
8.325,1.706,0.005,0.041427,-0.15488,2.5458e-24,0,0.0011462,0.002,0.57308,0.0094354
8.275,1.7561,0.005,0.048228,-0.14481,8.4968e-38,0,0.0011592,0.0020464,0.56642,0.0090886
8.225,1.8061,0.005,0.055377,-0.13505,-9.7338e-24,0,0.0011724,0.0020857,0.56211,0.0087638
8.175,1.8562,0.005,0.062863,-0.12562,-1.2962e-23,0,0.0011871,0.0021196,0.56007,0.0084632
8.125,1.9062,0.005,0.070686,-0.11658,-7.4696e-24,0,0.0012043,0.0021494,0.56032,0.0081877
8.075,1.9563,0.005,0.078861,-0.10793,-4.5138e-37,0,0.0012249,0.0021758,0.56295,0.0079378
8.025,2.0063,0.005,0.08741,-0.099682,-1.1633e-23,0,0.0012494,0.0021992,0.56809,0.0077125
7.975,2.0563,0.005,0.096365,-0.091833,-1.5791e-23,0,0.0012782,0.0022194,0.57591,0.00751
7.925,2.1064,0.005,0.10576,-0.084368,-3.4811e-24,0,0.0013113,0.0022355,0.58658,0.0073272
7.875,2.1564,0.005,0.11562,-0.077263,-7.0104e-24,0,0.0013485,0.0022467,0.60022,0.0071602
7.825,2.2065,0.005,0.12596,-0.070489,-1.0512e-24,0,0.0013891,0.0022518,0.61689,0.0070036
7.775,2.2565,0.005,0.13678,-0.064019,-5.7598e-24,0,0.0014322,0.0022497,0.63663,0.0068512
7.725,2.3066,0.005,0.14804,-0.05783,-1.3384e-23,0,0.001477,0.0022396,0.6595,0.0066954
7.675,2.3566,0.005,0.15972,-0.051914,-4.2438e-24,0,0.0015229,0.002221,0.6857,0.0065277
7.625,2.4066,0.005,0.17176,-0.046276,-1.1639e-23,0,0.0015696,0.0021931,0.71568,0.0063391
7.575,2.4567,0.005,0.18414,-0.040933,6.3707e-24,0,0.0016168,0.0021552,0.7502,0.0061208
7.525,2.5067,0.005,0.19685,-0.035904,1.971e-23,0,0.0016632,0.002105,0.7901,0.0058649
7.475,2.5568,0.005,0.20993,-0.031201,4.0863e-24,0,0.0017052,0.0020395,0.83611,0.0055653
7.425,2.6068,0.005,0.22339,-0.026827,3.6578e-24,0,0.0017364,0.0019538,0.88872,0.0052177
7.375,2.6569,0.005,0.23722,-0.022768,2.0824e-23,0,0.0017466,0.0018412,0.94862,0.0048191
7.325,2.7069,0.005,0.25135,-0.019002,1.1487e-23,0,0.0017227,0.001692,1.0181,0.0043692
7.275,2.7569,0.005,0.26557,-0.015493,2.2627e-24,0,0.0016492,0.0014931,1.1045,0.0038679
7.225,2.807,0.005,0.27945,-0.012212,1.6101e-24,0,0.001512,0.0012284,1.2309,0.0033133
7.175,2.86,0.005,0.29234,-0.0089393,-5.157e-24,0,0.001302,0.00087906,1.4812,0.0027255
7.125,2.916,0.005,0.29955,-0.0053699,6.4719e-24,0,0.0010901,0.00047657,2.2874,0.0021125
7.075,2.972,0.005,0.28245,-0.0021453,6.8635e-24,0,0.0015317,0.00024601,6.2261,0.0013753
8.975,1.1055,0.005,-9.5635e-05,-0.22201,-6.101e-25,0,0.00090275,0.00016868,5.3519,0.013775
8.925,1.1556,0.005,-0.0011368,-0.24477,3.9023e-37,0,0.00070488,0.00042995,1.6394,0.013645
8.875,1.2056,0.005,0.00010937,-0.24982,1.9417e-32,0,0.00074625,0.00069607,1.0721,0.013579
8.825,1.2557,0.005,0.00096521,-0.24888,-1.367e-24,0,0.00079105,0.00087009,0.90916,0.013367
8.775,1.3057,0.005,0.0030845,-0.24411,-3.8542e-24,0,0.00084212,0.0010177,0.82747,0.013136
8.725,1.3557,0.005,0.0055501,-0.23664,-2.4019e-24,0,0.00089831,0.0011651,0.77098,0.012845
8.675,1.4058,0.005,0.0087763,-0.22743,1.6016e-37,0,0.00095388,0.0013123,0.72686,0.012541
8.625,1.4558,0.005,0.012595,-0.21725,-3.3569e-24,0,0.0010035,0.0014526,0.69084,0.012211
8.575,1.5059,0.005,0.017016,-0.20659,-6.2882e-24,0,0.0010453,0.0015804,0.66144,0.011869
8.525,1.5559,0.005,0.021988,-0.19575,4.1721e-24,0,0.0010794,0.0016926,0.63771,0.011521
8.475,1.606,0.005,0.027477,-0.18492,-4.5163e-24,0,0.0011069,0.0017886,0.61883,0.011171
8.425,1.656,0.005,0.033438,-0.17418,-7.2691e-24,0,0.0011291,0.0018693,0.60406,0.010824
8.375,1.706,0.005,0.039834,-0.16362,2.3741e-24,0,0.0011477,0.0019363,0.59275,0.010484
8.325,1.7561,0.005,0.046626,-0.15328,5.3305e-24,0,0.0011641,0.0019918,0.58442,0.010155
8.275,1.8061,0.005,0.053786,-0.14321,1.8766e-23,0,0.0011795,0.0020381,0.57874,0.0098415
8.225,1.8562,0.005,0.061294,-0.13346,1.3443e-23,0,0.0011953,0.002077,0.5755,0.0095457
8.175,1.9062,0.005,0.069143,-0.12407,5.8625e-24,0,0.0012127,0.0021104,0.57464,0.0092706
8.125,1.9563,0.005,0.077338,-0.11505,7.6834e-24,0,0.0012326,0.0021392,0.57618,0.0090176
8.075,2.0063,0.005,0.085894,-0.10641,7.6165e-24,0,0.0012557,0.0021642,0.58021,0.0087873
8.025,2.0563,0.005,0.094835,-0.098161,-1.3799e-24,0,0.0012826,0.0021855,0.58685,0.0085789
7.975,2.1064,0.005,0.10419,-0.090287,-1.9817e-23,0,0.0013136,0.0022028,0.59631,0.0083902
7.925,2.1564,0.005,0.11398,-0.08277,-1.4673e-23,0,0.0013485,0.0022153,0.60872,0.0082177
7.875,2.2065,0.005,0.12423,-0.075586,-1.1236e-23,0,0.0013869,0.0022219,0.62418,0.0080563
7.825,2.2565,0.005,0.13494,-0.06871,-1.4276e-23,0,0.0014281,0.0022216,0.64281,0.0078995
7.775,2.3066,0.005,0.1461,-0.062125,-9.2908e-37,0,0.0014712,0.0022133,0.66471,0.0077396
7.725,2.3566,0.005,0.15766,-0.055821,-1.2695e-23,0,0.0015156,0.0021962,0.69008,0.0075677
7.675,2.4066,0.005,0.16961,-0.049803,-1.0987e-23,0,0.0015605,0.0021694,0.71935,0.007374
7.625,2.4567,0.005,0.18192,-0.044087,0,0,0.0016055,0.0021318,0.75314,0.0071493
7.575,2.5067,0.005,0.1946,-0.038692,-1.8382e-24,0,0.0016489,0.0020814,0.79218,0.006885
7.525,2.5568,0.005,0.20765,-0.033631,4.4099e-24,0,0.0016872,0.0020154,0.83714,0.0065741
7.475,2.6068,0.005,0.22109,-0.028908,3.9652e-24,0,0.0017141,0.0019291,0.88855,0.0062116
7.425,2.6569,0.005,0.2349,-0.024516,-6.7875e-25,0,0.0017202,0.0018159,0.94725,0.0057938
7.375,2.7069,0.005,0.249,-0.020433,-3.0028e-24,0,0.0016928,0.0016664,1.0158,0.0053196
7.325,2.7569,0.005,0.26318,-0.016628,-1.2181e-23,0,0.0016175,0.0014678,1.102,0.0047886
7.275,2.807,0.005,0.27699,-0.013088,-2.1784e-25,0,0.0014809,0.0012046,1.2294,0.0041982
7.225,2.86,0.005,0.28969,-0.0095376,8.4543e-24,0,0.0012758,0.00086028,1.483,0.0035779
7.175,2.916,0.005,0.29663,-0.005717,-6.3883e-24,0,0.0010738,0.00046802,2.2943,0.0029186
7.125,2.972,0.005,0.27919,-0.0022554,0,0,0.0015126,0.00024448,6.1873,0.0021293
8.975,1.1556,0.005,0.00015595,-0.22278,1.0873e-24,0,0.00089786,0.00016822,5.3374,0.013798
8.925,1.2056,0.005,-0.00069568,-0.24484,1.1839e-24,0,0.00071672,0.00043956,1.6305,0.013732
8.875,1.2557,0.005,0.001042,-0.24963,-2.2389e-24,0,0.00076034,0.00070293,1.0817,0.013738
8.825,1.3057,0.005,0.0022903,-0.24848,-2.0599e-24,0,0.00080313,0.00087233,0.92067,0.013581
8.775,1.3557,0.005,0.0048333,-0.24341,-5.3499e-24,0,0.00085228,0.0010168,0.83821,0.013429
8.725,1.4058,0.005,0.0077216,-0.23572,4.8689e-24,0,0.00090708,0.0011618,0.78073,0.013219
8.675,1.4558,0.005,0.011376,-0.2263,3.6783e-24,0,0.00096194,0.001307,0.73598,0.012986
8.625,1.5059,0.005,0.015616,-0.21593,-4.1108e-24,0,0.0010116,0.0014457,0.69974,0.012724
8.575,1.5559,0.005,0.020448,-0.20511,0,0,0.0010541,0.0015722,0.67045,0.012445
8.525,1.606,0.005,0.025826,-0.19415,2.125e-24,0,0.0010894,0.0016836,0.64707,0.012152
8.475,1.656,0.005,0.031708,-0.18322,-5.1332e-24,0,0.0011185,0.001779,0.62873,0.011852
8.425,1.706,0.005,0.038056,-0.17242,-2.1459e-24,0,0.0011427,0.0018592,0.61464,0.011549
8.375,1.7561,0.005,0.044827,-0.16182,7.7304e-24,0,0.0011635,0.0019259,0.60414,0.011247
8.325,1.8061,0.005,0.051989,-0.15147,1.3676e-23,0,0.0011823,0.0019812,0.59673,0.010952
8.275,1.8562,0.005,0.059514,-0.14142,5.9836e-24,0,0.0012003,0.0020272,0.59208,0.010667
8.225,1.9062,0.005,0.067387,-0.13169,-4.3089e-37,0,0.0012187,0.0020657,0.59,0.010396
8.175,1.9563,0.005,0.075603,-0.12232,-1.6977e-24,0,0.0012388,0.0020982,0.5904,0.010144
8.125,2.0063,0.005,0.08417,-0.11332,-1.2698e-23,0,0.0012612,0.0021258,0.59331,0.0099108
8.075,2.0563,0.005,0.093103,-0.10469,6.7073e-37,0,0.0012868,0.0021489,0.59882,0.009698
8.025,2.1064,0.005,0.10243,-0.096417,5.194e-24,0,0.001316,0.0021676,0.6071,0.0095042
7.975,2.1564,0.005,0.11216,-0.0885,8.8273e-24,0,0.0013488,0.0021815,0.61829,0.0093267
7.925,2.2065,0.005,0.12233,-0.080912,2.6945e-23,0,0.001385,0.0021895,0.63255,0.0091609
7.875,2.2565,0.005,0.13294,-0.073635,1.0841e-24,0,0.001424,0.0021908,0.65002,0.0090005
7.825,2.3066,0.005,0.14398,-0.066652,-7.3892e-24,0,0.0014652,0.0021841,0.67086,0.0088375
7.775,2.3566,0.005,0.15544,-0.059956,-1.4276e-36,0,0.0015077,0.0021684,0.6953,0.0086625
7.725,2.4066,0.005,0.1673,-0.053551,-1.1683e-23,0,0.0015506,0.0021426,0.72372,0.0084655
7.675,2.4567,0.005,0.17954,-0.047452,0,0,0.0015932,0.0021055,0.75665,0.0082362
7.625,2.5067,0.005,0.19217,-0.041678,-7.0662e-24,0,0.0016334,0.0020553,0.79476,0.0079654
7.575,2.5568,0.005,0.20519,-0.036243,-1.395e-23,0,0.001668,0.001989,0.83862,0.0076451
7.525,2.6068,0.005,0.2186,-0.031155,4.2955e-24,0,0.0016908,0.0019023,0.88882,0.0072692
7.475,2.6569,0.005,0.23239,-0.02641,7.6012e-32,0,0.0016928,0.0017887,0.94638,0.0068335
7.425,2.7069,0.005,0.24646,-0.02199,-1.6522e-23,0,0.0016622,0.0016391,1.0141,0.0063361
7.375,2.7569,0.005,0.26059,-0.017866,-5.4363e-24,0,0.0015852,0.0014409,1.1002,0.0057753
7.325,2.807,0.005,0.27433,-0.014036,-2.6581e-24,0,0.0014495,0.0011795,1.2288,0.0051461
7.275,2.86,0.005,0.28682,-0.010197,7.6455e-24,0,0.0012494,0.00084072,1.4861,0.0044904
7.225,2.916,0.005,0.29351,-0.0060967,-7.6425e-24,0,0.0010576,0.00045926,2.3028,0.0037861
7.175,2.972,0.005,0.27574,-0.0023766,-8.121e-24,0,0.0014928,0.00024287,6.1467,0.0029417
8.975,1.2056,0.005,0.00040573,-0.22325,-6.106e-25,0,0.00089154,0.00016763,5.3187,0.013904
8.925,1.2557,0.005,-0.00020091,-0.24457,-1.992e-24,0,0.00072906,0.00044856,1.6253,0.013908
8.875,1.3057,0.005,0.0020103,-0.24905,6.5966e-38,0,0.00077474,0.00070893,1.0928,0.013974
8.825,1.3557,0.005,0.0036945,-0.24764,2.6034e-38,0,0.00081525,0.00087365,0.93316,0.01389
8.775,1.4058,0.005,0.0066532,-0.24238,3.5259e-24,0,0.00086232,0.0010147,0.84984,0.013835
8.725,1.4558,0.005,0.010003,-0.23447,5.1289e-24,0,0.00091561,0.001157,0.79135,0.0137
8.675,1.5059,0.005,0.014093,-0.22484,1.3258e-24,0,0.00096971,0.0012999,0.74597,0.013538
8.625,1.5559,0.005,0.018762,-0.21431,4.8546e-24,0,0.0010194,0.0014367,0.7095,0.013341
8.575,1.606,0.005,0.024018,-0.20336,-6.8627e-24,0,0.0010626,0.0015619,0.68033,0.01312
8.525,1.656,0.005,0.029807,-0.19229,-3.7003e-24,0,0.0010991,0.0016722,0.65731,0.012878
8.475,1.706,0.005,0.036092,-0.18128,-1.5164e-23,0,0.00113,0.0017669,0.63952,0.012622
8.425,1.7561,0.005,0.042831,-0.17044,-5.0359e-37,0,0.0011562,0.0018466,0.62615,0.012357
8.375,1.8061,0.005,0.049985,-0.15982,1.2242e-23,0,0.0011793,0.0019129,0.6165,0.012089
8.325,1.8562,0.005,0.05752,-0.14947,6.2758e-24,0,0.0012005,0.0019678,0.61008,0.011822
8.275,1.9062,0.005,0.065413,-0.13943,1.778e-24,0,0.0012211,0.0020133,0.60654,0.011562
8.225,1.9563,0.005,0.073651,-0.12973,-1.4723e-23,0,0.0012423,0.002051,0.60568,0.011314
8.175,2.0063,0.005,0.082232,-0.12038,-2.1412e-23,0,0.0012649,0.0020824,0.60742,0.011081
8.125,2.0563,0.005,0.091165,-0.11138,-8.1209e-24,0,0.0012899,0.0021084,0.61179,0.010865
8.075,2.1064,0.005,0.10047,-0.10274,0,0,0.0013177,0.0021291,0.6189,0.010668
8.025,2.1564,0.005,0.11015,-0.094435,7.9677e-24,0,0.0013487,0.0021445,0.62891,0.010486
7.975,2.2065,0.005,0.12025,-0.086457,5.6353e-24,0,0.0013829,0.0021541,0.64197,0.010316
7.925,2.2565,0.005,0.13077,-0.078786,2.3413e-23,0,0.0014198,0.0021568,0.65826,0.010153
7.875,2.3066,0.005,0.14171,-0.07141,1.4328e-23,0,0.0014588,0.0021516,0.67798,0.0099878
7.825,2.3566,0.005,0.15307,-0.064321,-1.4095e-23,0,0.0014991,0.0021373,0.70139,0.0098112
7.775,2.4066,0.005,0.16483,-0.057525,-6.2e-24,0,0.0015398,0.0021127,0.72884,0.0096127
7.725,2.4567,0.005,0.17699,-0.051035,0,0,0.0015797,0.0020763,0.76082,0.0093811
7.675,2.5067,0.005,0.18956,-0.04487,1.1085e-23,0,0.0016168,0.0020263,0.79789,0.0091062
7.625,2.5568,0.005,0.20254,-0.039047,1.2534e-23,0,0.0016476,0.00196,0.84062,0.0087789
7.575,2.6068,0.005,0.21592,-0.033577,-7.3331e-24,0,0.0016664,0.0018732,0.88962,0.0083918
7.525,2.6569,0.005,0.22969,-0.02846,-1.1386e-23,0,0.0016646,0.0017595,0.94608,0.0079399
7.475,2.7069,0.005,0.24372,-0.023683,3.5728e-24,0,0.0016309,0.0016099,1.0131,0.0074207
7.425,2.7569,0.005,0.2578,-0.019219,1.3089e-23,0,0.0015525,0.0014124,1.0992,0.0068316
7.375,2.807,0.005,0.27145,-0.015067,1.6337e-23,0,0.0014178,0.0011532,1.2295,0.0061656
7.325,2.86,0.005,0.28373,-0.010908,-4.3292e-24,0,0.0012229,0.00082037,1.4907,0.0054615
7.275,2.916,0.005,0.29018,-0.0065129,8.3063e-24,0,0.0010415,0.00045028,2.313,0.0047182
7.225,2.972,0.005,0.27206,-0.0025102,-1.2609e-36,0,0.0014722,0.00024118,6.1041,0.0038162
8.975,1.2557,0.005,0.00065236,-0.22338,6.8123e-25,0,0.00088382,0.0001669,5.2956,0.014099
8.925,1.3057,0.005,0.00037078,-0.24391,2.8608e-24,0,0.00074181,0.00045658,1.6247,0.014175
8.875,1.3557,0.005,0.0030416,-0.24803,2.6995e-24,0,0.00078934,0.00071424,1.1052,0.014317
8.825,1.4058,0.005,0.0051511,-0.24641,4.0338e-24,0,0.00082736,0.00087397,0.94666,0.014325
8.775,1.4558,0.005,0.0085882,-0.24098,-8.7526e-24,0,0.00087218,0.0010113,0.86241,0.014351
8.725,1.5059,0.005,0.012394,-0.23287,-1.0826e-23,0,0.00092383,0.0011506,0.8029,0.014292
8.675,1.5559,0.005,0.016932,-0.22308,8.5215e-25,0,0.00097708,0.0012909,0.75689,0.014198
8.625,1.606,0.005,0.022044,-0.2124,-1.1165e-31,0,0.0010267,0.0014256,0.7202,0.014061
8.575,1.656,0.005,0.027731,-0.20133,7.1919e-24,0,0.0010706,0.0015491,0.69113,0.013892
8.525,1.706,0.005,0.033941,-0.19017,1.5182e-23,0,0.0011085,0.0016582,0.66849,0.013696
8.475,1.7561,0.005,0.040636,-0.1791,-1.6009e-24,0,0.001141,0.001752,0.65129,0.013479
8.425,1.8061,0.005,0.047772,-0.16823,-5.2082e-37,0,0.0011694,0.001831,0.63867,0.013246
8.375,1.8562,0.005,0.055311,-0.1576,2.637e-31,0,0.0011948,0.0018967,0.62993,0.013005
8.325,1.9062,0.005,0.063221,-0.14727,6.7128e-24,0,0.0012185,0.001951,0.62455,0.012762
8.275,1.9563,0.005,0.071481,-0.13725,8.4428e-24,0,0.0012417,0.0019957,0.62218,0.012523
8.225,2.0063,0.005,0.080079,-0.12757,-8.4403e-24,0,0.0012654,0.0020324,0.62261,0.012294
8.175,2.0563,0.005,0.089016,-0.11823,8.4034e-24,0,0.0012905,0.0020623,0.62579,0.012079
8.125,2.1064,0.005,0.098303,-0.10923,7.0233e-24,0,0.0013177,0.0020859,0.63173,0.011878
8.075,2.1564,0.005,0.10795,-0.10056,-8.2721e-24,0,0.0013475,0.0021036,0.64057,0.011693
8.025,2.2065,0.005,0.11799,-0.092206,-1.4111e-23,0,0.0013799,0.0021149,0.65245,0.011521
7.975,2.2565,0.005,0.12842,-0.084154,-1.7364e-23,0,0.0014147,0.0021193,0.66755,0.011355
7.925,2.3066,0.005,0.13927,-0.076392,2.4194e-23,0,0.0014516,0.0021156,0.68611,0.011189
7.875,2.3566,0.005,0.15052,-0.068915,2.1574e-23,0,0.0014896,0.0021027,0.7084,0.011012
7.825,2.4066,0.005,0.16219,-0.061726,-5.1648e-24,0,0.0015278,0.0020793,0.73479,0.010814
7.775,2.4567,0.005,0.17427,-0.054841,6.285e-24,0,0.001565,0.0020438,0.76571,0.010583
7.725,2.5067,0.005,0.18677,-0.048277,1.9761e-23,0,0.0015989,0.0019944,0.80167,0.010307
7.675,2.5568,0.005,0.1997,-0.042053,2.6734e-23,0,0.001626,0.0019283,0.84322,0.0099753
7.625,2.6068,0.005,0.21304,-0.036185,7.8033e-24,0,0.0016409,0.0018415,0.89104,0.0095799
7.575,2.6569,0.005,0.22677,-0.030677,-2.7737e-23,0,0.0016354,0.0017279,0.94646,0.0091143
7.525,2.7069,0.005,0.24076,-0.025522,-1.5542e-23,0,0.0015989,0.0015786,1.0129,0.0085749
7.475,2.7569,0.005,0.25479,-0.020696,7.6455e-24,0,0.0015192,0.001382,1.0993,0.0079589
7.425,2.807,0.005,0.26835,-0.016206,1.0663e-23,0,0.0013859,0.0011254,1.2315,0.0072592
7.375,2.86,0.005,0.28048,-0.011684,-4.8652e-24,0,0.0011968,0.00079929,1.4973,0.0065139
7.325,2.916,0.005,0.28661,-0.0069805,9.0455e-24,0,0.0010255,0.0004411,2.325,0.0057206
7.275,2.972,0.005,0.26815,-0.0026583,9.7394e-24,0,0.0014506,0.00023941,6.0592,0.004757
8.975,1.3057,0.005,0.00090064,-0.22313,-4.8409e-39,0,0.00087478,0.00016604,5.2685,0.014394
8.925,1.3557,0.005,0.00099339,-0.24288,-3.7915e-24,0,0.00075483,0.00046447,1.6251,0.014545
8.875,1.4058,0.005,0.0041211,-0.2467,1.433e-24,0,0.00080396,0.00071875,1.1186,0.014778
8.825,1.4558,0.005,0.0067219,-0.24486,4.7753e-24,0,0.00083931,0.00087321,0.96118,0.014876
8.775,1.5059,0.005,0.010621,-0.23922,-4.5991e-25,0,0.00088178,0.0010066,0.876,0.014981
8.725,1.5559,0.005,0.014901,-0.23094,5.669e-24,0,0.00093164,0.0011425,0.81546,0.014995
8.675,1.606,0.005,0.019905,-0.22099,6.4372e-24,0,0.00098393,0.0012798,0.76881,0.014964
8.625,1.656,0.005,0.025468,-0.21019,5.5481e-37,0,0.0010334,0.001412,0.7319,0.014882
8.575,1.706,0.005,0.031599,-0.19902,1.0145e-24,0,0.001078,0.0015336,0.70296,0.01476
8.525,1.7561,0.005,0.038239,-0.18779,1.3426e-23,0,0.0011172,0.0016412,0.68071,0.014603
8.475,1.8061,0.005,0.045349,-0.17669,6.8503e-24,0,0.0011515,0.0017338,0.66412,0.014418
8.425,1.8562,0.005,0.052885,-0.1658,-8.4619e-24,0,0.0011819,0.0018119,0.65229,0.014212
8.375,1.9062,0.005,0.060809,-0.15518,-8.6034e-24,0,0.0012096,0.0018769,0.6445,0.013993
8.325,1.9563,0.005,0.06909,-0.14486,-5.5705e-24,0,0.0012358,0.0019303,0.64022,0.01377
8.275,2.0063,0.005,0.077709,-0.13487,2.4447e-37,0,0.0012615,0.0019738,0.6391,0.013549
8.225,2.0563,0.005,0.086658,-0.1252,8.6821e-24,0,0.0012876,0.002009,0.64092,0.013335
8.175,2.1064,0.005,0.095939,-0.11587,-1.3322e-24,0,0.0013149,0.0020367,0.64562,0.013135
8.125,2.1564,0.005,0.10556,-0.10685,0,0,0.001344,0.0020574,0.65326,0.012947
8.075,2.2065,0.005,0.11555,-0.098143,0,0,0.0013751,0.0020711,0.66396,0.012772
8.025,2.2565,0.005,0.12591,-0.089727,-1.5766e-23,0,0.0014083,0.0020775,0.67788,0.012605
7.975,2.3066,0.005,0.13666,-0.081592,-1.678e-23,0,0.001443,0.0020756,0.69525,0.012439
7.925,2.3566,0.005,0.14782,-0.073734,9.574e-24,0,0.0014788,0.0020642,0.71637,0.012264
7.875,2.4066,0.005,0.15939,-0.066157,8.3299e-24,0,0.0015145,0.0020421,0.74161,0.012068
7.825,2.4567,0.005,0.17138,-0.058874,0,0,0.0015488,0.0020078,0.77139,0.01184
7.775,2.5067,0.005,0.1838,-0.051906,6.3409e-24,0,0.0015794,0.0019591,0.80618,0.011566
7.725,2.5568,0.005,0.19667,-0.045272,3.554e-24,0,0.001603,0.0018936,0.84654,0.011234
7.675,2.6068,0.005,0.20996,-0.038991,8.2818e-24,0,0.0016141,0.0018071,0.8932,0.010833
7.625,2.6569,0.005,0.22363,-0.033073,1.3154e-23,0,0.0016051,0.0016937,0.94767,0.010357
7.575,2.7069,0.005,0.23757,-0.027517,8.2329e-24,0,0.001566,0.001545,1.0136,0.0098007
7.525,2.7569,0.005,0.25155,-0.022305,3.614e-24,0,0.0014853,0.0013496,1.1005,0.009159
7.475,2.807,0.005,0.26501,-0.017455,-2.6698e-37,0,0.0013537,0.0010961,1.235,0.0084246
7.425,2.86,0.005,0.27692,-0.012546,-2.4447e-25,0,0.0011707,0.0007774,1.5059,0.0076497
7.375,2.916,0.005,0.28277,-0.0075006,2.3181e-37,0,0.0010097,0.00043169,2.339,0.0068003
7.325,2.972,0.005,0.26396,-0.0028225,-1.0519e-23,0,0.0014281,0.00023754,6.0119,0.0057681
8.975,1.3557,0.005,0.0011877,-0.22247,-4.8289e-24,0,0.0008647,0.00016508,5.2381,0.014794
8.925,1.4058,0.005,0.0016503,-0.24142,-2.3531e-24,0,0.00076826,0.00047224,1.6269,0.015019
8.875,1.4558,0.005,0.005335,-0.24493,-8.2912e-24,0,0.0008186,0.00072242,1.1331,0.015361
8.825,1.5059,0.005,0.0083714,-0.2429,-1.1367e-23,0,0.00085116,0.00087133,0.97685,0.01554
8.775,1.5559,0.005,0.012762,-0.23709,-4.0652e-24,0,0.00089106,0.0010004,0.89069,0.015723
8.725,1.606,0.005,0.017534,-0.22865,-1.9047e-23,0,0.00093895,0.0011325,0.8291,0.015806
8.675,1.656,0.005,0.023017,-0.21858,-6.8079e-24,0,0.00099014,0.0012665,0.78182,0.015835
8.625,1.706,0.005,0.029049,-0.20767,-7.015e-24,0,0.0010394,0.0013958,0.7447,0.015802
8.575,1.7561,0.005,0.035633,-0.19643,-7.1782e-24,0,0.0010846,0.001515,0.7159,0.01572
8.525,1.8061,0.005,0.04271,-0.18516,1.4584e-23,0,0.001125,0.0016209,0.69406,0.015595
8.475,1.8562,0.005,0.050238,-0.17403,1.5978e-23,0,0.001161,0.0017121,0.67811,0.015435
8.425,1.9062,0.005,0.058174,-0.16315,1.6226e-23,0,0.0011934,0.0017889,0.66712,0.015249
8.375,1.9563,0.005,0.066478,-0.15255,-2.9862e-31,0,0.0012234,0.0018527,0.66033,0.015048
8.325,2.0063,0.005,0.075122,-0.14226,-1.5025e-23,0,0.0012519,0.0019048,0.65722,0.01484
8.275,2.0563,0.005,0.08409,-0.13229,-8.9614e-24,0,0.0012798,0.0019468,0.65741,0.014633
8.225,2.1064,0.005,0.093374,-0.12264,-1.6515e-23,0,0.0013081,0.0019798,0.66071,0.014434
8.175,2.1564,0.005,0.10298,-0.1133,-8.869e-24,0,0.0013372,0.0020047,0.66706,0.014245
8.125,2.2065,0.005,0.11292,-0.10425,-7.6379e-24,0,0.0013677,0.0020215,0.67655,0.014068
8.075,2.2565,0.005,0.12322,-0.09549,-7.6294e-24,0,0.0013995,0.0020304,0.68927,0.0139
8.025,2.3066,0.005,0.13389,-0.086999,-9.8313e-24,0,0.0014325,0.0020307,0.70544,0.013735
7.975,2.3566,0.005,0.14495,-0.078773,-3.2334e-23,0,0.0014661,0.0020212,0.72535,0.013562
7.925,2.4066,0.005,0.15642,-0.070815,-3.0643e-23,0,0.0014993,0.0020008,0.74939,0.013372
7.875,2.4567,0.005,0.16832,-0.063139,-7.0844e-24,0,0.0015308,0.0019677,0.77796,0.013149
7.825,2.5067,0.005,0.18065,-0.055763,-1.9488e-24,0,0.0015583,0.0019202,0.81154,0.01288
7.775,2.5568,0.005,0.19343,-0.048711,-8.7414e-24,0,0.0015784,0.0018554,0.85069,0.012552
7.725,2.6068,0.005,0.20666,-0.042005,-8.7644e-24,0,0.0015859,0.0017695,0.89624,0.012152
7.675,2.6569,0.005,0.22027,-0.03566,6.9148e-24,0,0.0015736,0.0016567,0.94985,0.011669
7.625,2.7069,0.005,0.23415,-0.029681,-5.4237e-37,0,0.0015322,0.0015088,1.0155,0.011099
7.575,2.7569,0.005,0.24806,-0.024057,-8.8298e-24,0,0.0014508,0.0013151,1.1032,0.010434
7.525,2.807,0.005,0.26142,-0.018818,-8.5491e-24,0,0.0013212,0.0010651,1.2404,0.0096659
7.475,2.86,0.005,0.2731,-0.013496,2.3623e-24,0,0.0011446,0.00075468,1.5167,0.0088555
7.425,2.916,0.005,0.27864,-0.0080605,1.1707e-24,0,0.00099407,0.00042209,2.3551,0.0079584
7.375,2.972,0.005,0.25949,-0.0030016,-1.293e-25,0,0.0014044,0.00023556,5.9619,0.0068538
8.975,1.4058,0.005,0.0015048,-0.22138,5.9925e-24,0,0.00085366,0.00016402,5.2046,0.015301
8.925,1.4558,0.005,0.0022675,-0.2395,1.1701e-23,0,0.00078202,0.00047981,1.6299,0.015608
8.875,1.5059,0.005,0.0065896,-0.24273,-6.2358e-24,0,0.00083333,0.00072522,1.1491,0.01606
8.825,1.5559,0.005,0.010119,-0.24054,3.2421e-37,0,0.00086285,0.00086828,0.99375,0.016321
8.775,1.606,0.005,0.015018,-0.23457,-6.9903e-24,0,0.00089995,0.00099271,0.90656,0.016578
8.725,1.656,0.005,0.0203,-0.226,-2.1062e-23,0,0.00094567,0.0011205,0.84393,0.016726
8.675,1.706,0.005,0.026284,-0.21583,-1.4761e-23,0,0.00099558,0.0012507,0.79604,0.016808
8.625,1.7561,0.005,0.032796,-0.20485,0,0,0.0010445,0.0013767,0.75872,0.016817
8.575,1.8061,0.005,0.039844,-0.19357,7.2323e-24,0,0.0010901,0.0014932,0.73007,0.016768
8.525,1.8562,0.005,0.047363,-0.18227,8.8681e-25,0,0.0011316,0.0015968,0.70868,0.016667
8.475,1.9062,0.005,0.055309,-0.17116,-8.9853e-24,0,0.0011692,0.0016862,0.6934,0.016525
8.425,1.9563,0.005,0.06364,-0.16029,-9.1457e-24,0,0.0012036,0.0017614,0.68329,0.016354
8.375,2.0063,0.005,0.072315,-0.14972,-6.5074e-24,0,0.0012356,0.0018236,0.67756,0.016165
8.325,2.0563,0.005,0.08131,-0.13946,-1.3706e-24,0,0.0012662,0.0018739,0.67568,0.015969
8.275,2.1064,0.005,0.09061,-0.12952,9.2215e-24,0,0.0012961,0.0019137,0.67728,0.015773
8.225,2.1564,0.005,0.10021,-0.11987,-1.3017e-36,0,0.0013261,0.0019439,0.68216,0.015585
8.175,2.2065,0.005,0.11013,-0.11051,-1.7039e-23,0,0.0013565,0.001965,0.69031,0.015407
8.125,2.2565,0.005,0.12037,-0.10143,-1.6986e-23,0,0.0013876,0.0019772,0.7018,0.015238
8.075,2.3066,0.005,0.13096,-0.0926,-7.905e-24,0,0.0014192,0.0019801,0.71674,0.015074
8.025,2.3566,0.005,0.14193,-0.084023,-1.0171e-23,0,0.001451,0.001973,0.73542,0.014906
7.975,2.4066,0.005,0.15329,-0.075698,-7.7028e-24,0,0.0014819,0.0019545,0.75821,0.014722
7.925,2.4567,0.005,0.16508,-0.067635,9.0529e-24,0,0.0015107,0.0019232,0.78554,0.014508
7.875,2.5067,0.005,0.17732,-0.059854,9.1098e-24,0,0.0015352,0.001877,0.81788,0.014248
7.825,2.5568,0.005,0.19001,-0.05238,-2.3525e-24,0,0.0015519,0.0018133,0.85585,0.013928
7.775,2.6068,0.005,0.20314,-0.045239,-2.896e-24,0,0.0015561,0.0017284,0.90034,0.013532
7.725,2.6569,0.005,0.21668,-0.038451,-1.1579e-23,0,0.0015408,0.0016165,0.95321,0.013049
7.675,2.7069,0.005,0.23049,-0.032029,-1.8766e-23,0,0.0014973,0.0014697,1.0188,0.01247
7.625,2.7569,0.005,0.2443,-0.025967,7.0241e-25,0,0.0014156,0.0012782,1.1075,0.011787
7.575,2.807,0.005,0.25754,-0.020307,-1.6329e-23,0,0.0012884,0.0010325,1.2478,0.010987
7.525,2.86,0.005,0.26897,-0.014539,8.2525e-24,0,0.0011187,0.00073113,1.53,0.010139
7.475,2.916,0.005,0.27419,-0.0086701,-1.0248e-23,0,0.00097857,0.00041228,2.3735,0.0091947
7.425,2.972,0.005,0.2547,-0.003196,1.251e-23,0,0.0013795,0.00023346,5.9087,0.0080185
8.975,1.4558,0.005,0.0018559,-0.21984,1.1044e-24,0,0.00084173,0.00016287,5.1681,0.015915
8.925,1.5059,0.005,0.0029836,-0.23708,-6.9823e-24,0,0.0007963,0.00048721,1.6344,0.016317
8.875,1.5559,0.005,0.0079046,-0.24009,1.0671e-23,0,0.00084812,0.00072711,1.1664,0.016873
8.825,1.606,0.005,0.01197,-0.23774,7.5566e-24,0,0.00087432,0.00086398,1.012,0.017217
8.775,1.656,0.005,0.017398,-0.23165,-2.0673e-24,0,0.00090835,0.00098337,0.92371,0.017544
8.725,1.706,0.005,0.023211,-0.22298,-1.3709e-23,0,0.00095166,0.0011065,0.86007,0.017752
8.675,1.7561,0.005,0.029713,-0.21274,1.9857e-37,0,0.0010001,0.0012322,0.8116,0.01788
8.625,1.8061,0.005,0.036722,-0.20173,2.5043e-23,0,0.0010485,0.0013544,0.77411,0.017923
8.575,1.8562,0.005,0.044241,-0.19043,2.5137e-23,0,0.0010944,0.0014677,0.74565,0.017898
8.525,1.9062,0.005,0.052205,-0.17915,9.9452e-24,0,0.0011368,0.0015686,0.72473,0.017813
8.475,1.9563,0.005,0.060566,-0.16806,-1.7689e-23,0,0.0011758,0.0016556,0.71017,0.017683
8.425,2.0063,0.005,0.069282,-0.15723,-8.269e-24,0,0.0012118,0.0017288,0.70097,0.017521
8.375,2.0563,0.005,0.078315,-0.1467,1.7778e-23,0,0.0012456,0.0017887,0.69637,0.01734
8.325,2.1064,0.005,0.087643,-0.13648,9.5294e-24,0,0.001278,0.0018367,0.6958,0.017151
8.275,2.1564,0.005,0.097255,-0.12655,-7.1541e-38,0,0.0013094,0.0018736,0.6989,0.016965
8.225,2.2065,0.005,0.10715,-0.11691,-9.4195e-24,0,0.0013405,0.0019001,0.70551,0.016786
8.175,2.2565,0.005,0.11735,-0.10752,-1.2057e-39,0,0.0013715,0.0019165,0.71563,0.016617
8.125,2.3066,0.005,0.12788,-0.098381,1.7546e-23,0,0.0014024,0.0019229,0.7293,0.016454
8.075,2.3566,0.005,0.13875,-0.089474,-5.1616e-37,0,0.0014327,0.0019187,0.74671,0.01629
8.025,2.4066,0.005,0.15001,-0.080798,-2.4252e-23,0,0.0014617,0.0019027,0.76823,0.016114
7.975,2.4567,0.005,0.16169,-0.072361,-1.8798e-23,0,0.0014881,0.0018735,0.79429,0.015912
7.925,2.5067,0.005,0.17381,-0.064182,1.5321e-23,0,0.0015097,0.0018291,0.8254,0.015666
7.875,2.5568,0.005,0.18638,-0.056286,2.2932e-24,0,0.0015235,0.0017669,0.86221,0.015358
7.825,2.6068,0.005,0.19941,-0.048703,-1.2593e-23,0,0.0015246,0.0016833,0.90572,0.014973
7.775,2.6569,0.005,0.21285,-0.041459,-6.2913e-24,0,0.0015066,0.0015727,0.958,0.014494
7.725,2.7069,0.005,0.22656,-0.034573,1.2148e-36,0,0.0014613,0.0014276,1.0237,0.013912
7.675,2.7569,0.005,0.24027,-0.028048,2.508e-23,0,0.0013796,0.0012387,1.1138,0.013216
7.625,2.807,0.005,0.25337,-0.021935,1.3966e-23,0,0.0012552,0.00099806,1.2577,0.012389
7.575,2.86,0.005,0.26452,-0.015682,6.5844e-24,0,0.0010928,0.00070675,1.5463,0.011507
7.525,2.916,0.005,0.2694,-0.0093395,1.4986e-24,0,0.00096325,0.0004023,2.3944,0.010514
7.475,2.972,0.005,0.24956,-0.0034096,0,0,0.0013532,0.00023123,5.8522,0.0092652
8.975,1.5059,0.005,0.0022585,-0.2178,-1.115e-23,0,0.00082897,0.00016163,5.1289,0.016655
8.925,1.5559,0.005,0.0037902,-0.23418,-8.1318e-24,0,0.00081086,0.00049431,1.6404,0.01715
8.875,1.606,0.005,0.0093025,-0.23697,-1.6493e-31,0,0.00086291,0.00072799,1.1853,0.017805
8.825,1.656,0.005,0.013926,-0.23451,-3.2831e-24,0,0.00088547,0.00085836,1.0316,0.018229
8.775,1.706,0.005,0.019915,-0.22831,6.2244e-24,0,0.00091617,0.00097232,0.94226,0.018621
8.725,1.7561,0.005,0.026277,-0.21958,8.9207e-24,0,0.00095683,0.0010902,0.87765,0.01888
8.675,1.8061,0.005,0.033319,-0.20932,1.7997e-23,0,0.0010035,0.001211,0.82865,0.019046
8.625,1.8562,0.005,0.040836,-0.19831,8.9912e-24,0,0.0010511,0.0013288,0.79105,0.019114
8.575,1.9062,0.005,0.048834,-0.18703,3.4602e-25,0,0.0010971,0.0014382,0.76281,0.019103
8.525,1.9563,0.005,0.05724,-0.17579,-1.7648e-31,0,0.0011402,0.0015358,0.74241,0.019027
8.475,2.0063,0.005,0.066009,-0.16475,-1.8504e-23,0,0.0011803,0.0016199,0.72861,0.018901
8.425,2.0563,0.005,0.075096,-0.15398,-5.4641e-37,0,0.0012177,0.0016903,0.72041,0.018742
8.375,2.1064,0.005,0.084468,-0.1435,1.7157e-23,0,0.0012529,0.0017474,0.717,0.018565
8.325,2.1564,0.005,0.094107,-0.13332,9.8099e-24,0,0.0012865,0.0017922,0.71784,0.018383
8.275,2.2065,0.005,0.10401,-0.1234,1.2103e-24,0,0.0013189,0.0018253,0.72258,0.018204
8.225,2.2565,0.005,0.11418,-0.11375,8.5364e-24,0,0.0013504,0.0018471,0.73109,0.018034
8.175,2.3066,0.005,0.12465,-0.10432,9.6297e-24,0,0.0013811,0.0018579,0.74336,0.017872
8.125,2.3566,0.005,0.13544,-0.095109,1.5165e-37,0,0.0014105,0.0018573,0.75944,0.017712
8.075,2.4066,0.005,0.14659,-0.086105,-1.1882e-24,0,0.001438,0.0018445,0.77966,0.017546
8.025,2.4567,0.005,0.15814,-0.077313,-8.3363e-24,0,0.0014624,0.0018179,0.80444,0.017356
7.975,2.5067,0.005,0.17013,-0.068748,-9.8498e-24,0,0.0014816,0.0017758,0.83433,0.017127
7.925,2.5568,0.005,0.18257,-0.060436,1.7814e-23,0,0.0014926,0.0017156,0.87003,0.016838
7.875,2.6068,0.005,0.19547,-0.052408,2.8031e-24,0,0.001491,0.0016337,0.91268,0.016469
7.825,2.6569,0.005,0.20878,-0.044696,-3.7967e-23,0,0.0014707,0.0015248,0.96452,0.016003
7.775,2.7069,0.005,0.22237,-0.037329,-6.1636e-24,0,0.0014242,0.0013819,1.0305,0.015424
7.725,2.7569,0.005,0.23595,-0.030315,-5.4638e-24,0,0.0013429,0.0011964,1.1224,0.014721
7.675,2.807,0.005,0.24887,-0.023715,6.5354e-24,0,0.0012218,0.00096181,1.2704,0.013874
7.625,2.86,0.005,0.25971,-0.016936,-6.0727e-24,0,0.0010671,0.00068157,1.5657,0.012962
7.575,2.916,0.005,0.26421,-0.010074,1.3593e-23,0,0.00094813,0.00039214,2.4178,0.011921
7.525,2.972,0.005,0.24403,-0.0036459,2.1234e-25,0,0.0013255,0.00022885,5.792,0.010597
8.975,1.5559,0.005,0.0026788,-0.21522,1.0165e-23,0,0.00081547,0.00016031,5.0869,0.017523
8.925,1.606,0.005,0.0046094,-0.23077,-9.2874e-24,0,0.00082519,0.00050093,1.6473,0.018103
8.875,1.656,0.005,0.01078,-0.23335,-1.3268e-23,0,0.00087762,0.00072781,1.2058,0.018854
8.825,1.706,0.005,0.015998,-0.23081,-9.4718e-24,0,0.00089624,0.00085134,1.0527,0.019355
8.775,1.7561,0.005,0.022578,-0.22454,9.6301e-24,0,0.00092333,0.00095945,0.96235,0.019805
8.725,1.8061,0.005,0.029513,-0.21579,1.8779e-24,0,0.00096104,0.0010716,0.89684,0.020106
8.675,1.8562,0.005,0.037111,-0.20554,-8.6591e-24,0,0.0010057,0.0011868,0.84739,0.0203
8.625,1.9062,0.005,0.045151,-0.19458,-2.8219e-23,0,0.0010522,0.0012994,0.80974,0.020382
8.575,1.9563,0.005,0.053628,-0.18337,-1.8856e-23,0,0.0010979,0.0014043,0.78181,0.020377
8.525,2.0063,0.005,0.062472,-0.1722,1.0037e-23,0,0.0011414,0.0014979,0.76199,0.020301
8.475,2.0563,0.005,0.071634,-0.16124,9.1097e-24,0,0.0011822,0.0015783,0.74903,0.020173
8.425,2.1064,0.005,0.081072,-0.15054,0,0,0.0012206,0.0016452,0.74189,0.020013
8.375,2.1564,0.005,0.090759,-0.14012,1.0162e-23,0,0.0012567,0.0016988,0.73977,0.019837
8.325,2.2065,0.005,0.10068,-0.12998,1.0087e-23,0,0.001291,0.0017395,0.74215,0.019659
8.275,2.2565,0.005,0.11085,-0.12008,0,0,0.0013236,0.0017679,0.74869,0.019487
8.225,2.3066,0.005,0.12127,-0.11039,7.7616e-24,0,0.0013546,0.0017839,0.75933,0.019325
8.175,2.3566,0.005,0.13198,-0.10091,-7.7925e-24,0,0.0013837,0.0017878,0.77397,0.019169
8.125,2.4066,0.005,0.14303,-0.091603,-1.8786e-23,0,0.0014103,0.0017788,0.79283,0.019011
8.075,2.4567,0.005,0.15445,-0.08248,2.0083e-23,0,0.0014331,0.0017556,0.81632,0.018837
8.025,2.5067,0.005,0.16628,-0.073548,1.7186e-23,0,0.0014503,0.0017164,0.845,0.018627
7.975,2.5568,0.005,0.17857,-0.064832,-1.2448e-23,0,0.0014591,0.0016587,0.87966,0.018361
7.925,2.6068,0.005,0.19132,-0.056362,2.9198e-23,0,0.0014552,0.0015791,0.92157,0.018015
7.875,2.6569,0.005,0.20447,-0.048176,3.3139e-23,0,0.0014331,0.0014726,0.97319,0.017569
7.825,2.7069,0.005,0.21791,-0.04031,8.8734e-24,0,0.0013857,0.0013326,1.0399,0.017002
7.775,2.7569,0.005,0.23132,-0.032785,-2.2969e-23,0,0.0013054,0.0011512,1.1339,0.016299
7.725,2.807,0.005,0.24402,-0.025662,-1.6942e-23,0,0.0011882,0.00092371,1.2864,0.015439
7.675,2.86,0.005,0.25451,-0.01831,3.7057e-24,0,0.0010417,0.00065565,1.5888,0.014504
7.625,2.916,0.005,0.25861,-0.010877,1.9174e-24,0,0.00093321,0.00038183,2.4441,0.013418
7.575,2.972,0.005,0.23809,-0.003907,0,0,0.0012962,0.00022631,5.7275,0.012017
8.975,1.606,0.005,0.0031137,-0.21206,-1.3169e-23,0,0.00080128,0.0001589,5.0425,0.018513
8.925,1.656,0.005,0.0054851,-0.22677,-1.4072e-23,0,0.00083903,0.00050695,1.6551,0.019174
8.875,1.706,0.005,0.012347,-0.2292,-1.0353e-23,0,0.00089215,0.00072648,1.228,0.020021
8.825,1.7561,0.005,0.018189,-0.22663,0,0,0.0009065,0.00084285,1.0755,0.020592
8.775,1.8061,0.005,0.0254,-0.22032,2.0977e-23,0,0.00092969,0.00094468,0.98413,0.021091
8.725,1.8562,0.005,0.032932,-0.2116,1.0445e-23,0,0.00096417,0.0010505,0.91784,0.021423
8.675,1.9062,0.005,0.041101,-0.20142,-1.0313e-23,0,0.0010064,0.0011594,0.86804,0.021633
8.625,1.9563,0.005,0.049672,-0.19055,0,0,0.0010515,0.0012661,0.83046,0.021721
8.575,2.0063,0.005,0.058628,-0.17945,1.0267e-23,0,0.0010965,0.0013656,0.80293,0.021711
8.525,2.0563,0.005,0.067897,-0.1684,2.0134e-23,0,0.0011399,0.0014544,0.7838,0.021627
8.475,2.1064,0.005,0.077433,-0.15754,9.4489e-24,0,0.0011811,0.0015304,0.77178,0.021491
8.425,2.1564,0.005,0.087196,-0.14693,-1.0542e-23,0,0.0012199,0.0015929,0.76581,0.021326
8.375,2.2065,0.005,0.097169,-0.13658,-1.8415e-23,0,0.0012563,0.0016419,0.76513,0.02115
8.325,2.2565,0.005,0.10735,-0.12647,-9.1675e-24,0,0.0012905,0.0016776,0.76922,0.020976
8.275,2.3066,0.005,0.11775,-0.11657,8.0584e-24,0,0.0013223,0.0017,0.77783,0.020811
8.225,2.3566,0.005,0.12839,-0.10684,1.128e-23,0,0.0013517,0.0017092,0.79083,0.020657
8.175,2.4066,0.005,0.13933,-0.097271,9.1957e-24,0,0.0013779,0.0017048,0.80822,0.020507
8.125,2.4567,0.005,0.15062,-0.087847,-2.4468e-37,0,0.0013997,0.0016856,0.83037,0.020348
8.075,2.5067,0.005,0.16229,-0.078574,1.8111e-31,0,0.0014155,0.00165,0.85787,0.02016
8.025,2.5568,0.005,0.1744,-0.069472,8.8595e-24,0,0.0014225,0.0015955,0.89157,0.019921
7.975,2.6068,0.005,0.18696,-0.060569,-2.5178e-24,0,0.001417,0.0015189,0.93288,0.019605
7.925,2.6569,0.005,0.19992,-0.051907,1.0071e-23,0,0.0013935,0.0014155,0.98449,0.019187
7.875,2.7069,0.005,0.21316,-0.04353,-1.177e-23,0,0.0013458,0.0012791,1.0521,0.018641
7.825,2.7569,0.005,0.22637,-0.035471,-1.7809e-23,0,0.0012671,0.001103,1.1488,0.017948
7.775,2.807,0.005,0.2388,-0.027778,-6.1756e-25,0,0.0011545,0.00088379,1.3063,0.017087
7.725,2.86,0.005,0.24889,-0.019811,0,0,0.0010166,0.00062906,1.616,0.016132
7.675,2.916,0.005,0.25254,-0.011755,-1.3744e-23,0,0.0009185,0.00037138,2.4732,0.015006
7.625,2.972,0.005,0.23168,-0.0041947,0,0,0.0012651,0.00022358,5.6583,0.013527
8.975,1.656,0.005,0.0035741,-0.20831,-1.3201e-23,0,0.00078651,0.00015743,4.9959,0.019626
8.925,1.706,0.005,0.0064172,-0.22219,1.1723e-23,0,0.00085291,0.00051245,1.6644,0.020364
8.875,1.7561,0.005,0.014011,-0.22449,1.6049e-23,0,0.00090636,0.00072391,1.252,0.0213
8.825,1.8061,0.005,0.020512,-0.22192,2.2736e-23,0,0.00091613,0.0008328,1.1001,0.021934
8.775,1.8562,0.005,0.02839,-0.21564,7.7622e-24,0,0.00093513,0.00092792,1.0078,0.022474
8.725,1.9062,0.005,0.036547,-0.207,-8.9755e-24,0,0.00096605,0.0010268,0.94086,0.022824
8.675,1.9563,0.005,0.045297,-0.19695,0,0,0.0010055,0.0011287,0.89089,0.023038
8.625,2.0063,0.005,0.054402,-0.18623,-1.0586e-23,0,0.0010487,0.0012286,0.85355,0.023118
8.575,2.0563,0.005,0.063831,-0.17528,-2.1043e-23,0,0.0010927,0.0013219,0.82658,0.023094
8.525,2.1064,0.005,0.073506,-0.16439,-2.091e-23,0,0.0011355,0.0014049,0.80829,0.022995
8.475,2.1564,0.005,0.083389,-0.15366,-1.0943e-23,0,0.0011764,0.0014754,0.79735,0.022847
8.425,2.2065,0.005,0.093447,-0.14316,0,0,0.001215,0.0015326,0.79273,0.022675
8.375,2.2565,0.005,0.10367,-0.13288,1.2428e-24,0,0.0012509,0.001576,0.79369,0.022498
8.325,2.3066,0.005,0.11407,-0.1228,0,0,0.001284,0.0016055,0.79976,0.02233
8.275,2.3566,0.005,0.12467,-0.11287,-2.1116e-23,0,0.001314,0.0016208,0.81076,0.022175
8.225,2.4066,0.005,0.13552,-0.10308,-2.7637e-23,0,0.0013403,0.0016217,0.8265,0.02203
8.175,2.4567,0.005,0.14666,-0.09339,-1.1689e-23,0,0.0013618,0.0016073,0.84724,0.021884
8.125,2.5067,0.005,0.15816,-0.083811,0,0,0.0013767,0.001576,0.87355,0.021719
8.075,2.5568,0.005,0.17007,-0.074349,9.396e-24,0,0.0013826,0.0015255,0.90636,0.021511
8.025,2.6068,0.005,0.1824,-0.065031,1.6171e-37,0,0.001376,0.0014526,0.94723,0.021232
7.975,2.6569,0.005,0.19513,-0.055898,-3.5565e-23,0,0.0013519,0.0013531,0.99909,0.020851
7.925,2.7069,0.005,0.20813,-0.047001,-2.8437e-23,0,0.0013046,0.0012214,1.0681,0.020336
7.875,2.7569,0.005,0.22106,-0.038386,-1.633e-24,0,0.0012282,0.0010518,1.1677,0.019662
7.825,2.807,0.005,0.23316,-0.030067,6.3175e-24,0,0.0011207,0.00084213,1.3308,0.018813
7.775,2.86,0.005,0.2428,-0.021456,5.1918e-24,0,0.00099189,0.0006019,1.6479,0.017846
7.725,2.916,0.005,0.24596,-0.012713,-1.7169e-23,0,0.00090401,0.00036083,2.5054,0.016685
7.675,2.972,0.005,0.22477,-0.0045113,-1.9199e-23,0,0.0012321,0.00022064,5.584,0.015129
8.975,1.706,0.005,0.0040659,-0.20392,-1.8999e-24,0,0.00077125,0.00015589,4.9473,0.020861
8.925,1.7561,0.005,0.0074131,-0.21697,1.2986e-23,0,0.00086683,0.00051737,1.6754,0.021672
8.875,1.8061,0.005,0.015784,-0.21919,2.9982e-23,0,0.00092007,0.00071997,1.2779,0.022689
8.825,1.8562,0.005,0.022979,-0.21668,3.685e-23,0,0.00092495,0.00082109,1.1265,0.023375
8.775,1.9062,0.005,0.031551,-0.21047,4.6442e-24,0,0.0009395,0.00090908,1.0335,0.023943
8.725,1.9563,0.005,0.040369,-0.20197,0,0,0.00096655,0.0010004,0.96617,0.0243
8.675,2.0063,0.005,0.049705,-0.19212,-1.1399e-23,0,0.0010028,0.0010944,0.91627,0.024502
8.625,2.0563,0.005,0.05934,-0.18161,-1.0996e-23,0,0.0010437,0.0011868,0.87941,0.024562
8.575,2.1064,0.005,0.069224,-0.17088,-2.1166e-31,0,0.001086,0.0012728,0.85325,0.024515
8.525,2.1564,0.005,0.079281,-0.16018,4.4012e-37,0,0.0011278,0.001349,0.83602,0.024395
8.475,2.2065,0.005,0.089475,-0.14962,-1.0015e-23,0,0.0011677,0.0014131,0.82639,0.024232
8.425,2.2565,0.005,0.099789,-0.13923,-9.8669e-24,0,0.0012052,0.0014638,0.82337,0.024054
8.375,2.3066,0.005,0.11022,-0.12902,9.8098e-24,0,0.0012397,0.0015004,0.82628,0.023879
8.325,2.3566,0.005,0.1208,-0.11894,-1.0829e-24,0,0.0012707,0.0015223,0.83475,0.023719
8.275,2.4066,0.005,0.13157,-0.10897,-8.9061e-24,0,0.0012976,0.0015291,0.84858,0.023575
8.225,2.4567,0.005,0.14258,-0.099072,-1.0912e-23,0,0.0013191,0.0015202,0.86776,0.023441
8.175,2.5067,0.005,0.1539,-0.089228,-9.9793e-24,0,0.0013338,0.0014939,0.89284,0.023298
8.125,2.5568,0.005,0.16558,-0.079444,-1.4374e-24,0,0.0013393,0.0014481,0.92483,0.023123
8.075,2.6068,0.005,0.17765,-0.069739,-9.7429e-24,0,0.0013322,0.0013799,0.96542,0.022885
8.025,2.6569,0.005,0.1901,-0.060149,-2.4541e-23,0,0.0013082,0.0012853,1.0178,0.022548
7.975,2.7069,0.005,0.20279,-0.05073,8.1714e-24,0,0.001262,0.0011594,1.0885,0.022076
7.925,2.7569,0.005,0.21539,-0.041535,3.7578e-23,0,0.0011886,0.00099747,1.1917,0.021434
7.875,2.807,0.005,0.22708,-0.032538,2.7685e-23,0,0.001087,0.0007989,1.3606,0.020611
7.825,2.86,0.005,0.2362,-0.023265,5.2003e-24,0,0.00096772,0.0005743,1.685,0.019642
7.775,2.916,0.005,0.23883,-0.013754,1.8487e-23,0,0.00088973,0.0003502,2.5406,0.018452
7.725,2.972,0.005,0.21731,-0.0048593,-2.0892e-23,0,0.001197,0.00021748,5.5038,0.016822
8.975,1.7561,0.005,0.0045908,-0.19885,1.439e-23,0,0.00075557,0.0001543,4.8968,0.022214
8.925,1.8061,0.005,0.0084775,-0.21107,1.4264e-23,0,0.00088062,0.00052161,1.6883,0.023091
8.875,1.8562,0.005,0.01767,-0.21327,1.3521e-23,0,0.00093303,0.00071455,1.3057,0.024178
8.825,1.9062,0.005,0.025605,-0.21087,-5.5221e-24,0,0.00093278,0.00080763,1.155,0.024905
8.775,1.9563,0.005,0.034885,-0.20481,-2.5557e-31,0,0.00094264,0.00088809,1.0614,0.025487
8.725,2.0063,0.005,0.044396,-0.19651,-1.0283e-23,0,0.00096548,0.00097125,0.99407,0.025836
8.675,2.0563,0.005,0.054326,-0.18693,1.1092e-23,0,0.0009981,0.0010566,0.94459,0.026012
8.625,2.1064,0.005,0.064472,-0.1767,3.4165e-23,0,0.0010361,0.0011404,0.90856,0.02604
8.575,2.1564,0.005,0.074784,-0.16624,2.3505e-23,0,0.0010763,0.0012181,0.88354,0.025962
8.525,2.2065,0.005,0.085188,-0.15577,-1.1744e-23,0,0.0011162,0.0012864,0.86772,0.025817
8.475,2.2565,0.005,0.095652,-0.14539,-2.187e-23,0,0.0011545,0.0013428,0.85976,0.025639
8.425,2.3066,0.005,0.10617,-0.13514,-1.0139e-23,0,0.0011901,0.0013858,0.85873,0.025457
8.375,2.3566,0.005,0.11677,-0.12498,1.8015e-37,0,0.0012221,0.0014143,0.86409,0.025288
8.325,2.4066,0.005,0.12749,-0.11489,2.0405e-23,0,0.0012497,0.0014273,0.87557,0.025142
8.275,2.4567,0.005,0.13838,-0.10483,4.4791e-23,0,0.0012718,0.0014242,0.89299,0.025014
8.225,2.5067,0.005,0.14951,-0.094781,2.0801e-23,0,0.0012867,0.0014035,0.91678,0.024891
8.175,2.5568,0.005,0.16094,-0.084723,0,0,0.0012923,0.0013632,0.94798,0.024748
8.125,2.6068,0.005,0.17272,-0.074669,-1.2049e-23,0,0.0012855,0.0013006,0.98845,0.024554
8.075,2.6569,0.005,0.18483,-0.064649,-1.0072e-23,0,0.0012624,0.0012119,1.0416,0.02427
8.025,2.7069,0.005,0.19714,-0.054713,-3.7728e-24,0,0.0012182,0.0010931,1.1144,0.023851
7.975,2.7569,0.005,0.20932,-0.044922,1.7686e-31,0,0.0011487,0.00094038,1.2215,0.023255
7.925,2.807,0.005,0.22051,-0.035203,2.2995e-23,0,0.0010535,0.00075435,1.3966,0.022472
7.875,2.86,0.005,0.22907,-0.025242,2.4944e-23,0,0.00094417,0.0005464,1.728,0.021513
7.825,2.916,0.005,0.23109,-0.014881,3.1098e-24,0,0.00087566,0.00033952,2.5791,0.020304
7.775,2.972,0.005,0.20924,-0.0052419,2.2716e-23,0,0.0011596,0.00021406,5.4172,0.018605
8.975,1.8061,0.005,0.0051516,-0.19306,1.5895e-23,0,0.00073951,0.00015265,4.8445,0.023681
8.925,1.8562,0.005,0.0096145,-0.20446,-5.3362e-24,0,0.00089406,0.00052504,1.7028,0.024615
8.875,1.9062,0.005,0.019673,-0.20669,-2.6473e-23,0,0.00094492,0.00070749,1.3356,0.025759
8.825,1.9563,0.005,0.0284,-0.20445,-5.5883e-23,0,0.00093937,0.00079229,1.1856,0.026512
8.775,2.0063,0.005,0.038403,-0.19861,-3.2795e-23,0,0.00094435,0.00086487,1.0919,0.027091
8.725,2.0563,0.005,0.048618,-0.1906,-1.2784e-23,0,0.00096267,0.0009393,1.0249,0.027417
8.675,2.1064,0.005,0.059143,-0.18137,4.1021e-25,0,0.00099122,0.0010152,0.97633,0.027553
8.625,2.1564,0.005,0.069775,-0.1715,1.066e-36,0,0.0010258,0.0010894,0.94165,0.027537
8.575,2.2065,0.005,0.08047,-0.16136,-1.1026e-23,0,0.0010632,0.0011578,0.91827,0.027422
8.525,2.2565,0.005,0.091172,-0.15116,-1.0674e-23,0,0.0011007,0.0012171,0.90434,0.027251
8.475,2.3066,0.005,0.10185,-0.14099,1.0477e-23,0,0.0011364,0.0012647,0.89858,0.027061
8.425,2.3566,0.005,0.11253,-0.13085,1.8557e-37,0,0.001169,0.0012987,0.90019,0.026881
8.375,2.4066,0.005,0.12323,-0.12073,-2.2021e-23,0,0.0011974,0.0013176,0.90878,0.026726
8.325,2.4567,0.005,0.13402,-0.11059,-1.0619e-23,0,0.0012202,0.0013203,0.92417,0.026598
8.275,2.5067,0.005,0.14497,-0.1004,0,0,0.0012358,0.0013056,0.94655,0.026489
8.225,2.5568,0.005,0.15614,-0.090128,1.0896e-23,0,0.0012421,0.0012714,0.977,0.026376
8.175,2.6068,0.005,0.16759,-0.079778,2.1837e-23,0,0.0012363,0.001215,1.0175,0.026227
8.125,2.6569,0.005,0.1793,-0.069365,2.5807e-23,0,0.0012148,0.0011334,1.0718,0.026
8.075,2.7069,0.005,0.19116,-0.058931,2.7926e-37,0,0.0011734,0.001023,1.147,0.025646
8.025,2.7569,0.005,0.20281,-0.048517,-9.7313e-24,0,0.0011086,0.00088092,1.2584,0.025114
7.975,2.807,0.005,0.21342,-0.03806,-2.3024e-23,0,0.0010205,0.00070884,1.4397,0.024384
7.925,2.86,0.005,0.22136,-0.027386,-6.4591e-24,0,0.00092139,0.00051841,1.7773,0.023448
7.875,2.916,0.005,0.22269,-0.016095,-2.1265e-23,0,0.00086178,0.00032883,2.6208,0.022233
7.825,2.972,0.005,0.20052,-0.0056625,-8.5304e-37,0,0.0011198,0.00021036,5.3232,0.020474
8.975,1.8562,0.005,0.0057502,-0.18649,1.7419e-23,0,0.00072312,0.00015095,4.7906,0.025254
8.925,1.9062,0.005,0.010827,-0.19709,6.2855e-37,0,0.00090686,0.00052753,1.7191,0.026232
8.875,1.9563,0.005,0.021797,-0.19941,-8.9969e-24,0,0.00095531,0.00069858,1.3675,0.027421
8.825,2.0063,0.005,0.031367,-0.19741,-1.4194e-36,0,0.00094439,0.00077497,1.2186,0.028183
8.775,2.0563,0.005,0.042106,-0.19187,1.3876e-23,0,0.00094439,0.00083938,1.1251,0.028736
8.725,2.1064,0.005,0.053005,-0.18424,-1.3069e-23,0,0.00095794,0.00090455,1.059,0.02902
8.675,2.1564,0.005,0.064113,-0.17543,-2.4623e-23,0,0.00098199,0.00097027,1.0121,0.029104
8.625,2.2065,0.005,0.075199,-0.16599,-1.071e-23,0,0.0010127,0.0010339,0.97946,0.029038
8.575,2.2565,0.005,0.086219,-0.15623,0,0,0.0010466,0.001092,0.95841,0.028883
8.525,2.3066,0.005,0.097149,-0.14633,2.1651e-23,0,0.0010808,0.0011412,0.94711,0.028688
8.475,2.3566,0.005,0.10798,-0.13636,2.4228e-23,0,0.0011131,0.0011787,0.94437,0.028493
8.425,2.4066,0.005,0.11873,-0.12633,0,0,0.0011418,0.0012024,0.94958,0.028324
8.375,2.4567,0.005,0.12946,-0.11621,-3.4391e-23,0,0.0011652,0.0012105,0.9626,0.028189
8.325,2.5067,0.005,0.14025,-0.10596,-3.3943e-23,0,0.0011817,0.0012016,0.98345,0.028086
8.275,2.5568,0.005,0.15115,-0.095565,1.1297e-23,0,0.0011892,0.0011737,1.0132,0.027997
8.225,2.6068,0.005,0.16224,-0.084988,1.2425e-23,0,0.0011849,0.0011244,1.0539,0.027892
8.175,2.6569,0.005,0.1735,-0.074234,1.1451e-23,0,0.0011657,0.0010507,1.1095,0.027726
8.125,2.7069,0.005,0.18481,-0.063322,1.4025e-23,0,0.0011279,0.0009498,1.1875,0.027447
8.075,2.7569,0.005,0.19584,-0.052288,-1.5176e-23,0,0.0010686,0.00081975,1.3035,0.026995
8.025,2.807,0.005,0.20578,-0.041125,-1.7544e-23,0,0.00098831,0.00066285,1.491,0.026329
7.975,2.86,0.005,0.21302,-0.029689,-2.0592e-23,0,0.0008995,0.00049055,1.8337,0.025434
7.925,2.916,0.005,0.21356,-0.017398,1.7818e-36,0,0.00084803,0.00031816,2.6654,0.024229
7.875,2.972,0.005,0.19109,-0.0061247,-2.8394e-36,0,0.0010773,0.00020634,5.2211,0.02242
8.975,1.9062,0.005,0.0063887,-0.17911,0,0,0.0007064,0.00014919,4.7349,0.026921
8.925,1.9563,0.005,0.012113,-0.1889,-3.6008e-23,0,0.00091862,0.0005289,1.7369,0.027929
8.875,2.0063,0.005,0.024035,-0.19139,-1.6364e-23,0,0.00096361,0.00068758,1.4015,0.029145
8.825,2.0563,0.005,0.034502,-0.18971,1.5266e-23,0,0.00094745,0.00075552,1.254,0.029896
8.775,2.1064,0.005,0.045991,-0.18455,1.4186e-23,0,0.00094251,0.00081158,1.1613,0.0304
8.725,2.1564,0.005,0.057532,-0.1774,-8.7207e-37,0,0.00095115,0.00086709,1.0969,0.030622
8.675,2.2065,0.005,0.06916,-0.16911,-2.5141e-23,0,0.00097029,0.00092186,1.0525,0.030645
8.625,2.2565,0.005,0.080652,-0.16016,-1.1657e-23,0,0.00099648,0.00097415,1.0229,0.030526
8.575,2.3066,0.005,0.091929,-0.15081,0,0,0.0010263,0.001021,1.0052,0.030333
8.525,2.3566,0.005,0.103,-0.14122,-1.2569e-23,0,0.0010565,0.0010591,0.9976,0.030121
8.475,2.4066,0.005,0.11388,-0.13145,-1.0917e-23,0,0.0010845,0.0010855,0.99909,0.02993
8.425,2.4567,0.005,0.12461,-0.12149,0,0,0.0011082,0.0010978,1.0094,0.02978
8.375,2.5067,0.005,0.13527,-0.11131,2.2586e-31,0,0.0011255,0.0010941,1.0287,0.029674
8.325,2.5568,0.005,0.14592,-0.10088,0,0,0.0011343,0.0010724,1.0577,0.029601
8.275,2.6068,0.005,0.15662,-0.090169,-2.4416e-23,0,0.001132,0.0010304,1.0987,0.029535
8.225,2.6569,0.005,0.16737,-0.079141,-5.1661e-23,0,0.0011158,0.00096533,1.1559,0.029431
8.175,2.7069,0.005,0.17806,-0.067807,-3.8128e-23,0,0.0010822,0.00087486,1.237,0.029234
8.125,2.7569,0.005,0.18836,-0.056213,-1.15e-23,0,0.001029,0.00075782,1.3578,0.028873
8.075,2.807,0.005,0.19755,-0.044385,9.3655e-24,0,0.00095701,0.00061697,1.5512,0.028286
8.025,2.86,0.005,0.20402,-0.032131,8.8812e-24,0,0.00087872,0.00046309,1.8975,0.027453
7.975,2.916,0.005,0.20362,-0.018788,0,0,0.00083437,0.00030756,2.7129,0.026276
7.925,2.972,0.005,0.18089,-0.0066296,6.9136e-25,0,0.0010319,0.00020195,5.1099,0.024434
8.975,1.9563,0.005,0.0070674,-0.17085,-2.7003e-23,0,0.00068933,0.00014737,4.6774,0.028668
8.925,2.0063,0.005,0.013458,-0.17984,-1.9122e-23,0,0.00092883,0.00052897,1.7559,0.029686
8.875,2.0563,0.005,0.026379,-0.18256,1.7114e-23,0,0.00096898,0.00066098,1.4373,0.030906
8.825,2.1064,0.005,0.037765,-0.18132,-3.1253e-31,0,0.00094804,0.00073376,1.292,0.031622
8.775,2.1564,0.005,0.050008,-0.17665,1.1847e-23,0,0.00093843,0.00078149,1.2008,0.032055
8.725,2.2065,0.005,0.062143,-0.17006,-1.8232e-36,0,0.00094214,0.00082706,1.1391,0.032198
8.675,2.2565,0.005,0.074202,-0.16237,4.6625e-37,0,0.00095603,0.00087032,1.0985,0.03215
8.625,2.3066,0.005,0.085991,-0.15396,2.4765e-23,0,0.00097728,0.00091063,1.0732,0.031982
8.575,2.3566,0.005,0.097436,-0.14504,-1.2991e-23,0,0.0010024,0.00094553,1.0602,0.03176
8.525,2.4066,0.005,0.10853,-0.13576,-2.2111e-23,0,0.0010279,0.00097179,1.0578,0.031542
8.475,2.4567,0.005,0.11934,-0.12615,0,0,0.0010507,0.00098634,1.0653,0.031365
8.425,2.5067,0.005,0.12992,-0.11621,2.3592e-23,0,0.0010684,0.00098654,1.083,0.031245
8.375,2.5568,0.005,0.14034,-0.10588,3.584e-23,0,0.0010785,0.00097037,1.1114,0.031179
8.325,2.6068,0.005,0.15065,-0.095134,-1.4508e-36,0,0.0010785,0.00093542,1.1529,0.031144
8.275,2.6569,0.005,0.16086,-0.083946,-5.0163e-31,0,0.0010655,0.00087925,1.2118,0.031099
8.225,2.7069,0.005,0.17086,-0.072296,1.2617e-23,0,0.0010367,0.00079979,1.2963,0.030984
8.175,2.7569,0.005,0.18037,-0.060229,3.2209e-24,0,0.00099006,0.00069636,1.4218,0.030719
8.125,2.807,0.005,0.18873,-0.047786,2.0233e-23,0,0.00092691,0.00057195,1.6206,0.030226
8.075,2.86,0.005,0.19432,-0.034712,3.2016e-23,0,0.00085924,0.00043635,1.9692,0.02948
8.025,2.916,0.005,0.1929,-0.020268,4.9417e-24,0,0.00082158,0.00029722,2.7642,0.028364
7.975,2.972,0.005,0.16986,-0.0071835,-3.3181e-36,0,0.00098345,0.00019715,4.9882,0.026499
8.975,2.0063,0.005,0.0077846,-0.16168,-2.1785e-23,0,0.00067188,0.0001455,4.6179,0.03047
8.925,2.0563,0.005,0.014843,-0.16987,4.0219e-23,0,0.00093685,0.00052753,1.7759,0.031479
8.875,2.1064,0.005,0.028817,-0.17284,4.3856e-23,0,0.00097093,0.00060264,1.4749,0.032675
8.825,2.1564,0.005,0.0411,-0.17218,1.1187e-23,0,0.00094544,0.00067732,1.3328,0.033324
8.775,2.2065,0.005,0.054048,-0.16815,-1.4171e-23,0,0.00093181,0.00074548,1.2439,0.033668
8.725,2.2565,0.005,0.066719,-0.16221,1.2851e-23,0,0.0009308,0.00078472,1.1862,0.033722
8.675,2.3066,0.005,0.079098,-0.15516,1.3442e-23,0,0.00093923,0.00081611,1.1509,0.0336
8.625,2.3566,0.005,0.091051,-0.14732,5.7231e-37,0,0.00095513,0.00084406,1.1316,0.033387
8.575,2.4066,0.005,0.1025,-0.13884,1.1091e-23,0,0.00097508,0.00086666,1.1251,0.033149
8.525,2.4567,0.005,0.11349,-0.12982,1.4563e-24,0,0.00099521,0.00088071,1.13,0.032941
8.475,2.5067,0.005,0.12407,-0.12031,-1.2323e-23,0,0.0010121,0.00088301,1.1462,0.032796
8.425,2.5568,0.005,0.13431,-0.11027,1.1869e-23,0,0.001023,0.00087104,1.1745,0.032722
8.375,2.6068,0.005,0.14425,-0.099668,1.2423e-23,0,0.0010251,0.00084245,1.2168,0.032705
8.325,2.6569,0.005,0.1539,-0.088472,2.5784e-23,0,0.0010156,0.00079487,1.2777,0.032706
8.275,2.7069,0.005,0.16319,-0.07665,4.0019e-23,0,0.00099194,0.00072644,1.3655,0.032666
8.225,2.7569,0.005,0.17185,-0.064228,1.5271e-23,0,0.0009523,0.00063675,1.4956,0.0325
8.175,2.807,0.005,0.1793,-0.051244,2.1577e-23,0,0.00089827,0.00052865,1.6992,0.032114
8.125,2.86,0.005,0.18387,-0.0374,3.4425e-23,0,0.0008411,0.0004107,2.048,0.031474
8.075,2.916,0.005,0.18125,-0.021809,5.5133e-24,0,0.00080927,0.00028719,2.8179,0.030471
8.025,2.972,0.005,0.15795,-0.0077837,3.4485e-23,0,0.00093163,0.0001919,4.8549,0.028595
8.975,2.0563,0.005,0.0085358,-0.15156,2.3021e-23,0,0.00065396,0.00014354,4.556,0.0323
8.925,2.1064,0.005,0.01626,-0.15896,0,0,0.00094196,0.00052445,1.7961,0.033278
8.875,2.1564,0.005,0.031294,-0.16222,3.2359e-37,0,0.00097021,0.00055172,1.5138,0.034414
8.825,2.2065,0.005,0.044434,-0.16224,-1.5781e-23,0,0.00094016,0.00061366,1.3761,0.03497
8.775,2.2565,0.005,0.058007,-0.15897,-1.3825e-23,0,0.00092223,0.00067564,1.2909,0.035206
8.725,2.3066,0.005,0.071079,-0.15379,1.1164e-23,0,0.00091712,0.00074041,1.2387,0.035163
8.675,2.3566,0.005,0.083644,-0.14743,-9.4201e-24,0,0.00092002,0.00075993,1.2107,0.034973
8.625,2.4066,0.005,0.095586,-0.14016,-2.418e-23,0,0.00093026,0.0007755,1.1996,0.034725
8.575,2.4567,0.005,0.10687,-0.13207,-1.0355e-37,0,0.00094463,0.00078585,1.2021,0.034489
8.525,2.5067,0.005,0.11754,-0.12326,2.2433e-31,0,0.0009589,0.00078777,1.2172,0.034312
8.475,2.5568,0.005,0.12767,-0.11374,-4.8227e-25,0,0.00096941,0.00077816,1.2458,0.034217
8.425,2.6068,0.005,0.13729,-0.10349,-1.2269e-23,0,0.00097302,0.0007546,1.2895,0.034199
8.375,2.6569,0.005,0.14643,-0.092485,-2.566e-31,0,0.00096688,0.00071473,1.3528,0.03423
8.325,2.7069,0.005,0.155,-0.080672,-2.2674e-39,0,0.00094841,0.00065678,1.444,0.034253
8.275,2.7569,0.005,0.16278,-0.068057,-2.8058e-23,0,0.00091606,0.00058035,1.5785,0.034182
8.225,2.807,0.005,0.16921,-0.054651,9.9604e-24,0,0.00087129,0.00048791,1.7858,0.033915
8.175,2.86,0.005,0.17262,-0.040101,2.3411e-23,0,0.00082413,0.00038649,2.1323,0.0334
8.125,2.916,0.005,0.16849,-0.023356,2.7188e-23,0,0.00079567,0.00027727,2.8696,0.032531
8.075,2.972,0.005,0.14513,-0.0084082,9.1088e-25,0,0.00087628,0.00018612,4.7082,0.030693
8.975,2.1064,0.005,0.0093127,-0.14045,2.855e-23,0,0.00063547,0.00014149,4.4911,0.034126
8.925,2.1564,0.005,0.017729,-0.14708,-9.346e-24,0,0.00094317,0.00049554,1.8152,0.035043
8.875,2.2065,0.005,0.033738,-0.15071,-2.6241e-23,0,0.00096676,0.0005073,1.5533,0.036084
8.825,2.2565,0.005,0.047651,-0.15149,0,0,0.00093245,0.00055877,1.4217,0.036522
8.775,2.3066,0.005,0.061717,-0.14909,-3.3803e-25,0,0.00091047,0.000615,1.3416,0.036633
8.725,2.3566,0.005,0.075015,-0.14476,1.948e-24,0,0.00090104,0.00068643,1.2972,0.036494
8.675,2.4066,0.005,0.087568,-0.13909,-2.1712e-31,0,0.00089874,0.00070274,1.2789,0.036247
8.625,2.4567,0.005,0.099288,-0.13236,-2.3443e-23,0,0.00090321,0.00070635,1.2787,0.035985
8.575,2.5067,0.005,0.11018,-0.12461,2.1606e-31,0,0.00091171,0.00070494,1.2933,0.035771
8.525,2.5568,0.005,0.12029,-0.1159,3.4526e-23,0,0.00091986,0.00069543,1.3227,0.035643
8.475,2.6068,0.005,0.12969,-0.10627,2.1042e-37,0,0.00092379,0.00067501,1.3686,0.035608
8.425,2.6569,0.005,0.13836,-0.09568,-1.255e-23,0,0.00092031,0.00064137,1.4349,0.035649
8.375,2.7069,0.005,0.14624,-0.084102,-1.2682e-23,0,0.00090678,0.00059269,1.53,0.035716
8.325,2.7569,0.005,0.15311,-0.0715,-2.7351e-23,0,0.00088164,0.00052843,1.6684,0.035732
8.275,2.807,0.005,0.15844,-0.05785,1.0292e-23,0,0.00084595,0.00045041,1.8782,0.035588
8.225,2.86,0.005,0.16051,-0.042706,1.3763e-23,0,0.00080796,0.00036402,2.2196,0.035218
8.175,2.916,0.005,0.15474,-0.024871,1.5942e-39,0,0.00078015,0.00026751,2.9163,0.034496
8.125,2.972,0.005,0.13139,-0.0090042,9.8072e-25,0,0.00081721,0.00017956,4.5466,0.032751
8.975,2.1564,0.005,0.01011,-0.12832,0,0,0.00061624,0.00013934,4.4227,0.035911
8.925,2.2065,0.005,0.01922,-0.13419,0,0,0.00094114,0.00046459,1.8338,0.036733
8.875,2.2565,0.005,0.036067,-0.13831,-6.8894e-24,0,0.00096028,0.00046883,1.5924,0.037637
8.825,2.3066,0.005,0.050617,-0.13994,0,0,0.00092232,0.000512,1.4688,0.037935
8.775,2.3566,0.005,0.064941,-0.1385,-2.7192e-23,0,0.00089665,0.0005624,1.3961,0.037915
8.725,2.4066,0.005,0.078249,-0.13503,-8.1217e-24,0,0.00088307,0.00062508,1.3622,0.03769
8.675,2.4567,0.005,0.090536,-0.13006,1.0153e-23,0,0.00087599,0.00064575,1.3565,0.037405
8.625,2.5067,0.005,0.10179,-0.1238,2.0337e-31,0,0.00087474,0.00063826,1.3705,0.037153
8.575,2.5568,0.005,0.11202,-0.11629,1.0582e-23,0,0.00087738,0.00062615,1.4012,0.036983
8.525,2.6068,0.005,0.12127,-0.10757,1.121e-23,0,0.00087948,0.00060656,1.45,0.036916
8.475,2.6569,0.005,0.12957,-0.097687,1.1375e-23,0,0.00087723,0.00057711,1.52,0.036946
8.425,2.7069,0.005,0.13681,-0.086599,1.2647e-23,0,0.00086772,0.00053589,1.6192,0.037036
8.375,2.7569,0.005,0.14277,-0.074264,-3.8334e-25,0,0.00084916,0.00048208,1.7615,0.037119
8.325,2.807,0.005,0.14692,-0.060604,1.1817e-23,0,0.00082193,0.00041671,1.9724,0.037091
8.275,2.86,0.005,0.14751,-0.045057,-6.2919e-24,0,0.00079184,0.00034345,2.3055,0.036877
8.225,2.916,0.005,0.13999,-0.026268,-3.4401e-23,0,0.00076188,0.00025789,2.9543,0.03633
8.175,2.972,0.005,0.11676,-0.0095484,-3.9849e-23,0,0.00075423,0.00016099,4.3676,0.034721
8.975,2.2065,0.005,0.010944,-0.11517,-3.0613e-23,0,0.00059663,0.0001371,4.3518,0.037612
8.925,2.2565,0.005,0.020668,-0.12037,-2.1295e-23,0,0.00093542,0.00043654,1.8505,0.038298
8.875,2.3066,0.005,0.038141,-0.12505,1.6237e-23,0,0.00095032,0.0004359,1.6296,0.039021
8.825,2.3566,0.005,0.053094,-0.12761,1.1719e-40,0,0.00090962,0.00047224,1.5166,0.039164
8.775,2.4066,0.005,0.067395,-0.12714,-3.2363e-23,0,0.00088098,0.00051654,1.454,0.039021
8.725,2.4567,0.005,0.08042,-0.12452,-2.5547e-23,0,0.00086397,0.00057146,1.4337,0.03873
8.675,2.5067,0.005,0.092149,-0.12019,1.1948e-23,0,0.00085255,0.00059037,1.4441,0.038433
8.625,2.5568,0.005,0.10263,-0.11431,7.9809e-24,0,0.00084596,0.00057309,1.4761,0.038215
8.575,2.6068,0.005,0.11187,-0.10691,0,0,0.00084304,0.00055176,1.5279,0.038105
8.525,2.6569,0.005,0.11988,-0.098049,-4.4334e-25,0,0.00083958,0.00052402,1.6022,0.038106
8.475,2.7069,0.005,0.12656,-0.08774,1.1791e-23,0,0.00083215,0.00048788,1.7057,0.038195
8.425,2.7569,0.005,0.13164,-0.075957,1.1423e-23,0,0.00081859,0.00044219,1.8512,0.038316
8.375,2.807,0.005,0.1346,-0.062589,1.1521e-23,0,0.00079839,0.00038719,2.062,0.038384
8.325,2.86,0.005,0.13361,-0.046911,6.4193e-24,0,0.00077451,0.00032489,2.3839,0.038322
8.275,2.916,0.005,0.12426,-0.027428,2.5727e-23,0,0.00073964,0.00024835,2.9782,0.037974
8.225,2.972,0.005,0.10125,-0.010074,-5.8557e-36,0,0.00068706,0.00014283,4.1683,0.036551
8.975,2.2565,0.005,0.011787,-0.10096,-3.6735e-23,0,0.00057646,0.00013476,4.2776,0.039175
8.925,2.3066,0.005,0.021989,-0.10567,-1.9895e-23,0,0.00092506,0.0004121,1.8631,0.03968
8.875,2.3566,0.005,0.039735,-0.111,2.1443e-36,0,0.00093624,0.00040873,1.6629,0.040186
8.825,2.4066,0.005,0.054769,-0.11449,1.1015e-23,0,0.00089404,0.00043829,1.5636,0.040175
8.775,2.4567,0.005,0.068704,-0.11496,1.2652e-23,0,0.00086353,0.00047617,1.5143,0.03993
8.725,2.5067,0.005,0.081094,-0.11312,0,0,0.00084419,0.00052425,1.5112,0.039599
8.675,2.5568,0.005,0.091911,-0.10933,0,0,0.00082929,0.00053801,1.5414,0.039318
8.625,2.6068,0.005,0.10124,-0.10369,-1.0006e-23,0,0.00081803,0.00051257,1.5959,0.039154
8.575,2.6569,0.005,0.10907,-0.096226,-9.6136e-24,0,0.00081004,0.00048383,1.6742,0.039115
8.525,2.7069,0.005,0.11527,-0.087013,6.7832e-37,0,0.00080166,0.00044998,1.7815,0.039182
8.475,2.7569,0.005,0.11958,-0.076109,-1.1387e-23,0,0.00079022,0.00040957,1.9294,0.039311
8.425,2.807,0.005,0.12138,-0.063367,9.4747e-24,0,0.00077419,0.00036215,2.1378,0.039441
8.375,2.86,0.005,0.11883,-0.047934,2.9065e-23,0,0.00075383,0.00030827,2.4453,0.039509
8.325,2.916,0.005,0.10766,-0.028178,8.1729e-24,0,0.0007116,0.00023879,2.9801,0.039361
8.275,2.972,0.005,0.084973,-0.01056,4.2827e-23,0,0.00061551,0.00012512,3.9449,0.03818
8.975,2.3066,0.005,0.012612,-0.085756,2.904e-23,0,0.00055534,0.00013227,4.1986,0.040533
8.925,2.3566,0.005,0.023017,-0.09031,1.7228e-23,0,0.00090879,0.00039343,1.8687,0.040814
8.875,2.4066,0.005,0.040517,-0.09623,-4.081e-25,0,0.00091713,0.00038738,1.6893,0.04109
8.825,2.4567,0.005,0.055225,-0.10055,2.394e-23,0,0.00087482,0.00040884,1.6074,0.040947
8.775,2.5067,0.005,0.068398,-0.10186,1.445e-23,0,0.00084379,0.0004398,1.5748,0.040628
8.725,2.5568,0.005,0.079735,-0.10069,6.879e-24,0,0.0008237,0.00048214,1.5927,0.040287
8.675,2.6068,0.005,0.089199,-0.097261,1.4689e-23,0,0.00080664,0.00048984,1.6467,0.040048
8.625,2.6569,0.005,0.096892,-0.091623,8.5071e-24,0,0.00079138,0.00045786,1.7284,0.039958
8.575,2.7069,0.005,0.10271,-0.083867,-7.5289e-25,0,0.00077845,0.00042344,1.8384,0.039991
8.525,2.7569,0.005,0.10636,-0.074183,-8.2235e-24,0,0.00076526,0.00038524,1.9865,0.040099
8.475,2.807,0.005,0.10723,-0.062428,8.4781e-24,0,0.00074919,0.00034214,2.1897,0.040254
8.425,2.86,0.005,0.10321,-0.047639,2.6015e-23,0,0.0007277,0.00029366,2.478,0.040412
8.375,2.916,0.005,0.090526,-0.028324,-1.8873e-23,0,0.00067486,0.00022893,2.9479,0.040431
8.325,2.972,0.005,0.068053,-0.010946,-4.0271e-23,0,0.00053933,0.00010756,3.6923,0.039541
8.975,2.3566,0.005,0.013363,-0.069814,7.4203e-24,0,0.00053263,0.00012954,4.1118,0.041602
8.925,2.4066,0.005,0.023427,-0.074656,1.3506e-23,0,0.00088548,0.0003805,1.8643,0.041645
8.875,2.4567,0.005,0.040038,-0.080878,-8.2368e-24,0,0.00089162,0.00037037,1.7051,0.041714
8.825,2.5067,0.005,0.053949,-0.085737,-1.0741e-23,0,0.00085019,0.00038298,1.6431,0.04147
8.775,2.5568,0.005,0.0659,-0.087753,1.492e-23,0,0.00082014,0.00040713,1.631,0.041106
8.725,2.6068,0.005,0.075665,-0.087047,8.4729e-24,0,0.00080118,0.00044294,1.6737,0.04079
8.675,2.6569,0.005,0.083222,-0.083686,6.2827e-24,0,0.00078325,0.00044618,1.7555,0.040627
8.625,2.7069,0.005,0.08868,-0.077772,4.7957e-37,0,0.00076402,0.00040904,1.8678,0.040615
8.575,2.7569,0.005,0.091818,-0.069668,-1.4617e-23,0,0.00074526,0.00037016,2.0133,0.040683
8.525,2.807,0.005,0.091839,-0.059289,7.2033e-24,0,0.0007247,0.00032831,2.2074,0.040828
8.475,2.86,0.005,0.086811,-0.045428,1.0899e-23,0,0.00069611,0.00027225,2.4722,0.041037
8.425,2.916,0.005,0.073127,-0.027541,6.9353e-24,0,0.00062859,0.00021526,2.8712,0.041132
8.375,2.972,0.005,0.051173,-0.011233,3.5136e-23,0,0.00045825,9.0561e-05,3.4029,0.040583
8.975,2.4066,0.005,0.01392,-0.053366,-6.9184e-23,0,0.0005069,0.00012637,4.0114,0.042331
8.925,2.4567,0.005,0.022859,-0.058932,-3.3975e-23,0,0.00085382,0.00036862,1.8469,0.042181
8.875,2.5067,0.005,0.037889,-0.064944,9.1769e-32,0,0.00085695,0.00035791,1.7031,0.042076
8.825,2.5568,0.005,0.050434,-0.070168,2.7373e-24,0,0.00081647,0.00036273,1.6619,0.041742
8.775,2.6068,0.005,0.060512,-0.072611,4.9675e-38,0,0.00078872,0.00037724,1.6743,0.041371
8.725,2.6569,0.005,0.068041,-0.071982,-1.6288e-23,0,0.00077216,0.00040426,1.7449,0.041125
8.675,2.7069,0.005,0.073089,-0.068381,-1.5382e-23,0,0.00075338,0.00040568,1.8571,0.041053
8.625,2.7569,0.005,0.075738,-0.062075,-6.1342e-24,0,0.00072902,0.00035968,2.0011,0.041089
8.575,2.807,0.005,0.075284,-0.053198,6.686e-24,0,0.00069959,0.00030098,2.1807,0.041205
8.525,2.86,0.005,0.068958,-0.040725,2.074e-24,0,0.0006602,0.00025105,2.4148,0.041415
8.475,2.916,0.005,0.055147,-0.024596,3.9227e-37,0,0.00057553,0.00020068,2.7372,0.041491
8.425,2.972,0.005,0.033023,-0.010338,2.6377e-23,0,0.00037128,9.5566e-05,3.0622,0.041197
8.975,2.4567,0.005,0.014214,-0.035973,-4.1184e-23,0,0.00047586,0.00012243,3.8867,0.042782
8.925,2.5067,0.005,0.021356,-0.043108,9.9187e-32,0,0.00081023,0.00036639,1.808,0.042487
8.875,2.5568,0.005,0.034075,-0.048914,7.5451e-25,0,0.00080827,0.00035427,1.6714,0.042196
8.825,2.6068,0.005,0.044274,-0.054138,0,0,0.00076725,0.00035248,1.649,0.041796
8.775,2.6569,0.005,0.05157,-0.056467,5.3839e-24,0,0.0007413,0.0003536,1.6878,0.04147
8.725,2.7069,0.005,0.056054,-0.055439,2.6306e-24,0,0.0007255,0.00036935,1.7865,0.041321
8.675,2.7569,0.005,0.057941,-0.051157,-9.4957e-25,0,0.00070029,0.00032759,1.9275,0.041327
8.625,2.807,0.005,0.056804,-0.043798,4.8573e-24,0,0.00066581,0.00027497,2.0947,0.041419
8.575,2.86,0.005,0.050323,-0.032455,5.4181e-24,0,0.00061603,0.00023766,2.2836,0.041604
8.525,2.916,0.005,0.036652,-0.019246,2.0448e-24,0,0.00051494,0.00019916,2.5155,0.041639
8.475,2.972,0.005,0.01688,-0.007343,-3.1727e-23,0,0.00028052,0.00010543,2.6608,0.04144
8.975,2.5067,0.005,0.014556,-0.020012,0,0,0.00043774,0.00011742,3.7279,0.042952
8.925,2.5568,0.005,0.019113,-0.027969,-1.8681e-24,0,0.00075307,0.00036716,1.7439,0.042547
8.875,2.6068,0.005,0.028914,-0.033807,7.5567e-37,0,0.00073916,0.00036528,1.5962,0.04211
8.825,2.6569,0.005,0.035696,-0.038687,-4.5371e-41,0,0.00069336,0.00036012,1.5847,0.041711
8.775,2.7069,0.005,0.039326,-0.040249,2.8434e-24,0,0.00066403,0.00034737,1.6437,0.041477
8.725,2.7569,0.005,0.04,-0.03823,-3.5362e-32,0,0.00063902,0.00032923,1.7607,0.04142
8.675,2.807,0.005,0.038119,-0.032749,5.937e-24,0,0.00060304,0.00027692,1.9093,0.041488
8.625,2.86,0.005,0.031704,-0.023411,2.8341e-24,0,0.00054891,0.00023959,2.061,0.04163
8.575,2.916,0.005,0.020676,-0.013409,0,0,0.00043557,0.00020182,2.1582,0.041691
8.525,2.972,0.005,0.006699,-0.004633,1.3366e-23,0,0.00019228,8.7328e-05,2.2018,0.041553
8.975,2.5568,0.005,0.010357,-0.0076703,-4.2849e-23,0,0.00039533,0.0001116,3.5424,0.042869
8.925,2.6068,0.005,0.016192,-0.014662,9.9281e-24,0,0.00067414,0.00039182,1.638,0.042375
8.875,2.6569,0.005,0.022926,-0.021007,-5.9291e-24,0,0.0006454,0.000394,1.4709,0.041895
8.825,2.7069,0.005,0.025927,-0.025567,4.1618e-24,0,0.00058746,0.00038781,1.4546,0.041569
8.775,2.7569,0.005,0.026096,-0.026483,7.1051e-25,0,0.0005447,0.00035677,1.5158,0.041439
8.725,2.807,0.005,0.023548,-0.023601,1.2492e-24,0,0.00050243,0.00030471,1.6213,0.041471
8.675,2.86,0.005,0.017899,-0.016962,2.8638e-24,0,0.00044553,0.00025789,1.7266,0.041584
8.625,2.916,0.005,0.0077418,-0.0088986,1.3162e-25,0,0.00032377,0.00018517,1.7485,0.041682
8.575,2.972,0.005,-0.0011272,-0.0035538,5.8594e-24,0,0.0001049,6.7215e-05,1.5607,0.041619
8.975,2.6068,0.005,0.0096246,0.0035914,7.4846e-37,0,0.00034872,0.00010483,3.3265,0.04264
8.925,2.6569,0.005,0.012617,-0.0040188,1.6641e-23,0,0.00057439,0.00038257,1.5014,0.042072
8.875,2.7069,0.005,0.016262,-0.011113,-4.0299e-24,0,0.00052692,0.00040494,1.3012,0.041652
8.825,2.7569,0.005,0.015881,-0.015697,4.3281e-24,0,0.00044982,0.00035686,1.2605,0.041433
8.775,2.807,0.005,0.01341,-0.016198,-5.1958e-25,0,0.00038787,0.00029915,1.2966,0.041417
8.725,2.86,0.005,0.0080452,-0.012763,2.4945e-24,0,0.00032282,0.00023923,1.3494,0.041515
8.675,2.916,0.005,0.00025601,-0.0067693,5.6745e-37,0,0.00020223,0.00015264,1.3249,0.041623
8.625,2.972,0.005,-0.0066761,-0.0035995,-2.5315e-24,0,4.8456e-05,3.1048e-05,1.5607,0.041638
8.975,2.6569,0.005,0.0084432,0.012472,6.0875e-31,0,0.00030617,9.8225e-05,3.117,0.042315
8.925,2.7069,0.005,0.0084372,0.0040898,-1.7428e-23,0,0.00045286,0.00034182,1.3248,0.041761
8.875,2.7569,0.005,0.0090806,-0.0040308,1.1564e-23,0,0.00039417,0.00035801,1.101,0.041459
8.825,2.807,0.005,0.0058074,-0.0090039,-2.5272e-25,0,0.00030211,0.00029737,1.0159,0.041355
8.775,2.86,0.005,0.0010019,-0.0089793,9.8889e-24,0,0.00021844,0.0002188,0.99838,0.041428
8.725,2.916,0.005,-0.0057489,-0.0059145,7.5103e-24,0,0.00011642,0.00011294,1.0307,0.041547
8.675,2.972,0.005,-0.010649,-0.0020172,4.7785e-24,0,2.8497e-05,1.8259e-05,1.5607,0.041622
8.975,2.7069,0.005,0.0068096,0.020997,-1.7019e-23,0,0.00025938,9.04e-05,2.8692,0.041978
8.925,2.7569,0.005,0.0032611,0.009679,9.3972e-24,0,0.00034683,0.0002944,1.1781,0.041526
8.875,2.807,0.005,0.0024891,-0.00039331,-7.9075e-25,0,0.00026637,0.00029689,0.89718,0.041353
8.825,2.86,0.005,-0.0036975,-0.0029329,1.288e-24,0,0.00016465,0.00021134,0.77909,0.041359
8.775,2.916,0.005,-0.010456,-0.0047047,-6.4239e-37,0,8.9147e-05,9.9742e-05,0.89378,0.041464
8.725,2.972,0.005,-0.014097,-0.00028838,1.2127e-36,0,2.4227e-05,1.5523e-05,1.5607,0.041585
8.975,2.7569,0.005,0.0049022,0.025182,1.4397e-23,0,0.00021387,8.2084e-05,2.6056,0.041731
8.925,2.807,0.005,-0.0014772,0.012469,-6.7917e-24,0,0.00025508,0.00022799,1.1188,0.041406
8.875,2.86,0.005,-0.0046773,0.005274,0,0,0.00016238,0.00019283,0.84211,0.041351
8.825,2.916,0.005,-0.013093,-0.0017034,0,0,8.783e-05,0.00010289,0.85362,0.041413
8.775,2.972,0.005,-0.016962,0.0015677,2.7938e-24,0,2.8139e-05,1.803e-05,1.5607,0.041549
8.975,2.807,0.005,0.0027542,0.025668,-4.9296e-24,0,0.00017422,7.4075e-05,2.3519,0.04159
8.925,2.86,0.005,-0.0059763,0.013592,1.7635e-23,0,0.00017207,0.00015239,1.1291,0.041419
8.875,2.916,0.005,-0.013288,0.003856,1.6558e-23,0,9.9324e-05,0.00010263,0.96781,0.041436
8.825,2.972,0.005,-0.0186,0.0037827,-3.4756e-37,0,3.531e-05,2.2624e-05,1.5607,0.041547
8.975,2.86,0.005,-0.00018955,0.022826,2.1536e-24,0,0.00012801,6.5387e-05,1.9578,0.04157
8.925,2.916,0.005,-0.010268,0.010021,3.2149e-25,0,0.00010862,8.7013e-05,1.2483,0.041555
8.875,2.972,0.005,-0.017971,0.0060816,1.9265e-23,0,4.5324e-05,2.904e-05,1.5607,0.041606
8.975,2.916,0.005,-0.0039175,0.016251,-1.9098e-23,0,8.6584e-05,4.4226e-05,1.9578,0.041684
8.925,2.972,0.005,-0.010282,0.0087663,-2.5971e-23,0,5.1802e-05,3.3191e-05,1.5607,0.04176
8.975,2.972,0.005,-0.0037449,0.011661,0,0,4.5491e-05,2.3236e-05,1.9578,0.041852
